<?xml version="1.0" encoding="UTF-8"?>

<CodeSystem xmlns="http://hl7.org/fhir">
  <id value="neuro-participation-consent"/>
  <text>
    <status value="generated"/><div xmlns="http://www.w3.org/1999/xhtml"><p>This case-sensitive code system <code>https://voicecollab.ai/fhir/CodeSystem/neuro-participation-consent</code> defines the following codes:</p><table class="codes"><tr><td style="white-space:nowrap"><b>Code</b></td><td><b>Display</b></td></tr><tr><td style="white-space:nowrap">1<a name="neuro-participation-consent-1"> </a></td><td>I consent to continue my participation in this study. </td></tr><tr><td style="white-space:nowrap">2<a name="neuro-participation-consent-2"> </a></td><td>I DO NOT consent to continue my participation in this study but consent to keep the data collected up to this time</td></tr></table></div>
  </text>
  <url value="https://voicecollab.ai/fhir/CodeSystem/neuro-participation-consent"/>
  <version value="1.5.1"/>
  <name value="NeuroParticipationConsent"/>
  <title value="Questionnaire codes for neuro consent"/>
  <status value="active"/>
  <date value="2023-08-21"/>
  <publisher value="KinD Lab"/>
  <contact>
    <name value="KinD Lab"/>
    <telecom>
      <system value="url"/>
      <value value="http://fhir.kindlab.sickkids.ca"/>
    </telecom>
  </contact>
  <description value="The codes required for neuro consent"/>
  <caseSensitive value="true"/>
  <content value="complete"/>
  <count value="2"/>
  <concept>
    <code value="1"/>
    <display value="I consent to continue my participation in this study. "/>
  </concept>
  <concept>
    <code value="2"/>
    <display value="I DO NOT consent to continue my participation in this study but consent to keep the data collected up to this time"/>
  </concept>
</CodeSystem>