{
  "resourceType" : "CodeSystem",
  "id" : "winograd-q5",
  "text" : {
    "status" : "generated",
    "div" : "<div xmlns=\"http://www.w3.org/1999/xhtml\"><p>This case-sensitive code system <code>https://voicecollab.ai/fhir/CodeSystem/winograd-q5</code> defines the following codes:</p><table class=\"codes\"><tr><td style=\"white-space:nowrap\"><b>Code</b></td><td><b>Display</b></td></tr><tr><td style=\"white-space:nowrap\">B<a name=\"winograd-q5-B\"> </a></td><td>The Bus</td></tr><tr><td style=\"white-space:nowrap\">T<a name=\"winograd-q5-T\"> </a></td><td>The Truck</td></tr></table></div>"
  },
  "url" : "https://voicecollab.ai/fhir/CodeSystem/winograd-q5",
  "version" : "1.5.1",
  "name" : "WinogradQ5",
  "title" : "Questionnaire codes for Winograd schema Question 5",
  "status" : "active",
  "date" : "2023-08-04",
  "publisher" : "KinD Lab",
  "contact" : [{
    "name" : "KinD Lab",
    "telecom" : [{
      "system" : "url",
      "value" : "http://fhir.kindlab.sickkids.ca"
    }]
  }],
  "description" : "The codes required for Winograd Questionnaires Question 5",
  "caseSensitive" : true,
  "content" : "complete",
  "count" : 2,
  "concept" : [{
    "code" : "B",
    "display" : "The Bus"
  },
  {
    "code" : "T",
    "display" : "The Truck"
  }]
}