<?xml version="1.0" encoding="UTF-8"?>

<CodeSystem xmlns="http://hl7.org/fhir">
  <id value="winograd-q3"/>
  <text>
    <status value="generated"/><div xmlns="http://www.w3.org/1999/xhtml"><p>This case-sensitive code system <code>https://voicecollab.ai/fhir/CodeSystem/winograd-q3</code> defines the following codes:</p><table class="codes"><tr><td style="white-space:nowrap"><b>Code</b></td><td><b>Display</b></td></tr><tr><td style="white-space:nowrap">J<a name="winograd-q3-J"> </a></td><td>Joan</td></tr><tr><td style="white-space:nowrap">S<a name="winograd-q3-S"> </a></td><td>Susan</td></tr></table></div>
  </text>
  <url value="https://voicecollab.ai/fhir/CodeSystem/winograd-q3"/>
  <version value="1.5.1"/>
  <name value="WinogradQ3"/>
  <title value="Questionnaire codes for Winograd schema Question 3"/>
  <status value="active"/>
  <date value="2023-08-04"/>
  <publisher value="KinD Lab"/>
  <contact>
    <name value="KinD Lab"/>
    <telecom>
      <system value="url"/>
      <value value="http://fhir.kindlab.sickkids.ca"/>
    </telecom>
  </contact>
  <description value="The codes required for Winograd Questionnaires Question 3"/>
  <caseSensitive value="true"/>
  <content value="complete"/>
  <count value="2"/>
  <concept>
    <code value="J"/>
    <display value="Joan"/>
  </concept>
  <concept>
    <code value="S"/>
    <display value="Susan"/>
  </concept>
</CodeSystem>