<?xml version="1.0" encoding="UTF-8"?>

<CodeSystem xmlns="http://hl7.org/fhir">
  <id value="transportation-type"/>
  <text>
    <status value="generated"/><div xmlns="http://www.w3.org/1999/xhtml"><p>This case-sensitive code system <code>https://voicecollab.ai/fhir/CodeSystem/transportation-type</code> defines the following codes:</p><table class="codes"><tr><td style="white-space:nowrap"><b>Code</b></td><td><b>Display</b></td></tr><tr><td style="white-space:nowrap">P<a name="transportation-type-P"> </a></td><td>Personal vehicle</td></tr><tr><td style="white-space:nowrap">S<a name="transportation-type-S"> </a></td><td>Shared vehicle</td></tr><tr><td style="white-space:nowrap">PT<a name="transportation-type-PT"> </a></td><td>Public transportation</td></tr><tr><td style="white-space:nowrap">R<a name="transportation-type-R"> </a></td><td>Ride with someone else</td></tr><tr><td style="white-space:nowrap">RS<a name="transportation-type-RS"> </a></td><td>Ride service</td></tr><tr><td style="white-space:nowrap">M<a name="transportation-type-M"> </a></td><td>Bicycle/Motorbike</td></tr><tr><td style="white-space:nowrap">W<a name="transportation-type-W"> </a></td><td>Walking</td></tr><tr><td style="white-space:nowrap">O<a name="transportation-type-O"> </a></td><td>Other, please specify</td></tr></table></div>
  </text>
  <url value="https://voicecollab.ai/fhir/CodeSystem/transportation-type"/>
  <version value="1.5.1"/>
  <name value="TransportationType"/>
  <title value="Transportation Mode Classification"/>
  <status value="active"/>
  <date value="2023-05-11"/>
  <publisher value="KinD Lab"/>
  <contact>
    <name value="KinD Lab"/>
    <telecom>
      <system value="url"/>
      <value value="http://fhir.kindlab.sickkids.ca"/>
    </telecom>
  </contact>
  <description value="A comprehensive code system categorizing various modes of transportation."/>
  <caseSensitive value="true"/>
  <content value="complete"/>
  <count value="8"/>
  <concept>
    <code value="P"/>
    <display value="Personal vehicle"/>
  </concept>
  <concept>
    <code value="S"/>
    <display value="Shared vehicle"/>
  </concept>
  <concept>
    <code value="PT"/>
    <display value="Public transportation"/>
  </concept>
  <concept>
    <code value="R"/>
    <display value="Ride with someone else"/>
  </concept>
  <concept>
    <code value="RS"/>
    <display value="Ride service"/>
  </concept>
  <concept>
    <code value="M"/>
    <display value="Bicycle/Motorbike"/>
  </concept>
  <concept>
    <code value="W"/>
    <display value="Walking"/>
  </concept>
  <concept>
    <code value="O"/>
    <display value="Other, please specify"/>
  </concept>
</CodeSystem>