{
  "resourceType" : "CodeSystem",
  "id" : "types-of-smoking",
  "text" : {
    "status" : "generated",
    "div" : "<div xmlns=\"http://www.w3.org/1999/xhtml\"><p>This case-sensitive code system <code>https://voicecollab.ai/fhir/CodeSystem/types-of-smoking</code> defines the following codes:</p><table class=\"codes\"><tr><td style=\"white-space:nowrap\"><b>Code</b></td><td><b>Display</b></td></tr><tr><td style=\"white-space:nowrap\">T<a name=\"types-of-smoking-T\"> </a></td><td>Tobacco cigarettes</td></tr><tr><td style=\"white-space:nowrap\">C<a name=\"types-of-smoking-C\"> </a></td><td>Cannabis joints, bong, pipe</td></tr><tr><td style=\"white-space:nowrap\">V<a name=\"types-of-smoking-V\"> </a></td><td>Vapes</td></tr><tr><td style=\"white-space:nowrap\">EC<a name=\"types-of-smoking-EC\"> </a></td><td>e-cigarettes</td></tr><tr><td style=\"white-space:nowrap\">H<a name=\"types-of-smoking-H\"> </a></td><td>Hookah</td></tr><tr><td style=\"white-space:nowrap\">P<a name=\"types-of-smoking-P\"> </a></td><td>Pipes</td></tr><tr><td style=\"white-space:nowrap\">O<a name=\"types-of-smoking-O\"> </a></td><td>Other, please specify</td></tr></table></div>"
  },
  "url" : "https://voicecollab.ai/fhir/CodeSystem/types-of-smoking",
  "version" : "1.5.1",
  "name" : "SmokingTypes",
  "title" : "Classification of Smoking Methods",
  "status" : "active",
  "date" : "2023-05-15",
  "publisher" : "KinD Lab",
  "contact" : [{
    "name" : "KinD Lab",
    "telecom" : [{
      "system" : "url",
      "value" : "http://fhir.kindlab.sickkids.ca"
    }]
  }],
  "description" : "This code system categorizes the various methods of smoking for use in questionnaires.",
  "caseSensitive" : true,
  "content" : "complete",
  "count" : 7,
  "concept" : [{
    "code" : "T",
    "display" : "Tobacco cigarettes"
  },
  {
    "code" : "C",
    "display" : "Cannabis joints, bong, pipe"
  },
  {
    "code" : "V",
    "display" : "Vapes"
  },
  {
    "code" : "EC",
    "display" : "e-cigarettes"
  },
  {
    "code" : "H",
    "display" : "Hookah"
  },
  {
    "code" : "P",
    "display" : "Pipes"
  },
  {
    "code" : "O",
    "display" : "Other, please specify"
  }]
}