{
  "resourceType" : "CodeSystem",
  "id" : "menstruation-menopause-status",
  "text" : {
    "status" : "generated",
    "div" : "<div xmlns=\"http://www.w3.org/1999/xhtml\"><p>This case-sensitive code system <code>https://voicecollab.ai/fhir/CodeSystem/menstruation-menopause-status</code> defines the following codes:</p><table class=\"codes\"><tr><td style=\"white-space:nowrap\"><b>Code</b></td><td><b>Display</b></td></tr><tr><td style=\"white-space:nowrap\">N<a name=\"menstruation-menopause-status-N\"> </a></td><td>Does not apply</td></tr><tr><td style=\"white-space:nowrap\">Y<a name=\"menstruation-menopause-status-Y\"> </a></td><td>Yes</td></tr><tr><td style=\"white-space:nowrap\">M<a name=\"menstruation-menopause-status-M\"> </a></td><td>I have gone through menopause</td></tr><tr><td style=\"white-space:nowrap\">O<a name=\"menstruation-menopause-status-O\"> </a></td><td>Other, Please Specify</td></tr></table></div>"
  },
  "url" : "https://voicecollab.ai/fhir/CodeSystem/menstruation-menopause-status",
  "version" : "1.5.1",
  "name" : "MenstruationMenopauseStatus",
  "title" : "Menstruation and Menopause Status Codes",
  "status" : "active",
  "date" : "2023-05-15",
  "publisher" : "KinD Lab",
  "contact" : [{
    "name" : "KinD Lab",
    "telecom" : [{
      "system" : "url",
      "value" : "http://fhir.kindlab.sickkids.ca"
    }]
  }],
  "description" : "This code system defines the possible responses for a questionnaire regarding menstruation and menopause status.",
  "caseSensitive" : true,
  "content" : "complete",
  "count" : 4,
  "concept" : [{
    "code" : "N",
    "display" : "Does not apply"
  },
  {
    "code" : "Y",
    "display" : "Yes"
  },
  {
    "code" : "M",
    "display" : "I have gone through menopause"
  },
  {
    "code" : "O",
    "display" : "Other, Please Specify"
  }]
}