{
  "resourceType" : "CodeSystem",
  "id" : "dsm5-q5",
  "text" : {
    "status" : "generated",
    "div" : "<div xmlns=\"http://www.w3.org/1999/xhtml\"><p>This case-sensitive code system <code>https://voicecollab.ai/fhir/CodeSystem/dsm5-q5</code> defines the following codes:</p><table class=\"codes\"><tr><td style=\"white-space:nowrap\"><b>Code</b></td><td><b>Display</b></td></tr><tr><td style=\"white-space:nowrap\">1<a name=\"dsm5-q5-1\"> </a></td><td>I have not been more active (either socially, sexually, at work, home, or school) than usual.</td></tr><tr><td style=\"white-space:nowrap\">2<a name=\"dsm5-q5-2\"> </a></td><td>I have occasionally been more active than usual.</td></tr><tr><td style=\"white-space:nowrap\">3<a name=\"dsm5-q5-3\"> </a></td><td>I have often been more active than usual</td></tr><tr><td style=\"white-space:nowrap\">4<a name=\"dsm5-q5-4\"> </a></td><td>I have frequently been more active than usual.</td></tr><tr><td style=\"white-space:nowrap\">5<a name=\"dsm5-q5-5\"> </a></td><td>I am constantly more active or on the go all the time.</td></tr></table></div>"
  },
  "url" : "https://voicecollab.ai/fhir/CodeSystem/dsm5-q5",
  "version" : "1.5.1",
  "name" : "DSM5Q5",
  "title" : "dsm5 q5",
  "status" : "active",
  "date" : "2023-06-21",
  "publisher" : "KinD Lab",
  "contact" : [{
    "name" : "KinD Lab",
    "telecom" : [{
      "system" : "url",
      "value" : "http://fhir.kindlab.sickkids.ca"
    }]
  }],
  "description" : "The codes required for dsm5 q5 questionnaire",
  "caseSensitive" : true,
  "content" : "complete",
  "count" : 5,
  "concept" : [{
    "code" : "1",
    "display" : "I have not been more active (either socially, sexually, at work, home, or school) than usual."
  },
  {
    "code" : "2",
    "display" : "I have occasionally been more active than usual."
  },
  {
    "code" : "3",
    "display" : "I have often been more active than usual"
  },
  {
    "code" : "4",
    "display" : "I have frequently been more active than usual."
  },
  {
    "code" : "5",
    "display" : "I am constantly more active or on the go all the time."
  }]
}