{
  "resourceType" : "PlanDefinition",
  "id" : "PedsCohortProtocolExample",
  "meta" : {
    "profile" : ["https://voicecollab.ai/fhir/StructureDefinition/vbai-cohort-protocol"]
  },
  "text" : {
    "status" : "generated",
    "div" : "<div xmlns=\"http://www.w3.org/1999/xhtml\"><p><b>Generated Narrative: PlanDefinition</b><a name=\"PedsCohortProtocolExample\"> </a></p><div style=\"display: inline-block; background-color: #d9e0e7; padding: 6px; margin: 4px; border: 1px solid #8da1b4; border-radius: 5px; line-height: 60%\"><p style=\"margin-bottom: 0px\">Resource PlanDefinition &quot;PedsCohortProtocolExample&quot; </p><p style=\"margin-bottom: 0px\">Profile: <a href=\"StructureDefinition-vbai-cohort-protocol.html\">A general template for VBAI protocols</a></p></div><p><b>url</b>: <code>https://voicecollab.ai/fhir/PlanDefinition/PedsCohortProtocolExample</code></p><p><b>version</b>: 1.5.1</p><p><b>title</b>: Peds Cohort Protocol</p><p><b>status</b>: active</p><p><b>date</b>: 2023-07-31</p><p><b>publisher</b>: KinD Lab</p><p><b>contact</b>: KinD Lab: <a href=\"http://fhir.kindlab.sickkids.ca\">http://fhir.kindlab.sickkids.ca</a></p><p><b>description</b>: This is a plandefinition for peds cohort protocol</p><blockquote><p><b>action</b></p><p><b>prefix</b>: 1.1</p><p><b>title</b>: Eligibility</p><p><b>description</b>: List of eligibility questions</p><p><b>priority</b>: routine</p><p><b>definition</b>: <a href=\"PlanDefinition-VbaiPedsPlanDefinitionEligibilityExample.html\">Peds Eligibility PlanDefinition</a></p></blockquote><blockquote><p><b>action</b></p><p><b>prefix</b>: 1.2</p><p><b>title</b>: Consent/Assent</p><p><b>description</b>: Retieve consent/assent from participant</p><p><b>priority</b>: routine</p><p><b>definition</b>: <a href=\"PlanDefinition-VbaiPlanDefinitionAssentExample.html\">Assent</a></p></blockquote><blockquote><p><b>action</b></p><p><b>prefix</b>: 1.3</p><p><b>title</b>: Demographics</p><p><b>description</b>: have Participant complete demographics</p><p><b>priority</b>: routine</p><p><b>definition</b>: <a href=\"Questionnaire-VbaiQuestionnaireDemographicExample.html\">Demographic Surveys</a></p></blockquote><blockquote><p><b>action</b></p><p><b>prefix</b>: 1.4</p><p><b>title</b>: Voice Impacting Q's</p><p><b>description</b>: Administer Voice Impacting Questions</p><p><b>priority</b>: routine</p><p><b>definition</b>: <a href=\"Questionnaire-VocalFoldParalysis.html\">Vocal Fold Paralysis</a></p></blockquote><blockquote><p><b>action</b></p><p><b>prefix</b>: 1.5</p><p><b>title</b>: Acoustic Tasks</p><p><b>description</b>: Perform Acoustic Tasks</p><p><b>priority</b>: routine</p><p><b>definition</b>: <a href=\"Questionnaire-GeneralAcousticTasksQuestionnaire.html\">General Acoustic Tasks</a></p></blockquote><blockquote><p><b>action</b></p><p><b>prefix</b>: 1.6</p><p><b>title</b>: Confounders</p><p><b>description</b>: Retrieve Confounders</p><p><b>priority</b>: routine</p><p><b>definition</b>: <a href=\"Questionnaire-VbaiQuestionnaireConfoundersExample.html\">Confounder Surveys</a></p></blockquote><blockquote><p><b>action</b></p><p><b>prefix</b>: 1.7</p><p><b>title</b>: Questionnaires</p><p><b>description</b>: Administier Validated Questionnaires</p><p><b>priority</b>: routine</p><p><b>definition</b>: <a href=\"PlanDefinition-VbaiPlanDefinitionGeneralQuestionnaireExample.html\">General Questionnaire PlanDefinition</a></p></blockquote><blockquote><p><b>action</b></p><p><b>prefix</b>: 1.8</p><p><b>title</b>: Cohort specific acoustic tasks</p><p><b>description</b>: Administer cohort specific acoustic tasks</p><p><b>priority</b>: routine</p><p><b>definition</b>: <a href=\"Questionnaire-PedsAcousticTasksQuestionnaire.html\">Peds Acoustic Tasks</a></p></blockquote><blockquote><p><b>action</b></p><p><b>prefix</b>: 1.9</p><p><b>title</b>: Cohort specific confounders</p><p><b>description</b>: Administer cohort specific confounders</p><p><b>priority</b>: routine</p><p><b>definition</b>: <a href=\"PlanDefinition-VbaiPlanDefinitionCohortSpecificConfoundersExample.html\">Cohort Specific Confounders PlanDefintion</a></p></blockquote><blockquote><p><b>action</b></p><p><b>prefix</b>: 1.10</p><p><b>title</b>: Cohort specific Questionnaires</p><p><b>description</b>: Administer cohort specific questionnaires</p><p><b>priority</b>: routine</p><p><b>definition</b>: <a href=\"PlanDefinition-VbaiPlanDefinitionQuestionnairePedsExample.html\">QuestionnairePeds PlanDefinition</a></p></blockquote><blockquote><p><b>action</b></p><p><b>prefix</b>: 1.11</p><p><b>title</b>: Clinician input</p><p><b>description</b>: Have Clinican give their input</p><p><b>priority</b>: routine</p><p><b>definition</b>: <a href=\"PlanDefinition-VbaiPlanDefinitionClinicianInputExample.html\">ClinicianInput PlanDefinition</a></p></blockquote><blockquote><p><b>action</b></p><p><b>prefix</b>: 1.12</p><p><b>title</b>: Feedback</p><p><b>description</b>: Recieve Feedback</p><p><b>priority</b>: routine</p><p><b>definition</b>: <a href=\"Questionnaire-FeedbackQuestionnaire.html\">Feedback Questionnaire</a></p></blockquote></div>"
  },
  "url" : "https://voicecollab.ai/fhir/PlanDefinition/PedsCohortProtocolExample",
  "version" : "1.5.1",
  "title" : "Peds Cohort Protocol",
  "status" : "active",
  "date" : "2023-07-31",
  "publisher" : "KinD Lab",
  "contact" : [{
    "name" : "KinD Lab",
    "telecom" : [{
      "system" : "url",
      "value" : "http://fhir.kindlab.sickkids.ca"
    }]
  }],
  "description" : "This is a plandefinition for peds cohort protocol",
  "action" : [{
    "prefix" : "1.1",
    "title" : "Eligibility",
    "description" : "List of eligibility questions",
    "priority" : "routine",
    "definitionCanonical" : "https://voicecollab.ai/fhir/PlanDefinition/VbaiPedsPlanDefinitionEligibilityExample"
  },
  {
    "prefix" : "1.2",
    "title" : "Consent/Assent",
    "description" : "Retieve consent/assent from participant",
    "priority" : "routine",
    "definitionCanonical" : "https://voicecollab.ai/fhir/PlanDefinition/VbaiPlanDefinitionAssentExample"
  },
  {
    "prefix" : "1.3",
    "title" : "Demographics",
    "description" : "have Participant complete demographics",
    "priority" : "routine",
    "definitionCanonical" : "https://voicecollab.ai/fhir/Questionnaire/VbaiQuestionnaireDemographicExample"
  },
  {
    "prefix" : "1.4",
    "title" : "Voice Impacting Q's",
    "description" : "Administer Voice Impacting Questions",
    "priority" : "routine",
    "definitionCanonical" : "https://voicecollab.ai/fhir/Questionnaire/VocalFoldParalysis"
  },
  {
    "prefix" : "1.5",
    "title" : "Acoustic Tasks",
    "description" : "Perform Acoustic Tasks",
    "priority" : "routine",
    "definitionCanonical" : "https://voicecollab.ai/fhir/Questionnaire/GeneralAcousticTasksQuestionnaire"
  },
  {
    "prefix" : "1.6",
    "title" : "Confounders",
    "description" : "Retrieve Confounders",
    "priority" : "routine",
    "definitionCanonical" : "https://voicecollab.ai/fhir/Questionnaire/VbaiQuestionnaireConfoundersExample"
  },
  {
    "prefix" : "1.7",
    "title" : "Questionnaires",
    "description" : "Administier Validated Questionnaires",
    "priority" : "routine",
    "definitionCanonical" : "https://voicecollab.ai/fhir/PlanDefinition/VbaiPlanDefinitionGeneralQuestionnaireExample"
  },
  {
    "prefix" : "1.8",
    "title" : "Cohort specific acoustic tasks",
    "description" : "Administer cohort specific acoustic tasks",
    "priority" : "routine",
    "definitionCanonical" : "https://voicecollab.ai/fhir/Questionnaire/PedsAcousticTasksQuestionnaire"
  },
  {
    "prefix" : "1.9",
    "title" : "Cohort specific confounders",
    "description" : "Administer cohort specific confounders",
    "priority" : "routine",
    "definitionCanonical" : "https://voicecollab.ai/fhir/PlanDefinition/VbaiPlanDefinitionCohortSpecificConfoundersExample"
  },
  {
    "prefix" : "1.10",
    "title" : "Cohort specific Questionnaires",
    "description" : "Administer cohort specific questionnaires",
    "priority" : "routine",
    "definitionCanonical" : "https://voicecollab.ai/fhir/PlanDefinition/VbaiPlanDefinitionQuestionnairePedsExample"
  },
  {
    "prefix" : "1.11",
    "title" : "Clinician input",
    "description" : "Have Clinican give their input",
    "priority" : "routine",
    "definitionCanonical" : "https://voicecollab.ai/fhir/PlanDefinition/VbaiPlanDefinitionClinicianInputExample"
  },
  {
    "prefix" : "1.12",
    "title" : "Feedback",
    "description" : "Recieve Feedback",
    "priority" : "routine",
    "definitionCanonical" : "https://voicecollab.ai/fhir/Questionnaire/FeedbackQuestionnaire"
  }]
}