<?xml version="1.0" encoding="UTF-8"?>

<ValueSet xmlns="http://hl7.org/fhir">
  <id value="smoking-status"/>
  <text>
    <status value="generated"/><div xmlns="http://www.w3.org/1999/xhtml"><ul><li>Include all codes defined in <a href="CodeSystem-smoking-status.html"><code>https://voicecollab.ai/fhir/CodeSystem/smoking-status</code></a></li></ul></div>
  </text>
  <url value="https://voicecollab.ai/fhir/ValueSet/smoking-status"/>
  <version value="1.5.1"/>
  <name value="SmokingStatus"/>
  <title value="Smoking Status ValueSet"/>
  <status value="active"/>
  <date value="2023-05-11"/>
  <publisher value="KinD Lab"/>
  <contact>
    <name value="KinD Lab"/>
    <telecom>
      <system value="url"/>
      <value value="http://fhir.kindlab.sickkids.ca"/>
    </telecom>
  </contact>
  <description value="The codes used by WHODAS questionnaire for an individual's smoking status"/>
  <compose>
    <include>
      <system value="https://voicecollab.ai/fhir/CodeSystem/smoking-status"/>
    </include>
  </compose>
</ValueSet>