<?xml version="1.0" encoding="UTF-8"?>

<ValueSet xmlns="http://hl7.org/fhir">
  <id value="seasonal-allergies"/>
  <text>
    <status value="generated"/><div xmlns="http://www.w3.org/1999/xhtml"><ul><li>Include all codes defined in <a href="CodeSystem-seasonal-allergies.html"><code>https://voicecollab.ai/fhir/CodeSystem/seasonal-allergies</code></a></li></ul></div>
  </text>
  <url value="https://voicecollab.ai/fhir/ValueSet/seasonal-allergies"/>
  <version value="1.5.1"/>
  <name value="SeasonalAlergies"/>
  <title value="ValueSet for Confounders Season Allergies"/>
  <status value="active"/>
  <date value="2023-09-06"/>
  <publisher value="KinD Lab"/>
  <contact>
    <name value="KinD Lab"/>
    <telecom>
      <system value="url"/>
      <value value="http://fhir.kindlab.sickkids.ca"/>
    </telecom>
  </contact>
  <description value="This Valueset is designed for confounders questionnaire."/>
  <compose>
    <include>
      <system value="https://voicecollab.ai/fhir/CodeSystem/seasonal-allergies"/>
    </include>
  </compose>
</ValueSet>