URL,Version,Status,OIDs,Name,Title,Descriptino,Used
https://voicecollab.ai/fhir/CodeSystem/Who-Completed-Survey,1.5.1,active,,WhoCompletedSurvey,Survey Completion Identifier Codes,"This code system identifies who has completed a specific survey or questionnaire.",
https://voicecollab.ai/fhir/CodeSystem/Winograd-1,1.5.1,active,,Winograd1,Questionnaire codes,"The codes required for Questionnaires survey completion",
https://voicecollab.ai/fhir/CodeSystem/Winograd-10,1.5.1,active,,Winograd10,Questionnaire codes,"The codes required for Questionnaires survey completion",
https://voicecollab.ai/fhir/CodeSystem/Winograd-100,1.5.1,active,,Winograd100,Questionnaire codes,"The codes required for Questionnaires survey completion",
https://voicecollab.ai/fhir/CodeSystem/Winograd-101,1.5.1,active,,Winograd101,Questionnaire codes,"The codes required for Questionnaires survey completion",
https://voicecollab.ai/fhir/CodeSystem/Winograd-102,1.5.1,active,,Winograd102,Questionnaire codes,"The codes required for Questionnaires survey completion",
https://voicecollab.ai/fhir/CodeSystem/Winograd-103,1.5.1,active,,Winograd103,Questionnaire codes,"The codes required for Questionnaires survey completion",
https://voicecollab.ai/fhir/CodeSystem/Winograd-104,1.5.1,active,,Winograd104,Questionnaire codes,"The codes required for Questionnaires survey completion",
https://voicecollab.ai/fhir/CodeSystem/Winograd-105,1.5.1,active,,Winograd105,Questionnaire codes,"The codes required for Questionnaires survey completion",
https://voicecollab.ai/fhir/CodeSystem/Winograd-106,1.5.1,active,,Winograd106,Questionnaire codes,"The codes required for Questionnaires survey completion",
https://voicecollab.ai/fhir/CodeSystem/Winograd-107,1.5.1,active,,Winograd107,Questionnaire codes,"The codes required for Questionnaires survey completion",
https://voicecollab.ai/fhir/CodeSystem/Winograd-108,1.5.1,active,,Winograd108,Questionnaire codes,"The codes required for Questionnaires survey completion",
https://voicecollab.ai/fhir/CodeSystem/Winograd-109,1.5.1,active,,Winograd109,Questionnaire codes,"The codes required for Questionnaires survey completion",
https://voicecollab.ai/fhir/CodeSystem/Winograd-11,1.5.1,active,,Winograd11,Questionnaire codes,"The codes required for Questionnaires survey completion",
https://voicecollab.ai/fhir/CodeSystem/Winograd-110,1.5.1,active,,Winograd110,Questionnaire codes,"The codes required for Questionnaires survey completion",
https://voicecollab.ai/fhir/CodeSystem/Winograd-111,1.5.1,active,,Winograd111,Questionnaire codes,"The codes required for Questionnaires survey completion",
https://voicecollab.ai/fhir/CodeSystem/Winograd-112,1.5.1,active,,Winograd112,Questionnaire codes,"The codes required for Questionnaires survey completion",
https://voicecollab.ai/fhir/CodeSystem/Winograd-113,1.5.1,active,,Winograd113,Questionnaire codes,"The codes required for Questionnaires survey completion",
https://voicecollab.ai/fhir/CodeSystem/Winograd-114,1.5.1,active,,Winograd114,Questionnaire codes,"The codes required for Questionnaires survey completion",
https://voicecollab.ai/fhir/CodeSystem/Winograd-115,1.5.1,active,,Winograd115,Questionnaire codes,"The codes required for Questionnaires survey completion",
https://voicecollab.ai/fhir/CodeSystem/Winograd-116,1.5.1,active,,Winograd116,Questionnaire codes,"The codes required for Questionnaires survey completion",
https://voicecollab.ai/fhir/CodeSystem/Winograd-117,1.5.1,active,,Winograd117,Questionnaire codes,"The codes required for Questionnaires survey completion",
https://voicecollab.ai/fhir/CodeSystem/Winograd-118,1.5.1,active,,Winograd118,Questionnaire codes,"The codes required for Questionnaires survey completion",
https://voicecollab.ai/fhir/CodeSystem/Winograd-119,1.5.1,active,,Winograd119,Questionnaire codes,"The codes required for Questionnaires survey completion",
https://voicecollab.ai/fhir/CodeSystem/Winograd-12,1.5.1,active,,Winograd12,Questionnaire codes,"The codes required for Questionnaires survey completion",
https://voicecollab.ai/fhir/CodeSystem/Winograd-120,1.5.1,active,,Winograd120,Questionnaire codes,"The codes required for Questionnaires survey completion",
https://voicecollab.ai/fhir/CodeSystem/Winograd-121,1.5.1,active,,Winograd121,Questionnaire codes,"The codes required for Questionnaires survey completion",
https://voicecollab.ai/fhir/CodeSystem/Winograd-122,1.5.1,active,,Winograd122,Questionnaire codes,"The codes required for Questionnaires survey completion",
https://voicecollab.ai/fhir/CodeSystem/Winograd-123,1.5.1,active,,Winograd123,Questionnaire codes,"The codes required for Questionnaires survey completion",
https://voicecollab.ai/fhir/CodeSystem/Winograd-124,1.5.1,active,,Winograd124,Questionnaire codes,"The codes required for Questionnaires survey completion",
https://voicecollab.ai/fhir/CodeSystem/Winograd-125,1.5.1,active,,Winograd125,Questionnaire codes,"The codes required for Questionnaires survey completion",
https://voicecollab.ai/fhir/CodeSystem/Winograd-126,1.5.1,active,,Winograd126,Questionnaire codes,"The codes required for Questionnaires survey completion",
https://voicecollab.ai/fhir/CodeSystem/Winograd-127,1.5.1,active,,Winograd127,Questionnaire codes,"The codes required for Questionnaires survey completion",
https://voicecollab.ai/fhir/CodeSystem/Winograd-128,1.5.1,active,,Winograd128,Questionnaire codes,"The codes required for Questionnaires survey completion",
https://voicecollab.ai/fhir/CodeSystem/Winograd-129,1.5.1,active,,Winograd129,Questionnaire codes,"The codes required for Questionnaires survey completion",
https://voicecollab.ai/fhir/CodeSystem/Winograd-13,1.5.1,active,,Winograd13,Questionnaire codes,"The codes required for Questionnaires survey completion",
https://voicecollab.ai/fhir/CodeSystem/Winograd-130,1.5.1,active,,Winograd130,Questionnaire codes,"The codes required for Questionnaires survey completion",
https://voicecollab.ai/fhir/CodeSystem/Winograd-131,1.5.1,active,,Winograd131,Questionnaire codes,"The codes required for Questionnaires survey completion",
https://voicecollab.ai/fhir/CodeSystem/Winograd-132,1.5.1,active,,Winograd132,Questionnaire codes,"The codes required for Questionnaires survey completion",
https://voicecollab.ai/fhir/CodeSystem/Winograd-133,1.5.1,active,,Winograd133,Questionnaire codes,"The codes required for Questionnaires survey completion",
https://voicecollab.ai/fhir/CodeSystem/Winograd-134,1.5.1,active,,Winograd134,Questionnaire codes,"The codes required for Questionnaires survey completion",
https://voicecollab.ai/fhir/CodeSystem/Winograd-135,1.5.1,active,,Winograd135,Questionnaire codes,"The codes required for Questionnaires survey completion",
https://voicecollab.ai/fhir/CodeSystem/Winograd-136,1.5.1,active,,Winograd136,Questionnaire codes,"The codes required for Questionnaires survey completion",
https://voicecollab.ai/fhir/CodeSystem/Winograd-137,1.5.1,active,,Winograd137,Questionnaire codes,"The codes required for Questionnaires survey completion",
https://voicecollab.ai/fhir/CodeSystem/Winograd-138,1.5.1,active,,Winograd138,Questionnaire codes,"The codes required for Questionnaires survey completion",
https://voicecollab.ai/fhir/CodeSystem/Winograd-14,1.5.1,active,,Winograd14,Questionnaire codes,"The codes required for Questionnaires survey completion",
https://voicecollab.ai/fhir/CodeSystem/Winograd-15,1.5.1,active,,Winograd15,Questionnaire codes,"The codes required for Questionnaires survey completion",
https://voicecollab.ai/fhir/CodeSystem/Winograd-16,1.5.1,active,,Winograd16,Questionnaire codes,"The codes required for Questionnaires survey completion",
https://voicecollab.ai/fhir/CodeSystem/Winograd-17,1.5.1,active,,Winograd17,Questionnaire codes,"The codes required for Questionnaires survey completion",
https://voicecollab.ai/fhir/CodeSystem/Winograd-18,1.5.1,active,,Winograd18,Questionnaire codes,"The codes required for Questionnaires survey completion",
https://voicecollab.ai/fhir/CodeSystem/Winograd-19,1.5.1,active,,Winograd19,Questionnaire codes,"The codes required for Questionnaires survey completion",
https://voicecollab.ai/fhir/CodeSystem/Winograd-2,1.5.1,active,,Winograd2,Questionnaire codes,"The codes required for Questionnaires survey completion",
https://voicecollab.ai/fhir/CodeSystem/Winograd-20,1.5.1,active,,Winograd20,Questionnaire codes,"The codes required for Questionnaires survey completion",
https://voicecollab.ai/fhir/CodeSystem/Winograd-21,1.5.1,active,,Winograd21,Questionnaire codes,"The codes required for Questionnaires survey completion",
https://voicecollab.ai/fhir/CodeSystem/Winograd-22,1.5.1,active,,Winograd22,Questionnaire codes,"The codes required for Questionnaires survey completion",
https://voicecollab.ai/fhir/CodeSystem/Winograd-23,1.5.1,active,,Winograd23,Questionnaire codes,"The codes required for Questionnaires survey completion",
https://voicecollab.ai/fhir/CodeSystem/Winograd-24,1.5.1,active,,Winograd24,Questionnaire codes,"The codes required for Questionnaires survey completion",
https://voicecollab.ai/fhir/CodeSystem/Winograd-25,1.5.1,active,,Winograd25,Questionnaire codes,"The codes required for Questionnaires survey completion",
https://voicecollab.ai/fhir/CodeSystem/Winograd-26,1.5.1,active,,Winograd26,Questionnaire codes,"The codes required for Questionnaires survey completion",
https://voicecollab.ai/fhir/CodeSystem/Winograd-27,1.5.1,active,,Winograd27,Questionnaire codes,"The codes required for Questionnaires survey completion",
https://voicecollab.ai/fhir/CodeSystem/Winograd-28,1.5.1,active,,Winograd28,Questionnaire codes,"The codes required for Questionnaires survey completion",
https://voicecollab.ai/fhir/CodeSystem/Winograd-29,1.5.1,active,,Winograd29,Questionnaire codes,"The codes required for Questionnaires survey completion",
https://voicecollab.ai/fhir/CodeSystem/Winograd-3,1.5.1,active,,Winograd3,Questionnaire codes,"The codes required for Questionnaires survey completion",
https://voicecollab.ai/fhir/CodeSystem/Winograd-30,1.5.1,active,,Winograd30,Questionnaire codes,"The codes required for Questionnaires survey completion",
https://voicecollab.ai/fhir/CodeSystem/Winograd-31,1.5.1,active,,Winograd31,Questionnaire codes,"The codes required for Questionnaires survey completion",
https://voicecollab.ai/fhir/CodeSystem/Winograd-32,1.5.1,active,,Winograd32,Questionnaire codes,"The codes required for Questionnaires survey completion",
https://voicecollab.ai/fhir/CodeSystem/Winograd-33,1.5.1,active,,Winograd33,Questionnaire codes,"The codes required for Questionnaires survey completion",
https://voicecollab.ai/fhir/CodeSystem/Winograd-34,1.5.1,active,,Winograd34,Questionnaire codes,"The codes required for Questionnaires survey completion",
https://voicecollab.ai/fhir/CodeSystem/Winograd-35,1.5.1,active,,Winograd35,Questionnaire codes,"The codes required for Questionnaires survey completion",
https://voicecollab.ai/fhir/CodeSystem/Winograd-36,1.5.1,active,,Winograd36,Questionnaire codes,"The codes required for Questionnaires survey completion",
https://voicecollab.ai/fhir/CodeSystem/Winograd-37,1.5.1,active,,Winograd37,Questionnaire codes,"The codes required for Questionnaires survey completion",
https://voicecollab.ai/fhir/CodeSystem/Winograd-38,1.5.1,active,,Winograd38,Questionnaire codes,"The codes required for Questionnaires survey completion",
https://voicecollab.ai/fhir/CodeSystem/Winograd-39,1.5.1,active,,Winograd39,Questionnaire codes,"The codes required for Questionnaires survey completion",
https://voicecollab.ai/fhir/CodeSystem/Winograd-4,1.5.1,active,,Winograd4,Questionnaire codes,"The codes required for Questionnaires survey completion",
https://voicecollab.ai/fhir/CodeSystem/Winograd-40,1.5.1,active,,Winograd40,Questionnaire codes,"The codes required for Questionnaires survey completion",
https://voicecollab.ai/fhir/CodeSystem/Winograd-41,1.5.1,active,,Winograd41,Questionnaire codes,"The codes required for Questionnaires survey completion",
https://voicecollab.ai/fhir/CodeSystem/Winograd-42,1.5.1,active,,Winograd42,Questionnaire codes,"The codes required for Questionnaires survey completion",
https://voicecollab.ai/fhir/CodeSystem/Winograd-43,1.5.1,active,,Winograd43,Questionnaire codes,"The codes required for Questionnaires survey completion",
https://voicecollab.ai/fhir/CodeSystem/Winograd-44,1.5.1,active,,Winograd44,Questionnaire codes,"The codes required for Questionnaires survey completion",
https://voicecollab.ai/fhir/CodeSystem/Winograd-45,1.5.1,active,,Winograd45,Questionnaire codes,"The codes required for Questionnaires survey completion",
https://voicecollab.ai/fhir/CodeSystem/Winograd-46,1.5.1,active,,Winograd46,Questionnaire codes,"The codes required for Questionnaires survey completion",
https://voicecollab.ai/fhir/CodeSystem/Winograd-47,1.5.1,active,,Winograd47,Questionnaire codes,"The codes required for Questionnaires survey completion",
https://voicecollab.ai/fhir/CodeSystem/Winograd-48,1.5.1,active,,Winograd48,Questionnaire codes,"The codes required for Questionnaires survey completion",
https://voicecollab.ai/fhir/CodeSystem/Winograd-49,1.5.1,active,,Winograd49,Questionnaire codes,"The codes required for Questionnaires survey completion",
https://voicecollab.ai/fhir/CodeSystem/Winograd-5,1.5.1,active,,Winograd5,Questionnaire codes,"The codes required for Questionnaires survey completion",
https://voicecollab.ai/fhir/CodeSystem/Winograd-50,1.5.1,active,,Winograd50,Questionnaire codes,"The codes required for Questionnaires survey completion",
https://voicecollab.ai/fhir/CodeSystem/Winograd-51,1.5.1,active,,Winograd51,Questionnaire codes,"The codes required for Questionnaires survey completion",
https://voicecollab.ai/fhir/CodeSystem/Winograd-52,1.5.1,active,,Winograd52,Questionnaire codes,"The codes required for Questionnaires survey completion",
https://voicecollab.ai/fhir/CodeSystem/Winograd-53,1.5.1,active,,Winograd53,Questionnaire codes,"The codes required for Questionnaires survey completion",
https://voicecollab.ai/fhir/CodeSystem/Winograd-54,1.5.1,active,,Winograd54,Questionnaire codes,"The codes required for Questionnaires survey completion",
https://voicecollab.ai/fhir/CodeSystem/Winograd-55,1.5.1,active,,Winograd55,Questionnaire codes,"The codes required for Questionnaires survey completion",
https://voicecollab.ai/fhir/CodeSystem/Winograd-56,1.5.1,active,,Winograd56,Questionnaire codes,"The codes required for Questionnaires survey completion",
https://voicecollab.ai/fhir/CodeSystem/Winograd-57,1.5.1,active,,Winograd57,Questionnaire codes,"The codes required for Questionnaires survey completion",
https://voicecollab.ai/fhir/CodeSystem/Winograd-58,1.5.1,active,,Winograd58,Questionnaire codes,"The codes required for Questionnaires survey completion",
https://voicecollab.ai/fhir/CodeSystem/Winograd-59,1.5.1,active,,Winograd59,Questionnaire codes,"The codes required for Questionnaires survey completion",
https://voicecollab.ai/fhir/CodeSystem/Winograd-6,1.5.1,active,,Winograd6,Questionnaire codes,"The codes required for Questionnaires survey completion",
https://voicecollab.ai/fhir/CodeSystem/Winograd-60,1.5.1,active,,Winograd60,Questionnaire codes,"The codes required for Questionnaires survey completion",
https://voicecollab.ai/fhir/CodeSystem/Winograd-61,1.5.1,active,,Winograd61,Questionnaire codes,"The codes required for Questionnaires survey completion",
https://voicecollab.ai/fhir/CodeSystem/Winograd-62,1.5.1,active,,Winograd62,Questionnaire codes,"The codes required for Questionnaires survey completion",
https://voicecollab.ai/fhir/CodeSystem/Winograd-63,1.5.1,active,,Winograd63,Questionnaire codes,"The codes required for Questionnaires survey completion",
https://voicecollab.ai/fhir/CodeSystem/Winograd-64,1.5.1,active,,Winograd64,Questionnaire codes,"The codes required for Questionnaires survey completion",
https://voicecollab.ai/fhir/CodeSystem/Winograd-65,1.5.1,active,,Winograd65,Questionnaire codes,"The codes required for Questionnaires survey completion",
https://voicecollab.ai/fhir/CodeSystem/Winograd-66,1.5.1,active,,Winograd66,Questionnaire codes,"The codes required for Questionnaires survey completion",
https://voicecollab.ai/fhir/CodeSystem/Winograd-67,1.5.1,active,,Winograd67,Questionnaire codes,"The codes required for Questionnaires survey completion",
https://voicecollab.ai/fhir/CodeSystem/Winograd-68,1.5.1,active,,Winograd68,Questionnaire codes,"The codes required for Questionnaires survey completion",
https://voicecollab.ai/fhir/CodeSystem/Winograd-69,1.5.1,active,,Winograd69,Questionnaire codes,"The codes required for Questionnaires survey completion",
https://voicecollab.ai/fhir/CodeSystem/Winograd-7,1.5.1,active,,Winograd7,Questionnaire codes,"The codes required for Questionnaires survey completion",
https://voicecollab.ai/fhir/CodeSystem/Winograd-70,1.5.1,active,,Winograd70,Questionnaire codes,"The codes required for Questionnaires survey completion",
https://voicecollab.ai/fhir/CodeSystem/Winograd-71,1.5.1,active,,Winograd71,Questionnaire codes,"The codes required for Questionnaires survey completion",
https://voicecollab.ai/fhir/CodeSystem/Winograd-72,1.5.1,active,,Winograd72,Questionnaire codes,"The codes required for Questionnaires survey completion",
https://voicecollab.ai/fhir/CodeSystem/Winograd-73,1.5.1,active,,Winograd73,Questionnaire codes,"The codes required for Questionnaires survey completion",
https://voicecollab.ai/fhir/CodeSystem/Winograd-74,1.5.1,active,,Winograd74,Questionnaire codes,"The codes required for Questionnaires survey completion",
https://voicecollab.ai/fhir/CodeSystem/Winograd-75,1.5.1,active,,Winograd75,Questionnaire codes,"The codes required for Questionnaires survey completion",
https://voicecollab.ai/fhir/CodeSystem/Winograd-76,1.5.1,active,,Winograd76,Questionnaire codes,"The codes required for Questionnaires survey completion",
https://voicecollab.ai/fhir/CodeSystem/Winograd-77,1.5.1,active,,Winograd77,Questionnaire codes,"The codes required for Questionnaires survey completion",
https://voicecollab.ai/fhir/CodeSystem/Winograd-78,1.5.1,active,,Winograd78,Questionnaire codes,"The codes required for Questionnaires survey completion",
https://voicecollab.ai/fhir/CodeSystem/Winograd-79,1.5.1,active,,Winograd79,Questionnaire codes,"The codes required for Questionnaires survey completion",
https://voicecollab.ai/fhir/CodeSystem/Winograd-8,1.5.1,active,,Winograd8,Questionnaire codes,"The codes required for Questionnaires survey completion",
https://voicecollab.ai/fhir/CodeSystem/Winograd-80,1.5.1,active,,Winograd80,Questionnaire codes,"The codes required for Questionnaires survey completion",
https://voicecollab.ai/fhir/CodeSystem/Winograd-81,1.5.1,active,,Winograd81,Questionnaire codes,"The codes required for Questionnaires survey completion",
https://voicecollab.ai/fhir/CodeSystem/Winograd-82,1.5.1,active,,Winograd82,Questionnaire codes,"The codes required for Questionnaires survey completion",
https://voicecollab.ai/fhir/CodeSystem/Winograd-83,1.5.1,active,,Winograd83,Questionnaire codes,"The codes required for Questionnaires survey completion",
https://voicecollab.ai/fhir/CodeSystem/Winograd-84,1.5.1,active,,Winograd84,Questionnaire codes,"The codes required for Questionnaires survey completion",
https://voicecollab.ai/fhir/CodeSystem/Winograd-85,1.5.1,active,,Winograd85,Questionnaire codes,"The codes required for Questionnaires survey completion",
https://voicecollab.ai/fhir/CodeSystem/Winograd-86,1.5.1,active,,Winograd86,Questionnaire codes,"The codes required for Questionnaires survey completion",
https://voicecollab.ai/fhir/CodeSystem/Winograd-87,1.5.1,active,,Winograd87,Questionnaire codes,"The codes required for Questionnaires survey completion",
https://voicecollab.ai/fhir/CodeSystem/Winograd-88,1.5.1,active,,Winograd88,Questionnaire codes,"The codes required for Questionnaires survey completion",
https://voicecollab.ai/fhir/CodeSystem/Winograd-89,1.5.1,active,,Winograd89,Questionnaire codes,"The codes required for Questionnaires survey completion",
https://voicecollab.ai/fhir/CodeSystem/Winograd-9,1.5.1,active,,Winograd9,Questionnaire codes,"The codes required for Questionnaires survey completion",
https://voicecollab.ai/fhir/CodeSystem/Winograd-90,1.5.1,active,,Winograd90,Questionnaire codes,"The codes required for Questionnaires survey completion",
https://voicecollab.ai/fhir/CodeSystem/Winograd-91,1.5.1,active,,Winograd91,Questionnaire codes,"The codes required for Questionnaires survey completion",
https://voicecollab.ai/fhir/CodeSystem/Winograd-92,1.5.1,active,,Winograd92,Questionnaire codes,"The codes required for Questionnaires survey completion",
https://voicecollab.ai/fhir/CodeSystem/Winograd-93,1.5.1,active,,Winograd93,Questionnaire codes,"The codes required for Questionnaires survey completion",
https://voicecollab.ai/fhir/CodeSystem/Winograd-94,1.5.1,active,,Winograd94,Questionnaire codes,"The codes required for Questionnaires survey completion",
https://voicecollab.ai/fhir/CodeSystem/Winograd-95,1.5.1,active,,Winograd95,Questionnaire codes,"The codes required for Questionnaires survey completion",
https://voicecollab.ai/fhir/CodeSystem/Winograd-96,1.5.1,active,,Winograd96,Questionnaire codes,"The codes required for Questionnaires survey completion",
https://voicecollab.ai/fhir/CodeSystem/Winograd-97,1.5.1,active,,Winograd97,Questionnaire codes,"The codes required for Questionnaires survey completion",
https://voicecollab.ai/fhir/CodeSystem/Winograd-98,1.5.1,active,,Winograd98,Questionnaire codes,"The codes required for Questionnaires survey completion",
https://voicecollab.ai/fhir/CodeSystem/Winograd-99,1.5.1,active,,Winograd99,Questionnaire codes,"The codes required for Questionnaires survey completion",
https://voicecollab.ai/fhir/CodeSystem/Yes-No-Some,1.5.1,active,,YesNoSome,Yes/No/Some Response Codes,"A set of codes representing 'Yes', 'No', and 'Some' responses for questionnaires.",
https://voicecollab.ai/fhir/CodeSystem/acoustic-task-status,1.5.1,active,,AcousticTaskStatus,Status Codes for Acoustic Tasks,"A comprehensive set of codes representing the status of Acoustic Tasks.",
https://voicecollab.ai/fhir/CodeSystem/adhd,1.5.1,active,,ADHD,adhd,"The codes required for adhd questionnaire",
https://voicecollab.ai/fhir/CodeSystem/alcohol-consumption-amount,1.5.1,active,,AlcoholConsumptionAmount,Alcohol Consumption Frequency Codes,"This code system defines the frequency of alcohol consumption for use in questionnaires.",
https://voicecollab.ai/fhir/CodeSystem/alcohol-consumption-frequency,1.5.1,active,,AlcoholConsumptionFrequency,Alcohol Consumption Frequency Codes,"This code system defines the frequency of alcohol consumption for use in questionnaires.",
https://voicecollab.ai/fhir/CodeSystem/checked-unchecked,1.5.1,active,,CheckedUnchecked,Enrollment Status Codes for Questionnaires,"This code system defines the status codes used to indicate the enrollment condition in questionnaires.",
https://voicecollab.ai/fhir/CodeSystem/child-education,1.5.1,active,,ChildEducation,Child Education Level Code System,"A comprehensive code system for identifying the highest level of education attained by a child, used in questionnaire contexts.",
https://voicecollab.ai/fhir/CodeSystem/comments,1.5.1,active,,Comments,Comments,"The codes required for Diagnosis questionnaire",
https://voicecollab.ai/fhir/CodeSystem/consent-aggreement,1.5.1,active,,ConsentAgreement,Codes for Consent,"This code system is designed for consent questionnaire.",
https://voicecollab.ai/fhir/CodeSystem/consent-signing,1.5.1,active,,ConsentSigning,Codes for Consent signing,"This code system is designed for consent questionnaire.",
https://voicecollab.ai/fhir/CodeSystem/consent-status,1.5.1,active,,ConsentStatus,Consent Status Codes,"Code system representing various statuses of patient consent",
https://voicecollab.ai/fhir/CodeSystem/consent-usf-question,1.5.1,active,,ConsentUsfQuestion,Consent Usf Question,"The codes required for Diagnosis questionnaire",
https://voicecollab.ai/fhir/CodeSystem/decline-reason,1.5.1,active,,DeclineReason,Reasons for Declining Participation Codes,"This code system specifies the various reasons an individual might decline participation in a study, as used in questionnaire enrollment.",
https://voicecollab.ai/fhir/CodeSystem/degree,1.5.1,active,,Degree,Degree,"The codes required for Diagnosis questionnaire",
https://voicecollab.ai/fhir/CodeSystem/difficulty-breathing,1.5.1,active,,DifficultyBreathing,Questionnaire codes for difficulty breahing,"The codes required for Questionnaires",
https://voicecollab.ai/fhir/CodeSystem/disability-status,1.5.1,active,,DisabilityStatus,Disability Status Code System,"A comprehensive code system for categorizing disability status in a questionnaire format.",
https://voicecollab.ai/fhir/CodeSystem/disability-type,1.5.1,active,,DisabilityType,Disability Classification Codes,"A comprehensive set of codes representing different types of disabilities for use in questionnaires.",
https://voicecollab.ai/fhir/CodeSystem/dsm5,1.5.1,active,,DSM5,Diagnostic and Statistical Manual of Mental Disorders (DSM-5) Code System,"This code system is designed for the DSM-5 questionnaire, providing severity codes for mental health conditions.",
https://voicecollab.ai/fhir/CodeSystem/dsm5-phobia,1.5.1,active,,DSM5Phobia,dsm5 q5,"The codes required for dsm5 phobia questionnaire",
https://voicecollab.ai/fhir/CodeSystem/dsm5-q1,1.5.1,active,,DSM5Q1,dsm5 q1,"The codes required for dsm5 q1 questionnaire",
https://voicecollab.ai/fhir/CodeSystem/dsm5-q2,1.5.1,active,,DSM5Q2,dsm5 q2,"The codes required for dsm5 q2 questionnaire",
https://voicecollab.ai/fhir/CodeSystem/dsm5-q3,1.5.1,active,,DSM5Q3,dsm5 q3,"The codes required for dsm5 q3 questionnaire",
https://voicecollab.ai/fhir/CodeSystem/dsm5-q4,1.5.1,active,,DSM5Q4,dsm5 q4,"The codes required for dsm5 q4 questionnaire",
https://voicecollab.ai/fhir/CodeSystem/dsm5-q5,1.5.1,active,,DSM5Q5,dsm5 q5,"The codes required for dsm5 q5 questionnaire",
https://voicecollab.ai/fhir/CodeSystem/dysnpea-index,1.5.1,active,,DysnpeaIndex,Codes for Dysnpea Index,"This code system is designed for dysnpea index questionnaire.",
https://voicecollab.ai/fhir/CodeSystem/education-level,1.5.1,active,,EducationLevel,Education Level Code System,"A comprehensive code system for identifying the highest level of education attained by a child, used in questionnaire contexts.",
https://voicecollab.ai/fhir/CodeSystem/eligible-studies,1.5.1,active,,EligibleStudies,Eligibility Criteria for Study Enrollment,"A comprehensive set of codes representing different study fields for questionnaire enrollment.",
https://voicecollab.ai/fhir/CodeSystem/employment-status,1.5.1,active,,EmploymentStatus,Employment Status Code System,"A comprehensive code system for categorizing employment status in a questionnaire.",
https://voicecollab.ai/fhir/CodeSystem/enroll,1.5.1,active,,Enroll,Eligibility Status Codes for Study Enrollment,"This code system defines the possible status codes for study enrollment eligibility in a questionnaire.",
https://voicecollab.ai/fhir/CodeSystem/enrollment-complete,1.5.1,active,,EnrollmentComplete,Enrollment Status Codes,"The set of codes representing the status of a Questionnaire enrollment",
https://voicecollab.ai/fhir/CodeSystem/enrollment-institution,1.5.1,active,,EnrollmentInstitution,Institution Enrollment Codes,"Specific codes representing different institutions for questionnaire enrollment.",
https://voicecollab.ai/fhir/CodeSystem/enrollment-select-language,1.5.1,active,,EnrollmentSelectLanguage,Language Selection Codes for Enrollment Questionnaire,"This code system defines the language options available for the enrollment questionnaire.",
https://voicecollab.ai/fhir/CodeSystem/ent-history,1.5.1,active,,ENTHistory,Ear, Nose, and Throat (ENT) History Codes,"This code system encompasses the complete set of codes used for documenting patient's ear, nose, and throat (ENT) history in questionnaires.",
https://voicecollab.ai/fhir/CodeSystem/etiology,1.5.1,active,,Etiology,etiology,"The codes required for Diagnosis questionnaire",
https://voicecollab.ai/fhir/CodeSystem/financial-assistance,1.5.1,active,,FinancialAssistance,Financial Aid Programs Questionnaire Codes,"Existence of a financial aid program.",
https://voicecollab.ai/fhir/CodeSystem/fluent-language,1.5.1,active,,FluentLanguage,Fluent Language Identification Codes,"A set of codes identifying languages for questionnaire enrollment purposes.",
https://voicecollab.ai/fhir/CodeSystem/frequency-of-smoking,1.5.1,active,,SmokingTimes,Frequency of Smoking Codes for Questionnaires,"This code system includes specific codes used in questionnaires to assess the frequency of a respondent's smoking habits.",
https://voicecollab.ai/fhir/CodeSystem/gender-identity,1.5.1,active,,GenderIdentity,Comprehensive Gender Identity Codes,"This code system provides a comprehensive list of gender identity codes for use in demographic questionnaires.",
https://voicecollab.ai/fhir/CodeSystem/glottic-gap,1.5.1,active,,GlotticGap,Tumor invading RLN ,"The codes required for Diagnosis questionnaire",
https://voicecollab.ai/fhir/CodeSystem/household-makeup,1.5.1,active,,HouseholdMakeup,Household Composition Classification Codes,"A comprehensive set of codes defining different household compositions.",
https://voicecollab.ai/fhir/CodeSystem/household-status,1.5.1,active,,HouseholdStatus,Residential Status Code System,"A comprehensive code system defining various residential statuses.",
https://voicecollab.ai/fhir/CodeSystem/iatrogenic,1.5.1,active,,Iatrogenic,iatrogenic,"The codes required for Diagnosis questionnaire",
https://voicecollab.ai/fhir/CodeSystem/immigration-status,1.5.1,active,,ImmigrationStatus,Immigration Status Classification Codes,"A comprehensive set of codes representing different immigration statuses.",
https://voicecollab.ai/fhir/CodeSystem/left-right,1.5.1,active,,LeftRight,leftRight,"The codes required for Diagnosis questionnaire",
https://voicecollab.ai/fhir/CodeSystem/leicester-cough,1.5.1,active,,LeicesterCough,Codes for Leicester Cough,"This code system is designed for leicester cough questionnaire.",
https://voicecollab.ai/fhir/CodeSystem/marital-status,1.5.1,active,,MaritalStatus,Marital Status Classification Codes,"A comprehensive set of codes representing different marital statuses for use in questionnaires.",
https://voicecollab.ai/fhir/CodeSystem/medication,1.5.1,active,,Medication,Comprehensive Medication Code System,"This code system encompasses a broad range of medications used in questionnaires, including antibiotics, antihistamines, cocaine, diuretics, hormones, inhaled corticosteroids for asthma, pain medications, psychotropic medications, tricyclic antidepressants, vitamins, and others.",
https://voicecollab.ai/fhir/CodeSystem/menstruation-menopause-status,1.5.1,active,,MenstruationMenopauseStatus,Menstruation and Menopause Status Codes,"This code system defines the possible responses for a questionnaire regarding menstruation and menopause status.",
https://voicecollab.ai/fhir/CodeSystem/neuro-consent,1.5.1,active,,NeuroConsent,Questionnaire codes for neuro consent,"The codes required for neuro consent",
https://voicecollab.ai/fhir/CodeSystem/neuro-participation-consent,1.5.1,active,,NeuroParticipationConsent,Questionnaire codes for neuro consent,"The codes required for neuro consent",
https://voicecollab.ai/fhir/CodeSystem/neurological-history,1.5.1,active,,NeurologicalHistory,Neurological History Questionnaire Codes,"A comprehensive set of codes used for identifying and categorizing neurological conditions in a questionnaire.",
https://voicecollab.ai/fhir/CodeSystem/peds-enrollment,1.5.1,active,,PedsEnrollment,Pediatric Enrollment,"The codes required for Pediatric enrollment pre-question questionnaire",
https://voicecollab.ai/fhir/CodeSystem/peds-language-fluency,1.5.1,active,,PedsLanguageFluency,Pediatric Enrollment,"The codes required for Pediatric enrollment pre-question questionnaire",
https://voicecollab.ai/fhir/CodeSystem/peds-medical-history,1.5.1,active,,PedsMedicalHistory,Questionnaire codes,"The codes required for Questionnaires survey completion",
https://voicecollab.ai/fhir/CodeSystem/peds-reason-to-decline,1.5.1,active,,PedsReasonToDecline,Questionnaire codes for peds reason to decline,"The codes required for Questionnaires",
https://voicecollab.ai/fhir/CodeSystem/peds-who-completed-survey,1.5.1,active,,PedsWhoCompletedSurvey,Questionnaire codes,"The codes required for Questionnaires survey completion",
https://voicecollab.ai/fhir/CodeSystem/permission-to-share-with-doctor,1.5.1,active,,PermissionToShareWithDoctor,Questionnaire codes for neuro consent,"The codes required for neuro consent",
https://voicecollab.ai/fhir/CodeSystem/permission-to-share-with-family,1.5.1,active,,PermissionToShareWithFamily,Questionnaire codes for neuro consent,"The codes required for neuro consent",
https://voicecollab.ai/fhir/CodeSystem/perspiration-frequency,1.5.1,active,,PerspirationFrequency,Perspiration Frequency Codes for Questionnaires,"This code system includes specific codes for indicating the frequency of perspiration in questionnaire responses.",
https://voicecollab.ai/fhir/CodeSystem/psc-17,1.5.1,active,,PSC17,Pediatric Symptom Checklist (PSC-17),"The codes required for Pediatric Symptom Checklist (PSC-17) questionnaire",
https://voicecollab.ai/fhir/CodeSystem/psychiatric-history,1.5.1,active,,PsychiatricHistory,Psychiatric History Classification Codes,"A comprehensive set of codes representing various psychiatric conditions, used in psychiatric history questionnaires.",
https://voicecollab.ai/fhir/CodeSystem/ptsd,1.5.1,active,,PTSD,ptsd,"The codes required for ptsd questionnaire",
https://voicecollab.ai/fhir/CodeSystem/reading-ability,1.5.1,active,,ReadingAbility,Reading Proficiency Levels,"A comprehensive set of codes representing different levels of reading proficiency for questionnaire respondents.",
https://voicecollab.ai/fhir/CodeSystem/recording,1.5.1,active,,Recording,Recording Version Codes,"A comprehensive set of codes representing different versions of recordings.",
https://voicecollab.ai/fhir/CodeSystem/seasonal-allergies,1.5.1,active,,SeasonalAlergies,Codes for Confounders Season Allergies,"This code system is designed for confounders questionnaire.",
https://voicecollab.ai/fhir/CodeSystem/session,1.5.1,active,,Session,Session Status Codes,"A comprehensive set of codes representing the status of a session.",
https://voicecollab.ai/fhir/CodeSystem/smoking-status,1.5.1,active,,SmokingStatus,Smoking Status Codes for Questionnaires,"This code system defines the necessary codes for identifying smoking status in health questionnaires.",
https://voicecollab.ai/fhir/CodeSystem/surgery-sub-category,1.5.1,active,,SurgerySubCategory,surgery sub-category,"The codes required for Diagnosis questionnaire",
https://voicecollab.ai/fhir/CodeSystem/survey-options,1.5.1,active,,SurveyOptions,PHQ9 and GAD7 Survey Response Codes,"This code system defines the response options for PHQ9 and GAD7 questionnaires.",
https://voicecollab.ai/fhir/CodeSystem/thyroplasty,1.5.1,active,,Thyroplasty,Thyroplasty ,"The codes required for Diagnosis questionnaire",
https://voicecollab.ai/fhir/CodeSystem/transportation-type,1.5.1,active,,TransportationType,Transportation Mode Classification,"A comprehensive code system categorizing various modes of transportation.",
https://voicecollab.ai/fhir/CodeSystem/treatment,1.5.1,active,,Treatment,treatment,"The codes required for Diagnosis questionnaire",
https://voicecollab.ai/fhir/CodeSystem/tumor-rln,1.5.1,active,,TumorRLN,Tumor invading RLN ,"The codes required for Diagnosis questionnaire",
https://voicecollab.ai/fhir/CodeSystem/types-of-smoking,1.5.1,active,,SmokingTypes,Classification of Smoking Methods,"This code system categorizes the various methods of smoking for use in questionnaires.",
https://voicecollab.ai/fhir/CodeSystem/urge-to-cough,1.5.1,active,,UrgeToCough,Codes for Urge to Cough,"This code system is designed for urge to cough questionnaire.",
https://voicecollab.ai/fhir/CodeSystem/vocal-fold-injection-augmentation,1.5.1,active,,VocalFoldInjectionAugmentation,Vocal Fold Injection Augmentation,"The codes required for Diagnosis questionnaire",
https://voicecollab.ai/fhir/CodeSystem/vocal-profession,1.5.1,active,,VocalProfessionCodes,Vocal Profession Codes,"A comprehensive set of codes representing various professions that involve significant vocal activity.",
https://voicecollab.ai/fhir/CodeSystem/voice-handicap-index,1.5.1,active,,VoiceHandicapIndex,Voice Handicap Index Assessment Codes,"A comprehensive set of codes used for the Voice Handicap Index assessment.",
https://voicecollab.ai/fhir/CodeSystem/whodas,1.5.1,active,,WHODAS,WHODAS Questionnaire Code System,"A comprehensive code system for categorizing responses in WHODAS Questionnaires.",
https://voicecollab.ai/fhir/CodeSystem/winograd-q1,1.5.1,active,,WinogradQ1,Questionnaire codes for Winograd schema Question 1,"The codes required for Winograd Questionnaires Question 1",
https://voicecollab.ai/fhir/CodeSystem/winograd-q2,1.5.1,active,,WinogradQ2,Questionnaire codes for Winograd schema Question 2,"The codes required for Winograd Questionnaires Question 2",
https://voicecollab.ai/fhir/CodeSystem/winograd-q3,1.5.1,active,,WinogradQ3,Questionnaire codes for Winograd schema Question 3,"The codes required for Winograd Questionnaires Question 3",
https://voicecollab.ai/fhir/CodeSystem/winograd-q4,1.5.1,active,,WinogradQ4,Questionnaire codes for Winograd schema Question 4,"The codes required for Winograd Questionnaires Question 4",
https://voicecollab.ai/fhir/CodeSystem/winograd-q5,1.5.1,active,,WinogradQ5,Questionnaire codes for Winograd schema Question 5,"The codes required for Winograd Questionnaires Question 5",
https://voicecollab.ai/fhir/CodeSystem/yes-no-not-certain,1.5.1,active,,YesNoNotCertain,YesNoNotCertain,"The codes required for Diagnosis questionnaire",
