{"resourceType":"CodeSystem","id":"winograd-q3","text":{"status":"generated","div":"<div xmlns=\"http://www.w3.org/1999/xhtml\"><p>This case-sensitive code system <code>https://voicecollab.ai/fhir/CodeSystem/winograd-q3</code> defines the following codes:</p><table class=\"codes\"><tr><td style=\"white-space:nowrap\"><b>Code</b></td><td><b>Display</b></td></tr><tr><td style=\"white-space:nowrap\">J<a name=\"winograd-q3-J\"> </a></td><td>Joan</td></tr><tr><td style=\"white-space:nowrap\">S<a name=\"winograd-q3-S\"> </a></td><td>Susan</td></tr></table></div>"},"url":"https://voicecollab.ai/fhir/CodeSystem/winograd-q3","version":"1.0.0","name":"WinogradQ3","title":"Questionnaire codes for Winograd schema Question 3","status":"active","date":"2023-08-04","publisher":"KinD Lab","contact":[{"name":"KinD Lab","telecom":[{"system":"url","value":"http://fhir.kindlab.sickkids.ca"}]}],"description":"The codes required for Winograd Questionnaires Question 3","caseSensitive":true,"content":"complete","count":2,"concept":[{"code":"J","display":"Joan"},{"code":"S","display":"Susan"}]}