{"resourceType":"CodeSystem","id":"enroll","text":{"status":"generated","div":"<div xmlns=\"http://www.w3.org/1999/xhtml\"><p>This code system <code>https://voicecollab.ai/fhir/CodeSystem/enroll</code> defines the following codes:</p><table class=\"codes\"><tr><td style=\"white-space:nowrap\"><b>Code</b></td><td><b>Display</b></td></tr><tr><td style=\"white-space:nowrap\">E<a name=\"enroll-E\"> </a></td><td>Enroll</td></tr><tr><td style=\"white-space:nowrap\">D<a name=\"enroll-D\"> </a></td><td>Decline</td></tr></table></div>"},"url":"https://voicecollab.ai/fhir/CodeSystem/enroll","version":"0.1.0","name":"Enroll","title":"Questionnaire enrollment eligible studies codes","status":"active","date":"2023-06-07","publisher":"KinD Lab","contact":[{"name":"KinD Lab","telecom":[{"system":"url","value":"http://fhir.kindlab.sickkids.ca"}]}],"description":"The codes required for Questionnaire enrollment","caseSensitive":true,"content":"complete","count":2,"concept":[{"code":"E","display":"Enroll"},{"code":"D","display":"Decline"}]}