{"resourceType":"CodeSystem","id":"peds-language-fluency","text":{"status":"generated","div":"<div xmlns=\"http://www.w3.org/1999/xhtml\"><p>This code system <code>https://voicecollab.ai/fhir/CodeSystem/peds-language-fluency</code> defines the following codes:</p><table class=\"codes\"><tr><td style=\"white-space:nowrap\"><b>Code</b></td><td><b>Display</b></td></tr><tr><td style=\"white-space:nowrap\">English<a name=\"peds-language-fluency-English\"> </a></td><td>English</td></tr><tr><td style=\"white-space:nowrap\">Spanish<a name=\"peds-language-fluency-Spanish\"> </a></td><td>Spanish</td></tr><tr><td style=\"white-space:nowrap\">HaitianCreole<a name=\"peds-language-fluency-HaitianCreole\"> </a></td><td>Haitian Creole</td></tr><tr><td style=\"white-space:nowrap\">Mandarin<a name=\"peds-language-fluency-Mandarin\"> </a></td><td>Mandarin</td></tr><tr><td style=\"white-space:nowrap\">Vietnamese<a name=\"peds-language-fluency-Vietnamese\"> </a></td><td>Vietnamese</td></tr><tr><td style=\"white-space:nowrap\">Cantonese<a name=\"peds-language-fluency-Cantonese\"> </a></td><td>Cantonese</td></tr><tr><td style=\"white-space:nowrap\">CapeVerdeanCreole<a name=\"peds-language-fluency-CapeVerdeanCreole\"> </a></td><td>Cape Verdean Creole</td></tr><tr><td style=\"white-space:nowrap\">Russian<a name=\"peds-language-fluency-Russian\"> </a></td><td>Russian</td></tr><tr><td style=\"white-space:nowrap\">Arabic<a name=\"peds-language-fluency-Arabic\"> </a></td><td>Arabic</td></tr><tr><td style=\"white-space:nowrap\">Portuguese<a name=\"peds-language-fluency-Portuguese\"> </a></td><td>Portuguese</td></tr><tr><td style=\"white-space:nowrap\">French<a name=\"peds-language-fluency-French\"> </a></td><td>French</td></tr><tr><td style=\"white-space:nowrap\">Other<a name=\"peds-language-fluency-Other\"> </a></td><td>Other Please write</td></tr></table></div>"},"url":"https://voicecollab.ai/fhir/CodeSystem/peds-language-fluency","version":"0.1.0","name":"PedsLanguageFluency","title":"Pediatric Enrollment","status":"active","date":"2023-08-02","publisher":"KinD Lab","contact":[{"name":"KinD Lab","telecom":[{"system":"url","value":"http://fhir.kindlab.sickkids.ca"}]}],"description":"The codes required for Pediatric enrollment pre-question questionnaire","caseSensitive":true,"content":"complete","count":12,"concept":[{"code":"English","display":"English"},{"code":"Spanish","display":"Spanish"},{"code":"HaitianCreole","display":"Haitian Creole"},{"code":"Mandarin","display":"Mandarin"},{"code":"Vietnamese","display":"Vietnamese"},{"code":"Cantonese","display":"Cantonese"},{"code":"CapeVerdeanCreole","display":"Cape Verdean Creole"},{"code":"Russian","display":"Russian"},{"code":"Arabic","display":"Arabic"},{"code":"Portuguese","display":"Portuguese"},{"code":"French","display":"French"},{"code":"Other","display":"Other Please write"}]}