{"resourceType":"CodeSystem","id":"Yes-No-Some","text":{"status":"generated","div":"<div xmlns=\"http://www.w3.org/1999/xhtml\"><p>This case-sensitive code system <code>https://voicecollab.ai/fhir/CodeSystem/Yes-No-Some</code> defines the following codes:</p><table class=\"codes\"><tr><td style=\"white-space:nowrap\"><b>Code</b></td><td><b>Display</b></td><td><b>Definition</b></td></tr><tr><td style=\"white-space:nowrap\">Y<a name=\"Yes-No-Some-Y\"> </a></td><td>Yes</td><td>Yes</td></tr><tr><td style=\"white-space:nowrap\">N<a name=\"Yes-No-Some-N\"> </a></td><td>No</td><td>No</td></tr><tr><td style=\"white-space:nowrap\">S<a name=\"Yes-No-Some-S\"> </a></td><td>Some</td><td>Some</td></tr></table></div>"},"url":"https://voicecollab.ai/fhir/CodeSystem/Yes-No-Some","version":"1.0.0","name":"YesNoSome","title":"Yes/No/Some Response Codes","status":"active","date":"2023-05-11","publisher":"KinD Lab","contact":[{"name":"KinD Lab","telecom":[{"system":"url","value":"http://fhir.kindlab.sickkids.ca"}]}],"description":"A set of codes representing 'Yes', 'No', and 'Some' responses for questionnaires.","caseSensitive":true,"content":"complete","count":3,"concept":[{"code":"Y","display":"Yes","definition":"Yes"},{"code":"N","display":"No","definition":"No"},{"code":"S","display":"Some","definition":"Some"}]}