{"resourceType":"CodeSystem","id":"household-status","text":{"status":"generated","div":"<div xmlns=\"http://www.w3.org/1999/xhtml\"><p>This case-sensitive code system <code>https://voicecollab.ai/fhir/CodeSystem/household-status</code> defines the following codes:</p><table class=\"codes\"><tr><td style=\"white-space:nowrap\"><b>Code</b></td><td><b>Display</b></td></tr><tr><td style=\"white-space:nowrap\">AL<a name=\"household-status-AL\"> </a></td><td>Assisted living</td></tr><tr><td style=\"white-space:nowrap\">PC<a name=\"household-status-PC\"> </a></td><td>Live with parent/care giver</td></tr><tr><td style=\"white-space:nowrap\">OH<a name=\"household-status-OH\"> </a></td><td>Own home</td></tr><tr><td style=\"white-space:nowrap\">R<a name=\"household-status-R\"> </a></td><td>Rent home</td></tr><tr><td style=\"white-space:nowrap\">SN<a name=\"household-status-SN\"> </a></td><td>Skilled nursing facility/nursing home</td></tr><tr><td style=\"white-space:nowrap\">UT<a name=\"household-status-UT\"> </a></td><td>Unhoused-temporarily</td></tr><tr><td style=\"white-space:nowrap\">UP<a name=\"household-status-UP\"> </a></td><td>Unhoused-permanently</td></tr></table></div>"},"url":"https://voicecollab.ai/fhir/CodeSystem/household-status","version":"1.0.0","name":"HouseholdStatus","title":"Residential Status Code System","status":"active","date":"2023-05-11","publisher":"KinD Lab","contact":[{"name":"KinD Lab","telecom":[{"system":"url","value":"http://fhir.kindlab.sickkids.ca"}]}],"description":"A comprehensive code system defining various residential statuses.","caseSensitive":true,"content":"complete","count":7,"concept":[{"code":"AL","display":"Assisted living"},{"code":"PC","display":"Live with parent/care giver"},{"code":"OH","display":"Own home"},{"code":"R","display":"Rent home"},{"code":"SN","display":"Skilled nursing facility/nursing home"},{"code":"UT","display":"Unhoused-temporarily"},{"code":"UP","display":"Unhoused-permanently"}]}