{"resourceType":"CodeSystem","id":"vocal-profession","text":{"status":"generated","div":"<div xmlns=\"http://www.w3.org/1999/xhtml\"><p>This case-sensitive code system <code>https://voicecollab.ai/fhir/CodeSystem/vocal-profession</code> defines the following codes:</p><table class=\"codes\"><tr><td style=\"white-space:nowrap\"><b>Code</b></td><td><b>Display</b></td></tr><tr><td style=\"white-space:nowrap\">B<a name=\"vocal-profession-B\"> </a></td><td>Bartender</td></tr><tr><td style=\"white-space:nowrap\">WR<a name=\"vocal-profession-WR\"> </a></td><td>Waiter, receptionist</td></tr><tr><td style=\"white-space:nowrap\">S<a name=\"vocal-profession-S\"> </a></td><td>Speaking (secretary, call center, attorney, salesperson)</td></tr><tr><td style=\"white-space:nowrap\">K<a name=\"vocal-profession-K\"> </a></td><td>K-12 Teacher </td></tr><tr><td style=\"white-space:nowrap\">SI<a name=\"vocal-profession-SI\"> </a></td><td>Singer</td></tr><tr><td style=\"white-space:nowrap\">C<a name=\"vocal-profession-C\"> </a></td><td>Chearleading</td></tr><tr><td style=\"white-space:nowrap\">N<a name=\"vocal-profession-N\"> </a></td><td>None</td></tr><tr><td style=\"white-space:nowrap\">O<a name=\"vocal-profession-O\"> </a></td><td>Other, Please Specify</td></tr></table></div>"},"url":"https://voicecollab.ai/fhir/CodeSystem/vocal-profession","version":"1.4.0","name":"VocalProfessionCodes","title":"Vocal Profession Codes","status":"active","date":"2023-05-15","publisher":"KinD Lab","contact":[{"name":"KinD Lab","telecom":[{"system":"url","value":"http://fhir.kindlab.sickkids.ca"}]}],"description":"A comprehensive set of codes representing various professions that involve significant vocal activity.","caseSensitive":true,"content":"complete","count":8,"concept":[{"code":"B","display":"Bartender"},{"code":"WR","display":"Waiter, receptionist"},{"code":"S","display":"Speaking (secretary, call center, attorney, salesperson)"},{"code":"K","display":"K-12 Teacher "},{"code":"SI","display":"Singer"},{"code":"C","display":"Chearleading"},{"code":"N","display":"None"},{"code":"O","display":"Other, Please Specify"}]}