{"resourceType":"CodeSystem","id":"comments","text":{"status":"generated","div":"<div xmlns=\"http://www.w3.org/1999/xhtml\"><p>This case-sensitive code system <code>https://voicecollab.ai/fhir/CodeSystem/comments</code> defines the following codes:</p><table class=\"codes\"><tr><td style=\"white-space:nowrap\"><b>Code</b></td><td><b>Display</b></td></tr><tr><td style=\"white-space:nowrap\">1<a name=\"comments-1\"> </a></td><td>Normal</td></tr><tr><td style=\"white-space:nowrap\">2<a name=\"comments-2\"> </a></td><td>Other (Provide Description)</td></tr></table></div>"},"url":"https://voicecollab.ai/fhir/CodeSystem/comments","version":"1.5.1","name":"Comments","title":"Comments","status":"active","date":"2023-06-19","publisher":"KinD Lab","contact":[{"name":"KinD Lab","telecom":[{"system":"url","value":"http://fhir.kindlab.sickkids.ca"}]}],"description":"The codes required for Diagnosis questionnaire","caseSensitive":true,"content":"complete","count":2,"concept":[{"code":"1","display":"Normal"},{"code":"2","display":"Other (Provide Description)"}]}