{"resourceType":"CodeSystem","id":"Winograd-16","text":{"status":"generated","div":"<div xmlns=\"http://www.w3.org/1999/xhtml\"><p>This case-sensitive code system <code>https://voicecollab.ai/fhir/CodeSystem/Winograd-16</code> defines the following codes:</p><table class=\"codes\"><tr><td style=\"white-space:nowrap\"><b>Code</b></td><td><b>Display</b></td></tr><tr><td style=\"white-space:nowrap\">1<a name=\"Winograd-16-1\"> </a></td><td> The firemen</td></tr><tr><td style=\"white-space:nowrap\">2<a name=\"Winograd-16-2\"> </a></td><td>the police.</td></tr></table></div>"},"url":"https://voicecollab.ai/fhir/CodeSystem/Winograd-16","version":"1.4.0","name":"Winograd16","title":"Questionnaire codes","status":"active","date":"2023-08-28","publisher":"KinD Lab","contact":[{"name":"KinD Lab","telecom":[{"system":"url","value":"http://fhir.kindlab.sickkids.ca"}]}],"description":"The codes required for Questionnaires survey completion","caseSensitive":true,"content":"complete","count":2,"concept":[{"code":"1","display":" The firemen"},{"code":"2","display":"the police."}]}