{"resourceType":"CodeSystem","id":"alcohol-consumption-frequency","text":{"status":"generated","div":"<div xmlns=\"http://www.w3.org/1999/xhtml\"><p>This case-sensitive code system <code>https://voicecollab.ai/fhir/CodeSystem/alcohol-consumption-frequency</code> defines the following codes:</p><table class=\"codes\"><tr><td style=\"white-space:nowrap\"><b>Code</b></td><td><b>Display</b></td></tr><tr><td style=\"white-space:nowrap\">N<a name=\"alcohol-consumption-frequency-N\"> </a></td><td>Never</td></tr><tr><td style=\"white-space:nowrap\">M<a name=\"alcohol-consumption-frequency-M\"> </a></td><td>Monthly or less</td></tr><tr><td style=\"white-space:nowrap\">TFM<a name=\"alcohol-consumption-frequency-TFM\"> </a></td><td>2-4 times a month</td></tr><tr><td style=\"white-space:nowrap\">TTW<a name=\"alcohol-consumption-frequency-TTW\"> </a></td><td>2-3 times a week</td></tr><tr><td style=\"white-space:nowrap\">FM<a name=\"alcohol-consumption-frequency-FM\"> </a></td><td>4 or more times a week</td></tr></table></div>"},"url":"https://voicecollab.ai/fhir/CodeSystem/alcohol-consumption-frequency","version":"1.4.0","name":"AlcoholConsumptionFrequency","title":"Alcohol Consumption Frequency Codes","status":"active","date":"2023-05-15","publisher":"KinD Lab","contact":[{"name":"KinD Lab","telecom":[{"system":"url","value":"http://fhir.kindlab.sickkids.ca"}]}],"description":"This code system defines the frequency of alcohol consumption for use in questionnaires.","caseSensitive":true,"content":"complete","count":5,"concept":[{"code":"N","display":"Never"},{"code":"M","display":"Monthly or less"},{"code":"TFM","display":"2-4 times a month"},{"code":"TTW","display":"2-3 times a week"},{"code":"FM","display":"4 or more times a week"}]}