{"resourceType":"CodeSystem","id":"dsm5-q1","text":{"status":"generated","div":"<div xmlns=\"http://www.w3.org/1999/xhtml\"><p>This code system <code>https://voicecollab.ai/fhir/CodeSystem/dsm5-q1</code> defines the following codes:</p><table class=\"codes\"><tr><td style=\"white-space:nowrap\"><b>Code</b></td><td><b>Display</b></td></tr><tr><td style=\"white-space:nowrap\">1<a name=\"dsm5-q1-1\"> </a></td><td>I do not feel happier or more cheerful than usual.</td></tr><tr><td style=\"white-space:nowrap\">2<a name=\"dsm5-q1-2\"> </a></td><td>I occasionally feel happier or more cheerful than usual.</td></tr><tr><td style=\"white-space:nowrap\">3<a name=\"dsm5-q1-3\"> </a></td><td>I often feel happier or more cheerful than usual.</td></tr><tr><td style=\"white-space:nowrap\">4<a name=\"dsm5-q1-4\"> </a></td><td>I feel happier or more cheerful than usual most of the time.</td></tr><tr><td style=\"white-space:nowrap\">5<a name=\"dsm5-q1-5\"> </a></td><td>I feel happier of more cheerful than usual all of the time</td></tr></table></div>"},"url":"https://voicecollab.ai/fhir/CodeSystem/dsm5-q1","version":"0.1.0","name":"DSM5Q1","title":"dsm5 q1","status":"active","date":"2023-06-21","publisher":"KinD Lab","contact":[{"name":"KinD Lab","telecom":[{"system":"url","value":"http://fhir.kindlab.sickkids.ca"}]}],"description":"The codes required for dsm5 q1 questionnaire","caseSensitive":true,"content":"complete","count":5,"concept":[{"code":"1","display":"I do not feel happier or more cheerful than usual."},{"code":"2","display":"I occasionally feel happier or more cheerful than usual."},{"code":"3","display":"I often feel happier or more cheerful than usual."},{"code":"4","display":"I feel happier or more cheerful than usual most of the time."},{"code":"5","display":"I feel happier of more cheerful than usual all of the time"}]}