{"resourceType":"CodeSystem","id":"reading-ability","text":{"status":"generated","div":"<div xmlns=\"http://www.w3.org/1999/xhtml\"><p>This case-sensitive code system <code>https://voicecollab.ai/fhir/CodeSystem/reading-ability</code> defines the following codes:</p><table class=\"codes\"><tr><td style=\"white-space:nowrap\"><b>Code</b></td><td><b>Display</b></td></tr><tr><td style=\"white-space:nowrap\">E<a name=\"reading-ability-E\"> </a></td><td>Excellent</td></tr><tr><td style=\"white-space:nowrap\">VG<a name=\"reading-ability-VG\"> </a></td><td>Very Good</td></tr><tr><td style=\"white-space:nowrap\">G<a name=\"reading-ability-G\"> </a></td><td>Good</td></tr><tr><td style=\"white-space:nowrap\">F<a name=\"reading-ability-F\"> </a></td><td>Fair</td></tr><tr><td style=\"white-space:nowrap\">P<a name=\"reading-ability-P\"> </a></td><td>Poor</td></tr></table></div>"},"url":"https://voicecollab.ai/fhir/CodeSystem/reading-ability","version":"1.0.0","name":"ReadingAbility","title":"Reading Proficiency Levels","status":"active","date":"2023-05-15","publisher":"KinD Lab","contact":[{"name":"KinD Lab","telecom":[{"system":"url","value":"http://fhir.kindlab.sickkids.ca"}]}],"description":"A comprehensive set of codes representing different levels of reading proficiency for questionnaire respondents.","caseSensitive":true,"content":"complete","count":5,"concept":[{"code":"E","display":"Excellent"},{"code":"VG","display":"Very Good"},{"code":"G","display":"Good"},{"code":"F","display":"Fair"},{"code":"P","display":"Poor"}]}