{"resourceType":"CodeSystem","id":"neuro-consent","text":{"status":"generated","div":"<div xmlns=\"http://www.w3.org/1999/xhtml\"><p>This code system <code>https://voicecollab.ai/fhir/CodeSystem/neuro-consent</code> defines the following codes:</p><table class=\"codes\"><tr><td style=\"white-space:nowrap\"><b>Code</b></td><td><b>Display</b></td></tr><tr><td style=\"white-space:nowrap\">1<a name=\"neuro-consent-1\"> </a></td><td>I consent to having all data I submit shared only with the researchers of this study.</td></tr><tr><td style=\"white-space:nowrap\">2<a name=\"neuro-consent-2\"> </a></td><td>I consent to having all data I submit shared with the researchers of this study and to having my audio recordings and de-identified written responses shared with other qualified researchers.</td></tr><tr><td style=\"white-space:nowrap\">3<a name=\"neuro-consent-3\"> </a></td><td>I consent to having all data I submit shared with the researchers of this study and to having my audio recordings and de-identified written responses shared with other qualified researchers as well as publicly in the form of an open-source database.</td></tr></table></div>"},"url":"https://voicecollab.ai/fhir/CodeSystem/neuro-consent","version":"1.0.0","name":"NeuroConsent","title":"Questionnaire codes for neuro consent","status":"active","date":"2023-08-21","publisher":"KinD Lab","contact":[{"name":"KinD Lab","telecom":[{"system":"url","value":"http://fhir.kindlab.sickkids.ca"}]}],"description":"The codes required for neuro consent","caseSensitive":true,"content":"complete","count":3,"concept":[{"code":"1","display":"I consent to having all data I submit shared only with the researchers of this study."},{"code":"2","display":"I consent to having all data I submit shared with the researchers of this study and to having my audio recordings and de-identified written responses shared with other qualified researchers."},{"code":"3","display":"I consent to having all data I submit shared with the researchers of this study and to having my audio recordings and de-identified written responses shared with other qualified researchers as well as publicly in the form of an open-source database."}]}