{"resourceType":"CodeSystem","id":"Who-Completed-Survey","text":{"status":"generated","div":"<div xmlns=\"http://www.w3.org/1999/xhtml\"><p>This code system <code>https://voicecollab.ai/fhir/CodeSystem/Who-Completed-Survey</code> defines the following codes:</p><table class=\"codes\"><tr><td style=\"white-space:nowrap\"><b>Code</b></td><td><b>Display</b></td><td><b>Definition</b></td></tr><tr><td style=\"white-space:nowrap\">S<a name=\"Who-Completed-Survey-S\"> </a></td><td>Self</td><td>Survey was completed by self</td></tr><tr><td style=\"white-space:nowrap\">A<a name=\"Who-Completed-Survey-A\"> </a></td><td>Assistant</td><td>Survey was completed by an assistant</td></tr><tr><td style=\"white-space:nowrap\">P<a name=\"Who-Completed-Survey-P\"> </a></td><td>Parent/Caregiver</td><td>Survey was completed by a parent/cargiver</td></tr></table></div>"},"url":"https://voicecollab.ai/fhir/CodeSystem/Who-Completed-Survey","version":"1.0.0","name":"WhoCompletedSurvey","title":"Questionnaire codes","status":"active","date":"2023-05-11","publisher":"KinD Lab","contact":[{"name":"KinD Lab","telecom":[{"system":"url","value":"http://fhir.kindlab.sickkids.ca"}]}],"description":"The codes required for Questionnaires survey completion","caseSensitive":true,"content":"complete","count":3,"concept":[{"code":"S","display":"Self","definition":"Survey was completed by self"},{"code":"A","display":"Assistant","definition":"Survey was completed by an assistant"},{"code":"P","display":"Parent/Caregiver","definition":"Survey was completed by a parent/cargiver"}]}