{"resourceType":"CodeSystem","id":"child-education","text":{"status":"generated","div":"<div xmlns=\"http://www.w3.org/1999/xhtml\"><p>This code system <code>https://voicecollab.ai/fhir/CodeSystem/child-education</code> defines the following codes:</p><table class=\"codes\"><tr><td style=\"white-space:nowrap\"><b>Code</b></td><td><b>Display</b></td><td><b>Definition</b></td></tr><tr><td style=\"white-space:nowrap\">NFE<a name=\"child-education-NFE\"> </a></td><td>No Formal Education</td><td>User has no formal Education</td></tr><tr><td style=\"white-space:nowrap\">PS<a name=\"child-education-PS\"> </a></td><td>Pre-school</td><td>User's highest level of education was the Pre-school level</td></tr><tr><td style=\"white-space:nowrap\">K<a name=\"child-education-K\"> </a></td><td>Kindergarden</td><td>User's highest level of education was the Kindergarden level</td></tr><tr><td style=\"white-space:nowrap\">SE<a name=\"child-education-SE\"> </a></td><td>Some elementary school education</td><td>User's highest level of education was the Elementary level</td></tr><tr><td style=\"white-space:nowrap\">G1<a name=\"child-education-G1\"> </a></td><td>Grade 1</td><td>User's highest level of education was Grade 1</td></tr><tr><td style=\"white-space:nowrap\">G2<a name=\"child-education-G2\"> </a></td><td>Grade 2</td><td>User's highest level of education was Grade 2</td></tr><tr><td style=\"white-space:nowrap\">G3<a name=\"child-education-G3\"> </a></td><td>Grade 3</td><td>User's highest level of education was Grade 3</td></tr><tr><td style=\"white-space:nowrap\">G4<a name=\"child-education-G4\"> </a></td><td>Grade 4</td><td>User's highest level of education was Grade 4</td></tr><tr><td style=\"white-space:nowrap\">G5<a name=\"child-education-G5\"> </a></td><td>Grade 5</td><td>User's highest level of education was Grade 5</td></tr><tr><td style=\"white-space:nowrap\">G6<a name=\"child-education-G6\"> </a></td><td>Grade 6</td><td>User's highest level of education was Grade 6</td></tr><tr><td style=\"white-space:nowrap\">G7<a name=\"child-education-G7\"> </a></td><td>Grade 7</td><td>User's highest level of education was Grade 7</td></tr><tr><td style=\"white-space:nowrap\">G8<a name=\"child-education-G8\"> </a></td><td>Grade 8</td><td>User's highest level of education was Grade 8</td></tr><tr><td style=\"white-space:nowrap\">G9<a name=\"child-education-G9\"> </a></td><td>Grade 9</td><td>User's highest level of education was Grade 9</td></tr><tr><td style=\"white-space:nowrap\">G10<a name=\"child-education-G10\"> </a></td><td>Grade 10</td><td>User's highest level of education was Grade 10</td></tr><tr><td style=\"white-space:nowrap\">G11<a name=\"child-education-G11\"> </a></td><td>Grade 11</td><td>User's highest level of education was Grade 11</td></tr><tr><td style=\"white-space:nowrap\">G12<a name=\"child-education-G12\"> </a></td><td>Grade 12</td><td>User's highest level of education was Grade 12</td></tr></table></div>"},"url":"https://voicecollab.ai/fhir/CodeSystem/child-education","version":"1.0.0","name":"ChildEducation","title":"Questionnaire codes for child education","status":"active","date":"2023-05-11","publisher":"KinD Lab","contact":[{"name":"KinD Lab","telecom":[{"system":"url","value":"http://fhir.kindlab.sickkids.ca"}]}],"description":"The codes required for questionnaires","caseSensitive":true,"content":"complete","count":16,"concept":[{"code":"NFE","display":"No Formal Education","definition":"User has no formal Education"},{"code":"PS","display":"Pre-school","definition":"User's highest level of education was the Pre-school level"},{"code":"K","display":"Kindergarden","definition":"User's highest level of education was the Kindergarden level"},{"code":"SE","display":"Some elementary school education","definition":"User's highest level of education was the Elementary level"},{"code":"G1","display":"Grade 1","definition":"User's highest level of education was Grade 1"},{"code":"G2","display":"Grade 2","definition":"User's highest level of education was Grade 2"},{"code":"G3","display":"Grade 3","definition":"User's highest level of education was Grade 3"},{"code":"G4","display":"Grade 4","definition":"User's highest level of education was Grade 4"},{"code":"G5","display":"Grade 5","definition":"User's highest level of education was Grade 5"},{"code":"G6","display":"Grade 6","definition":"User's highest level of education was Grade 6"},{"code":"G7","display":"Grade 7","definition":"User's highest level of education was Grade 7"},{"code":"G8","display":"Grade 8","definition":"User's highest level of education was Grade 8"},{"code":"G9","display":"Grade 9","definition":"User's highest level of education was Grade 9"},{"code":"G10","display":"Grade 10","definition":"User's highest level of education was Grade 10"},{"code":"G11","display":"Grade 11","definition":"User's highest level of education was Grade 11"},{"code":"G12","display":"Grade 12","definition":"User's highest level of education was Grade 12"}]}