{"resourceType":"CodeSystem","id":"winograd-q2","text":{"status":"generated","div":"<div xmlns=\"http://www.w3.org/1999/xhtml\"><p>This case-sensitive code system <code>https://voicecollab.ai/fhir/CodeSystem/winograd-q2</code> defines the following codes:</p><table class=\"codes\"><tr><td style=\"white-space:nowrap\"><b>Code</b></td><td><b>Display</b></td></tr><tr><td style=\"white-space:nowrap\">F<a name=\"winograd-q2-F\"> </a></td><td>Fred</td></tr><tr><td style=\"white-space:nowrap\">G<a name=\"winograd-q2-G\"> </a></td><td>George</td></tr></table></div>"},"url":"https://voicecollab.ai/fhir/CodeSystem/winograd-q2","version":"1.5.1","name":"WinogradQ2","title":"Questionnaire codes for Winograd schema Question 2","status":"active","date":"2023-08-04","publisher":"KinD Lab","contact":[{"name":"KinD Lab","telecom":[{"system":"url","value":"http://fhir.kindlab.sickkids.ca"}]}],"description":"The codes required for Winograd Questionnaires Question 2","caseSensitive":true,"content":"complete","count":2,"concept":[{"code":"F","display":"Fred"},{"code":"G","display":"George"}]}