{"resourceType":"CodeSystem","id":"Winograd-94","text":{"status":"generated","div":"<div xmlns=\"http://www.w3.org/1999/xhtml\"><p>This case-sensitive code system <code>https://voicecollab.ai/fhir/CodeSystem/Winograd-94</code> defines the following codes:</p><table class=\"codes\"><tr><td style=\"white-space:nowrap\"><b>Code</b></td><td><b>Display</b></td></tr><tr><td style=\"white-space:nowrap\">1<a name=\"Winograd-94-1\"> </a></td><td> The fish</td></tr><tr><td style=\"white-space:nowrap\">2<a name=\"Winograd-94-2\"> </a></td><td>the scientists.</td></tr></table></div>"},"url":"https://voicecollab.ai/fhir/CodeSystem/Winograd-94","version":"1.0.0","name":"Winograd94","title":"Questionnaire codes","status":"active","date":"2023-08-28","publisher":"KinD Lab","contact":[{"name":"KinD Lab","telecom":[{"system":"url","value":"http://fhir.kindlab.sickkids.ca"}]}],"description":"The codes required for Questionnaires survey completion","caseSensitive":true,"content":"complete","count":2,"concept":[{"code":"1","display":" The fish"},{"code":"2","display":"the scientists."}]}