{"resourceType":"CodeSystem","id":"immigration-status","text":{"status":"generated","div":"<div xmlns=\"http://www.w3.org/1999/xhtml\"><p>This case-sensitive code system <code>https://voicecollab.ai/fhir/CodeSystem/immigration-status</code> defines the following codes:</p><table class=\"codes\"><tr><td style=\"white-space:nowrap\"><b>Code</b></td><td><b>Display</b></td></tr><tr><td style=\"white-space:nowrap\">C<a name=\"immigration-status-C\"> </a></td><td>Citizen</td></tr><tr><td style=\"white-space:nowrap\">PR<a name=\"immigration-status-PR\"> </a></td><td>Permanent Resident</td></tr><tr><td style=\"white-space:nowrap\">FN<a name=\"immigration-status-FN\"> </a></td><td>Foreign national</td></tr><tr><td style=\"white-space:nowrap\">R<a name=\"immigration-status-R\"> </a></td><td>Refugee</td></tr><tr><td style=\"white-space:nowrap\">AS<a name=\"immigration-status-AS\"> </a></td><td>Asylum seeker</td></tr><tr><td style=\"white-space:nowrap\">NIS<a name=\"immigration-status-NIS\"> </a></td><td>Non-immigrant student</td></tr><tr><td style=\"white-space:nowrap\">NIW<a name=\"immigration-status-NIW\"> </a></td><td>Non-immigrant worker</td></tr><tr><td style=\"white-space:nowrap\">PNTA<a name=\"immigration-status-PNTA\"> </a></td><td>Prefer not to answer</td></tr></table></div>"},"url":"https://voicecollab.ai/fhir/CodeSystem/immigration-status","version":"1.5.1","name":"ImmigrationStatus","title":"Immigration Status Classification Codes","status":"active","date":"2023-05-11","publisher":"KinD Lab","contact":[{"name":"KinD Lab","telecom":[{"system":"url","value":"http://fhir.kindlab.sickkids.ca"}]}],"description":"A comprehensive set of codes representing different immigration statuses.","caseSensitive":true,"content":"complete","count":8,"concept":[{"code":"C","display":"Citizen"},{"code":"PR","display":"Permanent Resident"},{"code":"FN","display":"Foreign national"},{"code":"R","display":"Refugee"},{"code":"AS","display":"Asylum seeker"},{"code":"NIS","display":"Non-immigrant student"},{"code":"NIW","display":"Non-immigrant worker"},{"code":"PNTA","display":"Prefer not to answer"}]}