{"resourceType":"CodeSystem","id":"sweat","text":{"status":"generated","div":"<div xmlns=\"http://www.w3.org/1999/xhtml\"><p>This code system <code>https://voicecollab.ai/fhir/CodeSystem/sweat</code> defines the following codes:</p><table class=\"codes\"><tr><td style=\"white-space:nowrap\"><b>Code</b></td><td><b>Display</b></td></tr><tr><td style=\"white-space:nowrap\">N<a name=\"sweat-N\"> </a></td><td>Almost Never</td></tr><tr><td style=\"white-space:nowrap\">S<a name=\"sweat-S\"> </a></td><td>Sometimes</td></tr><tr><td style=\"white-space:nowrap\">O<a name=\"sweat-O\"> </a></td><td>Often</td></tr><tr><td style=\"white-space:nowrap\">A<a name=\"sweat-A\"> </a></td><td>Always</td></tr></table></div>"},"url":"https://voicecollab.ai/fhir/CodeSystem/sweat","version":"0.1.0","name":"Sweat","title":"Questionnaire sweat codes","status":"active","date":"2023-05-15","publisher":"KinD Lab","contact":[{"name":"KinD Lab","telecom":[{"system":"url","value":"http://fhir.kindlab.sickkids.ca"}]}],"description":"The codes required for Questionnaire Cofounders","caseSensitive":true,"content":"complete","count":4,"concept":[{"code":"N","display":"Almost Never"},{"code":"S","display":"Sometimes"},{"code":"O","display":"Often"},{"code":"A","display":"Always"}]}