{"resourceType":"CodeSystem","id":"perspiration-frequency","text":{"status":"generated","div":"<div xmlns=\"http://www.w3.org/1999/xhtml\"><p>This case-sensitive code system <code>https://voicecollab.ai/fhir/CodeSystem/perspiration-frequency</code> defines the following codes:</p><table class=\"codes\"><tr><td style=\"white-space:nowrap\"><b>Code</b></td><td><b>Display</b></td></tr><tr><td style=\"white-space:nowrap\">N<a name=\"perspiration-frequency-N\"> </a></td><td>Almost Never</td></tr><tr><td style=\"white-space:nowrap\">S<a name=\"perspiration-frequency-S\"> </a></td><td>Sometimes</td></tr><tr><td style=\"white-space:nowrap\">O<a name=\"perspiration-frequency-O\"> </a></td><td>Often</td></tr><tr><td style=\"white-space:nowrap\">A<a name=\"perspiration-frequency-A\"> </a></td><td>Always</td></tr></table></div>"},"url":"https://voicecollab.ai/fhir/CodeSystem/perspiration-frequency","version":"1.4.0","name":"PerspirationFrequency","title":"Perspiration Frequency Codes for Questionnaires","status":"active","date":"2023-05-15","publisher":"KinD Lab","contact":[{"name":"KinD Lab","telecom":[{"system":"url","value":"http://fhir.kindlab.sickkids.ca"}]}],"description":"This code system includes specific codes for indicating the frequency of perspiration in questionnaire responses.","caseSensitive":true,"content":"complete","count":4,"concept":[{"code":"N","display":"Almost Never"},{"code":"S","display":"Sometimes"},{"code":"O","display":"Often"},{"code":"A","display":"Always"}]}