{"resourceType":"CodeSystem","id":"drink-number","text":{"status":"generated","div":"<div xmlns=\"http://www.w3.org/1999/xhtml\"><p>This code system <code>https://voicecollab.ai/fhir/CodeSystem/drink-number</code> defines the following codes:</p><table class=\"codes\"><tr><td style=\"white-space:nowrap\"><b>Code</b></td><td><b>Display</b></td></tr><tr><td style=\"white-space:nowrap\">TF<a name=\"drink-number-TF\"> </a></td><td>3 to 4</td></tr><tr><td style=\"white-space:nowrap\">FS<a name=\"drink-number-FS\"> </a></td><td>5 to 6</td></tr><tr><td style=\"white-space:nowrap\">SN<a name=\"drink-number-SN\"> </a></td><td>7 to 9</td></tr><tr><td style=\"white-space:nowrap\">TM<a name=\"drink-number-TM\"> </a></td><td>10 to more</td></tr></table></div>"},"url":"https://voicecollab.ai/fhir/CodeSystem/drink-number","version":"1.0.0","name":"DrinkNumber","title":"Questionnaire alchohol number codes","status":"active","date":"2023-05-15","publisher":"KinD Lab","contact":[{"name":"KinD Lab","telecom":[{"system":"url","value":"http://fhir.kindlab.sickkids.ca"}]}],"description":"The codes required for Questionnaire confounders","caseSensitive":true,"content":"complete","count":4,"concept":[{"code":"TF","display":"3 to 4"},{"code":"FS","display":"5 to 6"},{"code":"SN","display":"7 to 9"},{"code":"TM","display":"10 to more"}]}