{"resourceType":"CodeSystem","id":"peds-reason-to-decline","text":{"status":"generated","div":"<div xmlns=\"http://www.w3.org/1999/xhtml\"><p>This code system <code>https://voicecollab.ai/fhir/CodeSystem/peds-reason-to-decline</code> defines the following codes:</p><table class=\"codes\"><tr><td style=\"white-space:nowrap\"><b>Code</b></td><td><b>Display</b></td></tr><tr><td style=\"white-space:nowrap\">1<a name=\"peds-reason-to-decline-1\"> </a></td><td>I am not interested in having my child’s voice recorded</td></tr><tr><td style=\"white-space:nowrap\">2<a name=\"peds-reason-to-decline-2\"> </a></td><td>My child will not tolerate voice recording</td></tr><tr><td style=\"white-space:nowrap\">3<a name=\"peds-reason-to-decline-3\"> </a></td><td>Is do not have enough time today and want to be contacted later</td></tr><tr><td style=\"white-space:nowrap\">4<a name=\"peds-reason-to-decline-4\"> </a></td><td>I do not have enough time and do NOT want to be contacted later</td></tr><tr><td style=\"white-space:nowrap\">5<a name=\"peds-reason-to-decline-5\"> </a></td><td>I prefer not to share any health information for research</td></tr><tr><td style=\"white-space:nowrap\">6<a name=\"peds-reason-to-decline-6\"> </a></td><td>Other, Please Specify</td></tr></table></div>"},"url":"https://voicecollab.ai/fhir/CodeSystem/peds-reason-to-decline","version":"1.0.0","name":"PedsReasonToDecline","title":"Questionnaire codes for peds reason to decline","status":"active","date":"2023-08-02","publisher":"KinD Lab","contact":[{"name":"KinD Lab","telecom":[{"system":"url","value":"http://fhir.kindlab.sickkids.ca"}]}],"description":"The codes required for Questionnaires","caseSensitive":true,"content":"complete","count":6,"concept":[{"code":"1","display":"I am not interested in having my child’s voice recorded"},{"code":"2","display":"My child will not tolerate voice recording"},{"code":"3","display":"Is do not have enough time today and want to be contacted later"},{"code":"4","display":"I do not have enough time and do NOT want to be contacted later"},{"code":"5","display":"I prefer not to share any health information for research"},{"code":"6","display":"Other, Please Specify"}]}