{"resourceType":"CodeSystem","id":"marital-status","text":{"status":"generated","div":"<div xmlns=\"http://www.w3.org/1999/xhtml\"><p>This case-sensitive code system <code>https://voicecollab.ai/fhir/CodeSystem/marital-status</code> defines the following codes:</p><table class=\"codes\"><tr><td style=\"white-space:nowrap\"><b>Code</b></td><td><b>Display</b></td></tr><tr><td style=\"white-space:nowrap\">D<a name=\"marital-status-D\"> </a></td><td>Divorced</td></tr><tr><td style=\"white-space:nowrap\">RL<a name=\"marital-status-RL\"> </a></td><td>In a relationship, not married, living with partner (Domestic Partner)</td></tr><tr><td style=\"white-space:nowrap\">RNL<a name=\"marital-status-RNL\"> </a></td><td>In a relationship, not married, not living with partner</td></tr><tr><td style=\"white-space:nowrap\">M<a name=\"marital-status-M\"> </a></td><td>Married</td></tr><tr><td style=\"white-space:nowrap\">SD<a name=\"marital-status-SD\"> </a></td><td>Legally Separated</td></tr><tr><td style=\"white-space:nowrap\">S<a name=\"marital-status-S\"> </a></td><td>Never Married</td></tr><tr><td style=\"white-space:nowrap\">W<a name=\"marital-status-W\"> </a></td><td>Widowed</td></tr><tr><td style=\"white-space:nowrap\">A<a name=\"marital-status-A\"> </a></td><td>Annuled</td></tr><tr><td style=\"white-space:nowrap\">I<a name=\"marital-status-I\"> </a></td><td>Interlocutory</td></tr><tr><td style=\"white-space:nowrap\">P<a name=\"marital-status-P\"> </a></td><td>Polygamous</td></tr></table></div>"},"url":"https://voicecollab.ai/fhir/CodeSystem/marital-status","version":"1.5.1","name":"MaritalStatus","title":"Marital Status Classification Codes","status":"active","date":"2023-05-11","publisher":"KinD Lab","contact":[{"name":"KinD Lab","telecom":[{"system":"url","value":"http://fhir.kindlab.sickkids.ca"}]}],"description":"A comprehensive set of codes representing different marital statuses for use in questionnaires.","caseSensitive":true,"content":"complete","count":10,"concept":[{"code":"D","display":"Divorced"},{"code":"RL","display":"In a relationship, not married, living with partner (Domestic Partner)"},{"code":"RNL","display":"In a relationship, not married, not living with partner"},{"code":"M","display":"Married"},{"code":"SD","display":"Legally Separated"},{"code":"S","display":"Never Married"},{"code":"W","display":"Widowed"},{"code":"A","display":"Annuled"},{"code":"I","display":"Interlocutory"},{"code":"P","display":"Polygamous"}]}