{"resourceType":"CodeSystem","id":"financial-assistance","text":{"status":"generated","div":"<div xmlns=\"http://www.w3.org/1999/xhtml\"><p>This case-sensitive code system <code>https://voicecollab.ai/fhir/CodeSystem/financial-assistance</code> defines the following codes:</p><table class=\"codes\"><tr><td style=\"white-space:nowrap\"><b>Code</b></td><td><b>Display</b></td></tr><tr><td style=\"white-space:nowrap\">SSI<a name=\"financial-assistance-SSI\"> </a></td><td>Supplemental Security Income (SSI)</td></tr><tr><td style=\"white-space:nowrap\">SNAP<a name=\"financial-assistance-SNAP\"> </a></td><td>Supplemental Nutrition Assistance Program (SNAP)</td></tr><tr><td style=\"white-space:nowrap\">WIC<a name=\"financial-assistance-WIC\"> </a></td><td>Special Supplemental Nutrition Program for Women, Infants, and Children (WIC)</td></tr><tr><td style=\"white-space:nowrap\">TANFGA<a name=\"financial-assistance-TANFGA\"> </a></td><td>Temporary Assistance for Needy Families (TANF), including Pass through Child Support General Assistance (GA) </td></tr></table></div>"},"url":"https://voicecollab.ai/fhir/CodeSystem/financial-assistance","version":"1.0.0","name":"FinancialAssistance","title":"Financial Aid Programs Questionnaire Codes","status":"active","date":"2023-05-11","publisher":"KinD Lab","contact":[{"name":"KinD Lab","telecom":[{"system":"url","value":"http://fhir.kindlab.sickkids.ca"}]}],"description":"Existence of a financial aid program.","caseSensitive":true,"content":"complete","count":4,"concept":[{"code":"SSI","display":"Supplemental Security Income (SSI)"},{"code":"SNAP","display":"Supplemental Nutrition Assistance Program (SNAP)"},{"code":"WIC","display":"Special Supplemental Nutrition Program for Women, Infants, and Children (WIC)"},{"code":"TANFGA","display":"Temporary Assistance for Needy Families (TANF), including Pass through Child Support General Assistance (GA) "}]}