{"resourceType":"CodeSystem","id":"gender-identity","text":{"status":"generated","div":"<div xmlns=\"http://www.w3.org/1999/xhtml\"><p>This case-sensitive code system <code>https://voicecollab.ai/fhir/CodeSystem/gender-identity</code> defines the following codes:</p><table class=\"codes\"><tr><td style=\"white-space:nowrap\"><b>Code</b></td><td><b>Display</b></td><td><b>Definition</b></td></tr><tr><td style=\"white-space:nowrap\">CM<a name=\"gender-identity-CM\"> </a></td><td>Cis Man</td><td>Identifies as a cisgender man.</td></tr><tr><td style=\"white-space:nowrap\">CF<a name=\"gender-identity-CF\"> </a></td><td>Cis Woman</td><td>Identifies as a cisgender woman.</td></tr><tr><td style=\"white-space:nowrap\">TM<a name=\"gender-identity-TM\"> </a></td><td>Transgender male/Transman/Female-to-male</td><td>Identifies as a transgender male, transman, or female-to-male.</td></tr><tr><td style=\"white-space:nowrap\">TF<a name=\"gender-identity-TF\"> </a></td><td>Transgender female/Transwoman/Male-tofemale</td><td>Identifies as a transgender female, transwoman, or male-to-female.</td></tr><tr><td style=\"white-space:nowrap\">GQ<a name=\"gender-identity-GQ\"> </a></td><td>Genderqueer/Non-binary</td><td>Identifies as genderqueer or non-binary.</td></tr><tr><td style=\"white-space:nowrap\">DC<a name=\"gender-identity-DC\"> </a></td><td>Decline to Answer</td><td>Chose not to disclose gender identity.</td></tr><tr><td style=\"white-space:nowrap\">UN<a name=\"gender-identity-UN\"> </a></td><td>Unknown</td><td>Gender identity is not known.</td></tr></table></div>"},"url":"https://voicecollab.ai/fhir/CodeSystem/gender-identity","version":"1.5.1","name":"GenderIdentity","title":"Comprehensive Gender Identity Codes","status":"active","date":"2023-05-11","publisher":"KinD Lab","contact":[{"name":"KinD Lab","telecom":[{"system":"url","value":"http://fhir.kindlab.sickkids.ca"}]}],"description":"This code system provides a comprehensive list of gender identity codes for use in demographic questionnaires.","caseSensitive":true,"content":"complete","count":7,"concept":[{"code":"CM","display":"Cis Man","definition":"Identifies as a cisgender man."},{"code":"CF","display":"Cis Woman","definition":"Identifies as a cisgender woman."},{"code":"TM","display":"Transgender male/Transman/Female-to-male","definition":"Identifies as a transgender male, transman, or female-to-male."},{"code":"TF","display":"Transgender female/Transwoman/Male-tofemale","definition":"Identifies as a transgender female, transwoman, or male-to-female."},{"code":"GQ","display":"Genderqueer/Non-binary","definition":"Identifies as genderqueer or non-binary."},{"code":"DC","display":"Decline to Answer","definition":"Chose not to disclose gender identity."},{"code":"UN","display":"Unknown","definition":"Gender identity is not known."}]}