{"resourceType":"CodeSystem","id":"iatrogenic","text":{"status":"generated","div":"<div xmlns=\"http://www.w3.org/1999/xhtml\"><p>This case-sensitive code system <code>https://voicecollab.ai/fhir/CodeSystem/iatrogenic</code> defines the following codes:</p><table class=\"codes\"><tr><td style=\"white-space:nowrap\"><b>Code</b></td><td><b>Display</b></td></tr><tr><td style=\"white-space:nowrap\">1<a name=\"iatrogenic-1\"> </a></td><td>Thyroidectomy</td></tr><tr><td style=\"white-space:nowrap\">2<a name=\"iatrogenic-2\"> </a></td><td>ACDF</td></tr><tr><td style=\"white-space:nowrap\">3<a name=\"iatrogenic-3\"> </a></td><td>Lung surgery</td></tr><tr><td style=\"white-space:nowrap\">4<a name=\"iatrogenic-4\"> </a></td><td>Heart Surgery</td></tr><tr><td style=\"white-space:nowrap\">5<a name=\"iatrogenic-5\"> </a></td><td>Intubation</td></tr><tr><td style=\"white-space:nowrap\">6<a name=\"iatrogenic-6\"> </a></td><td>Brain Surgery</td></tr></table></div>"},"url":"https://voicecollab.ai/fhir/CodeSystem/iatrogenic","version":"1.0.0","name":"Iatrogenic","title":"iatrogenic","status":"active","date":"2023-06-19","publisher":"KinD Lab","contact":[{"name":"KinD Lab","telecom":[{"system":"url","value":"http://fhir.kindlab.sickkids.ca"}]}],"description":"The codes required for Diagnosis questionnaire","caseSensitive":true,"content":"complete","count":6,"concept":[{"code":"1","display":"Thyroidectomy"},{"code":"2","display":"ACDF"},{"code":"3","display":"Lung surgery"},{"code":"4","display":"Heart Surgery"},{"code":"5","display":"Intubation"},{"code":"6","display":"Brain Surgery"}]}