{"resourceType":"ImplementationGuide","id":"kindlab.fhir.vbai","text":{"status":"extensions","div":"<div xmlns=\"http://www.w3.org/1999/xhtml\"><h2>VoiceaBiomarkerforAI</h2><p>The official URL for this implementation guide is: </p><pre>https://voicecollab.ai/fhir/ImplementationGuide/kindlab.fhir.vbai</pre><div><p>Implementation Guide for Voice Biomarker for AI FHIR Profiles</p>\n</div></div>"},"url":"https://voicecollab.ai/fhir/ImplementationGuide/kindlab.fhir.vbai","version":"0.1.0","name":"VoiceaBiomarkerforAI","status":"draft","date":"2023-05-26T16:04:32-04:00","publisher":"KinD Lab","contact":[{"name":"KinD Lab","telecom":[{"system":"url","value":"http://fhir.kindlab.sickkids.ca"}]}],"description":"Implementation Guide for Voice Biomarker for AI FHIR Profiles","packageId":"kindlab.fhir.vbai","license":"CC0-1.0","fhirVersion":["4.0.1"],"dependsOn":[{"id":"hl7tx","extension":[{"url":"http://hl7.org/fhir/tools/StructureDefinition/implementationguide-dependency-comment","valueMarkdown":"Automatically added as a dependency - all IGs depend on HL7 Terminology"}],"uri":"http://terminology.hl7.org/ImplementationGuide/hl7.terminology","packageId":"hl7.terminology.r4","version":"5.0.0"},{"id":"hl7_fhir_us_core","uri":"http://hl7.org/fhir/us/core/ImplementationGuide/hl7.fhir.us.core","packageId":"hl7.fhir.us.core","version":"5.0.1"}],"definition":{"extension":[{"extension":[{"url":"code","valueString":"copyrightyear"},{"url":"value","valueString":"2022+"}],"url":"http://hl7.org/fhir/tools/StructureDefinition/ig-parameter"},{"extension":[{"url":"code","valueString":"releaselabel"},{"url":"value","valueString":"ci-build"}],"url":"http://hl7.org/fhir/tools/StructureDefinition/ig-parameter"},{"extension":[{"url":"code","valueString":"autoload-resources"},{"url":"value","valueString":"true"}],"url":"http://hl7.org/fhir/tools/StructureDefinition/ig-parameter"},{"extension":[{"url":"code","valueString":"path-liquid"},{"url":"value","valueString":"template/liquid"}],"url":"http://hl7.org/fhir/tools/StructureDefinition/ig-parameter"},{"extension":[{"url":"code","valueString":"path-liquid"},{"url":"value","valueString":"input/liquid"}],"url":"http://hl7.org/fhir/tools/StructureDefinition/ig-parameter"},{"extension":[{"url":"code","valueString":"path-qa"},{"url":"value","valueString":"temp/qa"}],"url":"http://hl7.org/fhir/tools/StructureDefinition/ig-parameter"},{"extension":[{"url":"code","valueString":"path-temp"},{"url":"value","valueString":"temp/pages"}],"url":"http://hl7.org/fhir/tools/StructureDefinition/ig-parameter"},{"extension":[{"url":"code","valueString":"path-output"},{"url":"value","valueString":"output"}],"url":"http://hl7.org/fhir/tools/StructureDefinition/ig-parameter"},{"extension":[{"url":"code","valueString":"path-suppressed-warnings"},{"url":"value","valueString":"input/ignoreWarnings.txt"}],"url":"http://hl7.org/fhir/tools/StructureDefinition/ig-parameter"},{"extension":[{"url":"code","valueString":"path-history"},{"url":"value","valueString":"https://voicecollab.ai/fhir/history.html"}],"url":"http://hl7.org/fhir/tools/StructureDefinition/ig-parameter"},{"extension":[{"url":"code","valueString":"template-html"},{"url":"value","valueString":"template-page.html"}],"url":"http://hl7.org/fhir/tools/StructureDefinition/ig-parameter"},{"extension":[{"url":"code","valueString":"template-md"},{"url":"value","valueString":"template-page-md.html"}],"url":"http://hl7.org/fhir/tools/StructureDefinition/ig-parameter"},{"extension":[{"url":"code","valueString":"apply-contact"},{"url":"value","valueString":"true"}],"url":"http://hl7.org/fhir/tools/StructureDefinition/ig-parameter"},{"extension":[{"url":"code","valueString":"apply-context"},{"url":"value","valueString":"true"}],"url":"http://hl7.org/fhir/tools/StructureDefinition/ig-parameter"},{"extension":[{"url":"code","valueString":"apply-copyright"},{"url":"value","valueString":"true"}],"url":"http://hl7.org/fhir/tools/StructureDefinition/ig-parameter"},{"extension":[{"url":"code","valueString":"apply-jurisdiction"},{"url":"value","valueString":"true"}],"url":"http://hl7.org/fhir/tools/StructureDefinition/ig-parameter"},{"extension":[{"url":"code","valueString":"apply-license"},{"url":"value","valueString":"true"}],"url":"http://hl7.org/fhir/tools/StructureDefinition/ig-parameter"},{"extension":[{"url":"code","valueString":"apply-publisher"},{"url":"value","valueString":"true"}],"url":"http://hl7.org/fhir/tools/StructureDefinition/ig-parameter"},{"extension":[{"url":"code","valueString":"apply-version"},{"url":"value","valueString":"true"}],"url":"http://hl7.org/fhir/tools/StructureDefinition/ig-parameter"},{"extension":[{"url":"code","valueString":"active-tables"},{"url":"value","valueString":"true"}],"url":"http://hl7.org/fhir/tools/StructureDefinition/ig-parameter"},{"extension":[{"url":"code","valueString":"fmm-definition"},{"url":"value","valueString":"http://hl7.org/fhir/versions.html#maturity"}],"url":"http://hl7.org/fhir/tools/StructureDefinition/ig-parameter"},{"extension":[{"url":"code","valueString":"propagate-status"},{"url":"value","valueString":"true"}],"url":"http://hl7.org/fhir/tools/StructureDefinition/ig-parameter"},{"extension":[{"url":"code","valueString":"excludelogbinaryformat"},{"url":"value","valueString":"true"}],"url":"http://hl7.org/fhir/tools/StructureDefinition/ig-parameter"},{"extension":[{"url":"code","valueString":"tabbed-snapshots"},{"url":"value","valueString":"true"}],"url":"http://hl7.org/fhir/tools/StructureDefinition/ig-parameter"},{"url":"http://hl7.org/fhir/tools/StructureDefinition/ig-internal-dependency","valueCode":"hl7.fhir.uv.tools#current"},{"extension":[{"url":"code","valueCode":"copyrightyear"},{"url":"value","valueString":"2022+"}],"url":"http://hl7.org/fhir/tools/StructureDefinition/ig-parameter"},{"extension":[{"url":"code","valueCode":"releaselabel"},{"url":"value","valueString":"ci-build"}],"url":"http://hl7.org/fhir/tools/StructureDefinition/ig-parameter"},{"extension":[{"url":"code","valueCode":"autoload-resources"},{"url":"value","valueString":"true"}],"url":"http://hl7.org/fhir/tools/StructureDefinition/ig-parameter"},{"extension":[{"url":"code","valueCode":"path-liquid"},{"url":"value","valueString":"template/liquid"}],"url":"http://hl7.org/fhir/tools/StructureDefinition/ig-parameter"},{"extension":[{"url":"code","valueCode":"path-liquid"},{"url":"value","valueString":"input/liquid"}],"url":"http://hl7.org/fhir/tools/StructureDefinition/ig-parameter"},{"extension":[{"url":"code","valueCode":"path-qa"},{"url":"value","valueString":"temp/qa"}],"url":"http://hl7.org/fhir/tools/StructureDefinition/ig-parameter"},{"extension":[{"url":"code","valueCode":"path-temp"},{"url":"value","valueString":"temp/pages"}],"url":"http://hl7.org/fhir/tools/StructureDefinition/ig-parameter"},{"extension":[{"url":"code","valueCode":"path-output"},{"url":"value","valueString":"output"}],"url":"http://hl7.org/fhir/tools/StructureDefinition/ig-parameter"},{"extension":[{"url":"code","valueCode":"path-suppressed-warnings"},{"url":"value","valueString":"input/ignoreWarnings.txt"}],"url":"http://hl7.org/fhir/tools/StructureDefinition/ig-parameter"},{"extension":[{"url":"code","valueCode":"path-history"},{"url":"value","valueString":"https://voicecollab.ai/fhir/history.html"}],"url":"http://hl7.org/fhir/tools/StructureDefinition/ig-parameter"},{"extension":[{"url":"code","valueCode":"template-html"},{"url":"value","valueString":"template-page.html"}],"url":"http://hl7.org/fhir/tools/StructureDefinition/ig-parameter"},{"extension":[{"url":"code","valueCode":"template-md"},{"url":"value","valueString":"template-page-md.html"}],"url":"http://hl7.org/fhir/tools/StructureDefinition/ig-parameter"},{"extension":[{"url":"code","valueCode":"apply-contact"},{"url":"value","valueString":"true"}],"url":"http://hl7.org/fhir/tools/StructureDefinition/ig-parameter"},{"extension":[{"url":"code","valueCode":"apply-context"},{"url":"value","valueString":"true"}],"url":"http://hl7.org/fhir/tools/StructureDefinition/ig-parameter"},{"extension":[{"url":"code","valueCode":"apply-copyright"},{"url":"value","valueString":"true"}],"url":"http://hl7.org/fhir/tools/StructureDefinition/ig-parameter"},{"extension":[{"url":"code","valueCode":"apply-jurisdiction"},{"url":"value","valueString":"true"}],"url":"http://hl7.org/fhir/tools/StructureDefinition/ig-parameter"},{"extension":[{"url":"code","valueCode":"apply-license"},{"url":"value","valueString":"true"}],"url":"http://hl7.org/fhir/tools/StructureDefinition/ig-parameter"},{"extension":[{"url":"code","valueCode":"apply-publisher"},{"url":"value","valueString":"true"}],"url":"http://hl7.org/fhir/tools/StructureDefinition/ig-parameter"},{"extension":[{"url":"code","valueCode":"apply-version"},{"url":"value","valueString":"true"}],"url":"http://hl7.org/fhir/tools/StructureDefinition/ig-parameter"},{"extension":[{"url":"code","valueCode":"active-tables"},{"url":"value","valueString":"true"}],"url":"http://hl7.org/fhir/tools/StructureDefinition/ig-parameter"},{"extension":[{"url":"code","valueCode":"fmm-definition"},{"url":"value","valueString":"http://hl7.org/fhir/versions.html#maturity"}],"url":"http://hl7.org/fhir/tools/StructureDefinition/ig-parameter"},{"extension":[{"url":"code","valueCode":"propagate-status"},{"url":"value","valueString":"true"}],"url":"http://hl7.org/fhir/tools/StructureDefinition/ig-parameter"},{"extension":[{"url":"code","valueCode":"excludelogbinaryformat"},{"url":"value","valueString":"true"}],"url":"http://hl7.org/fhir/tools/StructureDefinition/ig-parameter"},{"extension":[{"url":"code","valueCode":"tabbed-snapshots"},{"url":"value","valueString":"true"}],"url":"http://hl7.org/fhir/tools/StructureDefinition/ig-parameter"},{"extension":[{"url":"code","valueCode":"copyrightyear"},{"url":"value","valueString":"2022+"}],"url":"http://hl7.org/fhir/tools/StructureDefinition/ig-parameter"},{"extension":[{"url":"code","valueCode":"releaselabel"},{"url":"value","valueString":"ci-build"}],"url":"http://hl7.org/fhir/tools/StructureDefinition/ig-parameter"},{"extension":[{"url":"code","valueCode":"autoload-resources"},{"url":"value","valueString":"true"}],"url":"http://hl7.org/fhir/tools/StructureDefinition/ig-parameter"},{"extension":[{"url":"code","valueCode":"path-liquid"},{"url":"value","valueString":"template/liquid"}],"url":"http://hl7.org/fhir/tools/StructureDefinition/ig-parameter"},{"extension":[{"url":"code","valueCode":"path-liquid"},{"url":"value","valueString":"input/liquid"}],"url":"http://hl7.org/fhir/tools/StructureDefinition/ig-parameter"},{"extension":[{"url":"code","valueCode":"path-qa"},{"url":"value","valueString":"temp/qa"}],"url":"http://hl7.org/fhir/tools/StructureDefinition/ig-parameter"},{"extension":[{"url":"code","valueCode":"path-temp"},{"url":"value","valueString":"temp/pages"}],"url":"http://hl7.org/fhir/tools/StructureDefinition/ig-parameter"},{"extension":[{"url":"code","valueCode":"path-output"},{"url":"value","valueString":"output"}],"url":"http://hl7.org/fhir/tools/StructureDefinition/ig-parameter"},{"extension":[{"url":"code","valueCode":"path-suppressed-warnings"},{"url":"value","valueString":"input/ignoreWarnings.txt"}],"url":"http://hl7.org/fhir/tools/StructureDefinition/ig-parameter"},{"extension":[{"url":"code","valueCode":"path-history"},{"url":"value","valueString":"https://voicecollab.ai/fhir/history.html"}],"url":"http://hl7.org/fhir/tools/StructureDefinition/ig-parameter"},{"extension":[{"url":"code","valueCode":"template-html"},{"url":"value","valueString":"template-page.html"}],"url":"http://hl7.org/fhir/tools/StructureDefinition/ig-parameter"},{"extension":[{"url":"code","valueCode":"template-md"},{"url":"value","valueString":"template-page-md.html"}],"url":"http://hl7.org/fhir/tools/StructureDefinition/ig-parameter"},{"extension":[{"url":"code","valueCode":"apply-contact"},{"url":"value","valueString":"true"}],"url":"http://hl7.org/fhir/tools/StructureDefinition/ig-parameter"},{"extension":[{"url":"code","valueCode":"apply-context"},{"url":"value","valueString":"true"}],"url":"http://hl7.org/fhir/tools/StructureDefinition/ig-parameter"},{"extension":[{"url":"code","valueCode":"apply-copyright"},{"url":"value","valueString":"true"}],"url":"http://hl7.org/fhir/tools/StructureDefinition/ig-parameter"},{"extension":[{"url":"code","valueCode":"apply-jurisdiction"},{"url":"value","valueString":"true"}],"url":"http://hl7.org/fhir/tools/StructureDefinition/ig-parameter"},{"extension":[{"url":"code","valueCode":"apply-license"},{"url":"value","valueString":"true"}],"url":"http://hl7.org/fhir/tools/StructureDefinition/ig-parameter"},{"extension":[{"url":"code","valueCode":"apply-publisher"},{"url":"value","valueString":"true"}],"url":"http://hl7.org/fhir/tools/StructureDefinition/ig-parameter"},{"extension":[{"url":"code","valueCode":"apply-version"},{"url":"value","valueString":"true"}],"url":"http://hl7.org/fhir/tools/StructureDefinition/ig-parameter"},{"extension":[{"url":"code","valueCode":"active-tables"},{"url":"value","valueString":"true"}],"url":"http://hl7.org/fhir/tools/StructureDefinition/ig-parameter"},{"extension":[{"url":"code","valueCode":"fmm-definition"},{"url":"value","valueString":"http://hl7.org/fhir/versions.html#maturity"}],"url":"http://hl7.org/fhir/tools/StructureDefinition/ig-parameter"},{"extension":[{"url":"code","valueCode":"propagate-status"},{"url":"value","valueString":"true"}],"url":"http://hl7.org/fhir/tools/StructureDefinition/ig-parameter"},{"extension":[{"url":"code","valueCode":"excludelogbinaryformat"},{"url":"value","valueString":"true"}],"url":"http://hl7.org/fhir/tools/StructureDefinition/ig-parameter"},{"extension":[{"url":"code","valueCode":"tabbed-snapshots"},{"url":"value","valueString":"true"}],"url":"http://hl7.org/fhir/tools/StructureDefinition/ig-parameter"}],"grouping":[{"id":"-str-profile","name":"Structures: Resource Profiles","description":"These define constraints on FHIR resources for systems conforming to this implementation guide."},{"id":"-term-valueset","name":"Terminology: Value Sets","description":"These define sets of codes used by systems conforming to this implementation guide."},{"id":"-term-codesystem","name":"Terminology: Code Systems","description":"These define new code systems used by systems conforming to this implementation guide."},{"id":"-ex-example","name":"Example: Example Instances","description":"These are example instances that show what data produced and consumed by systems conforming with this implementation guide might look like."}],"resource":[{"extension":[{"url":"http://hl7.org/fhir/StructureDefinition/implementationguide-page","valueUri":"StructureDefinition-vbai-body-height.html"}],"reference":{"reference":"StructureDefinition/vbai-body-height"},"name":"VBAI Body Height","description":"An observation profile based on US Core Body Height Profile","exampleBoolean":false,"groupingId":"-str-profile"},{"extension":[{"url":"http://hl7.org/fhir/StructureDefinition/implementationguide-page","valueUri":"StructureDefinition-vbai-body-weight.html"}],"reference":{"reference":"StructureDefinition/vbai-body-weight"},"name":"VBAI Body Weight","description":"An observation profile based on US Core Body Weight Profile.","exampleBoolean":false,"groupingId":"-str-profile"},{"extension":[{"url":"http://hl7.org/fhir/StructureDefinition/implementationguide-page","valueUri":"StructureDefinition-vbai-condition.html"}],"reference":{"reference":"StructureDefinition/vbai-condition"},"name":"VBAI Condition","description":"A condition profile based on US Core Condition Encounter Diagnosis.","exampleBoolean":false,"groupingId":"-str-profile"},{"extension":[{"url":"http://hl7.org/fhir/StructureDefinition/implementationguide-page","valueUri":"StructureDefinition-vbai-consent.html"}],"reference":{"reference":"StructureDefinition/vbai-consent"},"name":"VBAI Consent","description":"A consent profile based on the base Consent resource","exampleBoolean":false,"groupingId":"-str-profile"},{"extension":[{"url":"http://hl7.org/fhir/StructureDefinition/implementationguide-page","valueUri":"StructureDefinition-vbai-encounter.html"}],"reference":{"reference":"StructureDefinition/vbai-encounter"},"name":"VBAI Encounter","description":"An encounter profile based on US Core Encounter.","exampleBoolean":false,"groupingId":"-str-profile"},{"extension":[{"url":"http://hl7.org/fhir/StructureDefinition/implementationguide-page","valueUri":"StructureDefinition-vbai-imaging-media.html"}],"reference":{"reference":"StructureDefinition/vbai-imaging-media"},"name":"VBAI Imaging Media","description":"A imaging media profile based on the base Media resource.","exampleBoolean":false,"groupingId":"-str-profile"},{"extension":[{"url":"http://hl7.org/fhir/StructureDefinition/implementationguide-page","valueUri":"StructureDefinition-vbai-imaging-study.html"}],"reference":{"reference":"StructureDefinition/vbai-imaging-study"},"name":"VBAI Imaging Study","description":"An imaging study profile based on the base ImagingStudy resource.","exampleBoolean":false,"groupingId":"-str-profile"},{"extension":[{"url":"http://hl7.org/fhir/StructureDefinition/implementationguide-page","valueUri":"StructureDefinition-vbai-patient.html"}],"reference":{"reference":"StructureDefinition/vbai-patient"},"name":"VBAI Patient","description":"A patient profile based on US Core Patient","exampleBoolean":false,"groupingId":"-str-profile"},{"extension":[{"url":"http://hl7.org/fhir/StructureDefinition/implementationguide-page","valueUri":"StructureDefinition-vbai-plan-definition.html"}],"reference":{"reference":"StructureDefinition/vbai-plan-definition"},"name":"Vbai Plan Definition","description":"An PlanDefinition profile based on the base PlanDefinition resource.","exampleBoolean":false,"groupingId":"-str-profile"},{"extension":[{"url":"http://hl7.org/fhir/StructureDefinition/implementationguide-page","valueUri":"StructureDefinition-vbai-questionnaire.html"}],"reference":{"reference":"StructureDefinition/vbai-questionnaire"},"name":"VBAI Questionnaire","description":"A questionnaire profile based on the base Questionnaire resource","exampleBoolean":false,"groupingId":"-str-profile"},{"extension":[{"url":"http://hl7.org/fhir/StructureDefinition/implementationguide-page","valueUri":"StructureDefinition-vbai-questionnaire-response.html"}],"reference":{"reference":"StructureDefinition/vbai-questionnaire-response"},"name":"VBAI Questionnaire Response","description":"A questionnaire response profile based on the base QuestionnaireResponse resource","exampleBoolean":false,"groupingId":"-str-profile"},{"extension":[{"url":"http://hl7.org/fhir/StructureDefinition/implementationguide-page","valueUri":"StructureDefinition-vbai-vital-signs.html"}],"reference":{"reference":"StructureDefinition/vbai-vital-signs"},"name":"VBAI Vital Signs","description":"A observation profile based on US Core Vital Signs Profile.","exampleBoolean":false,"groupingId":"-str-profile"},{"extension":[{"url":"http://hl7.org/fhir/StructureDefinition/implementationguide-page","valueUri":"StructureDefinition-vbai-waveform-device.html"}],"reference":{"reference":"StructureDefinition/vbai-waveform-device"},"name":"VBAI Waveform Device","description":"A device profile based on the base Device resource.","exampleBoolean":false,"groupingId":"-str-profile"},{"extension":[{"url":"http://hl7.org/fhir/StructureDefinition/implementationguide-page","valueUri":"StructureDefinition-vbai-waveform-media.html"}],"reference":{"reference":"StructureDefinition/vbai-waveform-media"},"name":"VBAI Waveform Media","description":"A media profile based on the base Media resource. Primarily captures binary audio waveform data.","exampleBoolean":false,"groupingId":"-str-profile"},{"extension":[{"url":"http://hl7.org/fhir/StructureDefinition/implementationguide-page","valueUri":"ValueSet-disability-status.html"}],"reference":{"reference":"ValueSet/disability-status"},"name":"Disability Status","description":"Valueset for capturing disability status","exampleBoolean":false,"groupingId":"-term-valueset"},{"extension":[{"url":"http://hl7.org/fhir/StructureDefinition/implementationguide-page","valueUri":"ValueSet-disability-type.html"}],"reference":{"reference":"ValueSet/disability-type"},"name":"Disability Type","description":"Valueset for capturing disability status","exampleBoolean":false,"groupingId":"-term-valueset"},{"extension":[{"url":"http://hl7.org/fhir/StructureDefinition/implementationguide-page","valueUri":"ValueSet-drink-number.html"}],"reference":{"reference":"ValueSet/drink-number"},"name":"Drinking number ValueSet","description":"The Codes used by confounder questionnaire","exampleBoolean":false,"groupingId":"-term-valueset"},{"extension":[{"url":"http://hl7.org/fhir/StructureDefinition/implementationguide-page","valueUri":"ValueSet-drinking-times.html"}],"reference":{"reference":"ValueSet/drinking-times"},"name":"Drinking times ValueSet","description":"The Codes used by confounder questionnaire","exampleBoolean":false,"groupingId":"-term-valueset"},{"extension":[{"url":"http://hl7.org/fhir/StructureDefinition/implementationguide-page","valueUri":"ValueSet-ent-history.html"}],"reference":{"reference":"ValueSet/ent-history"},"name":"ENT History ValueSet","description":"The Codes used by confounder questionnaire","exampleBoolean":false,"groupingId":"-term-valueset"},{"extension":[{"url":"http://hl7.org/fhir/StructureDefinition/implementationguide-page","valueUri":"ValueSet-employment-status.html"}],"reference":{"reference":"ValueSet/employment-status"},"name":"Employment Status","description":"Valueset for capturing Employment status","exampleBoolean":false,"groupingId":"-term-valueset"},{"extension":[{"url":"http://hl7.org/fhir/StructureDefinition/implementationguide-page","valueUri":"ValueSet-financial-assistance.html"}],"reference":{"reference":"ValueSet/financial-assistance"},"name":"Financial Assistance","description":"Valueset for capturing Financial Assistance Programs user is using","exampleBoolean":false,"groupingId":"-term-valueset"},{"extension":[{"url":"http://hl7.org/fhir/StructureDefinition/implementationguide-page","valueUri":"ValueSet-gender-identity.html"}],"reference":{"reference":"ValueSet/gender-identity"},"name":"Gender Identity","description":"The Gender Identity Codes contains the codes to be used by demographic questionnaire","exampleBoolean":false,"groupingId":"-term-valueset"},{"extension":[{"url":"http://hl7.org/fhir/StructureDefinition/implementationguide-page","valueUri":"ValueSet-Highest-Education.html"}],"reference":{"reference":"ValueSet/Highest-Education"},"name":"Highest form of Education","description":"For Capturing a users highest education level","exampleBoolean":false,"groupingId":"-term-valueset"},{"extension":[{"url":"http://hl7.org/fhir/StructureDefinition/implementationguide-page","valueUri":"ValueSet-household-makeup.html"}],"reference":{"reference":"ValueSet/household-makeup"},"name":"Household Makeup","description":"Valueset for capturing Household Makeup","exampleBoolean":false,"groupingId":"-term-valueset"},{"extension":[{"url":"http://hl7.org/fhir/StructureDefinition/implementationguide-page","valueUri":"ValueSet-household-status.html"}],"reference":{"reference":"ValueSet/household-status"},"name":"Household Status","description":"Valueset for capturing Household Status","exampleBoolean":false,"groupingId":"-term-valueset"},{"extension":[{"url":"http://hl7.org/fhir/StructureDefinition/implementationguide-page","valueUri":"ValueSet-immigration-status.html"}],"reference":{"reference":"ValueSet/immigration-status"},"name":"Immigration Status","description":"Valueset for capturing Immigration Status","exampleBoolean":false,"groupingId":"-term-valueset"},{"extension":[{"url":"http://hl7.org/fhir/StructureDefinition/implementationguide-page","valueUri":"ValueSet-marital-status.html"}],"reference":{"reference":"ValueSet/marital-status"},"name":"Marital Status","description":"Valueset for capturing Marital Status","exampleBoolean":false,"groupingId":"-term-valueset"},{"extension":[{"url":"http://hl7.org/fhir/StructureDefinition/implementationguide-page","valueUri":"ValueSet-medication.html"}],"reference":{"reference":"ValueSet/medication"},"name":"Medication ValueSet","description":"The Codes used by confounder questionnaire","exampleBoolean":false,"groupingId":"-term-valueset"},{"extension":[{"url":"http://hl7.org/fhir/StructureDefinition/implementationguide-page","valueUri":"ValueSet-menstration-menopause.html"}],"reference":{"reference":"ValueSet/menstration-menopause"},"name":"Menstration MenopauseValueSet","description":"The Codes used by confounder questionnaire","exampleBoolean":false,"groupingId":"-term-valueset"},{"extension":[{"url":"http://hl7.org/fhir/StructureDefinition/implementationguide-page","valueUri":"ValueSet-neurological-history.html"}],"reference":{"reference":"ValueSet/neurological-history"},"name":"NeurologicalHistory ValueSet","description":"The Codes used by confounder questionnaire","exampleBoolean":false,"groupingId":"-term-valueset"},{"extension":[{"url":"http://hl7.org/fhir/StructureDefinition/implementationguide-page","valueUri":"ValueSet-psychiatric-history.html"}],"reference":{"reference":"ValueSet/psychiatric-history"},"name":"Psychiatric History ValueSet","description":"The Codes used by confounder questionnaire","exampleBoolean":false,"groupingId":"-term-valueset"},{"extension":[{"url":"http://hl7.org/fhir/StructureDefinition/implementationguide-page","valueUri":"ValueSet-reading-ability.html"}],"reference":{"reference":"ValueSet/reading-ability"},"name":"Reading ability ValueSet","description":"The Codes used by confounder questionnaire","exampleBoolean":false,"groupingId":"-term-valueset"},{"extension":[{"url":"http://hl7.org/fhir/StructureDefinition/implementationguide-page","valueUri":"ValueSet-smoking.html"}],"reference":{"reference":"ValueSet/smoking"},"name":"Smoking ValueSet","description":"The  Codes used by WHODAS questionnaire","exampleBoolean":false,"groupingId":"-term-valueset"},{"extension":[{"url":"http://hl7.org/fhir/StructureDefinition/implementationguide-page","valueUri":"ValueSet-smoking-times.html"}],"reference":{"reference":"ValueSet/smoking-times"},"name":"Smoking times ValueSet","description":"The  Codes used by confounder questionnaire","exampleBoolean":false,"groupingId":"-term-valueset"},{"extension":[{"url":"http://hl7.org/fhir/StructureDefinition/implementationguide-page","valueUri":"ValueSet-smoking-types.html"}],"reference":{"reference":"ValueSet/smoking-types"},"name":"Smoking types ValueSet","description":"The  Codes used by WHODAS questionnaire","exampleBoolean":false,"groupingId":"-term-valueset"},{"extension":[{"url":"http://hl7.org/fhir/StructureDefinition/implementationguide-page","valueUri":"ValueSet-survey-options.html"}],"reference":{"reference":"ValueSet/survey-options"},"name":"SurveyOptions","description":"The SurveyOptions Codes used by PHQ9 and GAD7 questionnaire","exampleBoolean":false,"groupingId":"-term-valueset"},{"extension":[{"url":"http://hl7.org/fhir/StructureDefinition/implementationguide-page","valueUri":"ValueSet-sweat.html"}],"reference":{"reference":"ValueSet/sweat"},"name":"Sweat ValueSet","description":"The Codes used by confounder questionnaire","exampleBoolean":false,"groupingId":"-term-valueset"},{"extension":[{"url":"http://hl7.org/fhir/StructureDefinition/implementationguide-page","valueUri":"ValueSet-transportation-type.html"}],"reference":{"reference":"ValueSet/transportation-type"},"name":"Transportation Type","description":"Valueset for capturing Transportation Type","exampleBoolean":false,"groupingId":"-term-valueset"},{"extension":[{"url":"http://hl7.org/fhir/StructureDefinition/implementationguide-page","valueUri":"ValueSet-vocal-activity.html"}],"reference":{"reference":"ValueSet/vocal-activity"},"name":"Vocal Activity ValueSet","description":"The Codes used by confounder questionnaire","exampleBoolean":false,"groupingId":"-term-valueset"},{"extension":[{"url":"http://hl7.org/fhir/StructureDefinition/implementationguide-page","valueUri":"ValueSet-whodas.html"}],"reference":{"reference":"ValueSet/whodas"},"name":"WHODAS ValueSet","description":"The  Codes used by WHODAS questionnaire","exampleBoolean":false,"groupingId":"-term-valueset"},{"extension":[{"url":"http://hl7.org/fhir/StructureDefinition/implementationguide-page","valueUri":"ValueSet-whocompletedsurvey.html"}],"reference":{"reference":"ValueSet/whocompletedsurvey"},"name":"whocompletedsurvey","description":"For Capturing who completed surveys","exampleBoolean":false,"groupingId":"-term-valueset"},{"extension":[{"url":"http://hl7.org/fhir/StructureDefinition/implementationguide-page","valueUri":"ValueSet-yesnosome.html"}],"reference":{"reference":"ValueSet/yesnosome"},"name":"Yes/No/Some","description":"For Capturing simple yes-no-don't know answers","exampleBoolean":false,"groupingId":"-term-valueset"},{"extension":[{"url":"http://hl7.org/fhir/StructureDefinition/implementationguide-page","valueUri":"CodeSystem-child-education.html"}],"reference":{"reference":"CodeSystem/child-education"},"name":"Questionnaire codes for child education","description":"The codes required for questionnaires","exampleBoolean":false,"groupingId":"-term-codesystem"},{"extension":[{"url":"http://hl7.org/fhir/StructureDefinition/implementationguide-page","valueUri":"CodeSystem-disability-status.html"}],"reference":{"reference":"CodeSystem/disability-status"},"name":"Questionnaire codes Disability Status","description":"The codes required for Questionnaire's Disability Status","exampleBoolean":false,"groupingId":"-term-codesystem"},{"extension":[{"url":"http://hl7.org/fhir/StructureDefinition/implementationguide-page","valueUri":"CodeSystem-disability-type.html"}],"reference":{"reference":"CodeSystem/disability-type"},"name":"Questionnaire codes Disability Type","description":"The codes required for Questionnaire's Disability Type","exampleBoolean":false,"groupingId":"-term-codesystem"},{"extension":[{"url":"http://hl7.org/fhir/StructureDefinition/implementationguide-page","valueUri":"CodeSystem-drink-number.html"}],"reference":{"reference":"CodeSystem/drink-number"},"name":"Questionnaire alchohol number codes","description":"The codes required for Questionnaire confounders","exampleBoolean":false,"groupingId":"-term-codesystem"},{"extension":[{"url":"http://hl7.org/fhir/StructureDefinition/implementationguide-page","valueUri":"CodeSystem-drinking-times.html"}],"reference":{"reference":"CodeSystem/drinking-times"},"name":"Questionnaire alchohol times codes","description":"The codes required for Questionnaire confounders","exampleBoolean":false,"groupingId":"-term-codesystem"},{"extension":[{"url":"http://hl7.org/fhir/StructureDefinition/implementationguide-page","valueUri":"CodeSystem-ent-history.html"}],"reference":{"reference":"CodeSystem/ent-history"},"name":"Questionnaire ent history codes","description":"The codes required for Questionnaire confounders","exampleBoolean":false,"groupingId":"-term-codesystem"},{"extension":[{"url":"http://hl7.org/fhir/StructureDefinition/implementationguide-page","valueUri":"CodeSystem-employment-status.html"}],"reference":{"reference":"CodeSystem/employment-status"},"name":"Questionnaire codes Employment Status","description":"The codes required for Questionnaire's Employment Status","exampleBoolean":false,"groupingId":"-term-codesystem"},{"extension":[{"url":"http://hl7.org/fhir/StructureDefinition/implementationguide-page","valueUri":"CodeSystem-financial-assistance.html"}],"reference":{"reference":"CodeSystem/financial-assistance"},"name":"Questionnaire codes Financial Assistance Programs","description":"The codes required for Questionnaire's Financial Assistance Programs","exampleBoolean":false,"groupingId":"-term-codesystem"},{"extension":[{"url":"http://hl7.org/fhir/StructureDefinition/implementationguide-page","valueUri":"CodeSystem-gender-identity.html"}],"reference":{"reference":"CodeSystem/gender-identity"},"name":" Gender Identity Codes","description":"The  Gender Identity Codes contains the codes to be used vbai Demographic Questionnaire","exampleBoolean":false,"groupingId":"-term-codesystem"},{"extension":[{"url":"http://hl7.org/fhir/StructureDefinition/implementationguide-page","valueUri":"CodeSystem-household-makeup.html"}],"reference":{"reference":"CodeSystem/household-makeup"},"name":"Questionnaire codes for household makeup","description":"The codes required for household makeup","exampleBoolean":false,"groupingId":"-term-codesystem"},{"extension":[{"url":"http://hl7.org/fhir/StructureDefinition/implementationguide-page","valueUri":"CodeSystem-household-status.html"}],"reference":{"reference":"CodeSystem/household-status"},"name":"Questionnaire codes for Household status","description":"The codes required for household status","exampleBoolean":false,"groupingId":"-term-codesystem"},{"extension":[{"url":"http://hl7.org/fhir/StructureDefinition/implementationguide-page","valueUri":"CodeSystem-immigration-status.html"}],"reference":{"reference":"CodeSystem/immigration-status"},"name":"Questionnaire codes for immigration status","description":"The codes required for immigration status","exampleBoolean":false,"groupingId":"-term-codesystem"},{"extension":[{"url":"http://hl7.org/fhir/StructureDefinition/implementationguide-page","valueUri":"CodeSystem-marital-status.html"}],"reference":{"reference":"CodeSystem/marital-status"},"name":"Questionnaire codes for marital status","description":"The codes required for marital status","exampleBoolean":false,"groupingId":"-term-codesystem"},{"extension":[{"url":"http://hl7.org/fhir/StructureDefinition/implementationguide-page","valueUri":"CodeSystem-medication.html"}],"reference":{"reference":"CodeSystem/medication"},"name":"Questionnaire medication codes","description":"The codes required for Questionnaire confounders","exampleBoolean":false,"groupingId":"-term-codesystem"},{"extension":[{"url":"http://hl7.org/fhir/StructureDefinition/implementationguide-page","valueUri":"CodeSystem-menstration-menopause.html"}],"reference":{"reference":"CodeSystem/menstration-menopause"},"name":"Questionnaire sweat codes","description":"The codes required for Questionnaire confounders","exampleBoolean":false,"groupingId":"-term-codesystem"},{"extension":[{"url":"http://hl7.org/fhir/StructureDefinition/implementationguide-page","valueUri":"CodeSystem-neurological-history.html"}],"reference":{"reference":"CodeSystem/neurological-history"},"name":"Questionnaire neurological history codes","description":"The codes required for Questionnaire confounders","exampleBoolean":false,"groupingId":"-term-codesystem"},{"extension":[{"url":"http://hl7.org/fhir/StructureDefinition/implementationguide-page","valueUri":"CodeSystem-psychiatric-history.html"}],"reference":{"reference":"CodeSystem/psychiatric-history"},"name":"Questionnaire psychiatric history codes","description":"The codes required for Questionnaire confounders","exampleBoolean":false,"groupingId":"-term-codesystem"},{"extension":[{"url":"http://hl7.org/fhir/StructureDefinition/implementationguide-page","valueUri":"CodeSystem-reading-ability.html"}],"reference":{"reference":"CodeSystem/reading-ability"},"name":"Questionnaire sweat codes","description":"The codes required for Questionnaire confounders","exampleBoolean":false,"groupingId":"-term-codesystem"},{"extension":[{"url":"http://hl7.org/fhir/StructureDefinition/implementationguide-page","valueUri":"CodeSystem-smoking.html"}],"reference":{"reference":"CodeSystem/smoking"},"name":"Questionnaire smoking codes","description":"The codes required for Questionnaire confounders","exampleBoolean":false,"groupingId":"-term-codesystem"},{"extension":[{"url":"http://hl7.org/fhir/StructureDefinition/implementationguide-page","valueUri":"CodeSystem-smoking-times.html"}],"reference":{"reference":"CodeSystem/smoking-times"},"name":"Questionnaire smoking times codes","description":"The codes required for Questionnaire confounders","exampleBoolean":false,"groupingId":"-term-codesystem"},{"extension":[{"url":"http://hl7.org/fhir/StructureDefinition/implementationguide-page","valueUri":"CodeSystem-smoking-types.html"}],"reference":{"reference":"CodeSystem/smoking-types"},"name":"Questionnaire smoking type codes","description":"The codes required for Questionnaire confounders","exampleBoolean":false,"groupingId":"-term-codesystem"},{"extension":[{"url":"http://hl7.org/fhir/StructureDefinition/implementationguide-page","valueUri":"CodeSystem-survey-options.html"}],"reference":{"reference":"CodeSystem/survey-options"},"name":"Option Codes for PHQ9 and GAD7","description":"The  Codes used for PHQ9 and GAD7 Questionnaires","exampleBoolean":false,"groupingId":"-term-codesystem"},{"extension":[{"url":"http://hl7.org/fhir/StructureDefinition/implementationguide-page","valueUri":"CodeSystem-sweat.html"}],"reference":{"reference":"CodeSystem/sweat"},"name":"Questionnaire sweat codes","description":"The codes required for Questionnaire confounders","exampleBoolean":false,"groupingId":"-term-codesystem"},{"extension":[{"url":"http://hl7.org/fhir/StructureDefinition/implementationguide-page","valueUri":"CodeSystem-transportation-type.html"}],"reference":{"reference":"CodeSystem/transportation-type"},"name":"Questionnaire codes for Transportation Type","description":"The codes required for Transportation Type","exampleBoolean":false,"groupingId":"-term-codesystem"},{"extension":[{"url":"http://hl7.org/fhir/StructureDefinition/implementationguide-page","valueUri":"CodeSystem-vocal-activity.html"}],"reference":{"reference":"CodeSystem/vocal-activity"},"name":"Questionnaire sweat codes","description":"The codes required for Questionnaire confounders","exampleBoolean":false,"groupingId":"-term-codesystem"},{"extension":[{"url":"http://hl7.org/fhir/StructureDefinition/implementationguide-page","valueUri":"CodeSystem-whodas.html"}],"reference":{"reference":"CodeSystem/whodas"},"name":"Questionnaire WHODAS codes","description":"The codes required for WHODAS Questionnaires ","exampleBoolean":false,"groupingId":"-term-codesystem"},{"extension":[{"url":"http://hl7.org/fhir/StructureDefinition/implementationguide-page","valueUri":"CodeSystem-Who-Completed-Survey.html"}],"reference":{"reference":"CodeSystem/Who-Completed-Survey"},"name":"Questionnaire codes","description":"The codes required for Questionnaires survey completion","exampleBoolean":false,"groupingId":"-term-codesystem"},{"extension":[{"url":"http://hl7.org/fhir/StructureDefinition/implementationguide-page","valueUri":"CodeSystem-Yes-No-Some.html"}],"reference":{"reference":"CodeSystem/Yes-No-Some"},"name":"Questionnaire Yes/No/Some codes","description":"The codes required for Questionnaires yes/no/some","exampleBoolean":false,"groupingId":"-term-codesystem"},{"extension":[{"url":"http://hl7.org/fhir/StructureDefinition/implementationguide-page","valueUri":"Questionnaire-GAD7schema.html"}],"reference":{"reference":"Questionnaire/GAD7schema"},"name":"GAD7_schema","description":"GAD7 assessment schema","exampleCanonical":"https://voicecollab.ai/fhir/StructureDefinition/vbai-questionnaire","groupingId":"-ex-example"},{"extension":[{"url":"http://hl7.org/fhir/StructureDefinition/implementationguide-page","valueUri":"Questionnaire-PHQ9schema.html"}],"reference":{"reference":"Questionnaire/PHQ9schema"},"name":"PHQ9_schema","description":"PHQ-9 assessment schema","exampleCanonical":"https://voicecollab.ai/fhir/StructureDefinition/vbai-questionnaire","groupingId":"-ex-example"},{"extension":[{"url":"http://hl7.org/fhir/StructureDefinition/implementationguide-page","valueUri":"Questionnaire-QuestionnaireGAD7Example.html"}],"reference":{"reference":"Questionnaire/QuestionnaireGAD7Example"},"name":"QuestionnaireGAD7Example","description":"QuestionnaireGAD7Example","exampleCanonical":"https://voicecollab.ai/fhir/StructureDefinition/vbai-questionnaire","groupingId":"-ex-example"},{"extension":[{"url":"http://hl7.org/fhir/StructureDefinition/implementationguide-page","valueUri":"Questionnaire-QuestionnairePHQ9Example.html"}],"reference":{"reference":"Questionnaire/QuestionnairePHQ9Example"},"name":"QuestionnairePHQ9Example","description":"QuestionnairePHQ9Example","exampleCanonical":"https://voicecollab.ai/fhir/StructureDefinition/vbai-questionnaire","groupingId":"-ex-example"},{"extension":[{"url":"http://hl7.org/fhir/StructureDefinition/implementationguide-page","valueUri":"Observation-VbaiBodyHeightExample.html"}],"reference":{"reference":"Observation/VbaiBodyHeightExample"},"name":"VbaiBodyHeightExample","description":"An example of a Voice as a Biomarker for AI body height profile","exampleCanonical":"https://voicecollab.ai/fhir/StructureDefinition/vbai-body-height","groupingId":"-ex-example"},{"extension":[{"url":"http://hl7.org/fhir/StructureDefinition/implementationguide-page","valueUri":"Observation-VbaiBodyWeightExample.html"}],"reference":{"reference":"Observation/VbaiBodyWeightExample"},"name":"VbaiBodyWeightExample","description":"An example of a Voice as a Biomarker for AI body weight profile","exampleCanonical":"https://voicecollab.ai/fhir/StructureDefinition/vbai-body-weight","groupingId":"-ex-example"},{"extension":[{"url":"http://hl7.org/fhir/StructureDefinition/implementationguide-page","valueUri":"Condition-VbaiConditionExample.html"}],"reference":{"reference":"Condition/VbaiConditionExample"},"name":"VbaiConditionExample","description":"An example of a Voice as a Biomarker for AI condition","exampleCanonical":"https://voicecollab.ai/fhir/StructureDefinition/vbai-condition","groupingId":"-ex-example"},{"extension":[{"url":"http://hl7.org/fhir/StructureDefinition/implementationguide-page","valueUri":"Consent-VbaiConsentExample.html"}],"reference":{"reference":"Consent/VbaiConsentExample"},"name":"VbaiConsentExample","description":"An example of a Voice as a Biomarker consent profile","exampleCanonical":"https://voicecollab.ai/fhir/StructureDefinition/vbai-consent","groupingId":"-ex-example"},{"extension":[{"url":"http://hl7.org/fhir/StructureDefinition/implementationguide-page","valueUri":"Encounter-VbaiEncounterExample.html"}],"reference":{"reference":"Encounter/VbaiEncounterExample"},"name":"VbaiEncounterExample","description":"An example of a Voice as a Biomarker for AI patient","exampleCanonical":"https://voicecollab.ai/fhir/StructureDefinition/vbai-encounter","groupingId":"-ex-example"},{"extension":[{"url":"http://hl7.org/fhir/StructureDefinition/implementationguide-page","valueUri":"Media-VbaiImagingMediaExample.html"}],"reference":{"reference":"Media/VbaiImagingMediaExample"},"name":"VbaiImagingMediaExample","description":"An example of a Voice as a Biomarker for AI imaging media","exampleCanonical":"https://voicecollab.ai/fhir/StructureDefinition/vbai-imaging-media","groupingId":"-ex-example"},{"extension":[{"url":"http://hl7.org/fhir/StructureDefinition/implementationguide-page","valueUri":"ImagingStudy-VbaiImagingStudyExample.html"}],"reference":{"reference":"ImagingStudy/VbaiImagingStudyExample"},"name":"VbaiImagingStudyExample","description":"An example of a Voice as a Biomarker for AI imaging study","exampleCanonical":"https://voicecollab.ai/fhir/StructureDefinition/vbai-imaging-study","groupingId":"-ex-example"},{"extension":[{"url":"http://hl7.org/fhir/StructureDefinition/implementationguide-page","valueUri":"Patient-VbaiPatientExample.html"}],"reference":{"reference":"Patient/VbaiPatientExample"},"name":"VbaiPatientExample","description":"An example of a Voice as a Biomarker for AI Patient","exampleCanonical":"https://voicecollab.ai/fhir/StructureDefinition/vbai-patient","groupingId":"-ex-example"},{"extension":[{"url":"http://hl7.org/fhir/StructureDefinition/implementationguide-page","valueUri":"PlanDefinition-VbaiPlanDefinitionExample.html"}],"reference":{"reference":"PlanDefinition/VbaiPlanDefinitionExample"},"name":"VbaiPlanDefinitionExample","description":"An example of a Voice as a Biomarker for PlanDefinition","exampleCanonical":"https://voicecollab.ai/fhir/StructureDefinition/vbai-plan-definition","groupingId":"-ex-example"},{"extension":[{"url":"http://hl7.org/fhir/StructureDefinition/implementationguide-page","valueUri":"PlanDefinition-VbaiPlanDefinitionMoodExample.html"}],"reference":{"reference":"PlanDefinition/VbaiPlanDefinitionMoodExample"},"name":"VbaiPlanDefinitionMoodExample","description":"An example of the Mood Cohort's PlanDefinition","exampleCanonical":"https://voicecollab.ai/fhir/StructureDefinition/vbai-plan-definition","groupingId":"-ex-example"},{"extension":[{"url":"http://hl7.org/fhir/StructureDefinition/implementationguide-page","valueUri":"PlanDefinition-VbaiPlanDefinitionNeurologyExample.html"}],"reference":{"reference":"PlanDefinition/VbaiPlanDefinitionNeurologyExample"},"name":"VbaiPlanDefinitionNeurologyExample","description":"An example of a Voice as a Biomarker for  Neurology PlanDefinition","exampleCanonical":"https://voicecollab.ai/fhir/StructureDefinition/vbai-plan-definition","groupingId":"-ex-example"},{"extension":[{"url":"http://hl7.org/fhir/StructureDefinition/implementationguide-page","valueUri":"PlanDefinition-VbaiPlanDefinitionPedsExample.html"}],"reference":{"reference":"PlanDefinition/VbaiPlanDefinitionPedsExample"},"name":"VbaiPlanDefinitionPedsExample","description":"An example of a Voice as a Biomarker for Peds PlanDefinition","exampleCanonical":"https://voicecollab.ai/fhir/StructureDefinition/vbai-plan-definition","groupingId":"-ex-example"},{"extension":[{"url":"http://hl7.org/fhir/StructureDefinition/implementationguide-page","valueUri":"PlanDefinition-VbaiPlanDefinitionRespiratoryExample.html"}],"reference":{"reference":"PlanDefinition/VbaiPlanDefinitionRespiratoryExample"},"name":"VbaiPlanDefinitionRespiratoryExample","description":"An example of a Voice as a Biomarker for Respiratory Cohort PlanDefinition","exampleCanonical":"https://voicecollab.ai/fhir/StructureDefinition/vbai-plan-definition","groupingId":"-ex-example"},{"extension":[{"url":"http://hl7.org/fhir/StructureDefinition/implementationguide-page","valueUri":"PlanDefinition-VbaiPlanDefinitionVoiceExample.html"}],"reference":{"reference":"PlanDefinition/VbaiPlanDefinitionVoiceExample"},"name":"VbaiPlanDefinitionVoiceExample","description":"An example of the Voice Cohort's PlanDefinition","exampleCanonical":"https://voicecollab.ai/fhir/StructureDefinition/vbai-plan-definition","groupingId":"-ex-example"},{"extension":[{"url":"http://hl7.org/fhir/StructureDefinition/implementationguide-page","valueUri":"Questionnaire-VbaiQuestionnaireConfoundersExample.html"}],"reference":{"reference":"Questionnaire/VbaiQuestionnaireConfoundersExample"},"name":"VbaiQuestionnaireConfoundersExample","description":"VbaiQuestionnaire confounders Example","exampleCanonical":"https://voicecollab.ai/fhir/StructureDefinition/vbai-questionnaire","groupingId":"-ex-example"},{"extension":[{"url":"http://hl7.org/fhir/StructureDefinition/implementationguide-page","valueUri":"Questionnaire-VbaiQuestionnaireConfoundersExample2.html"}],"reference":{"reference":"Questionnaire/VbaiQuestionnaireConfoundersExample2"},"name":"VbaiQuestionnaireConfoundersExample2","description":"VbaiQuestionnaire confounders Example","exampleCanonical":"https://voicecollab.ai/fhir/StructureDefinition/vbai-questionnaire","groupingId":"-ex-example"},{"extension":[{"url":"http://hl7.org/fhir/StructureDefinition/implementationguide-page","valueUri":"Questionnaire-VbaiQuestionnaireDemographicExample.html"}],"reference":{"reference":"Questionnaire/VbaiQuestionnaireDemographicExample"},"name":"VbaiQuestionnaireDemographicExample","description":"VbaiQuestionnaireDemographic Example","exampleCanonical":"https://voicecollab.ai/fhir/StructureDefinition/vbai-questionnaire","groupingId":"-ex-example"},{"extension":[{"url":"http://hl7.org/fhir/StructureDefinition/implementationguide-page","valueUri":"Questionnaire-VbaiQuestionnaireDemographicExample2.html"}],"reference":{"reference":"Questionnaire/VbaiQuestionnaireDemographicExample2"},"name":"VbaiQuestionnaireDemographicExample2","description":"VbaiQuestionnaireDemographic Example2","exampleCanonical":"https://voicecollab.ai/fhir/StructureDefinition/vbai-questionnaire","groupingId":"-ex-example"},{"extension":[{"url":"http://hl7.org/fhir/StructureDefinition/implementationguide-page","valueUri":"Observation-VbaiVitalSignsExample.html"}],"reference":{"reference":"Observation/VbaiVitalSignsExample"},"name":"VbaiVitalSignsExample","description":"An example of a Voice as a Biomarker for AI vital sign profile","exampleCanonical":"https://voicecollab.ai/fhir/StructureDefinition/vbai-vital-signs","groupingId":"-ex-example"},{"extension":[{"url":"http://hl7.org/fhir/StructureDefinition/implementationguide-page","valueUri":"Device-VbaiWaveformDeviceExample.html"}],"reference":{"reference":"Device/VbaiWaveformDeviceExample"},"name":"VbaiWaveformDeviceExample","description":"An example of a Voice as a Biomarker for AI waveform device","exampleCanonical":"https://voicecollab.ai/fhir/StructureDefinition/vbai-waveform-device","groupingId":"-ex-example"},{"extension":[{"url":"http://hl7.org/fhir/StructureDefinition/implementationguide-page","valueUri":"Media-VbaiWaveformMediaExample.html"}],"reference":{"reference":"Media/VbaiWaveformMediaExample"},"name":"VbaiWaveformMediaExample","description":"An example of a Voice as a Biomarker for AI waveform media","exampleCanonical":"https://voicecollab.ai/fhir/StructureDefinition/vbai-waveform-media","groupingId":"-ex-example"}],"page":{"extension":[{"url":"http://hl7.org/fhir/tools/StructureDefinition/ig-page-name","valueUrl":"toc.html"}],"nameUrl":"toc.html","title":"Table of Contents","generation":"html","page":[{"extension":[{"url":"http://hl7.org/fhir/tools/StructureDefinition/ig-page-name","valueUrl":"index.html"}],"nameUrl":"index.html","title":"Index","generation":"markdown"},{"extension":[{"url":"http://hl7.org/fhir/tools/StructureDefinition/ig-page-name","valueUrl":"guidance.html"}],"nameUrl":"guidance.html","title":"Guidance","generation":"markdown"},{"extension":[{"url":"http://hl7.org/fhir/tools/StructureDefinition/ig-page-name","valueUrl":"artifacts.html"}],"nameUrl":"artifacts.html","title":"Artifacts","generation":"html","page":[{"extension":[{"url":"http://hl7.org/fhir/tools/StructureDefinition/ig-page-name","valueUrl":"StructureDefinition-vbai-body-height.html"}],"nameUrl":"StructureDefinition-vbai-body-height.html","title":"VBAI Body Height","generation":"generated"},{"extension":[{"url":"http://hl7.org/fhir/tools/StructureDefinition/ig-page-name","valueUrl":"StructureDefinition-vbai-body-weight.html"}],"nameUrl":"StructureDefinition-vbai-body-weight.html","title":"VBAI Body Weight","generation":"generated"},{"extension":[{"url":"http://hl7.org/fhir/tools/StructureDefinition/ig-page-name","valueUrl":"StructureDefinition-vbai-condition.html"}],"nameUrl":"StructureDefinition-vbai-condition.html","title":"VBAI Condition","generation":"generated"},{"extension":[{"url":"http://hl7.org/fhir/tools/StructureDefinition/ig-page-name","valueUrl":"StructureDefinition-vbai-consent.html"}],"nameUrl":"StructureDefinition-vbai-consent.html","title":"VBAI Consent","generation":"generated"},{"extension":[{"url":"http://hl7.org/fhir/tools/StructureDefinition/ig-page-name","valueUrl":"StructureDefinition-vbai-encounter.html"}],"nameUrl":"StructureDefinition-vbai-encounter.html","title":"VBAI Encounter","generation":"generated"},{"extension":[{"url":"http://hl7.org/fhir/tools/StructureDefinition/ig-page-name","valueUrl":"StructureDefinition-vbai-imaging-media.html"}],"nameUrl":"StructureDefinition-vbai-imaging-media.html","title":"VBAI Imaging Media","generation":"generated"},{"extension":[{"url":"http://hl7.org/fhir/tools/StructureDefinition/ig-page-name","valueUrl":"StructureDefinition-vbai-imaging-study.html"}],"nameUrl":"StructureDefinition-vbai-imaging-study.html","title":"VBAI Imaging Study","generation":"generated"},{"extension":[{"url":"http://hl7.org/fhir/tools/StructureDefinition/ig-page-name","valueUrl":"StructureDefinition-vbai-patient.html"}],"nameUrl":"StructureDefinition-vbai-patient.html","title":"VBAI Patient","generation":"generated"},{"extension":[{"url":"http://hl7.org/fhir/tools/StructureDefinition/ig-page-name","valueUrl":"StructureDefinition-vbai-plan-definition.html"}],"nameUrl":"StructureDefinition-vbai-plan-definition.html","title":"Vbai Plan Definition","generation":"generated"},{"extension":[{"url":"http://hl7.org/fhir/tools/StructureDefinition/ig-page-name","valueUrl":"StructureDefinition-vbai-questionnaire.html"}],"nameUrl":"StructureDefinition-vbai-questionnaire.html","title":"VBAI Questionnaire","generation":"generated"},{"extension":[{"url":"http://hl7.org/fhir/tools/StructureDefinition/ig-page-name","valueUrl":"StructureDefinition-vbai-questionnaire-response.html"}],"nameUrl":"StructureDefinition-vbai-questionnaire-response.html","title":"VBAI Questionnaire Response","generation":"generated"},{"extension":[{"url":"http://hl7.org/fhir/tools/StructureDefinition/ig-page-name","valueUrl":"StructureDefinition-vbai-vital-signs.html"}],"nameUrl":"StructureDefinition-vbai-vital-signs.html","title":"VBAI Vital Signs","generation":"generated"},{"extension":[{"url":"http://hl7.org/fhir/tools/StructureDefinition/ig-page-name","valueUrl":"StructureDefinition-vbai-waveform-device.html"}],"nameUrl":"StructureDefinition-vbai-waveform-device.html","title":"VBAI Waveform Device","generation":"generated"},{"extension":[{"url":"http://hl7.org/fhir/tools/StructureDefinition/ig-page-name","valueUrl":"StructureDefinition-vbai-waveform-media.html"}],"nameUrl":"StructureDefinition-vbai-waveform-media.html","title":"VBAI Waveform Media","generation":"generated"},{"extension":[{"url":"http://hl7.org/fhir/tools/StructureDefinition/ig-page-name","valueUrl":"ValueSet-disability-status.html"}],"nameUrl":"ValueSet-disability-status.html","title":"Disability Status","generation":"generated"},{"extension":[{"url":"http://hl7.org/fhir/tools/StructureDefinition/ig-page-name","valueUrl":"ValueSet-disability-type.html"}],"nameUrl":"ValueSet-disability-type.html","title":"Disability Type","generation":"generated"},{"extension":[{"url":"http://hl7.org/fhir/tools/StructureDefinition/ig-page-name","valueUrl":"ValueSet-drink-number.html"}],"nameUrl":"ValueSet-drink-number.html","title":"Drinking number ValueSet","generation":"generated"},{"extension":[{"url":"http://hl7.org/fhir/tools/StructureDefinition/ig-page-name","valueUrl":"ValueSet-drinking-times.html"}],"nameUrl":"ValueSet-drinking-times.html","title":"Drinking times ValueSet","generation":"generated"},{"extension":[{"url":"http://hl7.org/fhir/tools/StructureDefinition/ig-page-name","valueUrl":"ValueSet-ent-history.html"}],"nameUrl":"ValueSet-ent-history.html","title":"ENT History ValueSet","generation":"generated"},{"extension":[{"url":"http://hl7.org/fhir/tools/StructureDefinition/ig-page-name","valueUrl":"ValueSet-employment-status.html"}],"nameUrl":"ValueSet-employment-status.html","title":"Employment Status","generation":"generated"},{"extension":[{"url":"http://hl7.org/fhir/tools/StructureDefinition/ig-page-name","valueUrl":"ValueSet-financial-assistance.html"}],"nameUrl":"ValueSet-financial-assistance.html","title":"Financial Assistance","generation":"generated"},{"extension":[{"url":"http://hl7.org/fhir/tools/StructureDefinition/ig-page-name","valueUrl":"ValueSet-gender-identity.html"}],"nameUrl":"ValueSet-gender-identity.html","title":"Gender Identity","generation":"generated"},{"extension":[{"url":"http://hl7.org/fhir/tools/StructureDefinition/ig-page-name","valueUrl":"ValueSet-Highest-Education.html"}],"nameUrl":"ValueSet-Highest-Education.html","title":"Highest form of Education","generation":"generated"},{"extension":[{"url":"http://hl7.org/fhir/tools/StructureDefinition/ig-page-name","valueUrl":"ValueSet-household-makeup.html"}],"nameUrl":"ValueSet-household-makeup.html","title":"Household Makeup","generation":"generated"},{"extension":[{"url":"http://hl7.org/fhir/tools/StructureDefinition/ig-page-name","valueUrl":"ValueSet-household-status.html"}],"nameUrl":"ValueSet-household-status.html","title":"Household Status","generation":"generated"},{"extension":[{"url":"http://hl7.org/fhir/tools/StructureDefinition/ig-page-name","valueUrl":"ValueSet-immigration-status.html"}],"nameUrl":"ValueSet-immigration-status.html","title":"Immigration Status","generation":"generated"},{"extension":[{"url":"http://hl7.org/fhir/tools/StructureDefinition/ig-page-name","valueUrl":"ValueSet-marital-status.html"}],"nameUrl":"ValueSet-marital-status.html","title":"Marital Status","generation":"generated"},{"extension":[{"url":"http://hl7.org/fhir/tools/StructureDefinition/ig-page-name","valueUrl":"ValueSet-medication.html"}],"nameUrl":"ValueSet-medication.html","title":"Medication ValueSet","generation":"generated"},{"extension":[{"url":"http://hl7.org/fhir/tools/StructureDefinition/ig-page-name","valueUrl":"ValueSet-menstration-menopause.html"}],"nameUrl":"ValueSet-menstration-menopause.html","title":"Menstration MenopauseValueSet","generation":"generated"},{"extension":[{"url":"http://hl7.org/fhir/tools/StructureDefinition/ig-page-name","valueUrl":"ValueSet-neurological-history.html"}],"nameUrl":"ValueSet-neurological-history.html","title":"NeurologicalHistory ValueSet","generation":"generated"},{"extension":[{"url":"http://hl7.org/fhir/tools/StructureDefinition/ig-page-name","valueUrl":"ValueSet-psychiatric-history.html"}],"nameUrl":"ValueSet-psychiatric-history.html","title":"Psychiatric History ValueSet","generation":"generated"},{"extension":[{"url":"http://hl7.org/fhir/tools/StructureDefinition/ig-page-name","valueUrl":"ValueSet-reading-ability.html"}],"nameUrl":"ValueSet-reading-ability.html","title":"Reading ability ValueSet","generation":"generated"},{"extension":[{"url":"http://hl7.org/fhir/tools/StructureDefinition/ig-page-name","valueUrl":"ValueSet-smoking.html"}],"nameUrl":"ValueSet-smoking.html","title":"Smoking ValueSet","generation":"generated"},{"extension":[{"url":"http://hl7.org/fhir/tools/StructureDefinition/ig-page-name","valueUrl":"ValueSet-smoking-times.html"}],"nameUrl":"ValueSet-smoking-times.html","title":"Smoking times ValueSet","generation":"generated"},{"extension":[{"url":"http://hl7.org/fhir/tools/StructureDefinition/ig-page-name","valueUrl":"ValueSet-smoking-types.html"}],"nameUrl":"ValueSet-smoking-types.html","title":"Smoking types ValueSet","generation":"generated"},{"extension":[{"url":"http://hl7.org/fhir/tools/StructureDefinition/ig-page-name","valueUrl":"ValueSet-survey-options.html"}],"nameUrl":"ValueSet-survey-options.html","title":"SurveyOptions","generation":"generated"},{"extension":[{"url":"http://hl7.org/fhir/tools/StructureDefinition/ig-page-name","valueUrl":"ValueSet-sweat.html"}],"nameUrl":"ValueSet-sweat.html","title":"Sweat ValueSet","generation":"generated"},{"extension":[{"url":"http://hl7.org/fhir/tools/StructureDefinition/ig-page-name","valueUrl":"ValueSet-transportation-type.html"}],"nameUrl":"ValueSet-transportation-type.html","title":"Transportation Type","generation":"generated"},{"extension":[{"url":"http://hl7.org/fhir/tools/StructureDefinition/ig-page-name","valueUrl":"ValueSet-vocal-activity.html"}],"nameUrl":"ValueSet-vocal-activity.html","title":"Vocal Activity ValueSet","generation":"generated"},{"extension":[{"url":"http://hl7.org/fhir/tools/StructureDefinition/ig-page-name","valueUrl":"ValueSet-whodas.html"}],"nameUrl":"ValueSet-whodas.html","title":"WHODAS ValueSet","generation":"generated"},{"extension":[{"url":"http://hl7.org/fhir/tools/StructureDefinition/ig-page-name","valueUrl":"ValueSet-whocompletedsurvey.html"}],"nameUrl":"ValueSet-whocompletedsurvey.html","title":"whocompletedsurvey","generation":"generated"},{"extension":[{"url":"http://hl7.org/fhir/tools/StructureDefinition/ig-page-name","valueUrl":"ValueSet-yesnosome.html"}],"nameUrl":"ValueSet-yesnosome.html","title":"Yes/No/Some","generation":"generated"},{"extension":[{"url":"http://hl7.org/fhir/tools/StructureDefinition/ig-page-name","valueUrl":"CodeSystem-child-education.html"}],"nameUrl":"CodeSystem-child-education.html","title":"Questionnaire codes for child education","generation":"generated"},{"extension":[{"url":"http://hl7.org/fhir/tools/StructureDefinition/ig-page-name","valueUrl":"CodeSystem-disability-status.html"}],"nameUrl":"CodeSystem-disability-status.html","title":"Questionnaire codes Disability Status","generation":"generated"},{"extension":[{"url":"http://hl7.org/fhir/tools/StructureDefinition/ig-page-name","valueUrl":"CodeSystem-disability-type.html"}],"nameUrl":"CodeSystem-disability-type.html","title":"Questionnaire codes Disability Type","generation":"generated"},{"extension":[{"url":"http://hl7.org/fhir/tools/StructureDefinition/ig-page-name","valueUrl":"CodeSystem-drink-number.html"}],"nameUrl":"CodeSystem-drink-number.html","title":"Questionnaire alchohol number codes","generation":"generated"},{"extension":[{"url":"http://hl7.org/fhir/tools/StructureDefinition/ig-page-name","valueUrl":"CodeSystem-drinking-times.html"}],"nameUrl":"CodeSystem-drinking-times.html","title":"Questionnaire alchohol times codes","generation":"generated"},{"extension":[{"url":"http://hl7.org/fhir/tools/StructureDefinition/ig-page-name","valueUrl":"CodeSystem-ent-history.html"}],"nameUrl":"CodeSystem-ent-history.html","title":"Questionnaire ent history codes","generation":"generated"},{"extension":[{"url":"http://hl7.org/fhir/tools/StructureDefinition/ig-page-name","valueUrl":"CodeSystem-employment-status.html"}],"nameUrl":"CodeSystem-employment-status.html","title":"Questionnaire codes Employment Status","generation":"generated"},{"extension":[{"url":"http://hl7.org/fhir/tools/StructureDefinition/ig-page-name","valueUrl":"CodeSystem-financial-assistance.html"}],"nameUrl":"CodeSystem-financial-assistance.html","title":"Questionnaire codes Financial Assistance Programs","generation":"generated"},{"extension":[{"url":"http://hl7.org/fhir/tools/StructureDefinition/ig-page-name","valueUrl":"CodeSystem-gender-identity.html"}],"nameUrl":"CodeSystem-gender-identity.html","title":" Gender Identity Codes","generation":"generated"},{"extension":[{"url":"http://hl7.org/fhir/tools/StructureDefinition/ig-page-name","valueUrl":"CodeSystem-household-makeup.html"}],"nameUrl":"CodeSystem-household-makeup.html","title":"Questionnaire codes for household makeup","generation":"generated"},{"extension":[{"url":"http://hl7.org/fhir/tools/StructureDefinition/ig-page-name","valueUrl":"CodeSystem-household-status.html"}],"nameUrl":"CodeSystem-household-status.html","title":"Questionnaire codes for Household status","generation":"generated"},{"extension":[{"url":"http://hl7.org/fhir/tools/StructureDefinition/ig-page-name","valueUrl":"CodeSystem-immigration-status.html"}],"nameUrl":"CodeSystem-immigration-status.html","title":"Questionnaire codes for immigration status","generation":"generated"},{"extension":[{"url":"http://hl7.org/fhir/tools/StructureDefinition/ig-page-name","valueUrl":"CodeSystem-marital-status.html"}],"nameUrl":"CodeSystem-marital-status.html","title":"Questionnaire codes for marital status","generation":"generated"},{"extension":[{"url":"http://hl7.org/fhir/tools/StructureDefinition/ig-page-name","valueUrl":"CodeSystem-medication.html"}],"nameUrl":"CodeSystem-medication.html","title":"Questionnaire medication codes","generation":"generated"},{"extension":[{"url":"http://hl7.org/fhir/tools/StructureDefinition/ig-page-name","valueUrl":"CodeSystem-menstration-menopause.html"}],"nameUrl":"CodeSystem-menstration-menopause.html","title":"Questionnaire sweat codes","generation":"generated"},{"extension":[{"url":"http://hl7.org/fhir/tools/StructureDefinition/ig-page-name","valueUrl":"CodeSystem-neurological-history.html"}],"nameUrl":"CodeSystem-neurological-history.html","title":"Questionnaire neurological history codes","generation":"generated"},{"extension":[{"url":"http://hl7.org/fhir/tools/StructureDefinition/ig-page-name","valueUrl":"CodeSystem-psychiatric-history.html"}],"nameUrl":"CodeSystem-psychiatric-history.html","title":"Questionnaire psychiatric history codes","generation":"generated"},{"extension":[{"url":"http://hl7.org/fhir/tools/StructureDefinition/ig-page-name","valueUrl":"CodeSystem-reading-ability.html"}],"nameUrl":"CodeSystem-reading-ability.html","title":"Questionnaire sweat codes","generation":"generated"},{"extension":[{"url":"http://hl7.org/fhir/tools/StructureDefinition/ig-page-name","valueUrl":"CodeSystem-smoking.html"}],"nameUrl":"CodeSystem-smoking.html","title":"Questionnaire smoking codes","generation":"generated"},{"extension":[{"url":"http://hl7.org/fhir/tools/StructureDefinition/ig-page-name","valueUrl":"CodeSystem-smoking-times.html"}],"nameUrl":"CodeSystem-smoking-times.html","title":"Questionnaire smoking times codes","generation":"generated"},{"extension":[{"url":"http://hl7.org/fhir/tools/StructureDefinition/ig-page-name","valueUrl":"CodeSystem-smoking-types.html"}],"nameUrl":"CodeSystem-smoking-types.html","title":"Questionnaire smoking type codes","generation":"generated"},{"extension":[{"url":"http://hl7.org/fhir/tools/StructureDefinition/ig-page-name","valueUrl":"CodeSystem-survey-options.html"}],"nameUrl":"CodeSystem-survey-options.html","title":"Option Codes for PHQ9 and GAD7","generation":"generated"},{"extension":[{"url":"http://hl7.org/fhir/tools/StructureDefinition/ig-page-name","valueUrl":"CodeSystem-sweat.html"}],"nameUrl":"CodeSystem-sweat.html","title":"Questionnaire sweat codes","generation":"generated"},{"extension":[{"url":"http://hl7.org/fhir/tools/StructureDefinition/ig-page-name","valueUrl":"CodeSystem-transportation-type.html"}],"nameUrl":"CodeSystem-transportation-type.html","title":"Questionnaire codes for Transportation Type","generation":"generated"},{"extension":[{"url":"http://hl7.org/fhir/tools/StructureDefinition/ig-page-name","valueUrl":"CodeSystem-vocal-activity.html"}],"nameUrl":"CodeSystem-vocal-activity.html","title":"Questionnaire sweat codes","generation":"generated"},{"extension":[{"url":"http://hl7.org/fhir/tools/StructureDefinition/ig-page-name","valueUrl":"CodeSystem-whodas.html"}],"nameUrl":"CodeSystem-whodas.html","title":"Questionnaire WHODAS codes","generation":"generated"},{"extension":[{"url":"http://hl7.org/fhir/tools/StructureDefinition/ig-page-name","valueUrl":"CodeSystem-Who-Completed-Survey.html"}],"nameUrl":"CodeSystem-Who-Completed-Survey.html","title":"Questionnaire codes","generation":"generated"},{"extension":[{"url":"http://hl7.org/fhir/tools/StructureDefinition/ig-page-name","valueUrl":"CodeSystem-Yes-No-Some.html"}],"nameUrl":"CodeSystem-Yes-No-Some.html","title":"Questionnaire Yes/No/Some codes","generation":"generated"},{"extension":[{"url":"http://hl7.org/fhir/tools/StructureDefinition/ig-page-name","valueUrl":"Questionnaire-GAD7schema.html"}],"nameUrl":"Questionnaire-GAD7schema.html","title":"GAD7_schema","generation":"generated"},{"extension":[{"url":"http://hl7.org/fhir/tools/StructureDefinition/ig-page-name","valueUrl":"Questionnaire-PHQ9schema.html"}],"nameUrl":"Questionnaire-PHQ9schema.html","title":"PHQ9_schema","generation":"generated"},{"extension":[{"url":"http://hl7.org/fhir/tools/StructureDefinition/ig-page-name","valueUrl":"Questionnaire-QuestionnaireGAD7Example.html"}],"nameUrl":"Questionnaire-QuestionnaireGAD7Example.html","title":"QuestionnaireGAD7Example","generation":"generated"},{"extension":[{"url":"http://hl7.org/fhir/tools/StructureDefinition/ig-page-name","valueUrl":"Questionnaire-QuestionnairePHQ9Example.html"}],"nameUrl":"Questionnaire-QuestionnairePHQ9Example.html","title":"QuestionnairePHQ9Example","generation":"generated"},{"extension":[{"url":"http://hl7.org/fhir/tools/StructureDefinition/ig-page-name","valueUrl":"Observation-VbaiBodyHeightExample.html"}],"nameUrl":"Observation-VbaiBodyHeightExample.html","title":"VbaiBodyHeightExample","generation":"generated"},{"extension":[{"url":"http://hl7.org/fhir/tools/StructureDefinition/ig-page-name","valueUrl":"Observation-VbaiBodyWeightExample.html"}],"nameUrl":"Observation-VbaiBodyWeightExample.html","title":"VbaiBodyWeightExample","generation":"generated"},{"extension":[{"url":"http://hl7.org/fhir/tools/StructureDefinition/ig-page-name","valueUrl":"Condition-VbaiConditionExample.html"}],"nameUrl":"Condition-VbaiConditionExample.html","title":"VbaiConditionExample","generation":"generated"},{"extension":[{"url":"http://hl7.org/fhir/tools/StructureDefinition/ig-page-name","valueUrl":"Consent-VbaiConsentExample.html"}],"nameUrl":"Consent-VbaiConsentExample.html","title":"VbaiConsentExample","generation":"generated"},{"extension":[{"url":"http://hl7.org/fhir/tools/StructureDefinition/ig-page-name","valueUrl":"Encounter-VbaiEncounterExample.html"}],"nameUrl":"Encounter-VbaiEncounterExample.html","title":"VbaiEncounterExample","generation":"generated"},{"extension":[{"url":"http://hl7.org/fhir/tools/StructureDefinition/ig-page-name","valueUrl":"Media-VbaiImagingMediaExample.html"}],"nameUrl":"Media-VbaiImagingMediaExample.html","title":"VbaiImagingMediaExample","generation":"generated"},{"extension":[{"url":"http://hl7.org/fhir/tools/StructureDefinition/ig-page-name","valueUrl":"ImagingStudy-VbaiImagingStudyExample.html"}],"nameUrl":"ImagingStudy-VbaiImagingStudyExample.html","title":"VbaiImagingStudyExample","generation":"generated"},{"extension":[{"url":"http://hl7.org/fhir/tools/StructureDefinition/ig-page-name","valueUrl":"Patient-VbaiPatientExample.html"}],"nameUrl":"Patient-VbaiPatientExample.html","title":"VbaiPatientExample","generation":"generated"},{"extension":[{"url":"http://hl7.org/fhir/tools/StructureDefinition/ig-page-name","valueUrl":"PlanDefinition-VbaiPlanDefinitionExample.html"}],"nameUrl":"PlanDefinition-VbaiPlanDefinitionExample.html","title":"VbaiPlanDefinitionExample","generation":"generated"},{"extension":[{"url":"http://hl7.org/fhir/tools/StructureDefinition/ig-page-name","valueUrl":"PlanDefinition-VbaiPlanDefinitionMoodExample.html"}],"nameUrl":"PlanDefinition-VbaiPlanDefinitionMoodExample.html","title":"VbaiPlanDefinitionMoodExample","generation":"generated"},{"extension":[{"url":"http://hl7.org/fhir/tools/StructureDefinition/ig-page-name","valueUrl":"PlanDefinition-VbaiPlanDefinitionNeurologyExample.html"}],"nameUrl":"PlanDefinition-VbaiPlanDefinitionNeurologyExample.html","title":"VbaiPlanDefinitionNeurologyExample","generation":"generated"},{"extension":[{"url":"http://hl7.org/fhir/tools/StructureDefinition/ig-page-name","valueUrl":"PlanDefinition-VbaiPlanDefinitionPedsExample.html"}],"nameUrl":"PlanDefinition-VbaiPlanDefinitionPedsExample.html","title":"VbaiPlanDefinitionPedsExample","generation":"generated"},{"extension":[{"url":"http://hl7.org/fhir/tools/StructureDefinition/ig-page-name","valueUrl":"PlanDefinition-VbaiPlanDefinitionRespiratoryExample.html"}],"nameUrl":"PlanDefinition-VbaiPlanDefinitionRespiratoryExample.html","title":"VbaiPlanDefinitionRespiratoryExample","generation":"generated"},{"extension":[{"url":"http://hl7.org/fhir/tools/StructureDefinition/ig-page-name","valueUrl":"PlanDefinition-VbaiPlanDefinitionVoiceExample.html"}],"nameUrl":"PlanDefinition-VbaiPlanDefinitionVoiceExample.html","title":"VbaiPlanDefinitionVoiceExample","generation":"generated"},{"extension":[{"url":"http://hl7.org/fhir/tools/StructureDefinition/ig-page-name","valueUrl":"Questionnaire-VbaiQuestionnaireConfoundersExample.html"}],"nameUrl":"Questionnaire-VbaiQuestionnaireConfoundersExample.html","title":"VbaiQuestionnaireConfoundersExample","generation":"generated"},{"extension":[{"url":"http://hl7.org/fhir/tools/StructureDefinition/ig-page-name","valueUrl":"Questionnaire-VbaiQuestionnaireConfoundersExample2.html"}],"nameUrl":"Questionnaire-VbaiQuestionnaireConfoundersExample2.html","title":"VbaiQuestionnaireConfoundersExample2","generation":"generated"},{"extension":[{"url":"http://hl7.org/fhir/tools/StructureDefinition/ig-page-name","valueUrl":"Questionnaire-VbaiQuestionnaireDemographicExample.html"}],"nameUrl":"Questionnaire-VbaiQuestionnaireDemographicExample.html","title":"VbaiQuestionnaireDemographicExample","generation":"generated"},{"extension":[{"url":"http://hl7.org/fhir/tools/StructureDefinition/ig-page-name","valueUrl":"Questionnaire-VbaiQuestionnaireDemographicExample2.html"}],"nameUrl":"Questionnaire-VbaiQuestionnaireDemographicExample2.html","title":"VbaiQuestionnaireDemographicExample2","generation":"generated"},{"extension":[{"url":"http://hl7.org/fhir/tools/StructureDefinition/ig-page-name","valueUrl":"Observation-VbaiVitalSignsExample.html"}],"nameUrl":"Observation-VbaiVitalSignsExample.html","title":"VbaiVitalSignsExample","generation":"generated"},{"extension":[{"url":"http://hl7.org/fhir/tools/StructureDefinition/ig-page-name","valueUrl":"Device-VbaiWaveformDeviceExample.html"}],"nameUrl":"Device-VbaiWaveformDeviceExample.html","title":"VbaiWaveformDeviceExample","generation":"generated"},{"extension":[{"url":"http://hl7.org/fhir/tools/StructureDefinition/ig-page-name","valueUrl":"Media-VbaiWaveformMediaExample.html"}],"nameUrl":"Media-VbaiWaveformMediaExample.html","title":"VbaiWaveformMediaExample","generation":"generated"}]},{"extension":[{"url":"http://hl7.org/fhir/tools/StructureDefinition/ig-page-name","valueUrl":"changelog.html"}],"nameUrl":"changelog.html","title":"Changelog","generation":"markdown"}]},"parameter":[{"code":"path-resource","value":"input/capabilities"},{"code":"path-resource","value":"input/examples"},{"code":"path-resource","value":"input/extensions"},{"code":"path-resource","value":"input/models"},{"code":"path-resource","value":"input/operations"},{"code":"path-resource","value":"input/profiles"},{"code":"path-resource","value":"input/resources"},{"code":"path-resource","value":"input/vocabulary"},{"code":"path-resource","value":"input/maps"},{"code":"path-resource","value":"input/testing"},{"code":"path-resource","value":"input/history"},{"code":"path-resource","value":"fsh-generated/resources"},{"code":"path-pages","value":"template/config"},{"code":"path-pages","value":"input/images"},{"code":"path-tx-cache","value":"input-cache/txcache"}]}}