{"resourceType":"ImplementationGuide","id":"kindlab.fhir.vbai","text":{"status":"extensions","div":"<div xmlns=\"http://www.w3.org/1999/xhtml\"><h2>VoiceaBiomarkerforAI</h2><p>The official URL for this implementation guide is: </p><pre>https://voicecollab.ai/fhir/ImplementationGuide/kindlab.fhir.vbai</pre><div><p>Implementation Guide for Voice Biomarker for AI FHIR Profiles</p>\n</div></div>"},"url":"https://voicecollab.ai/fhir/ImplementationGuide/kindlab.fhir.vbai","version":"1.5.1","name":"VoiceaBiomarkerforAI","status":"draft","date":"2024-02-23T18:40:25+00:00","publisher":"KinD Lab","contact":[{"name":"KinD Lab","telecom":[{"system":"url","value":"http://fhir.kindlab.sickkids.ca"}]}],"description":"Implementation Guide for Voice Biomarker for AI FHIR Profiles","packageId":"kindlab.fhir.vbai","license":"CC0-1.0","fhirVersion":["4.0.1"],"dependsOn":[{"id":"hl7_fhir_us_core","uri":"http://hl7.org/fhir/us/core/ImplementationGuide/hl7.fhir.us.core","packageId":"hl7.fhir.us.core","version":"5.0.1"},{"id":"hl7_fhir_uv_extensions","uri":"http://hl7.org/fhir/extensions/ImplementationGuide/hl7.fhir.uv.extensions","packageId":"hl7.fhir.uv.extensions","version":"1.0.0"},{"id":"hl7_terminology","uri":"http://terminology.hl7.org/ImplementationGuide/hl7.terminology","packageId":"hl7.terminology","version":"5.2.0"}],"definition":{"extension":[{"extension":[{"url":"code","valueString":"copyrightyear"},{"url":"value","valueString":"2022+"}],"url":"http://hl7.org/fhir/tools/StructureDefinition/ig-parameter"},{"extension":[{"url":"code","valueString":"releaselabel"},{"url":"value","valueString":"ci-build"}],"url":"http://hl7.org/fhir/tools/StructureDefinition/ig-parameter"},{"extension":[{"url":"code","valueString":"autoload-resources"},{"url":"value","valueString":"true"}],"url":"http://hl7.org/fhir/tools/StructureDefinition/ig-parameter"},{"extension":[{"url":"code","valueString":"path-liquid"},{"url":"value","valueString":"template/liquid"}],"url":"http://hl7.org/fhir/tools/StructureDefinition/ig-parameter"},{"extension":[{"url":"code","valueString":"path-liquid"},{"url":"value","valueString":"input/liquid"}],"url":"http://hl7.org/fhir/tools/StructureDefinition/ig-parameter"},{"extension":[{"url":"code","valueString":"path-qa"},{"url":"value","valueString":"temp/qa"}],"url":"http://hl7.org/fhir/tools/StructureDefinition/ig-parameter"},{"extension":[{"url":"code","valueString":"path-temp"},{"url":"value","valueString":"temp/pages"}],"url":"http://hl7.org/fhir/tools/StructureDefinition/ig-parameter"},{"extension":[{"url":"code","valueString":"path-output"},{"url":"value","valueString":"output"}],"url":"http://hl7.org/fhir/tools/StructureDefinition/ig-parameter"},{"extension":[{"url":"code","valueString":"path-suppressed-warnings"},{"url":"value","valueString":"input/ignoreWarnings.txt"}],"url":"http://hl7.org/fhir/tools/StructureDefinition/ig-parameter"},{"extension":[{"url":"code","valueString":"path-history"},{"url":"value","valueString":"https://voicecollab.ai/fhir/history.html"}],"url":"http://hl7.org/fhir/tools/StructureDefinition/ig-parameter"},{"extension":[{"url":"code","valueString":"template-html"},{"url":"value","valueString":"template-page.html"}],"url":"http://hl7.org/fhir/tools/StructureDefinition/ig-parameter"},{"extension":[{"url":"code","valueString":"template-md"},{"url":"value","valueString":"template-page-md.html"}],"url":"http://hl7.org/fhir/tools/StructureDefinition/ig-parameter"},{"extension":[{"url":"code","valueString":"apply-contact"},{"url":"value","valueString":"true"}],"url":"http://hl7.org/fhir/tools/StructureDefinition/ig-parameter"},{"extension":[{"url":"code","valueString":"apply-context"},{"url":"value","valueString":"true"}],"url":"http://hl7.org/fhir/tools/StructureDefinition/ig-parameter"},{"extension":[{"url":"code","valueString":"apply-copyright"},{"url":"value","valueString":"true"}],"url":"http://hl7.org/fhir/tools/StructureDefinition/ig-parameter"},{"extension":[{"url":"code","valueString":"apply-jurisdiction"},{"url":"value","valueString":"true"}],"url":"http://hl7.org/fhir/tools/StructureDefinition/ig-parameter"},{"extension":[{"url":"code","valueString":"apply-license"},{"url":"value","valueString":"true"}],"url":"http://hl7.org/fhir/tools/StructureDefinition/ig-parameter"},{"extension":[{"url":"code","valueString":"apply-publisher"},{"url":"value","valueString":"true"}],"url":"http://hl7.org/fhir/tools/StructureDefinition/ig-parameter"},{"extension":[{"url":"code","valueString":"apply-version"},{"url":"value","valueString":"true"}],"url":"http://hl7.org/fhir/tools/StructureDefinition/ig-parameter"},{"extension":[{"url":"code","valueString":"apply-wg"},{"url":"value","valueString":"true"}],"url":"http://hl7.org/fhir/tools/StructureDefinition/ig-parameter"},{"extension":[{"url":"code","valueString":"active-tables"},{"url":"value","valueString":"true"}],"url":"http://hl7.org/fhir/tools/StructureDefinition/ig-parameter"},{"extension":[{"url":"code","valueString":"fmm-definition"},{"url":"value","valueString":"http://hl7.org/fhir/versions.html#maturity"}],"url":"http://hl7.org/fhir/tools/StructureDefinition/ig-parameter"},{"extension":[{"url":"code","valueString":"propagate-status"},{"url":"value","valueString":"true"}],"url":"http://hl7.org/fhir/tools/StructureDefinition/ig-parameter"},{"extension":[{"url":"code","valueString":"excludelogbinaryformat"},{"url":"value","valueString":"true"}],"url":"http://hl7.org/fhir/tools/StructureDefinition/ig-parameter"},{"extension":[{"url":"code","valueString":"tabbed-snapshots"},{"url":"value","valueString":"true"}],"url":"http://hl7.org/fhir/tools/StructureDefinition/ig-parameter"},{"url":"http://hl7.org/fhir/tools/StructureDefinition/ig-internal-dependency","valueCode":"hl7.fhir.uv.tools#0.1.0"},{"extension":[{"url":"code","valueCode":"copyrightyear"},{"url":"value","valueString":"2022+"}],"url":"http://hl7.org/fhir/tools/StructureDefinition/ig-parameter"},{"extension":[{"url":"code","valueCode":"releaselabel"},{"url":"value","valueString":"ci-build"}],"url":"http://hl7.org/fhir/tools/StructureDefinition/ig-parameter"},{"extension":[{"url":"code","valueCode":"autoload-resources"},{"url":"value","valueString":"true"}],"url":"http://hl7.org/fhir/tools/StructureDefinition/ig-parameter"},{"extension":[{"url":"code","valueCode":"path-liquid"},{"url":"value","valueString":"template/liquid"}],"url":"http://hl7.org/fhir/tools/StructureDefinition/ig-parameter"},{"extension":[{"url":"code","valueCode":"path-liquid"},{"url":"value","valueString":"input/liquid"}],"url":"http://hl7.org/fhir/tools/StructureDefinition/ig-parameter"},{"extension":[{"url":"code","valueCode":"path-qa"},{"url":"value","valueString":"temp/qa"}],"url":"http://hl7.org/fhir/tools/StructureDefinition/ig-parameter"},{"extension":[{"url":"code","valueCode":"path-temp"},{"url":"value","valueString":"temp/pages"}],"url":"http://hl7.org/fhir/tools/StructureDefinition/ig-parameter"},{"extension":[{"url":"code","valueCode":"path-output"},{"url":"value","valueString":"output"}],"url":"http://hl7.org/fhir/tools/StructureDefinition/ig-parameter"},{"extension":[{"url":"code","valueCode":"path-suppressed-warnings"},{"url":"value","valueString":"input/ignoreWarnings.txt"}],"url":"http://hl7.org/fhir/tools/StructureDefinition/ig-parameter"},{"extension":[{"url":"code","valueCode":"path-history"},{"url":"value","valueString":"https://voicecollab.ai/fhir/history.html"}],"url":"http://hl7.org/fhir/tools/StructureDefinition/ig-parameter"},{"extension":[{"url":"code","valueCode":"template-html"},{"url":"value","valueString":"template-page.html"}],"url":"http://hl7.org/fhir/tools/StructureDefinition/ig-parameter"},{"extension":[{"url":"code","valueCode":"template-md"},{"url":"value","valueString":"template-page-md.html"}],"url":"http://hl7.org/fhir/tools/StructureDefinition/ig-parameter"},{"extension":[{"url":"code","valueCode":"apply-contact"},{"url":"value","valueString":"true"}],"url":"http://hl7.org/fhir/tools/StructureDefinition/ig-parameter"},{"extension":[{"url":"code","valueCode":"apply-context"},{"url":"value","valueString":"true"}],"url":"http://hl7.org/fhir/tools/StructureDefinition/ig-parameter"},{"extension":[{"url":"code","valueCode":"apply-copyright"},{"url":"value","valueString":"true"}],"url":"http://hl7.org/fhir/tools/StructureDefinition/ig-parameter"},{"extension":[{"url":"code","valueCode":"apply-jurisdiction"},{"url":"value","valueString":"true"}],"url":"http://hl7.org/fhir/tools/StructureDefinition/ig-parameter"},{"extension":[{"url":"code","valueCode":"apply-license"},{"url":"value","valueString":"true"}],"url":"http://hl7.org/fhir/tools/StructureDefinition/ig-parameter"},{"extension":[{"url":"code","valueCode":"apply-publisher"},{"url":"value","valueString":"true"}],"url":"http://hl7.org/fhir/tools/StructureDefinition/ig-parameter"},{"extension":[{"url":"code","valueCode":"apply-version"},{"url":"value","valueString":"true"}],"url":"http://hl7.org/fhir/tools/StructureDefinition/ig-parameter"},{"extension":[{"url":"code","valueCode":"apply-wg"},{"url":"value","valueString":"true"}],"url":"http://hl7.org/fhir/tools/StructureDefinition/ig-parameter"},{"extension":[{"url":"code","valueCode":"active-tables"},{"url":"value","valueString":"true"}],"url":"http://hl7.org/fhir/tools/StructureDefinition/ig-parameter"},{"extension":[{"url":"code","valueCode":"fmm-definition"},{"url":"value","valueString":"http://hl7.org/fhir/versions.html#maturity"}],"url":"http://hl7.org/fhir/tools/StructureDefinition/ig-parameter"},{"extension":[{"url":"code","valueCode":"propagate-status"},{"url":"value","valueString":"true"}],"url":"http://hl7.org/fhir/tools/StructureDefinition/ig-parameter"},{"extension":[{"url":"code","valueCode":"excludelogbinaryformat"},{"url":"value","valueString":"true"}],"url":"http://hl7.org/fhir/tools/StructureDefinition/ig-parameter"},{"extension":[{"url":"code","valueCode":"tabbed-snapshots"},{"url":"value","valueString":"true"}],"url":"http://hl7.org/fhir/tools/StructureDefinition/ig-parameter"},{"extension":[{"url":"code","valueCode":"copyrightyear"},{"url":"value","valueString":"2022+"}],"url":"http://hl7.org/fhir/tools/StructureDefinition/ig-parameter"},{"extension":[{"url":"code","valueCode":"releaselabel"},{"url":"value","valueString":"ci-build"}],"url":"http://hl7.org/fhir/tools/StructureDefinition/ig-parameter"},{"extension":[{"url":"code","valueCode":"autoload-resources"},{"url":"value","valueString":"true"}],"url":"http://hl7.org/fhir/tools/StructureDefinition/ig-parameter"},{"extension":[{"url":"code","valueCode":"path-liquid"},{"url":"value","valueString":"template/liquid"}],"url":"http://hl7.org/fhir/tools/StructureDefinition/ig-parameter"},{"extension":[{"url":"code","valueCode":"path-liquid"},{"url":"value","valueString":"input/liquid"}],"url":"http://hl7.org/fhir/tools/StructureDefinition/ig-parameter"},{"extension":[{"url":"code","valueCode":"path-qa"},{"url":"value","valueString":"temp/qa"}],"url":"http://hl7.org/fhir/tools/StructureDefinition/ig-parameter"},{"extension":[{"url":"code","valueCode":"path-temp"},{"url":"value","valueString":"temp/pages"}],"url":"http://hl7.org/fhir/tools/StructureDefinition/ig-parameter"},{"extension":[{"url":"code","valueCode":"path-output"},{"url":"value","valueString":"output"}],"url":"http://hl7.org/fhir/tools/StructureDefinition/ig-parameter"},{"extension":[{"url":"code","valueCode":"path-suppressed-warnings"},{"url":"value","valueString":"input/ignoreWarnings.txt"}],"url":"http://hl7.org/fhir/tools/StructureDefinition/ig-parameter"},{"extension":[{"url":"code","valueCode":"path-history"},{"url":"value","valueString":"https://voicecollab.ai/fhir/history.html"}],"url":"http://hl7.org/fhir/tools/StructureDefinition/ig-parameter"},{"extension":[{"url":"code","valueCode":"template-html"},{"url":"value","valueString":"template-page.html"}],"url":"http://hl7.org/fhir/tools/StructureDefinition/ig-parameter"},{"extension":[{"url":"code","valueCode":"template-md"},{"url":"value","valueString":"template-page-md.html"}],"url":"http://hl7.org/fhir/tools/StructureDefinition/ig-parameter"},{"extension":[{"url":"code","valueCode":"apply-contact"},{"url":"value","valueString":"true"}],"url":"http://hl7.org/fhir/tools/StructureDefinition/ig-parameter"},{"extension":[{"url":"code","valueCode":"apply-context"},{"url":"value","valueString":"true"}],"url":"http://hl7.org/fhir/tools/StructureDefinition/ig-parameter"},{"extension":[{"url":"code","valueCode":"apply-copyright"},{"url":"value","valueString":"true"}],"url":"http://hl7.org/fhir/tools/StructureDefinition/ig-parameter"},{"extension":[{"url":"code","valueCode":"apply-jurisdiction"},{"url":"value","valueString":"true"}],"url":"http://hl7.org/fhir/tools/StructureDefinition/ig-parameter"},{"extension":[{"url":"code","valueCode":"apply-license"},{"url":"value","valueString":"true"}],"url":"http://hl7.org/fhir/tools/StructureDefinition/ig-parameter"},{"extension":[{"url":"code","valueCode":"apply-publisher"},{"url":"value","valueString":"true"}],"url":"http://hl7.org/fhir/tools/StructureDefinition/ig-parameter"},{"extension":[{"url":"code","valueCode":"apply-version"},{"url":"value","valueString":"true"}],"url":"http://hl7.org/fhir/tools/StructureDefinition/ig-parameter"},{"extension":[{"url":"code","valueCode":"apply-wg"},{"url":"value","valueString":"true"}],"url":"http://hl7.org/fhir/tools/StructureDefinition/ig-parameter"},{"extension":[{"url":"code","valueCode":"active-tables"},{"url":"value","valueString":"true"}],"url":"http://hl7.org/fhir/tools/StructureDefinition/ig-parameter"},{"extension":[{"url":"code","valueCode":"fmm-definition"},{"url":"value","valueString":"http://hl7.org/fhir/versions.html#maturity"}],"url":"http://hl7.org/fhir/tools/StructureDefinition/ig-parameter"},{"extension":[{"url":"code","valueCode":"propagate-status"},{"url":"value","valueString":"true"}],"url":"http://hl7.org/fhir/tools/StructureDefinition/ig-parameter"},{"extension":[{"url":"code","valueCode":"excludelogbinaryformat"},{"url":"value","valueString":"true"}],"url":"http://hl7.org/fhir/tools/StructureDefinition/ig-parameter"},{"extension":[{"url":"code","valueCode":"tabbed-snapshots"},{"url":"value","valueString":"true"}],"url":"http://hl7.org/fhir/tools/StructureDefinition/ig-parameter"}],"grouping":[{"id":"-ex-example","name":"Example: Example Instances","description":"These are example instances that show what data produced and consumed by systems conforming with this implementation guide might look like."}],"resource":[{"extension":[{"url":"http://hl7.org/fhir/tools/StructureDefinition/resource-sort","valueInteger":999999999},{"url":"http://hl7.org/fhir/StructureDefinition/implementationguide-page","valueUri":"Questionnaire-acoustictaskschema.html"}],"reference":{"reference":"Questionnaire/acoustictaskschema"},"name":"acoustictaskschema","exampleBoolean":true,"groupingId":"-ex-example"},{"extension":[{"url":"http://hl7.org/fhir/tools/StructureDefinition/resource-sort","valueInteger":999999999},{"url":"http://hl7.org/fhir/StructureDefinition/implementationguide-page","valueUri":"Questionnaire-bridge2aieconsentaddendumbchenglishschema.html"}],"reference":{"reference":"Questionnaire/bridge2aieconsentaddendumbchenglishschema"},"name":"bridge2aieconsentaddendumbchenglishschema","exampleBoolean":true,"groupingId":"-ex-example"},{"extension":[{"url":"http://hl7.org/fhir/tools/StructureDefinition/resource-sort","valueInteger":999999999},{"url":"http://hl7.org/fhir/StructureDefinition/implementationguide-page","valueUri":"Questionnaire-bridge2aieconsentaddendummitenglishschema.html"}],"reference":{"reference":"Questionnaire/bridge2aieconsentaddendummitenglishschema"},"name":"bridge2aieconsentaddendummitenglishschema","exampleBoolean":true,"groupingId":"-ex-example"},{"extension":[{"url":"http://hl7.org/fhir/tools/StructureDefinition/resource-sort","valueInteger":999999999},{"url":"http://hl7.org/fhir/StructureDefinition/implementationguide-page","valueUri":"Questionnaire-bridge2aieconsentaddendummitresearcherstatemeschema.html"}],"reference":{"reference":"Questionnaire/bridge2aieconsentaddendummitresearcherstatemeschema"},"name":"bridge2aieconsentaddendummitresearcherstatemeschema","exampleBoolean":true,"groupingId":"-ex-example"},{"extension":[{"url":"http://hl7.org/fhir/tools/StructureDefinition/resource-sort","valueInteger":999999999},{"url":"http://hl7.org/fhir/StructureDefinition/implementationguide-page","valueUri":"Questionnaire-bridge2aieconsentaddendumwcmenglishschema.html"}],"reference":{"reference":"Questionnaire/bridge2aieconsentaddendumwcmenglishschema"},"name":"bridge2aieconsentaddendumwcmenglishschema","exampleBoolean":true,"groupingId":"-ex-example"},{"extension":[{"url":"http://hl7.org/fhir/tools/StructureDefinition/resource-sort","valueInteger":999999999},{"url":"http://hl7.org/fhir/StructureDefinition/implementationguide-page","valueUri":"Questionnaire-bridge2aieconsentaddendumwcmresearcherstatemeschema.html"}],"reference":{"reference":"Questionnaire/bridge2aieconsentaddendumwcmresearcherstatemeschema"},"name":"bridge2aieconsentaddendumwcmresearcherstatemeschema","exampleBoolean":true,"groupingId":"-ex-example"},{"extension":[{"url":"http://hl7.org/fhir/tools/StructureDefinition/resource-sort","valueInteger":999999999},{"url":"http://hl7.org/fhir/StructureDefinition/implementationguide-page","valueUri":"Questionnaire-bridge2aieconsentcombinedpdfaddendummitschema.html"}],"reference":{"reference":"Questionnaire/bridge2aieconsentcombinedpdfaddendummitschema"},"name":"bridge2aieconsentcombinedpdfaddendummitschema","exampleBoolean":true,"groupingId":"-ex-example"},{"extension":[{"url":"http://hl7.org/fhir/tools/StructureDefinition/resource-sort","valueInteger":999999999},{"url":"http://hl7.org/fhir/StructureDefinition/implementationguide-page","valueUri":"Questionnaire-bridge2aieconsentcombinedpdfaddendumwcmschema.html"}],"reference":{"reference":"Questionnaire/bridge2aieconsentcombinedpdfaddendumwcmschema"},"name":"bridge2aieconsentcombinedpdfaddendumwcmschema","exampleBoolean":true,"groupingId":"-ex-example"},{"extension":[{"url":"http://hl7.org/fhir/tools/StructureDefinition/resource-sort","valueInteger":999999999},{"url":"http://hl7.org/fhir/StructureDefinition/implementationguide-page","valueUri":"Questionnaire-bridge2aieconsentcombinedpdfmainicfusfschema.html"}],"reference":{"reference":"Questionnaire/bridge2aieconsentcombinedpdfmainicfusfschema"},"name":"bridge2aieconsentcombinedpdfmainicfusfschema","exampleBoolean":true,"groupingId":"-ex-example"},{"extension":[{"url":"http://hl7.org/fhir/tools/StructureDefinition/resource-sort","valueInteger":999999999},{"url":"http://hl7.org/fhir/StructureDefinition/implementationguide-page","valueUri":"Questionnaire-bridge2aieconsentmainicfusfenglishschema.html"}],"reference":{"reference":"Questionnaire/bridge2aieconsentmainicfusfenglishschema"},"name":"bridge2aieconsentmainicfusfenglishschema","exampleBoolean":true,"groupingId":"-ex-example"},{"extension":[{"url":"http://hl7.org/fhir/tools/StructureDefinition/resource-sort","valueInteger":999999999},{"url":"http://hl7.org/fhir/StructureDefinition/implementationguide-page","valueUri":"Questionnaire-bridge2aieconsentmainicfusfresearcherstatemeschema.html"}],"reference":{"reference":"Questionnaire/bridge2aieconsentmainicfusfresearcherstatemeschema"},"name":"bridge2aieconsentmainicfusfresearcherstatemeschema","exampleBoolean":true,"groupingId":"-ex-example"},{"extension":[{"url":"http://hl7.org/fhir/tools/StructureDefinition/resource-sort","valueInteger":999999999},{"url":"http://hl7.org/fhir/StructureDefinition/implementationguide-page","valueUri":"Questionnaire-bridge2aipaperconsentallsitesenglishschema.html"}],"reference":{"reference":"Questionnaire/bridge2aipaperconsentallsitesenglishschema"},"name":"bridge2aipaperconsentallsitesenglishschema","exampleBoolean":true,"groupingId":"-ex-example"},{"extension":[{"url":"http://hl7.org/fhir/tools/StructureDefinition/resource-sort","valueInteger":999999999},{"url":"http://hl7.org/fhir/StructureDefinition/implementationguide-page","valueUri":"Questionnaire-dmoodbipolardisorderschema.html"}],"reference":{"reference":"Questionnaire/dmoodbipolardisorderschema"},"name":"dmoodbipolardisorderschema","exampleBoolean":true,"groupingId":"-ex-example"},{"extension":[{"url":"http://hl7.org/fhir/tools/StructureDefinition/resource-sort","valueInteger":999999999},{"url":"http://hl7.org/fhir/StructureDefinition/implementationguide-page","valueUri":"Questionnaire-dmooddepressionormajordepressivedisorderschema.html"}],"reference":{"reference":"Questionnaire/dmooddepressionormajordepressivedisorderschema"},"name":"dmooddepressionormajordepressivedisorderschema","exampleBoolean":true,"groupingId":"-ex-example"},{"extension":[{"url":"http://hl7.org/fhir/tools/StructureDefinition/resource-sort","valueInteger":999999999},{"url":"http://hl7.org/fhir/StructureDefinition/implementationguide-page","valueUri":"Questionnaire-dneuroalzheimersdiseasemildcognitiveimpairmeschema.html"}],"reference":{"reference":"Questionnaire/dneuroalzheimersdiseasemildcognitiveimpairmeschema"},"name":"dneuroalzheimersdiseasemildcognitiveimpairmeschema","exampleBoolean":true,"groupingId":"-ex-example"},{"extension":[{"url":"http://hl7.org/fhir/tools/StructureDefinition/resource-sort","valueInteger":999999999},{"url":"http://hl7.org/fhir/StructureDefinition/implementationguide-page","valueUri":"Questionnaire-dneuroamyotrophiclateralsclerosisalsschema.html"}],"reference":{"reference":"Questionnaire/dneuroamyotrophiclateralsclerosisalsschema"},"name":"dneuroamyotrophiclateralsclerosisalsschema","exampleBoolean":true,"groupingId":"-ex-example"},{"extension":[{"url":"http://hl7.org/fhir/tools/StructureDefinition/resource-sort","valueInteger":999999999},{"url":"http://hl7.org/fhir/StructureDefinition/implementationguide-page","valueUri":"Questionnaire-dneuroparkinsonsdiseaseschema.html"}],"reference":{"reference":"Questionnaire/dneuroparkinsonsdiseaseschema"},"name":"dneuroparkinsonsdiseaseschema","exampleBoolean":true,"groupingId":"-ex-example"},{"extension":[{"url":"http://hl7.org/fhir/tools/StructureDefinition/resource-sort","valueInteger":999999999},{"url":"http://hl7.org/fhir/StructureDefinition/implementationguide-page","valueUri":"Questionnaire-dpedshealthydevelopmentallytypicalchildrenschema.html"}],"reference":{"reference":"Questionnaire/dpedshealthydevelopmentallytypicalchildrenschema"},"name":"dpedshealthydevelopmentallytypicalchildrenschema","exampleBoolean":true,"groupingId":"-ex-example"},{"extension":[{"url":"http://hl7.org/fhir/tools/StructureDefinition/resource-sort","valueInteger":999999999},{"url":"http://hl7.org/fhir/StructureDefinition/implementationguide-page","valueUri":"Questionnaire-drespairwaystenosisschema.html"}],"reference":{"reference":"Questionnaire/drespairwaystenosisschema"},"name":"drespairwaystenosisschema","exampleBoolean":true,"groupingId":"-ex-example"},{"extension":[{"url":"http://hl7.org/fhir/tools/StructureDefinition/resource-sort","valueInteger":999999999},{"url":"http://hl7.org/fhir/StructureDefinition/implementationguide-page","valueUri":"Questionnaire-dvoicevocalfoldparalysisschema.html"}],"reference":{"reference":"Questionnaire/dvoicevocalfoldparalysisschema"},"name":"dvoicevocalfoldparalysisschema","exampleBoolean":true,"groupingId":"-ex-example"},{"extension":[{"url":"http://hl7.org/fhir/tools/StructureDefinition/resource-sort","valueInteger":999999999},{"url":"http://hl7.org/fhir/StructureDefinition/implementationguide-page","valueUri":"Questionnaire-enrollmentformschema.html"}],"reference":{"reference":"Questionnaire/enrollmentformschema"},"name":"enrollmentformschema","exampleBoolean":true,"groupingId":"-ex-example"},{"extension":[{"url":"http://hl7.org/fhir/tools/StructureDefinition/resource-sort","valueInteger":999999999},{"url":"http://hl7.org/fhir/StructureDefinition/implementationguide-page","valueUri":"Questionnaire-qgenericconfoundersschema.html"}],"reference":{"reference":"Questionnaire/qgenericconfoundersschema"},"name":"qgenericconfoundersschema","exampleBoolean":true,"groupingId":"-ex-example"},{"extension":[{"url":"http://hl7.org/fhir/tools/StructureDefinition/resource-sort","valueInteger":999999999},{"url":"http://hl7.org/fhir/StructureDefinition/implementationguide-page","valueUri":"Questionnaire-qgenericdemographicsschema.html"}],"reference":{"reference":"Questionnaire/qgenericdemographicsschema"},"name":"qgenericdemographicsschema","exampleBoolean":true,"groupingId":"-ex-example"},{"extension":[{"url":"http://hl7.org/fhir/tools/StructureDefinition/resource-sort","valueInteger":999999999},{"url":"http://hl7.org/fhir/StructureDefinition/implementationguide-page","valueUri":"Questionnaire-qgenericgad7anxietyschema.html"}],"reference":{"reference":"Questionnaire/qgenericgad7anxietyschema"},"name":"qgenericgad7anxietyschema","exampleBoolean":true,"groupingId":"-ex-example"},{"extension":[{"url":"http://hl7.org/fhir/tools/StructureDefinition/resource-sort","valueInteger":999999999},{"url":"http://hl7.org/fhir/StructureDefinition/implementationguide-page","valueUri":"Questionnaire-qgenericpatienthealthquestionnaire9schema.html"}],"reference":{"reference":"Questionnaire/qgenericpatienthealthquestionnaire9schema"},"name":"qgenericpatienthealthquestionnaire9schema","exampleBoolean":true,"groupingId":"-ex-example"},{"extension":[{"url":"http://hl7.org/fhir/tools/StructureDefinition/resource-sort","valueInteger":999999999},{"url":"http://hl7.org/fhir/StructureDefinition/implementationguide-page","valueUri":"Questionnaire-qgenericvoicehandicapindexvhi10schema.html"}],"reference":{"reference":"Questionnaire/qgenericvoicehandicapindexvhi10schema"},"name":"qgenericvoicehandicapindexvhi10schema","exampleBoolean":true,"groupingId":"-ex-example"},{"extension":[{"url":"http://hl7.org/fhir/tools/StructureDefinition/resource-sort","valueInteger":999999999},{"url":"http://hl7.org/fhir/StructureDefinition/implementationguide-page","valueUri":"Questionnaire-qgenericvoiceperceptionschema.html"}],"reference":{"reference":"Questionnaire/qgenericvoiceperceptionschema"},"name":"qgenericvoiceperceptionschema","exampleBoolean":true,"groupingId":"-ex-example"},{"extension":[{"url":"http://hl7.org/fhir/tools/StructureDefinition/resource-sort","valueInteger":999999999},{"url":"http://hl7.org/fhir/StructureDefinition/implementationguide-page","valueUri":"Questionnaire-qmoodadhdadultschema.html"}],"reference":{"reference":"Questionnaire/qmoodadhdadultschema"},"name":"qmoodadhdadultschema","exampleBoolean":true,"groupingId":"-ex-example"},{"extension":[{"url":"http://hl7.org/fhir/tools/StructureDefinition/resource-sort","valueInteger":999999999},{"url":"http://hl7.org/fhir/StructureDefinition/implementationguide-page","valueUri":"Questionnaire-qmoodcustomaffectscaleschema.html"}],"reference":{"reference":"Questionnaire/qmoodcustomaffectscaleschema"},"name":"qmoodcustomaffectscaleschema","exampleBoolean":true,"groupingId":"-ex-example"},{"extension":[{"url":"http://hl7.org/fhir/tools/StructureDefinition/resource-sort","valueInteger":999999999},{"url":"http://hl7.org/fhir/StructureDefinition/implementationguide-page","valueUri":"Questionnaire-qmooddsm5adultschema.html"}],"reference":{"reference":"Questionnaire/qmooddsm5adultschema"},"name":"qmooddsm5adultschema","exampleBoolean":true,"groupingId":"-ex-example"},{"extension":[{"url":"http://hl7.org/fhir/tools/StructureDefinition/resource-sort","valueInteger":999999999},{"url":"http://hl7.org/fhir/StructureDefinition/implementationguide-page","valueUri":"Questionnaire-qmoodpanasschema.html"}],"reference":{"reference":"Questionnaire/qmoodpanasschema"},"name":"qmoodpanasschema","exampleBoolean":true,"groupingId":"-ex-example"},{"extension":[{"url":"http://hl7.org/fhir/tools/StructureDefinition/resource-sort","valueInteger":999999999},{"url":"http://hl7.org/fhir/StructureDefinition/implementationguide-page","valueUri":"Questionnaire-qmoodptsdadultschema.html"}],"reference":{"reference":"Questionnaire/qmoodptsdadultschema"},"name":"qmoodptsdadultschema","exampleBoolean":true,"groupingId":"-ex-example"},{"extension":[{"url":"http://hl7.org/fhir/tools/StructureDefinition/resource-sort","valueInteger":999999999},{"url":"http://hl7.org/fhir/StructureDefinition/implementationguide-page","valueUri":"Questionnaire-qneuroproductivevocabularyschema.html"}],"reference":{"reference":"Questionnaire/qneuroproductivevocabularyschema"},"name":"qneuroproductivevocabularyschema","exampleBoolean":true,"groupingId":"-ex-example"},{"extension":[{"url":"http://hl7.org/fhir/tools/StructureDefinition/resource-sort","valueInteger":999999999},{"url":"http://hl7.org/fhir/StructureDefinition/implementationguide-page","valueUri":"Questionnaire-qneurorandomitemgenerationschema.html"}],"reference":{"reference":"Questionnaire/qneurorandomitemgenerationschema"},"name":"qneurorandomitemgenerationschema","exampleBoolean":true,"groupingId":"-ex-example"},{"extension":[{"url":"http://hl7.org/fhir/tools/StructureDefinition/resource-sort","valueInteger":999999999},{"url":"http://hl7.org/fhir/StructureDefinition/implementationguide-page","valueUri":"Questionnaire-qneurowinogradschemasschema.html"}],"reference":{"reference":"Questionnaire/qneurowinogradschemasschema"},"name":"qneurowinogradschemasschema","exampleBoolean":true,"groupingId":"-ex-example"},{"extension":[{"url":"http://hl7.org/fhir/tools/StructureDefinition/resource-sort","valueInteger":999999999},{"url":"http://hl7.org/fhir/StructureDefinition/implementationguide-page","valueUri":"Questionnaire-qneurowordcolorstroopschema.html"}],"reference":{"reference":"Questionnaire/qneurowordcolorstroopschema"},"name":"qneurowordcolorstroopschema","exampleBoolean":true,"groupingId":"-ex-example"},{"extension":[{"url":"http://hl7.org/fhir/tools/StructureDefinition/resource-sort","valueInteger":999999999},{"url":"http://hl7.org/fhir/StructureDefinition/implementationguide-page","valueUri":"Questionnaire-qrespdyspneaindexdischema.html"}],"reference":{"reference":"Questionnaire/qrespdyspneaindexdischema"},"name":"qrespdyspneaindexdischema","exampleBoolean":true,"groupingId":"-ex-example"},{"extension":[{"url":"http://hl7.org/fhir/tools/StructureDefinition/resource-sort","valueInteger":999999999},{"url":"http://hl7.org/fhir/StructureDefinition/implementationguide-page","valueUri":"Questionnaire-qrespleicestercoughquestionnairelcqschema.html"}],"reference":{"reference":"Questionnaire/qrespleicestercoughquestionnairelcqschema"},"name":"qrespleicestercoughquestionnairelcqschema","exampleBoolean":true,"groupingId":"-ex-example"},{"extension":[{"url":"http://hl7.org/fhir/tools/StructureDefinition/resource-sort","valueInteger":999999999},{"url":"http://hl7.org/fhir/StructureDefinition/implementationguide-page","valueUri":"Questionnaire-qvoicevoiceproblemseverityschema.html"}],"reference":{"reference":"Questionnaire/qvoicevoiceproblemseverityschema"},"name":"qvoicevoiceproblemseverityschema","exampleBoolean":true,"groupingId":"-ex-example"},{"extension":[{"url":"http://hl7.org/fhir/tools/StructureDefinition/resource-sort","valueInteger":999999999},{"url":"http://hl7.org/fhir/StructureDefinition/implementationguide-page","valueUri":"Questionnaire-recordingschema.html"}],"reference":{"reference":"Questionnaire/recordingschema"},"name":"recordingschema","exampleBoolean":true,"groupingId":"-ex-example"},{"extension":[{"url":"http://hl7.org/fhir/tools/StructureDefinition/resource-sort","valueInteger":999999999},{"url":"http://hl7.org/fhir/StructureDefinition/implementationguide-page","valueUri":"Questionnaire-sessionschema.html"}],"reference":{"reference":"Questionnaire/sessionschema"},"name":"sessionschema","exampleBoolean":true,"groupingId":"-ex-example"},{"extension":[{"url":"http://hl7.org/fhir/tools/StructureDefinition/resource-sort","valueInteger":999999999},{"url":"http://hl7.org/fhir/StructureDefinition/implementationguide-page","valueUri":"Questionnaire-subjectparticipantbasicinformationschema.html"}],"reference":{"reference":"Questionnaire/subjectparticipantbasicinformationschema"},"name":"subjectparticipantbasicinformationschema","exampleBoolean":true,"groupingId":"-ex-example"},{"extension":[{"url":"http://hl7.org/fhir/tools/StructureDefinition/resource-sort","valueInteger":999999999},{"url":"http://hl7.org/fhir/StructureDefinition/implementationguide-page","valueUri":"Questionnaire-subjectparticipantcontactinformationschema.html"}],"reference":{"reference":"Questionnaire/subjectparticipantcontactinformationschema"},"name":"subjectparticipantcontactinformationschema","exampleBoolean":true,"groupingId":"-ex-example"},{"extension":[{"url":"http://hl7.org/fhir/tools/StructureDefinition/resource-sort","valueInteger":999999999},{"url":"http://hl7.org/fhir/StructureDefinition/implementationguide-page","valueUri":"Questionnaire-subjectparticipanteligiblestudiesschema.html"}],"reference":{"reference":"Questionnaire/subjectparticipanteligiblestudiesschema"},"name":"subjectparticipanteligiblestudiesschema","exampleBoolean":true,"groupingId":"-ex-example"}],"page":{"extension":[{"url":"http://hl7.org/fhir/tools/StructureDefinition/ig-page-name","valueUrl":"toc.html"}],"nameUrl":"toc.html","title":"Table of Contents","generation":"html","page":[{"extension":[{"url":"http://hl7.org/fhir/tools/StructureDefinition/ig-page-name","valueUrl":"index.html"}],"nameUrl":"index.html","title":"Home","generation":"markdown"},{"extension":[{"url":"http://hl7.org/fhir/tools/StructureDefinition/ig-page-name","valueUrl":"brief_fhir_intro.html"}],"nameUrl":"brief_fhir_intro.html","title":"Brief Fhir Intro","generation":"markdown"},{"extension":[{"url":"http://hl7.org/fhir/tools/StructureDefinition/ig-page-name","valueUrl":"changelog.html"}],"nameUrl":"changelog.html","title":"Changelog","generation":"markdown"},{"extension":[{"url":"http://hl7.org/fhir/tools/StructureDefinition/ig-page-name","valueUrl":"guidance.html"}],"nameUrl":"guidance.html","title":"Guidance","generation":"markdown"},{"extension":[{"url":"http://hl7.org/fhir/tools/StructureDefinition/ig-page-name","valueUrl":"protocol.html"}],"nameUrl":"protocol.html","title":"Protocol","generation":"markdown"},{"extension":[{"url":"http://hl7.org/fhir/tools/StructureDefinition/ig-page-name","valueUrl":"tutorial_mood.html"}],"nameUrl":"tutorial_mood.html","title":"Tutorial Mood","generation":"markdown"},{"extension":[{"url":"http://hl7.org/fhir/tools/StructureDefinition/ig-page-name","valueUrl":"tutorial_neuro.html"}],"nameUrl":"tutorial_neuro.html","title":"Tutorial Neuro","generation":"markdown"},{"extension":[{"url":"http://hl7.org/fhir/tools/StructureDefinition/ig-page-name","valueUrl":"tutorial_peds.html"}],"nameUrl":"tutorial_peds.html","title":"Tutorial Peds","generation":"markdown"},{"extension":[{"url":"http://hl7.org/fhir/tools/StructureDefinition/ig-page-name","valueUrl":"tutorial_respiratory.html"}],"nameUrl":"tutorial_respiratory.html","title":"Tutorial Respiratory","generation":"markdown"},{"extension":[{"url":"http://hl7.org/fhir/tools/StructureDefinition/ig-page-name","valueUrl":"tutorial_table_of_contents.html"}],"nameUrl":"tutorial_table_of_contents.html","title":"Tutorial Table of Contents","generation":"markdown"},{"extension":[{"url":"http://hl7.org/fhir/tools/StructureDefinition/ig-page-name","valueUrl":"tutorial_voice.html"}],"nameUrl":"tutorial_voice.html","title":"Tutorial Voice","generation":"markdown"},{"extension":[{"url":"http://hl7.org/fhir/tools/StructureDefinition/ig-page-name","valueUrl":"artifacts.html"}],"nameUrl":"artifacts.html","title":"Artifacts Summary","generation":"html","page":[{"extension":[{"url":"http://hl7.org/fhir/tools/StructureDefinition/ig-page-name","valueUrl":"Questionnaire-acoustictaskschema.html"}],"nameUrl":"Questionnaire-acoustictaskschema.html","title":"acoustictaskschema","generation":"generated"},{"extension":[{"url":"http://hl7.org/fhir/tools/StructureDefinition/ig-page-name","valueUrl":"Questionnaire-bridge2aieconsentaddendumbchenglishschema.html"}],"nameUrl":"Questionnaire-bridge2aieconsentaddendumbchenglishschema.html","title":"bridge2aieconsentaddendumbchenglishschema","generation":"generated"},{"extension":[{"url":"http://hl7.org/fhir/tools/StructureDefinition/ig-page-name","valueUrl":"Questionnaire-bridge2aieconsentaddendummitenglishschema.html"}],"nameUrl":"Questionnaire-bridge2aieconsentaddendummitenglishschema.html","title":"bridge2aieconsentaddendummitenglishschema","generation":"generated"},{"extension":[{"url":"http://hl7.org/fhir/tools/StructureDefinition/ig-page-name","valueUrl":"Questionnaire-bridge2aieconsentaddendummitresearcherstatemeschema.html"}],"nameUrl":"Questionnaire-bridge2aieconsentaddendummitresearcherstatemeschema.html","title":"bridge2aieconsentaddendummitresearcherstatemeschema","generation":"generated"},{"extension":[{"url":"http://hl7.org/fhir/tools/StructureDefinition/ig-page-name","valueUrl":"Questionnaire-bridge2aieconsentaddendumwcmenglishschema.html"}],"nameUrl":"Questionnaire-bridge2aieconsentaddendumwcmenglishschema.html","title":"bridge2aieconsentaddendumwcmenglishschema","generation":"generated"},{"extension":[{"url":"http://hl7.org/fhir/tools/StructureDefinition/ig-page-name","valueUrl":"Questionnaire-bridge2aieconsentaddendumwcmresearcherstatemeschema.html"}],"nameUrl":"Questionnaire-bridge2aieconsentaddendumwcmresearcherstatemeschema.html","title":"bridge2aieconsentaddendumwcmresearcherstatemeschema","generation":"generated"},{"extension":[{"url":"http://hl7.org/fhir/tools/StructureDefinition/ig-page-name","valueUrl":"Questionnaire-bridge2aieconsentcombinedpdfaddendummitschema.html"}],"nameUrl":"Questionnaire-bridge2aieconsentcombinedpdfaddendummitschema.html","title":"bridge2aieconsentcombinedpdfaddendummitschema","generation":"generated"},{"extension":[{"url":"http://hl7.org/fhir/tools/StructureDefinition/ig-page-name","valueUrl":"Questionnaire-bridge2aieconsentcombinedpdfaddendumwcmschema.html"}],"nameUrl":"Questionnaire-bridge2aieconsentcombinedpdfaddendumwcmschema.html","title":"bridge2aieconsentcombinedpdfaddendumwcmschema","generation":"generated"},{"extension":[{"url":"http://hl7.org/fhir/tools/StructureDefinition/ig-page-name","valueUrl":"Questionnaire-bridge2aieconsentcombinedpdfmainicfusfschema.html"}],"nameUrl":"Questionnaire-bridge2aieconsentcombinedpdfmainicfusfschema.html","title":"bridge2aieconsentcombinedpdfmainicfusfschema","generation":"generated"},{"extension":[{"url":"http://hl7.org/fhir/tools/StructureDefinition/ig-page-name","valueUrl":"Questionnaire-bridge2aieconsentmainicfusfenglishschema.html"}],"nameUrl":"Questionnaire-bridge2aieconsentmainicfusfenglishschema.html","title":"bridge2aieconsentmainicfusfenglishschema","generation":"generated"},{"extension":[{"url":"http://hl7.org/fhir/tools/StructureDefinition/ig-page-name","valueUrl":"Questionnaire-bridge2aieconsentmainicfusfresearcherstatemeschema.html"}],"nameUrl":"Questionnaire-bridge2aieconsentmainicfusfresearcherstatemeschema.html","title":"bridge2aieconsentmainicfusfresearcherstatemeschema","generation":"generated"},{"extension":[{"url":"http://hl7.org/fhir/tools/StructureDefinition/ig-page-name","valueUrl":"Questionnaire-bridge2aipaperconsentallsitesenglishschema.html"}],"nameUrl":"Questionnaire-bridge2aipaperconsentallsitesenglishschema.html","title":"bridge2aipaperconsentallsitesenglishschema","generation":"generated"},{"extension":[{"url":"http://hl7.org/fhir/tools/StructureDefinition/ig-page-name","valueUrl":"Questionnaire-dmoodbipolardisorderschema.html"}],"nameUrl":"Questionnaire-dmoodbipolardisorderschema.html","title":"dmoodbipolardisorderschema","generation":"generated"},{"extension":[{"url":"http://hl7.org/fhir/tools/StructureDefinition/ig-page-name","valueUrl":"Questionnaire-dmooddepressionormajordepressivedisorderschema.html"}],"nameUrl":"Questionnaire-dmooddepressionormajordepressivedisorderschema.html","title":"dmooddepressionormajordepressivedisorderschema","generation":"generated"},{"extension":[{"url":"http://hl7.org/fhir/tools/StructureDefinition/ig-page-name","valueUrl":"Questionnaire-dneuroalzheimersdiseasemildcognitiveimpairmeschema.html"}],"nameUrl":"Questionnaire-dneuroalzheimersdiseasemildcognitiveimpairmeschema.html","title":"dneuroalzheimersdiseasemildcognitiveimpairmeschema","generation":"generated"},{"extension":[{"url":"http://hl7.org/fhir/tools/StructureDefinition/ig-page-name","valueUrl":"Questionnaire-dneuroamyotrophiclateralsclerosisalsschema.html"}],"nameUrl":"Questionnaire-dneuroamyotrophiclateralsclerosisalsschema.html","title":"dneuroamyotrophiclateralsclerosisalsschema","generation":"generated"},{"extension":[{"url":"http://hl7.org/fhir/tools/StructureDefinition/ig-page-name","valueUrl":"Questionnaire-dneuroparkinsonsdiseaseschema.html"}],"nameUrl":"Questionnaire-dneuroparkinsonsdiseaseschema.html","title":"dneuroparkinsonsdiseaseschema","generation":"generated"},{"extension":[{"url":"http://hl7.org/fhir/tools/StructureDefinition/ig-page-name","valueUrl":"Questionnaire-dpedshealthydevelopmentallytypicalchildrenschema.html"}],"nameUrl":"Questionnaire-dpedshealthydevelopmentallytypicalchildrenschema.html","title":"dpedshealthydevelopmentallytypicalchildrenschema","generation":"generated"},{"extension":[{"url":"http://hl7.org/fhir/tools/StructureDefinition/ig-page-name","valueUrl":"Questionnaire-drespairwaystenosisschema.html"}],"nameUrl":"Questionnaire-drespairwaystenosisschema.html","title":"drespairwaystenosisschema","generation":"generated"},{"extension":[{"url":"http://hl7.org/fhir/tools/StructureDefinition/ig-page-name","valueUrl":"Questionnaire-dvoicevocalfoldparalysisschema.html"}],"nameUrl":"Questionnaire-dvoicevocalfoldparalysisschema.html","title":"dvoicevocalfoldparalysisschema","generation":"generated"},{"extension":[{"url":"http://hl7.org/fhir/tools/StructureDefinition/ig-page-name","valueUrl":"Questionnaire-enrollmentformschema.html"}],"nameUrl":"Questionnaire-enrollmentformschema.html","title":"enrollmentformschema","generation":"generated"},{"extension":[{"url":"http://hl7.org/fhir/tools/StructureDefinition/ig-page-name","valueUrl":"Questionnaire-qgenericconfoundersschema.html"}],"nameUrl":"Questionnaire-qgenericconfoundersschema.html","title":"qgenericconfoundersschema","generation":"generated"},{"extension":[{"url":"http://hl7.org/fhir/tools/StructureDefinition/ig-page-name","valueUrl":"Questionnaire-qgenericdemographicsschema.html"}],"nameUrl":"Questionnaire-qgenericdemographicsschema.html","title":"qgenericdemographicsschema","generation":"generated"},{"extension":[{"url":"http://hl7.org/fhir/tools/StructureDefinition/ig-page-name","valueUrl":"Questionnaire-qgenericgad7anxietyschema.html"}],"nameUrl":"Questionnaire-qgenericgad7anxietyschema.html","title":"qgenericgad7anxietyschema","generation":"generated"},{"extension":[{"url":"http://hl7.org/fhir/tools/StructureDefinition/ig-page-name","valueUrl":"Questionnaire-qgenericpatienthealthquestionnaire9schema.html"}],"nameUrl":"Questionnaire-qgenericpatienthealthquestionnaire9schema.html","title":"qgenericpatienthealthquestionnaire9schema","generation":"generated"},{"extension":[{"url":"http://hl7.org/fhir/tools/StructureDefinition/ig-page-name","valueUrl":"Questionnaire-qgenericvoicehandicapindexvhi10schema.html"}],"nameUrl":"Questionnaire-qgenericvoicehandicapindexvhi10schema.html","title":"qgenericvoicehandicapindexvhi10schema","generation":"generated"},{"extension":[{"url":"http://hl7.org/fhir/tools/StructureDefinition/ig-page-name","valueUrl":"Questionnaire-qgenericvoiceperceptionschema.html"}],"nameUrl":"Questionnaire-qgenericvoiceperceptionschema.html","title":"qgenericvoiceperceptionschema","generation":"generated"},{"extension":[{"url":"http://hl7.org/fhir/tools/StructureDefinition/ig-page-name","valueUrl":"Questionnaire-qmoodadhdadultschema.html"}],"nameUrl":"Questionnaire-qmoodadhdadultschema.html","title":"qmoodadhdadultschema","generation":"generated"},{"extension":[{"url":"http://hl7.org/fhir/tools/StructureDefinition/ig-page-name","valueUrl":"Questionnaire-qmoodcustomaffectscaleschema.html"}],"nameUrl":"Questionnaire-qmoodcustomaffectscaleschema.html","title":"qmoodcustomaffectscaleschema","generation":"generated"},{"extension":[{"url":"http://hl7.org/fhir/tools/StructureDefinition/ig-page-name","valueUrl":"Questionnaire-qmooddsm5adultschema.html"}],"nameUrl":"Questionnaire-qmooddsm5adultschema.html","title":"qmooddsm5adultschema","generation":"generated"},{"extension":[{"url":"http://hl7.org/fhir/tools/StructureDefinition/ig-page-name","valueUrl":"Questionnaire-qmoodpanasschema.html"}],"nameUrl":"Questionnaire-qmoodpanasschema.html","title":"qmoodpanasschema","generation":"generated"},{"extension":[{"url":"http://hl7.org/fhir/tools/StructureDefinition/ig-page-name","valueUrl":"Questionnaire-qmoodptsdadultschema.html"}],"nameUrl":"Questionnaire-qmoodptsdadultschema.html","title":"qmoodptsdadultschema","generation":"generated"},{"extension":[{"url":"http://hl7.org/fhir/tools/StructureDefinition/ig-page-name","valueUrl":"Questionnaire-qneuroproductivevocabularyschema.html"}],"nameUrl":"Questionnaire-qneuroproductivevocabularyschema.html","title":"qneuroproductivevocabularyschema","generation":"generated"},{"extension":[{"url":"http://hl7.org/fhir/tools/StructureDefinition/ig-page-name","valueUrl":"Questionnaire-qneurorandomitemgenerationschema.html"}],"nameUrl":"Questionnaire-qneurorandomitemgenerationschema.html","title":"qneurorandomitemgenerationschema","generation":"generated"},{"extension":[{"url":"http://hl7.org/fhir/tools/StructureDefinition/ig-page-name","valueUrl":"Questionnaire-qneurowinogradschemasschema.html"}],"nameUrl":"Questionnaire-qneurowinogradschemasschema.html","title":"qneurowinogradschemasschema","generation":"generated"},{"extension":[{"url":"http://hl7.org/fhir/tools/StructureDefinition/ig-page-name","valueUrl":"Questionnaire-qneurowordcolorstroopschema.html"}],"nameUrl":"Questionnaire-qneurowordcolorstroopschema.html","title":"qneurowordcolorstroopschema","generation":"generated"},{"extension":[{"url":"http://hl7.org/fhir/tools/StructureDefinition/ig-page-name","valueUrl":"Questionnaire-qrespdyspneaindexdischema.html"}],"nameUrl":"Questionnaire-qrespdyspneaindexdischema.html","title":"qrespdyspneaindexdischema","generation":"generated"},{"extension":[{"url":"http://hl7.org/fhir/tools/StructureDefinition/ig-page-name","valueUrl":"Questionnaire-qrespleicestercoughquestionnairelcqschema.html"}],"nameUrl":"Questionnaire-qrespleicestercoughquestionnairelcqschema.html","title":"qrespleicestercoughquestionnairelcqschema","generation":"generated"},{"extension":[{"url":"http://hl7.org/fhir/tools/StructureDefinition/ig-page-name","valueUrl":"Questionnaire-qvoicevoiceproblemseverityschema.html"}],"nameUrl":"Questionnaire-qvoicevoiceproblemseverityschema.html","title":"qvoicevoiceproblemseverityschema","generation":"generated"},{"extension":[{"url":"http://hl7.org/fhir/tools/StructureDefinition/ig-page-name","valueUrl":"Questionnaire-recordingschema.html"}],"nameUrl":"Questionnaire-recordingschema.html","title":"recordingschema","generation":"generated"},{"extension":[{"url":"http://hl7.org/fhir/tools/StructureDefinition/ig-page-name","valueUrl":"Questionnaire-sessionschema.html"}],"nameUrl":"Questionnaire-sessionschema.html","title":"sessionschema","generation":"generated"},{"extension":[{"url":"http://hl7.org/fhir/tools/StructureDefinition/ig-page-name","valueUrl":"Questionnaire-subjectparticipantbasicinformationschema.html"}],"nameUrl":"Questionnaire-subjectparticipantbasicinformationschema.html","title":"subjectparticipantbasicinformationschema","generation":"generated"},{"extension":[{"url":"http://hl7.org/fhir/tools/StructureDefinition/ig-page-name","valueUrl":"Questionnaire-subjectparticipantcontactinformationschema.html"}],"nameUrl":"Questionnaire-subjectparticipantcontactinformationschema.html","title":"subjectparticipantcontactinformationschema","generation":"generated"},{"extension":[{"url":"http://hl7.org/fhir/tools/StructureDefinition/ig-page-name","valueUrl":"Questionnaire-subjectparticipanteligiblestudiesschema.html"}],"nameUrl":"Questionnaire-subjectparticipanteligiblestudiesschema.html","title":"subjectparticipanteligiblestudiesschema","generation":"generated"}]}]},"parameter":[{"code":"path-resource","value":"input/capabilities"},{"code":"path-resource","value":"input/examples"},{"code":"path-resource","value":"input/extensions"},{"code":"path-resource","value":"input/models"},{"code":"path-resource","value":"input/operations"},{"code":"path-resource","value":"input/profiles"},{"code":"path-resource","value":"input/resources"},{"code":"path-resource","value":"input/vocabulary"},{"code":"path-resource","value":"input/maps"},{"code":"path-resource","value":"input/testing"},{"code":"path-resource","value":"input/history"},{"code":"path-resource","value":"fsh-generated/resources"},{"code":"path-pages","value":"template/config"},{"code":"path-pages","value":"input/images"},{"code":"path-tx-cache","value":"input-cache/txcache"}]}}