{"resourceType":"PlanDefinition","id":"VbaiPlanDefinitionGeneralQuestionnaireExample","meta":{"profile":["https://voicecollab.ai/fhir/StructureDefinition/vbai-plan-definition"]},"url":"https://voicecollab.ai/fhir/PlanDefinition/VbaiPlanDefinitionGeneralQuestionnaireExample","version":"0.1.0","title":"General Questionnaire PlanDefinition","status":"active","date":"2023-07-28","publisher":"KinD Lab","contact":[{"name":"KinD Lab","telecom":[{"system":"url","value":"http://fhir.kindlab.sickkids.ca"}]}],"description":"This is a plandefinition for GeneralQuestionnaire","action":[{"prefix":"1.7.1","title":"Questionnaires Used Across All Cohorts","description":"Questionnaires used Across All Cohorts","priority":"routine","action":[{"prefix":"1.7.1.1","title":"GAD-7","description":"Administer GAD-7 Questionnaire","priority":"routine","definitionUri":"https://voicecollab.ai/fhir/Questionnaire/GAD7schema"},{"prefix":"1.7.1.2","title":"PHQ-9","description":"Administer PHQ9 Questionnaire","priority":"routine","definitionUri":"https://voicecollab.ai/fhir/Questionnaire/PHQ9schema"},{"prefix":"1.7.1.3","title":"Voice Perception Questionniare","description":"Administer Voice Perception Questionnaire","priority":"routine","definitionUri":"https://voicecollab.ai/fhir/Questionnaire/VoicePerception"},{"prefix":"1.7.1.4","title":"VHI-10","description":"Have patient complete VHI-10 Questionnaire","priority":"routine","definitionUri":"https://voicecollab.ai/fhir/Questionnaire/VHI10"}]}]}