{"resourceType":"PlanDefinition","id":"VbaiPlanDefinitionConsentExample","meta":{"profile":["https://voicecollab.ai/fhir/StructureDefinition/vbai-plan-definition"]},"url":"https://voicecollab.ai/fhir/PlanDefinition/VbaiPlanDefinitionConsentExample","version":"0.1.0","title":"Consent","status":"active","date":"2023-07-27","publisher":"KinD Lab","contact":[{"name":"KinD Lab","telecom":[{"system":"url","value":"http://fhir.kindlab.sickkids.ca"}]}],"description":"This is a plandefinition for Consent","action":[{"prefix":"1.2.0","title":"Consent (Adults)","description":"Retrieve Consent from adult participants","priority":"routine","participant":[{"type":"patient"}],"action":[{"prefix":"1.2.1","title":"Have patient read and sign consent ","description":"Before you participate in this study, we need your consent. The consent gives you information of what to expect and what is required from you for this study. It will also give you information about how your data will be shared. You have options to read the consent, watch the video consent, or do both before you decide to give your electronic consent.","priority":"routine","definitionUri":"https://voicecollab.ai/fhir/Questionnaire/MainICF"},{"prefix":"1.2.2","title":"Retreive Researcher Statement","priority":"routine","definitionUri":"https://voicecollab.ai/fhir/Questionnaire/MainICFResearcherStatement"},{"prefix":"1.2.3","title":"Upload Combined Consent Document","priority":"routine","definitionUri":"https://voicecollab.ai/fhir/Questionnaire/MainICFCombinedPDF"},{"prefix":"1.2.4","title":"Have patient sign Addendum ","priority":"routine","definitionUri":"https://voicecollab.ai/fhir/Questionnaire/AddendumWCM"},{"prefix":"1.2.5","title":"Retrieve researcher statement for Addendum","priority":"routine","definitionUri":"https://voicecollab.ai/fhir/Questionnaire/AddendumWCMResearcherStatement"},{"prefix":"1.2.6","title":"Upload Combined Document of Addendum","priority":"routine","definitionUri":"https://voicecollab.ai/fhir/Questionnaire/AddendumCombinedPDF"}]}]}