{"resourceType":"PlanDefinition","id":"VbaiPlanDefinitionAcousticTasksNeuroExample","meta":{"profile":["https://voicecollab.ai/fhir/StructureDefinition/vbai-plan-definition"]},"url":"https://voicecollab.ai/fhir/PlanDefinition/VbaiPlanDefinitionAcousticTasksNeuroExample","version":"0.1.0","title":"Acoustic Tasks Neuro Cohort Protocol","status":"active","date":"2023-07-31","publisher":"KinD Lab","contact":[{"name":"KinD Lab","telecom":[{"system":"url","value":"http://fhir.kindlab.sickkids.ca"}]}],"description":"This is a plandefinition for Acoustic Tasks Neuro cohort protocol","action":[{"prefix":"1.8 Task 1","title":"Montreal Cognitive Assessment (MoCA Test)","description":"Have participant complete MoCA Test"},{"prefix":"1.8 Task 2","title":"Word-colour Stroop:","description":"You will be shown a word (one of 5 colour words - red, green, blue, brown, purple; such as ‘blue’, or a baseline stimulus, ‘oooo’), which is displayed in a congruent or incongruent colour (one of 5 colour stimuli). You have to name the colour in which the word is displayed. (no time limit)\u00a0"},{"prefix":"1.8 Task 3","title":"Productive vocabulary link:","description":"You will be shown a target word. You will have to provide a definition for it (no time limit)."},{"prefix":"1.8 Task 4","title":"Random item generation / semantic fluency link:","description":"You will have to speak a series of (I) random, non-repeating letters or numbers, or (ii) items from a given category (e.g., cities, animals, etc.), with the goal of maximizing the number of items. (time limit: 60 seconds).\u00a0"},{"prefix":"1.8 Task 5","title":"Winograd schemas link","description":"Read each sentence, and answer the question by selecting one of the options:\n    \nThe scientists are studying three species of fish that have recently been found living in the Indian Ocean. They began two years ago. Who or what began two years ago?\u00a0\n\n    - The Scientists\n\n    - The fish\n\nFred watched TV while George went out to buy groceries. After an hour he got up. Who got up?\n\n    - Fred\n\n    - George\n\nJoan made sure to thank Susan for all the help she had received. Who had received help?\n\n    - Joan\n\n    - Susan\n\nJoe’s uncle can still beat him at tennis, even though he is 30 years older. Who is older?\n\n    - Joe\n\n    - Joe’s uncle\n\nThe delivery truck zoomed by the school bus because it was going so fast. What was going so fast?\n\n    - The bus\n\n    - The truck"},{"prefix":"1.8 Task 6","title":"Montreal Cognitive Assessment (MoCA Test)","description":"Have participant complete MoCA Test"}]}