{"resourceType":"PlanDefinition","id":"VbaiPlanDefinitionQuestionnairePedsExample","meta":{"profile":["https://voicecollab.ai/fhir/StructureDefinition/vbai-plan-definition"]},"url":"https://voicecollab.ai/fhir/PlanDefinition/VbaiPlanDefinitionQuestionnairePedsExample","version":"0.1.0","title":"QuestionnairePeds PlanDefinition","status":"active","date":"2023-07-28","publisher":"KinD Lab","contact":[{"name":"KinD Lab","telecom":[{"system":"url","value":"http://fhir.kindlab.sickkids.ca"}]}],"description":"This is a plandefinition for QuestionnairePeds","action":[{"prefix":"1.7.2","title":"Questionnaire from Peds Cohorts","description":"Questionnaire from Peds Cohorts","priority":"routine","action":[{"prefix":"1.7.2.1","title":"Pediatric Symptom Checklist (PSC-17)","description":"Administer Pediatric Symptom Checklist (PSC-17)","priority":"routine","definitionUri":"https://voicecollab.ai/fhir/Questionnaire/PSC17"}]}]}