{"resourceType":"PlanDefinition","id":"VbaiPlanDefinitionQuestionnaireVoiceExample","meta":{"profile":["https://voicecollab.ai/fhir/StructureDefinition/vbai-plan-definition"]},"url":"https://voicecollab.ai/fhir/PlanDefinition/VbaiPlanDefinitionQuestionnaireVoiceExample","version":"1.4.0","title":"QuestionnaireVoice Cohort Protocol","status":"active","date":"2023-07-31","publisher":"KinD Lab","contact":[{"name":"KinD Lab","telecom":[{"system":"url","value":"http://fhir.kindlab.sickkids.ca"}]}],"description":"This is a plandefinition for QuestionnaireVoice cohort protocol","action":[{"prefix":"1.10.1","title":"Patient Questionnaire","description":"Questions for the patient to answer","priority":"routine","definitionUri":"https://voicecollab.ai/fhir/Questionnaire/PatientQuestions"},{"prefix":"1.10.2","title":"VHI-10","description":"Have patient complete VHI-10 Questionnaire","priority":"routine","definitionUri":"https://voicecollab.ai/fhir/Questionnaire/VHI10"},{"prefix":"1.10.3","title":"CAPE-V","description":"Have patient complete CAPE-V","priority":"routine","definitionUri":"https://voicecollab.ai/fhir/Questionnaire/CAPEVQuestionnaire"},{"prefix":"1.10.4","title":"Overall Voice Problem severity scale ","description":"Administer Voice Problem Severity Questionnaire","priority":"routine","definitionUri":"https://voicecollab.ai/fhir/Questionnaire/VoiceProblemSeverity"}]}