{"resourceType":"PlanDefinition","id":"VbaiPlanDefinitionQuestionnaireNeuroExample","meta":{"profile":["https://voicecollab.ai/fhir/StructureDefinition/vbai-plan-definition"]},"url":"https://voicecollab.ai/fhir/PlanDefinition/VbaiPlanDefinitionQuestionnaireNeuroExample","version":"1.5.1","title":"Questionnaire Neuro Cohort Protocol","status":"active","date":"2023-07-31","publisher":"KinD Lab","contact":[{"name":"KinD Lab","telecom":[{"system":"url","value":"http://fhir.kindlab.sickkids.ca"}]}],"description":"This is a plandefinition for Questionnaire Neuro cohort protocol"}