{"resourceType":"PlanDefinition","id":"VbaiPlanDefinitionAcousticTasksVoiceExample","meta":{"profile":["https://voicecollab.ai/fhir/StructureDefinition/vbai-plan-definition"]},"url":"https://voicecollab.ai/fhir/PlanDefinition/VbaiPlanDefinitionAcousticTasksVoiceExample","version":"0.1.0","title":"Acoustic Tasks Voice Cohort Protocol","status":"active","date":"2023-07-29","publisher":"KinD Lab","contact":[{"name":"KinD Lab","telecom":[{"system":"url","value":"http://fhir.kindlab.sickkids.ca"}]}],"description":"This is a plandefinition for AcousticTasksVoice","action":[{"prefix":"1.8","title":" Voice Disorders","description":"Acoustic Tasks specific to voice cohort\u00a0​","priority":"routine","action":[{"prefix":"1.8 Task 1","title":"Prolonged vowel (1)","description":"Relax, take a deep breath, and sustain the sound “ah” for as long aspossible."},{"prefix":"1.8 Task 2","title":"Prolonged vowel (2)","description":"Chant the numbers 1 through 3 and say “ah” for 3-5 seconds."},{"prefix":"1.8 Task 3","title":"Sentences CAPE-V","description":"Please read the sentences on your screen: 1. The blue spot is on the key again 2. How hard did he hit him? 3. We were\naway a year ago. 4. We eat eggs every easter. 5. My mama makes lemon muffins. 6. Peter will keep at the peak"},{"prefix":"1.8 Task 4","title":"Connected speech passage Reading 'Rainbow passage'","description":"Please read the passage on your screen: \nWhen the sunlight strikes raindrops in the air, they act as a prism and form a rainbow. The rainbow is a division of white light into many beautiful colors. These take the shape of a long round arch, with its path high above, and its two ends apparently beyond the horizon."},{"prefix":"1.8 Task 5","title":"Pitch range & intensity","description":"Using the sound\n'e', glide from your\nlowest pitch\npossible to the\nhighest pitch\npossible. Rest, take\na breath and then\nglide from your\nhighest pitch\npossible to the\nlowest pitch\npossible."}]}]}