{"resourceType":"PlanDefinition","id":"VbaiPlanDefinitionNeuroConsentExample","meta":{"profile":["https://voicecollab.ai/fhir/StructureDefinition/vbai-plan-definition"]},"url":"https://voicecollab.ai/fhir/PlanDefinition/VbaiPlanDefinitionNeuroConsentExample","version":"1.5.1","title":"Neuro Consent","status":"active","date":"2023-07-27","publisher":"KinD Lab","contact":[{"name":"KinD Lab","telecom":[{"system":"url","value":"http://fhir.kindlab.sickkids.ca"}]}],"description":"This is a plandefinition for neuro cohort Consent","action":[{"prefix":"1.2.0","title":"Consent (Adults)","description":"Retrieve Consent from participants","priority":"routine","participant":[{"type":"patient"}],"action":[{"prefix":"1.2.1","title":"Have patient read and sign consent","description":"Please read and fill out the following consent document","priority":"routine","definitionUri":"https://voicecollab.ai/fhir/Questionnaire/NeuroConsent"}]}]}