{"resourceType":"PlanDefinition","id":"VbaiPlanDefinitionQuestionnaireMoodExample","meta":{"profile":["https://voicecollab.ai/fhir/StructureDefinition/vbai-plan-definition"]},"url":"https://voicecollab.ai/fhir/PlanDefinition/VbaiPlanDefinitionQuestionnaireMoodExample","version":"0.1.0","title":"QuestionnaireMood Cohort Protocol","status":"active","date":"2023-07-31","publisher":"KinD Lab","contact":[{"name":"KinD Lab","telecom":[{"system":"url","value":"http://fhir.kindlab.sickkids.ca"}]}],"description":"This is a plandefinition for QuestionnaireMood cohort protocol","action":[{"prefix":"1.8","title":"Validated questionnaires specific to mood disorder Cohorts","priority":"routine","action":[{"prefix":"1.8.1","title":"International PANAS Short Form (10) affect scale","description":"Administer PANAS Questionnaire","priority":"routine","definitionUri":"https://voicecollab.ai/fhir/Questionnaire/PANASQuestionnaire"},{"prefix":"1.8.2","title":"Custom Affect scale ","description":"Administer CAS Questionnaire","priority":"routine","definitionUri":"https://voicecollab.ai/fhir/Questionnaire/CustomAffectScaleQuestionnaire"},{"prefix":"1.8.3","title":"DSM-5 Cross Cutting Measure, Adult Version (23 items).","description":"Administer DSM5 Questionnaire","priority":"routine","definitionUri":"https://voicecollab.ai/fhir/Questionnaire/DSM5"},{"prefix":"1.8.4","title":"Altman Self-Rating Mania Scale","description":"Administer ASRM Questionnaire","priority":"routine"},{"prefix":"1.8.5","title":"National Stressful Events Survey PTSD Short Scale (NSESSS)","description":"Depending on response to DSM-5, administer NSESSS Questionnaire","priority":"routine","definitionUri":"https://voicecollab.ai/fhir/Questionnaire/PTSD"},{"prefix":"1.8.6","title":"Severity Measure for Social Anxiety Disorder (Social Phobia)—Adult - 10","description":"Depending on response to DSM-5, administer SMSAD Questionnaire","priority":"routine"},{"prefix":"1.8.7","title":"Adult ADHD Self-Report Scale (ASRS-v1.1) Symptom Checklist Part A","description":"Depending on response to DSM-5, administer ASRS-v1.1 Questionnaire","priority":"routine","definitionUri":"https://voicecollab.ai/fhir/Questionnaire/ADHDQuestionnaire"},{"prefix":"1.8.8","title":"Well-being: Secure Flourishing Index","description":"Administer SFI Questionnaire","priority":"routine"},{"prefix":"1.8.9","title":"Hamburg–Hannover Agitation Scale (H2A)\u00a0","description":"Administer H2A Questionnaire","priority":"routine"},{"prefix":"1.8.10","title":"Chalder Fatigue Scale 11","description":"Administer CFS 11 Questionnaire","priority":"routine"},{"prefix":"1.8.11","title":"The Big Five Inventory–2 Extra Short Form\u00a0","description":"Administer The Big Five Inventory–2 Extra Short Form\u00a0 Questionnaire","priority":"routine"}]}]}