{"resourceType":"PlanDefinition","id":"VbaiPlanDefinitionQuestionnaireRespiratoryExample","meta":{"profile":["https://voicecollab.ai/fhir/StructureDefinition/vbai-plan-definition"]},"url":"https://voicecollab.ai/fhir/PlanDefinition/VbaiPlanDefinitionQuestionnaireRespiratoryExample","version":"1.0.0","title":"QuestionnaireRespiratory Cohort Protocol","status":"active","date":"2023-07-31","publisher":"KinD Lab","contact":[{"name":"KinD Lab","telecom":[{"system":"url","value":"http://fhir.kindlab.sickkids.ca"}]}],"description":"This is a plandefinition for QuestionnaireRespiratory cohort protocol","action":[{"prefix":"1.10.1","title":"Dyspnea Index (DI)","description":"Perform Dysnea Index Questionnaire","priority":"routine","definitionCanonical":"https://voicecollab.ai/fhir/Questionnaire/DyspneaIndex"},{"prefix":"1.10.2","title":"Leicester Cough Questionnaire","description":"Perform Leicester Cough Questionnaire","priority":"routine","definitionCanonical":"https://voicecollab.ai/fhir/Questionnaire/LeicesterCough"},{"prefix":"1.10.3","title":"Urge to Cough Scale","description":"Get the participant to rate their urge to cough","priority":"routine","definitionCanonical":"https://voicecollab.ai/fhir/Questionnaire/UrgeToCough"}]}