{"resourceType":"PlanDefinition","id":"CohortProtocolExampleNeuro","meta":{"profile":["https://voicecollab.ai/fhir/StructureDefinition/vbai-cohort-protocol"]},"url":"https://voicecollab.ai/fhir/PlanDefinition/CohortProtocolExampleNeuro","version":"0.1.0","title":"Neuro Cohort Protocol","status":"active","date":"2023-07-31","publisher":"KinD Lab","contact":[{"name":"KinD Lab","telecom":[{"system":"url","value":"http://fhir.kindlab.sickkids.ca"}]}],"description":"This is a plandefinition for Neuro cohort protocol","action":[{"prefix":"1.0","title":"Pre-Questions","description":"List of pre-questions","priority":"routine","definitionCanonical":"https://voicecollab.ai/fhir/PlanDefinition/VbaiPlanDefinitionPreQuestionExample"},{"prefix":"1.1","title":"Consent/Assent","description":"Retieve consent/assent from participant","priority":"routine","definitionCanonical":"https://voicecollab.ai/fhir/PlanDefinition/VbaiPlanDefinitionConsentExample"},{"prefix":"1.2","title":"Demographics","description":"have Participant complete demographics","priority":"routine","definitionCanonical":"https://voicecollab.ai/fhir/PlanDefinition/VbaiPlanDefinitionDemographicsExample"},{"prefix":"1.3","title":"Voice Impacting Q's","description":"Administer Voice Impacting Questions","priority":"routine","definitionCanonical":"https://voicecollab.ai/fhir/PlanDefinition/VbaiPlanDefinitionVoiceImpactingExample"},{"prefix":"1.4","title":"Session","description":"Start Session","priority":"routine","definitionCanonical":"https://voicecollab.ai/fhir/PlanDefinition/VbaiPlanDefinitionSessionExample"},{"prefix":"1.5","title":"Acoustic Tasks","description":"Perform Acoustic Tasks","priority":"routine","definitionCanonical":"https://voicecollab.ai/fhir/PlanDefinition/VbaiPlanDefinitionAcousticTasksExample"},{"prefix":"1.6","title":"Confounders","description":"Retrieve Confounders","priority":"routine","definitionCanonical":"https://voicecollab.ai/fhir/PlanDefinition/VbaiPlanDefinitionConfoundersExample"},{"prefix":"1.7","title":"Questionnaires","description":"Administier Validated Questionnaires","priority":"routine","definitionCanonical":"https://voicecollab.ai/fhir/PlanDefinition/VbaiPlanDefinitionQuestionnaireExample"},{"prefix":"1.8","title":"Cohort specific acoustic tasks","description":"Administer cohort specific acoustic tasks","priority":"routine","definitionCanonical":"https://voicecollab.ai/fhir/PlanDefinition/VbaiPlanDefinitionAcousticTasksNeuroExample"},{"prefix":"1.9","title":"Cohort specific confounders","description":"Administer cohort specific confounders","priority":"routine","definitionCanonical":"https://voicecollab.ai/fhir/PlanDefinition/VbaiPlanDefinitionConfoundersExample"},{"prefix":"1.10","title":"Cohort specific Questionnaires","description":"Administer cohort specific questionnaires","priority":"routine","definitionCanonical":"https://voicecollab.ai/fhir/PlanDefinition/VbaiPlanDefinitionQuestionnaireNeuroExample"},{"prefix":"1.11","title":"Clinician input","description":"Have Clinican give their input","priority":"routine","definitionCanonical":"https://voicecollab.ai/fhir/PlanDefinition/VbaiPlanDefinitionClinicianInputExample"},{"prefix":"1.12","title":"Other","description":"Other","priority":"routine","definitionCanonical":"https://voicecollab.ai/fhir/PlanDefinition/VbaiPlanDefinitionOtherExample"},{"prefix":"1.13","title":"Feedback","description":"Recieve Feedback","priority":"routine","definitionCanonical":"https://voicecollab.ai/fhir/PlanDefinition/VbaiPlanDefinitionFeedbackExample"}]}