{"resourceType":"ValueSet","id":"disability-type","text":{"status":"generated","div":"<div xmlns=\"http://www.w3.org/1999/xhtml\"><p>This value set contains 9 concepts</p><table class=\"codes\"><tr><td style=\"white-space:nowrap\"><b>Code</b></td><td><b>System</b></td><td><b>Display</b></td></tr><tr><td style=\"white-space:nowrap\"><a name=\"https---voicecollab.ai-fhir-CodeSystem-disability-type-V\"> </a>\u00a0\u00a0<a href=\"CodeSystem-disability-type.html#disability-type-V\">V</a></td><td>https://voicecollab.ai/fhir/CodeSystem/disability-type</td><td>Vision</td></tr><tr><td style=\"white-space:nowrap\"><a name=\"https---voicecollab.ai-fhir-CodeSystem-disability-type-DAW\"> </a>\u00a0\u00a0<a href=\"CodeSystem-disability-type.html#disability-type-DAW\">DAW</a></td><td>https://voicecollab.ai/fhir/CodeSystem/disability-type</td><td>Movement</td></tr><tr><td style=\"white-space:nowrap\"><a name=\"https---voicecollab.ai-fhir-CodeSystem-disability-type-DUW\"> </a>\u00a0\u00a0<a href=\"CodeSystem-disability-type.html#disability-type-DUW\">DUW</a></td><td>https://voicecollab.ai/fhir/CodeSystem/disability-type</td><td>Thinking</td></tr><tr><td style=\"white-space:nowrap\"><a name=\"https---voicecollab.ai-fhir-CodeSystem-disability-type-R\"> </a>\u00a0\u00a0<a href=\"CodeSystem-disability-type.html#disability-type-R\">R</a></td><td>https://voicecollab.ai/fhir/CodeSystem/disability-type</td><td>Remembering</td></tr><tr><td style=\"white-space:nowrap\"><a name=\"https---voicecollab.ai-fhir-CodeSystem-disability-type-L\"> </a>\u00a0\u00a0<a href=\"CodeSystem-disability-type.html#disability-type-L\">L</a></td><td>https://voicecollab.ai/fhir/CodeSystem/disability-type</td><td>Learning</td></tr><tr><td style=\"white-space:nowrap\"><a name=\"https---voicecollab.ai-fhir-CodeSystem-disability-type-C\"> </a>\u00a0\u00a0<a href=\"CodeSystem-disability-type.html#disability-type-C\">C</a></td><td>https://voicecollab.ai/fhir/CodeSystem/disability-type</td><td>Communicating</td></tr><tr><td style=\"white-space:nowrap\"><a name=\"https---voicecollab.ai-fhir-CodeSystem-disability-type-H\"> </a>\u00a0\u00a0<a href=\"CodeSystem-disability-type.html#disability-type-H\">H</a></td><td>https://voicecollab.ai/fhir/CodeSystem/disability-type</td><td>Hearing</td></tr><tr><td style=\"white-space:nowrap\"><a name=\"https---voicecollab.ai-fhir-CodeSystem-disability-type-MH\"> </a>\u00a0\u00a0<a href=\"CodeSystem-disability-type.html#disability-type-MH\">MH</a></td><td>https://voicecollab.ai/fhir/CodeSystem/disability-type</td><td>Mental Health</td></tr><tr><td style=\"white-space:nowrap\"><a name=\"https---voicecollab.ai-fhir-CodeSystem-disability-type-SR\"> </a>\u00a0\u00a0<a href=\"CodeSystem-disability-type.html#disability-type-SR\">SR</a></td><td>https://voicecollab.ai/fhir/CodeSystem/disability-type</td><td>Social Relationships</td></tr></table></div>"},"url":"https://voicecollab.ai/fhir/ValueSet/disability-type","version":"0.1.0","name":"DisabilityType","title":"Disability Type","status":"draft","experimental":true,"date":"2023-06-26T13:45:18-04:00","publisher":"KinD Lab","contact":[{"name":"KinD Lab","telecom":[{"system":"url","value":"http://fhir.kindlab.sickkids.ca"}]}],"description":"Valueset for capturing disability status","compose":{"include":[{"system":"https://voicecollab.ai/fhir/CodeSystem/disability-type","concept":[{"code":"V","display":"Vision"},{"code":"M","display":"Movement"},{"code":"T","display":"Thinking"},{"code":"R","display":"Remembering"},{"code":"L","display":"Learning"},{"code":"C","display":"Communicating"},{"code":"H","display":"Hearing"},{"code":"MH","display":"Mental Health"},{"code":"SR","display":"Social Relationships"}]}]},"expansion":{"timestamp":"2023-05-11T10:00:00Z","contains":[{"system":"https://voicecollab.ai/fhir/CodeSystem/disability-type","code":"V","display":"Vision"},{"system":"https://voicecollab.ai/fhir/CodeSystem/disability-type","code":"DAW","display":"Movement"},{"system":"https://voicecollab.ai/fhir/CodeSystem/disability-type","code":"DUW","display":"Thinking"},{"system":"https://voicecollab.ai/fhir/CodeSystem/disability-type","code":"R","display":"Remembering"},{"system":"https://voicecollab.ai/fhir/CodeSystem/disability-type","code":"L","display":"Learning"},{"system":"https://voicecollab.ai/fhir/CodeSystem/disability-type","code":"C","display":"Communicating"},{"system":"https://voicecollab.ai/fhir/CodeSystem/disability-type","code":"H","display":"Hearing"},{"system":"https://voicecollab.ai/fhir/CodeSystem/disability-type","code":"MH","display":"Mental Health"},{"system":"https://voicecollab.ai/fhir/CodeSystem/disability-type","code":"SR","display":"Social Relationships"}]}}