{"resourceType":"ValueSet","id":"recording","text":{"status":"generated","div":"<div xmlns=\"http://www.w3.org/1999/xhtml\"><ul><li>Include all codes defined in <a href=\"CodeSystem-recording.html\"><code>https://voicecollab.ai/fhir/CodeSystem/recording</code></a></li></ul></div>"},"url":"https://voicecollab.ai/fhir/ValueSet/recording","version":"1.4.0","name":"Recording","title":"recordig ValueSet","status":"active","date":"2023-06-16","publisher":"KinD Lab","contact":[{"name":"KinD Lab","telecom":[{"system":"url","value":"http://fhir.kindlab.sickkids.ca"}]}],"description":"The Codes used by recording","compose":{"include":[{"system":"https://voicecollab.ai/fhir/CodeSystem/recording"}]}}