{"resourceType":"ValueSet","id":"vocal-profession","text":{"status":"generated","div":"<div xmlns=\"http://www.w3.org/1999/xhtml\"><ul><li>Include all codes defined in <a href=\"CodeSystem-vocal-profession.html\"><code>https://voicecollab.ai/fhir/CodeSystem/vocal-profession</code></a></li></ul></div>"},"url":"https://voicecollab.ai/fhir/ValueSet/vocal-profession","version":"1.5.1","name":"VocalProfession","title":"Vocal Profession ValueSet","status":"active","date":"2023-05-11","publisher":"KinD Lab","contact":[{"name":"KinD Lab","telecom":[{"system":"url","value":"http://fhir.kindlab.sickkids.ca"}]}],"description":"The Codes used by confounder questionnaire","compose":{"include":[{"system":"https://voicecollab.ai/fhir/CodeSystem/vocal-profession"}]}}