{"resourceType":"ValueSet","id":"smoking-times","text":{"status":"generated","div":"<div xmlns=\"http://www.w3.org/1999/xhtml\"><ul><li>Include all codes defined in <code>https://voicecollab.ai/fhir/CodeSystem/smoking-times</code></li></ul></div>"},"url":"https://voicecollab.ai/fhir/ValueSet/smoking-times","version":"1.0.0","name":"SmokingTimes","title":"Smoking times ValueSet","status":"active","date":"2023-05-11","publisher":"KinD Lab","contact":[{"name":"KinD Lab","telecom":[{"system":"url","value":"http://fhir.kindlab.sickkids.ca"}]}],"description":"The  Codes used by confounder questionnaire","compose":{"include":[{"system":"https://voicecollab.ai/fhir/CodeSystem/smoking-times"}]}}