{"resourceType":"ValueSet","id":"checked-unchecked","text":{"status":"generated","div":"<div xmlns=\"http://www.w3.org/1999/xhtml\"><ul><li>Include all codes defined in <a href=\"CodeSystem-checked-unchecked.html\"><code>https://voicecollab.ai/fhir/CodeSystem/checked-unchecked</code></a></li></ul></div>"},"url":"https://voicecollab.ai/fhir/ValueSet/checked-unchecked","version":"1.5.1","name":"CheckedUnchecked","title":"Conditions ValueSet","status":"active","date":"2023-06-06","publisher":"KinD Lab","contact":[{"name":"KinD Lab","telecom":[{"system":"url","value":"http://fhir.kindlab.sickkids.ca"}]}],"description":"The Codes used by enrollment questionnaire","compose":{"include":[{"system":"https://voicecollab.ai/fhir/CodeSystem/checked-unchecked"}]}}