{"resourceType":"ValueSet","id":"peds-language-fluency","text":{"status":"generated","div":"<div xmlns=\"http://www.w3.org/1999/xhtml\"><ul><li>Include all codes defined in <a href=\"CodeSystem-peds-language-fluency.html\"><code>https://voicecollab.ai/fhir/CodeSystem/peds-language-fluency</code></a></li></ul></div>"},"url":"https://voicecollab.ai/fhir/ValueSet/peds-language-fluency","version":"1.5.1","name":"PedsLanguageFluency","title":"Pediatric Language Fluency","status":"active","date":"2023-08-02","publisher":"KinD Lab","contact":[{"name":"KinD Lab","telecom":[{"system":"url","value":"http://fhir.kindlab.sickkids.ca"}]}],"description":"The codes required for Pediatric enrollment Eligibility questionnaire","compose":{"include":[{"system":"https://voicecollab.ai/fhir/CodeSystem/peds-language-fluency"}]}}