{"resourceType":"ValueSet","id":"gender-identity","text":{"status":"generated","div":"<div xmlns=\"http://www.w3.org/1999/xhtml\"><ul><li>Include all codes defined in <a href=\"CodeSystem-gender-identity.html\"><code>https://voicecollab.ai/fhir/CodeSystem/gender-identity</code></a></li></ul></div>"},"url":"https://voicecollab.ai/fhir/ValueSet/gender-identity","version":"1.5.1","name":"GenderIdentity","title":"Gender Identity","status":"active","date":"2023-05-11","publisher":"KinD Lab","contact":[{"name":"KinD Lab","telecom":[{"system":"url","value":"http://fhir.kindlab.sickkids.ca"}]}],"description":"The Gender Identity Codes contains the codes to be used by demographic questionnaire","compose":{"include":[{"system":"https://voicecollab.ai/fhir/CodeSystem/gender-identity"}]}}