{"resourceType":"ValueSet","id":"decline-reason","text":{"status":"generated","div":"<div xmlns=\"http://www.w3.org/1999/xhtml\"><ul><li>Include all codes defined in <a href=\"CodeSystem-decline-reason.html\"><code>https://voicecollab.ai/fhir/CodeSystem/decline-reason</code></a></li></ul></div>"},"url":"https://voicecollab.ai/fhir/ValueSet/decline-reason","version":"1.4.0","name":"DeclineReason","title":"Decline Reason ValueSet","status":"active","date":"2023-06-06","publisher":"KinD Lab","contact":[{"name":"KinD Lab","telecom":[{"system":"url","value":"http://fhir.kindlab.sickkids.ca"}]}],"description":"The Codes used by enrollment questionnaire","compose":{"include":[{"system":"https://voicecollab.ai/fhir/CodeSystem/decline-reason"}]}}