{"resourceType":"ValueSet","id":"tumor-rln","text":{"status":"generated","div":"<div xmlns=\"http://www.w3.org/1999/xhtml\"><ul><li>Include all codes defined in <code>https://voicecollab.ai/fhir/CodeSystem/tumor-rln</code></li></ul></div>"},"url":"https://voicecollab.ai/fhir/ValueSet/tumor-rln","version":"1.0.0","name":"TumorRLN","title":"Tumor RLN","status":"active","date":"2023-06-20","publisher":"KinD Lab","contact":[{"name":"KinD Lab","telecom":[{"system":"url","value":"http://fhir.kindlab.sickkids.ca"}]}],"description":"The Codes used by Diagnosis","compose":{"include":[{"system":"https://voicecollab.ai/fhir/CodeSystem/tumor-rln"}]}}