{"resourceType":"ValueSet","id":"disability-status","text":{"status":"generated","div":"<div xmlns=\"http://www.w3.org/1999/xhtml\"><ul><li>Include all codes defined in <a href=\"CodeSystem-disability-status.html\"><code>https://voicecollab.ai/fhir/CodeSystem/disability-status</code></a></li></ul></div>"},"url":"https://voicecollab.ai/fhir/ValueSet/disability-status","version":"1.0.0","name":"DisabilityStatus","title":"Disability Status","status":"draft","experimental":true,"date":"2023-08-21T16:52:35-04:00","publisher":"KinD Lab","contact":[{"name":"KinD Lab","telecom":[{"system":"url","value":"http://fhir.kindlab.sickkids.ca"}]}],"description":"Valueset for capturing disability status","compose":{"include":[{"system":"https://voicecollab.ai/fhir/CodeSystem/disability-status"}]}}