{"resourceType":"ValueSet","id":"Highest-Education","text":{"status":"generated","div":"<div xmlns=\"http://www.w3.org/1999/xhtml\"><p>This value set contains 16 concepts</p><table class=\"codes\"><tr><td style=\"white-space:nowrap\"><b>Code</b></td><td><b>System</b></td><td><b>Display</b></td><td><b>Definition</b></td></tr><tr><td style=\"white-space:nowrap\"><a name=\"https---voicecollab.ai-fhir-CodeSystem-child-education-NFE\"> </a>\u00a0\u00a0<a href=\"CodeSystem-child-education.html#child-education-NFE\">NFE</a></td><td>https://voicecollab.ai/fhir/CodeSystem/child-education</td><td>No Formal Education</td><td><div><p>User has no formal Education</p>\n</div></td></tr><tr><td style=\"white-space:nowrap\"><a name=\"https---voicecollab.ai-fhir-CodeSystem-child-education-PS\"> </a>\u00a0\u00a0<a href=\"CodeSystem-child-education.html#child-education-PS\">PS</a></td><td>https://voicecollab.ai/fhir/CodeSystem/child-education</td><td>Pre-school</td><td><div><p>User's highest level of education was the Pre-school level</p>\n</div></td></tr><tr><td style=\"white-space:nowrap\"><a name=\"https---voicecollab.ai-fhir-CodeSystem-child-education-K\"> </a>\u00a0\u00a0<a href=\"CodeSystem-child-education.html#child-education-K\">K</a></td><td>https://voicecollab.ai/fhir/CodeSystem/child-education</td><td>Kindergarden</td><td><div><p>User's highest level of education was the Kindergarden level</p>\n</div></td></tr><tr><td style=\"white-space:nowrap\"><a name=\"https---voicecollab.ai-fhir-CodeSystem-child-education-SE\"> </a>\u00a0\u00a0<a href=\"CodeSystem-child-education.html#child-education-SE\">SE</a></td><td>https://voicecollab.ai/fhir/CodeSystem/child-education</td><td>Some elementary school education</td><td><div><p>User's highest level of education was the Elementary level</p>\n</div></td></tr><tr><td style=\"white-space:nowrap\"><a name=\"https---voicecollab.ai-fhir-CodeSystem-child-education-G1\"> </a>\u00a0\u00a0<a href=\"CodeSystem-child-education.html#child-education-G1\">G1</a></td><td>https://voicecollab.ai/fhir/CodeSystem/child-education</td><td>Grade 1</td><td><div><p>User's highest level of education was Grade 1</p>\n</div></td></tr><tr><td style=\"white-space:nowrap\"><a name=\"https---voicecollab.ai-fhir-CodeSystem-child-education-G2\"> </a>\u00a0\u00a0<a href=\"CodeSystem-child-education.html#child-education-G2\">G2</a></td><td>https://voicecollab.ai/fhir/CodeSystem/child-education</td><td>Grade 2</td><td><div><p>User's highest level of education was Grade 2</p>\n</div></td></tr><tr><td style=\"white-space:nowrap\"><a name=\"https---voicecollab.ai-fhir-CodeSystem-child-education-G3\"> </a>\u00a0\u00a0<a href=\"CodeSystem-child-education.html#child-education-G3\">G3</a></td><td>https://voicecollab.ai/fhir/CodeSystem/child-education</td><td>Grade 3</td><td><div><p>User's highest level of education was Grade 3</p>\n</div></td></tr><tr><td style=\"white-space:nowrap\"><a name=\"https---voicecollab.ai-fhir-CodeSystem-child-education-G4\"> </a>\u00a0\u00a0<a href=\"CodeSystem-child-education.html#child-education-G4\">G4</a></td><td>https://voicecollab.ai/fhir/CodeSystem/child-education</td><td>Grade 4</td><td><div><p>User's highest level of education was Grade 4</p>\n</div></td></tr><tr><td style=\"white-space:nowrap\"><a name=\"https---voicecollab.ai-fhir-CodeSystem-child-education-G5\"> </a>\u00a0\u00a0<a href=\"CodeSystem-child-education.html#child-education-G5\">G5</a></td><td>https://voicecollab.ai/fhir/CodeSystem/child-education</td><td>Grade 5</td><td><div><p>User's highest level of education was Grade 5</p>\n</div></td></tr><tr><td style=\"white-space:nowrap\"><a name=\"https---voicecollab.ai-fhir-CodeSystem-child-education-G6\"> </a>\u00a0\u00a0<a href=\"CodeSystem-child-education.html#child-education-G6\">G6</a></td><td>https://voicecollab.ai/fhir/CodeSystem/child-education</td><td>Grade 6</td><td><div><p>User's highest level of education was Grade 6</p>\n</div></td></tr><tr><td style=\"white-space:nowrap\"><a name=\"https---voicecollab.ai-fhir-CodeSystem-child-education-G7\"> </a>\u00a0\u00a0<a href=\"CodeSystem-child-education.html#child-education-G7\">G7</a></td><td>https://voicecollab.ai/fhir/CodeSystem/child-education</td><td>Grade 7</td><td><div><p>User's highest level of education was Grade 7</p>\n</div></td></tr><tr><td style=\"white-space:nowrap\"><a name=\"https---voicecollab.ai-fhir-CodeSystem-child-education-G8\"> </a>\u00a0\u00a0<a href=\"CodeSystem-child-education.html#child-education-G8\">G8</a></td><td>https://voicecollab.ai/fhir/CodeSystem/child-education</td><td>Grade 8</td><td><div><p>User's highest level of education was Grade 8</p>\n</div></td></tr><tr><td style=\"white-space:nowrap\"><a name=\"https---voicecollab.ai-fhir-CodeSystem-child-education-G9\"> </a>\u00a0\u00a0<a href=\"CodeSystem-child-education.html#child-education-G9\">G9</a></td><td>https://voicecollab.ai/fhir/CodeSystem/child-education</td><td>Grade 9</td><td><div><p>User's highest level of education was Grade 9</p>\n</div></td></tr><tr><td style=\"white-space:nowrap\"><a name=\"https---voicecollab.ai-fhir-CodeSystem-child-education-G10\"> </a>\u00a0\u00a0<a href=\"CodeSystem-child-education.html#child-education-G10\">G10</a></td><td>https://voicecollab.ai/fhir/CodeSystem/child-education</td><td>Grade 10</td><td><div><p>User's highest level of education was Grade 10</p>\n</div></td></tr><tr><td style=\"white-space:nowrap\"><a name=\"https---voicecollab.ai-fhir-CodeSystem-child-education-G11\"> </a>\u00a0\u00a0<a href=\"CodeSystem-child-education.html#child-education-G11\">G11</a></td><td>https://voicecollab.ai/fhir/CodeSystem/child-education</td><td>Grade 11</td><td><div><p>User's highest level of education was Grade 11</p>\n</div></td></tr><tr><td style=\"white-space:nowrap\"><a name=\"https---voicecollab.ai-fhir-CodeSystem-child-education-G12\"> </a>\u00a0\u00a0<a href=\"CodeSystem-child-education.html#child-education-G12\">G12</a></td><td>https://voicecollab.ai/fhir/CodeSystem/child-education</td><td>Grade 12</td><td><div><p>User's highest level of education was Grade 12</p>\n</div></td></tr></table></div>"},"url":"https://voicecollab.ai/fhir/ValueSet/Highest-Education","version":"0.1.0","name":"HighestEducation","title":"Highest form of Education","status":"draft","experimental":true,"date":"2023-06-27T11:58:55-04:00","publisher":"KinD Lab","contact":[{"name":"KinD Lab","telecom":[{"system":"url","value":"http://fhir.kindlab.sickkids.ca"}]}],"description":"For Capturing a users highest education level","compose":{"include":[{"valueSet":["http://terminology.hl7.org/ValueSet/v3-EducationLevel"]},{"system":"https://voicecollab.ai/fhir/CodeSystem/child-education","concept":[{"code":"NFE","display":"No Formal Education"},{"code":"PS","display":"Pre-School"},{"code":"K","display":"Kindergarden"},{"code":"SE","display":"Some elementary school education"},{"code":"G1","display":"Grade 1"},{"code":"G2","display":"Grade 2"},{"code":"G3","display":"Grade 3"},{"code":"G4","display":"Grade 4"},{"code":"G5","display":"Grade 5"},{"code":"G6","display":"Grade 6"},{"code":"G7","display":"Grade 7"},{"code":"G8","display":"Grade 8"},{"code":"G9","display":"Grade 9"},{"code":"G10","display":"Grade 10"},{"code":"G11","display":"Grade 11"},{"code":"G12","display":"Grade 12"}]}]},"expansion":{"contains":[{"system":"https://voicecollab.ai/fhir/CodeSystem/child-education","code":"NFE","display":"No Formal Education"},{"system":"https://voicecollab.ai/fhir/CodeSystem/child-education","code":"PS","display":"Pre-school"},{"system":"https://voicecollab.ai/fhir/CodeSystem/child-education","code":"K","display":"Kindergarden"},{"system":"https://voicecollab.ai/fhir/CodeSystem/child-education","code":"SE","display":"Some elementary school education"},{"system":"https://voicecollab.ai/fhir/CodeSystem/child-education","code":"G1","display":"Grade 1"},{"system":"https://voicecollab.ai/fhir/CodeSystem/child-education","code":"G2","display":"Grade 2"},{"system":"https://voicecollab.ai/fhir/CodeSystem/child-education","code":"G3","display":"Grade 3"},{"system":"https://voicecollab.ai/fhir/CodeSystem/child-education","code":"G4","display":"Grade 4"},{"system":"https://voicecollab.ai/fhir/CodeSystem/child-education","code":"G5","display":"Grade 5"},{"system":"https://voicecollab.ai/fhir/CodeSystem/child-education","code":"G6","display":"Grade 6"},{"system":"https://voicecollab.ai/fhir/CodeSystem/child-education","code":"G7","display":"Grade 7"},{"system":"https://voicecollab.ai/fhir/CodeSystem/child-education","code":"G8","display":"Grade 8"},{"system":"https://voicecollab.ai/fhir/CodeSystem/child-education","code":"G9","display":"Grade 9"},{"system":"https://voicecollab.ai/fhir/CodeSystem/child-education","code":"G10","display":"Grade 10"},{"system":"https://voicecollab.ai/fhir/CodeSystem/child-education","code":"G11","display":"Grade 11"},{"system":"https://voicecollab.ai/fhir/CodeSystem/child-education","code":"G12","display":"Grade 12"}]}}