{"resourceType":"ValueSet","id":"household-status","text":{"status":"generated","div":"<div xmlns=\"http://www.w3.org/1999/xhtml\"><p>This value set contains 7 concepts</p><table class=\"codes\"><tr><td style=\"white-space:nowrap\"><b>Code</b></td><td><b>System</b></td><td><b>Display</b></td></tr><tr><td style=\"white-space:nowrap\"><a name=\"https---voicecollab.ai-fhir-CodeSystem-household-status-AL\"> </a>\u00a0\u00a0<a href=\"CodeSystem-household-status.html#household-status-AL\">AL</a></td><td>https://voicecollab.ai/fhir/CodeSystem/household-status</td><td>Assisted living</td></tr><tr><td style=\"white-space:nowrap\"><a name=\"https---voicecollab.ai-fhir-CodeSystem-household-status-PC\"> </a>\u00a0\u00a0<a href=\"CodeSystem-household-status.html#household-status-PC\">PC</a></td><td>https://voicecollab.ai/fhir/CodeSystem/household-status</td><td>Live with parent/care giver</td></tr><tr><td style=\"white-space:nowrap\"><a name=\"https---voicecollab.ai-fhir-CodeSystem-household-status-OH\"> </a>\u00a0\u00a0<a href=\"CodeSystem-household-status.html#household-status-OH\">OH</a></td><td>https://voicecollab.ai/fhir/CodeSystem/household-status</td><td>Own home</td></tr><tr><td style=\"white-space:nowrap\"><a name=\"https---voicecollab.ai-fhir-CodeSystem-household-status-R\"> </a>\u00a0\u00a0<a href=\"CodeSystem-household-status.html#household-status-R\">R</a></td><td>https://voicecollab.ai/fhir/CodeSystem/household-status</td><td>Rent home</td></tr><tr><td style=\"white-space:nowrap\"><a name=\"https---voicecollab.ai-fhir-CodeSystem-household-status-SN\"> </a>\u00a0\u00a0<a href=\"CodeSystem-household-status.html#household-status-SN\">SN</a></td><td>https://voicecollab.ai/fhir/CodeSystem/household-status</td><td>Skilled nursing facility/nursing home</td></tr><tr><td style=\"white-space:nowrap\"><a name=\"https---voicecollab.ai-fhir-CodeSystem-household-status-UT\"> </a>\u00a0\u00a0<a href=\"CodeSystem-household-status.html#household-status-UT\">UT</a></td><td>https://voicecollab.ai/fhir/CodeSystem/household-status</td><td>Unhoused-temporarily</td></tr><tr><td style=\"white-space:nowrap\"><a name=\"https---voicecollab.ai-fhir-CodeSystem-household-status-UP\"> </a>\u00a0\u00a0<a href=\"CodeSystem-household-status.html#household-status-UP\">UP</a></td><td>https://voicecollab.ai/fhir/CodeSystem/household-status</td><td>Unhoused-permanently</td></tr></table></div>"},"url":"https://voicecollab.ai/fhir/ValueSet/household-status","version":"0.1.0","name":"HouseholdStatus","title":"Household Status","status":"draft","experimental":true,"date":"2023-06-26T14:02:38-04:00","publisher":"KinD Lab","contact":[{"name":"KinD Lab","telecom":[{"system":"url","value":"http://fhir.kindlab.sickkids.ca"}]}],"description":"Valueset for capturing Household Status","compose":{"include":[{"system":"https://voicecollab.ai/fhir/CodeSystem/household-status","concept":[{"code":"AL","display":"Assisted living"},{"code":"PC","display":"Live with parent/care giver"},{"code":"OH","display":"Own home"},{"code":"R","display":"Rent home"},{"code":"SN","display":"Skilled nursing facility/nursing home"},{"code":"UT","display":"Unhoused-temporarily"},{"code":"UP","display":"Unhoused-permanently"}]}]},"expansion":{"timestamp":"2023-05-11T10:00:00Z","contains":[{"system":"https://voicecollab.ai/fhir/CodeSystem/household-status","code":"AL","display":"Assisted living"},{"system":"https://voicecollab.ai/fhir/CodeSystem/household-status","code":"PC","display":"Live with parent/care giver"},{"system":"https://voicecollab.ai/fhir/CodeSystem/household-status","code":"OH","display":"Own home"},{"system":"https://voicecollab.ai/fhir/CodeSystem/household-status","code":"R","display":"Rent home"},{"system":"https://voicecollab.ai/fhir/CodeSystem/household-status","code":"SN","display":"Skilled nursing facility/nursing home"},{"system":"https://voicecollab.ai/fhir/CodeSystem/household-status","code":"UT","display":"Unhoused-temporarily"},{"system":"https://voicecollab.ai/fhir/CodeSystem/household-status","code":"UP","display":"Unhoused-permanently"}]}}