{"resourceType":"ValueSet","id":"peds-who-completed-survey","text":{"status":"generated","div":"<div xmlns=\"http://www.w3.org/1999/xhtml\"><ul><li>Include all codes defined in <code>https://voicecollab.ai/fhir/CodeSystem/peds-who-completed-survey</code></li></ul></div>"},"url":"https://voicecollab.ai/fhir/ValueSet/peds-who-completed-survey","version":"1.0.0","name":"PedsWhoCompletedSurvey","title":"Questionnaire codes","status":"active","date":"2023-08-02","publisher":"KinD Lab","contact":[{"name":"KinD Lab","telecom":[{"system":"url","value":"http://fhir.kindlab.sickkids.ca"}]}],"description":"The codes required for Questionnaires survey completion","compose":{"include":[{"system":"https://voicecollab.ai/fhir/CodeSystem/peds-who-completed-survey"}]}}