{"resourceType":"ValueSet","id":"select-language","text":{"status":"generated","div":"<div xmlns=\"http://www.w3.org/1999/xhtml\"><ul><li>Include all codes defined in <a href=\"CodeSystem-enrollment-select-language.html\"><code>https://voicecollab.ai/fhir/CodeSystem/enrollment-select-language</code></a></li></ul></div>"},"url":"https://voicecollab.ai/fhir/ValueSet/select-language","version":"0.1.0","name":"EfSelectLanguage","title":"EF Select ValueSet","status":"active","date":"2023-06-06","publisher":"KinD Lab","contact":[{"name":"KinD Lab","telecom":[{"system":"url","value":"http://fhir.kindlab.sickkids.ca"}]}],"description":"The Codes used by enrollment questionnaire","compose":{"include":[{"system":"https://voicecollab.ai/fhir/CodeSystem/enrollment-select-language"}]}}