{"resourceType":"ValueSet","id":"dsm5","text":{"status":"generated","div":"<div xmlns=\"http://www.w3.org/1999/xhtml\"><ul><li>Include all codes defined in <a href=\"CodeSystem-dsm5.html\"><code>https://voicecollab.ai/fhir/CodeSystem/dsm5</code></a></li></ul></div>"},"url":"https://voicecollab.ai/fhir/ValueSet/dsm5","version":"1.4.0","name":"DSM5","title":"DSM5","status":"active","date":"2023-06-20","publisher":"KinD Lab","contact":[{"name":"KinD Lab","telecom":[{"system":"url","value":"http://fhir.kindlab.sickkids.ca"}]}],"description":"The Codes used by DSM5","compose":{"include":[{"system":"https://voicecollab.ai/fhir/CodeSystem/dsm5"}]}}