{"resourceType":"ValueSet","id":"Winograd-77","text":{"status":"generated","div":"<div xmlns=\"http://www.w3.org/1999/xhtml\"><ul><li>Include all codes defined in <a href=\"CodeSystem-Winograd-77.html\"><code>https://voicecollab.ai/fhir/CodeSystem/Winograd-77</code></a></li></ul></div>"},"url":"https://voicecollab.ai/fhir/ValueSet/Winograd-77","version":"1.0.0","name":"Winograd77","title":"Quesionnaire ValueSet For Winograd Scehema","status":"active","date":"2023-08-21","publisher":"KinD Lab","contact":[{"name":"KinD Lab","telecom":[{"system":"url","value":"http://fhir.kindlab.sickkids.ca"}]}],"description":"The codes required for winograd","compose":{"include":[{"system":"https://voicecollab.ai/fhir/CodeSystem/Winograd-77"}]}}