{"resourceType":"ValueSet","id":"degree","text":{"status":"generated","div":"<div xmlns=\"http://www.w3.org/1999/xhtml\"><ul><li>Include all codes defined in <a href=\"CodeSystem-degree.html\"><code>https://voicecollab.ai/fhir/CodeSystem/degree</code></a></li></ul></div>"},"url":"https://voicecollab.ai/fhir/ValueSet/degree","version":"1.4.0","name":"Degree","title":"Degree","status":"active","date":"2023-06-20","publisher":"KinD Lab","contact":[{"name":"KinD Lab","telecom":[{"system":"url","value":"http://fhir.kindlab.sickkids.ca"}]}],"description":"The Codes used by Diagnosis","compose":{"include":[{"system":"https://voicecollab.ai/fhir/CodeSystem/degree"}]}}