{"resourceType":"ValueSet","id":"whocompletedsurvey","text":{"status":"generated","div":"<div xmlns=\"http://www.w3.org/1999/xhtml\"><p>This value set contains 3 concepts</p><table class=\"codes\"><tr><td style=\"white-space:nowrap\"><b>Code</b></td><td><b>System</b></td><td><b>Display</b></td><td><b>Definition</b></td></tr><tr><td style=\"white-space:nowrap\"><a name=\"https---voicecollab.ai-fhir-CodeSystem-Who-Completed-Survey-S\"> </a>\u00a0\u00a0<a href=\"CodeSystem-Who-Completed-Survey.html#Who-Completed-Survey-S\">S</a></td><td>https://voicecollab.ai/fhir/CodeSystem/Who-Completed-Survey</td><td>Self</td><td><div><p>Survey was completed by self</p>\n</div></td></tr><tr><td style=\"white-space:nowrap\"><a name=\"https---voicecollab.ai-fhir-CodeSystem-Who-Completed-Survey-A\"> </a>\u00a0\u00a0<a href=\"CodeSystem-Who-Completed-Survey.html#Who-Completed-Survey-A\">A</a></td><td>https://voicecollab.ai/fhir/CodeSystem/Who-Completed-Survey</td><td>Assistant</td><td><div><p>Survey was completed by an assistant</p>\n</div></td></tr><tr><td style=\"white-space:nowrap\"><a name=\"https---voicecollab.ai-fhir-CodeSystem-Who-Completed-Survey-P\"> </a>\u00a0\u00a0<a href=\"CodeSystem-Who-Completed-Survey.html#Who-Completed-Survey-P\">P</a></td><td>https://voicecollab.ai/fhir/CodeSystem/Who-Completed-Survey</td><td>Parent/Caregiver</td><td><div><p>Survey was completed by a parent/cargiver</p>\n</div></td></tr></table></div>"},"url":"https://voicecollab.ai/fhir/ValueSet/whocompletedsurvey","version":"0.1.0","name":"WhoCompletedSurvey","title":"whocompletedsurvey","status":"draft","experimental":true,"date":"2023-08-16T23:37:19+00:00","publisher":"KinD Lab","contact":[{"name":"KinD Lab","telecom":[{"system":"url","value":"http://fhir.kindlab.sickkids.ca"}]}],"description":"For Capturing who completed surveys","compose":{"include":[{"system":"https://voicecollab.ai/fhir/CodeSystem/Who-Completed-Survey","concept":[{"code":"S","display":"Self"},{"code":"A","display":"Assistant"},{"code":"P","display":"Parent/Caregiver"}]}]},"expansion":{"timestamp":"2023-05-11T10:00:00Z","contains":[{"system":"https://voicecollab.ai/fhir/CodeSystem/Who-Completed-Survey","code":"S","display":"Self"},{"system":"https://voicecollab.ai/fhir/CodeSystem/Who-Completed-Survey","code":"A","display":"Assistant"},{"system":"https://voicecollab.ai/fhir/CodeSystem/Who-Completed-Survey","code":"P","display":"Parent/Caregiver"}]}}