{"resourceType":"ValueSet","id":"sweat","text":{"status":"generated","div":"<div xmlns=\"http://www.w3.org/1999/xhtml\"><ul><li>Include all codes defined in <a href=\"CodeSystem-sweat.html\"><code>https://voicecollab.ai/fhir/CodeSystem/sweat</code></a></li></ul></div>"},"url":"https://voicecollab.ai/fhir/ValueSet/sweat","version":"0.1.0","name":"Sweat","title":"Sweat ValueSet","status":"active","date":"2023-05-11","publisher":"KinD Lab","contact":[{"name":"KinD Lab","telecom":[{"system":"url","value":"http://fhir.kindlab.sickkids.ca"}]}],"description":"The Codes used by Cofounder questionnaire","compose":{"include":[{"system":"https://voicecollab.ai/fhir/CodeSystem/sweat"}]}}