{"resourceType":"ValueSet","id":"dsm5-q3","text":{"status":"generated","div":"<div xmlns=\"http://www.w3.org/1999/xhtml\"><ul><li>Include all codes defined in <code>https://voicecollab.ai/fhir/CodeSystem/dsm5-q3</code></li></ul></div>"},"url":"https://voicecollab.ai/fhir/ValueSet/dsm5-q3","version":"1.0.0","name":"DSM5Q3","title":"DSM5 Q3","status":"active","date":"2023-06-21","publisher":"KinD Lab","contact":[{"name":"KinD Lab","telecom":[{"system":"url","value":"http://fhir.kindlab.sickkids.ca"}]}],"description":"The Codes used by DSM5 Q3","compose":{"include":[{"system":"https://voicecollab.ai/fhir/CodeSystem/dsm5-q3"}]}}