{"resourceType":"ValueSet","id":"yes-no-not-certain","text":{"status":"generated","div":"<div xmlns=\"http://www.w3.org/1999/xhtml\"><ul><li>Include all codes defined in <a href=\"CodeSystem-yes-no-not-certain.html\"><code>https://voicecollab.ai/fhir/CodeSystem/yes-no-not-certain</code></a></li></ul></div>"},"url":"https://voicecollab.ai/fhir/ValueSet/yes-no-not-certain","version":"0.1.0","name":"YesNoNotCertain","title":"YesNoNotCertain","status":"active","date":"2023-06-20","publisher":"KinD Lab","contact":[{"name":"KinD Lab","telecom":[{"system":"url","value":"http://fhir.kindlab.sickkids.ca"}]}],"description":"The Codes used by Diagnosis","compose":{"include":[{"system":"https://voicecollab.ai/fhir/CodeSystem/yes-no-not-certain"}]}}