[
  {
    "id" : "kindlab.fhir.vbai",
    "type" : "ImplementationGuide",
    "url" : "https://voicecollab.ai/fhir/ImplementationGuide/kindlab.fhir.vbai",
    "version" : "0.1.0",
    "name" : "VoiceaBiomarkerforAI"
  },
  {
    "id" : "VbaiPlanDefinitionExample",
    "type" : "PlanDefinition",
    "url" : "https://voicecollab.ai/fhir/PlanDefinition/VbaiPlanDefinitionExample",
    "version" : "0.1.0"
  },
  {
    "id" : "VbaiPlanDefinitionMoodExample",
    "type" : "PlanDefinition",
    "url" : "https://voicecollab.ai/fhir/PlanDefinition/VbaiPlanDefinitionMoodExample",
    "version" : "0.1.0"
  },
  {
    "id" : "VbaiPlanDefinitionNeurologyExample",
    "type" : "PlanDefinition",
    "url" : "https://voicecollab.ai/fhir/PlanDefinition/VbaiPlanDefinitionNeurologyExample",
    "version" : "0.1.0"
  },
  {
    "id" : "VbaiPlanDefinitionPedsExample",
    "type" : "PlanDefinition",
    "url" : "https://voicecollab.ai/fhir/PlanDefinition/VbaiPlanDefinitionPedsExample",
    "version" : "0.1.0"
  },
  {
    "id" : "VbaiPlanDefinitionRespiratoryExample",
    "type" : "PlanDefinition",
    "url" : "https://voicecollab.ai/fhir/PlanDefinition/VbaiPlanDefinitionRespiratoryExample",
    "version" : "0.1.0"
  },
  {
    "id" : "VbaiPlanDefinitionVoiceExample",
    "type" : "PlanDefinition",
    "url" : "https://voicecollab.ai/fhir/PlanDefinition/VbaiPlanDefinitionVoiceExample",
    "version" : "0.1.0"
  },
  {
    "id" : "GAD7schema",
    "type" : "Questionnaire",
    "url" : "https://voicecollab.ai/fhir/Questionnaire/GAD7schema",
    "version" : "0.1.0"
  },
  {
    "id" : "PHQ9schema",
    "type" : "Questionnaire",
    "url" : "https://voicecollab.ai/fhir/Questionnaire/PHQ9schema",
    "version" : "0.1.0"
  },
  {
    "id" : "QuestionnaireGAD7Example",
    "type" : "Questionnaire",
    "url" : "https://voicecollab.ai/fhir/Questionnaire/QuestionnaireGAD7Example",
    "version" : "0.1.0"
  },
  {
    "id" : "QuestionnairePHQ9Example",
    "type" : "Questionnaire",
    "url" : "https://voicecollab.ai/fhir/Questionnaire/QuestionnairePHQ9Example",
    "version" : "0.1.0"
  },
  {
    "id" : "VbaiQuestionnaireCofoundersExample",
    "type" : "Questionnaire",
    "url" : "https://voicecollab.ai/fhir/Questionnaire/VbaiQuestionnaireCofoundersExample",
    "version" : "0.1.0"
  },
  {
    "id" : "VbaiQuestionnaireDemographicExample",
    "type" : "Questionnaire",
    "url" : "https://voicecollab.ai/fhir/Questionnaire/VbaiQuestionnaireDemographicExample",
    "version" : "0.1.0"
  },
  {
    "id" : "vbai-body-height",
    "type" : "StructureDefinition",
    "url" : "https://voicecollab.ai/fhir/StructureDefinition/vbai-body-height",
    "version" : "0.1.0",
    "name" : "VbaiBodyHeight"
  },
  {
    "id" : "vbai-body-weight",
    "type" : "StructureDefinition",
    "url" : "https://voicecollab.ai/fhir/StructureDefinition/vbai-body-weight",
    "version" : "0.1.0",
    "name" : "VbaiBodyWeight"
  },
  {
    "id" : "vbai-condition",
    "type" : "StructureDefinition",
    "url" : "https://voicecollab.ai/fhir/StructureDefinition/vbai-condition",
    "version" : "0.1.0",
    "name" : "VbaiCondition"
  },
  {
    "id" : "vbai-consent",
    "type" : "StructureDefinition",
    "url" : "https://voicecollab.ai/fhir/StructureDefinition/vbai-consent",
    "version" : "0.1.0",
    "name" : "VbaiConsent"
  },
  {
    "id" : "vbai-encounter",
    "type" : "StructureDefinition",
    "url" : "https://voicecollab.ai/fhir/StructureDefinition/vbai-encounter",
    "version" : "0.1.0",
    "name" : "VbaiEncounter"
  },
  {
    "id" : "vbai-imaging-media",
    "type" : "StructureDefinition",
    "url" : "https://voicecollab.ai/fhir/StructureDefinition/vbai-imaging-media",
    "version" : "0.1.0",
    "name" : "VbaiImagingMedia"
  },
  {
    "id" : "vbai-imaging-study",
    "type" : "StructureDefinition",
    "url" : "https://voicecollab.ai/fhir/StructureDefinition/vbai-imaging-study",
    "version" : "0.1.0",
    "name" : "VbaiImagingStudy"
  },
  {
    "id" : "vbai-patient",
    "type" : "StructureDefinition",
    "url" : "https://voicecollab.ai/fhir/StructureDefinition/vbai-patient",
    "version" : "0.1.0",
    "name" : "VbaiPatient"
  },
  {
    "id" : "vbai-plan-definition",
    "type" : "StructureDefinition",
    "url" : "https://voicecollab.ai/fhir/StructureDefinition/vbai-plan-definition",
    "version" : "0.1.0",
    "name" : "VbaiPlanDefinition"
  },
  {
    "id" : "vbai-questionnaire",
    "type" : "StructureDefinition",
    "url" : "https://voicecollab.ai/fhir/StructureDefinition/vbai-questionnaire",
    "version" : "0.1.0",
    "name" : "VbaiQuestionnaire"
  },
  {
    "id" : "vbai-questionnaire-response",
    "type" : "StructureDefinition",
    "url" : "https://voicecollab.ai/fhir/StructureDefinition/vbai-questionnaire-response",
    "version" : "0.1.0",
    "name" : "VbaiQuestionnaireResponse"
  },
  {
    "id" : "vbai-vital-signs",
    "type" : "StructureDefinition",
    "url" : "https://voicecollab.ai/fhir/StructureDefinition/vbai-vital-signs",
    "version" : "0.1.0",
    "name" : "VbaiVitalSigns"
  },
  {
    "id" : "vbai-waveform-device",
    "type" : "StructureDefinition",
    "url" : "https://voicecollab.ai/fhir/StructureDefinition/vbai-waveform-device",
    "version" : "0.1.0",
    "name" : "VbaiWaveformDevice"
  },
  {
    "id" : "vbai-waveform-media",
    "type" : "StructureDefinition",
    "url" : "https://voicecollab.ai/fhir/StructureDefinition/vbai-waveform-media",
    "version" : "0.1.0",
    "name" : "VbaiWaveformMedia"
  }
]
