[
  {
    "id" : "Who-Completed-Survey",
    "type" : "CodeSystem",
    "url" : "https://voicecollab.ai/fhir/CodeSystem/Who-Completed-Survey",
    "version" : "0.1.0",
    "name" : "WhoCompletedSurvey"
  },
  {
    "id" : "Yes-No-Some",
    "type" : "CodeSystem",
    "url" : "https://voicecollab.ai/fhir/CodeSystem/Yes-No-Some",
    "version" : "0.1.0",
    "name" : "YesNoSome"
  },
  {
    "id" : "child-education",
    "type" : "CodeSystem",
    "url" : "https://voicecollab.ai/fhir/CodeSystem/child-education",
    "version" : "0.1.0",
    "name" : "ChildEducation"
  },
  {
    "id" : "disability-status",
    "type" : "CodeSystem",
    "url" : "https://voicecollab.ai/fhir/CodeSystem/disability-status",
    "version" : "0.1.0",
    "name" : "DisabilityStatus"
  },
  {
    "id" : "disability-type",
    "type" : "CodeSystem",
    "url" : "https://voicecollab.ai/fhir/CodeSystem/disability-type",
    "version" : "0.1.0",
    "name" : "DisabilityType"
  },
  {
    "id" : "employment-status",
    "type" : "CodeSystem",
    "url" : "https://voicecollab.ai/fhir/CodeSystem/employment-status",
    "version" : "0.1.0",
    "name" : "EmploymentStatus"
  },
  {
    "id" : "financial-assistance",
    "type" : "CodeSystem",
    "url" : "https://voicecollab.ai/fhir/CodeSystem/financial-assistance",
    "version" : "0.1.0",
    "name" : "FinancialAssistance"
  },
  {
    "id" : "gender-identity",
    "type" : "CodeSystem",
    "url" : "https://voicecollab.ai/fhir/CodeSystem/gender-identity",
    "version" : "0.1.0",
    "name" : "GenderIdentity"
  },
  {
    "id" : "household-makeup",
    "type" : "CodeSystem",
    "url" : "https://voicecollab.ai/fhir/CodeSystem/household-makeup",
    "version" : "0.1.0",
    "name" : "HouseholdMakeup"
  },
  {
    "id" : "household-status",
    "type" : "CodeSystem",
    "url" : "https://voicecollab.ai/fhir/CodeSystem/household-status",
    "version" : "0.1.0",
    "name" : "HouseholdStatus"
  },
  {
    "id" : "immigration-status",
    "type" : "CodeSystem",
    "url" : "https://voicecollab.ai/fhir/CodeSystem/immigration-status",
    "version" : "0.1.0",
    "name" : "ImmigrationStatus"
  },
  {
    "id" : "marital-status",
    "type" : "CodeSystem",
    "url" : "https://voicecollab.ai/fhir/CodeSystem/marital-status",
    "version" : "0.1.0",
    "name" : "MaritalStatus"
  },
  {
    "id" : "survey-options",
    "type" : "CodeSystem",
    "url" : "https://voicecollab.ai/fhir/CodeSystem/survey-options",
    "version" : "0.1.0",
    "name" : "SurveyOptions"
  },
  {
    "id" : "transportation-type",
    "type" : "CodeSystem",
    "url" : "https://voicecollab.ai/fhir/CodeSystem/transportation-type",
    "version" : "0.1.0",
    "name" : "TransportationType"
  },
  {
    "id" : "kindlab.fhir.vbai",
    "type" : "ImplementationGuide",
    "url" : "https://voicecollab.ai/fhir/ImplementationGuide/kindlab.fhir.vbai",
    "version" : "0.1.0",
    "name" : "VoiceaBiomarkerforAI"
  },
  {
    "id" : "VbaiPlanDefinitionExample",
    "type" : "PlanDefinition",
    "url" : "https://voicecollab.ai/fhir/PlanDefinition/VbaiPlanDefinitionExample",
    "version" : "0.1.0"
  },
  {
    "id" : "VbaiPlanDefinitionMoodExample",
    "type" : "PlanDefinition",
    "url" : "https://voicecollab.ai/fhir/PlanDefinition/VbaiPlanDefinitionMoodExample",
    "version" : "0.1.0"
  },
  {
    "id" : "VbaiPlanDefinitionNeurologyExample",
    "type" : "PlanDefinition",
    "url" : "https://voicecollab.ai/fhir/PlanDefinition/VbaiPlanDefinitionNeurologyExample",
    "version" : "0.1.0"
  },
  {
    "id" : "VbaiPlanDefinitionPedsExample",
    "type" : "PlanDefinition",
    "url" : "https://voicecollab.ai/fhir/PlanDefinition/VbaiPlanDefinitionPedsExample",
    "version" : "0.1.0"
  },
  {
    "id" : "VbaiPlanDefinitionRespiratoryExample",
    "type" : "PlanDefinition",
    "url" : "https://voicecollab.ai/fhir/PlanDefinition/VbaiPlanDefinitionRespiratoryExample",
    "version" : "0.1.0"
  },
  {
    "id" : "VbaiPlanDefinitionVoiceExample",
    "type" : "PlanDefinition",
    "url" : "https://voicecollab.ai/fhir/PlanDefinition/VbaiPlanDefinitionVoiceExample",
    "version" : "0.1.0"
  },
  {
    "id" : "GAD7schema",
    "type" : "Questionnaire",
    "url" : "https://voicecollab.ai/fhir/Questionnaire/GAD7schema",
    "version" : "0.1.0"
  },
  {
    "id" : "PHQ9schema",
    "type" : "Questionnaire",
    "url" : "https://voicecollab.ai/fhir/Questionnaire/PHQ9schema",
    "version" : "0.1.0"
  },
  {
    "id" : "QuestionnaireGAD7Example",
    "type" : "Questionnaire",
    "url" : "https://voicecollab.ai/fhir/Questionnaire/QuestionnaireGAD7Example",
    "version" : "0.1.0"
  },
  {
    "id" : "QuestionnairePHQ9Example",
    "type" : "Questionnaire",
    "url" : "https://voicecollab.ai/fhir/Questionnaire/QuestionnairePHQ9Example",
    "version" : "0.1.0"
  },
  {
    "id" : "VbaiQuestionnaireCofoundersExample",
    "type" : "Questionnaire",
    "url" : "https://voicecollab.ai/fhir/Questionnaire/VbaiQuestionnaireCofoundersExample",
    "version" : "0.1.0"
  },
  {
    "id" : "VbaiQuestionnaireDemographicExample",
    "type" : "Questionnaire",
    "url" : "https://voicecollab.ai/fhir/Questionnaire/VbaiQuestionnaireDemographicExample",
    "version" : "0.1.0"
  },
  {
    "id" : "VbaiQuestionnaireDemographicExample2",
    "type" : "Questionnaire",
    "url" : "https://voicecollab.ai/fhir/Questionnaire/VbaiQuestionnaireDemographicExample2",
    "version" : "0.1.0"
  },
  {
    "id" : "vbai-body-height",
    "type" : "StructureDefinition",
    "url" : "https://voicecollab.ai/fhir/StructureDefinition/vbai-body-height",
    "version" : "0.1.0",
    "name" : "VbaiBodyHeight"
  },
  {
    "id" : "vbai-body-weight",
    "type" : "StructureDefinition",
    "url" : "https://voicecollab.ai/fhir/StructureDefinition/vbai-body-weight",
    "version" : "0.1.0",
    "name" : "VbaiBodyWeight"
  },
  {
    "id" : "vbai-condition",
    "type" : "StructureDefinition",
    "url" : "https://voicecollab.ai/fhir/StructureDefinition/vbai-condition",
    "version" : "0.1.0",
    "name" : "VbaiCondition"
  },
  {
    "id" : "vbai-consent",
    "type" : "StructureDefinition",
    "url" : "https://voicecollab.ai/fhir/StructureDefinition/vbai-consent",
    "version" : "0.1.0",
    "name" : "VbaiConsent"
  },
  {
    "id" : "vbai-encounter",
    "type" : "StructureDefinition",
    "url" : "https://voicecollab.ai/fhir/StructureDefinition/vbai-encounter",
    "version" : "0.1.0",
    "name" : "VbaiEncounter"
  },
  {
    "id" : "vbai-imaging-media",
    "type" : "StructureDefinition",
    "url" : "https://voicecollab.ai/fhir/StructureDefinition/vbai-imaging-media",
    "version" : "0.1.0",
    "name" : "VbaiImagingMedia"
  },
  {
    "id" : "vbai-imaging-study",
    "type" : "StructureDefinition",
    "url" : "https://voicecollab.ai/fhir/StructureDefinition/vbai-imaging-study",
    "version" : "0.1.0",
    "name" : "VbaiImagingStudy"
  },
  {
    "id" : "vbai-patient",
    "type" : "StructureDefinition",
    "url" : "https://voicecollab.ai/fhir/StructureDefinition/vbai-patient",
    "version" : "0.1.0",
    "name" : "VbaiPatient"
  },
  {
    "id" : "vbai-plan-definition",
    "type" : "StructureDefinition",
    "url" : "https://voicecollab.ai/fhir/StructureDefinition/vbai-plan-definition",
    "version" : "0.1.0",
    "name" : "VbaiPlanDefinition"
  },
  {
    "id" : "vbai-questionnaire",
    "type" : "StructureDefinition",
    "url" : "https://voicecollab.ai/fhir/StructureDefinition/vbai-questionnaire",
    "version" : "0.1.0",
    "name" : "VbaiQuestionnaire"
  },
  {
    "id" : "vbai-questionnaire-response",
    "type" : "StructureDefinition",
    "url" : "https://voicecollab.ai/fhir/StructureDefinition/vbai-questionnaire-response",
    "version" : "0.1.0",
    "name" : "VbaiQuestionnaireResponse"
  },
  {
    "id" : "vbai-vital-signs",
    "type" : "StructureDefinition",
    "url" : "https://voicecollab.ai/fhir/StructureDefinition/vbai-vital-signs",
    "version" : "0.1.0",
    "name" : "VbaiVitalSigns"
  },
  {
    "id" : "vbai-waveform-device",
    "type" : "StructureDefinition",
    "url" : "https://voicecollab.ai/fhir/StructureDefinition/vbai-waveform-device",
    "version" : "0.1.0",
    "name" : "VbaiWaveformDevice"
  },
  {
    "id" : "vbai-waveform-media",
    "type" : "StructureDefinition",
    "url" : "https://voicecollab.ai/fhir/StructureDefinition/vbai-waveform-media",
    "version" : "0.1.0",
    "name" : "VbaiWaveformMedia"
  },
  {
    "id" : "Highest-Education",
    "type" : "ValueSet",
    "url" : "https://voicecollab.ai/fhir/ValueSet/Highest-Education",
    "version" : "0.1.0",
    "name" : "HighestEducation"
  },
  {
    "id" : "disability-status",
    "type" : "ValueSet",
    "url" : "https://voicecollab.ai/fhir/ValueSet/disability-status",
    "version" : "0.1.0",
    "name" : "DisabilityStatus"
  },
  {
    "id" : "disability-type",
    "type" : "ValueSet",
    "url" : "https://voicecollab.ai/fhir/ValueSet/disability-type",
    "version" : "0.1.0",
    "name" : "DisabilityType"
  },
  {
    "id" : "employment-status",
    "type" : "ValueSet",
    "url" : "https://voicecollab.ai/fhir/ValueSet/employment-status",
    "version" : "0.1.0",
    "name" : "EmploymentStatus"
  },
  {
    "id" : "financial-assistance",
    "type" : "ValueSet",
    "url" : "https://voicecollab.ai/fhir/ValueSet/financial-assistance",
    "version" : "0.1.0",
    "name" : "FinancialAssistance"
  },
  {
    "id" : "gender-identity",
    "type" : "ValueSet",
    "url" : "https://voicecollab.ai/fhir/ValueSet/gender-identity",
    "version" : "0.1.0",
    "name" : "GenderIdentity"
  },
  {
    "id" : "household-makeup",
    "type" : "ValueSet",
    "url" : "https://voicecollab.ai/fhir/ValueSet/household-makeup",
    "version" : "0.1.0",
    "name" : "HouseholdMakeup"
  },
  {
    "id" : "household-status",
    "type" : "ValueSet",
    "url" : "https://voicecollab.ai/fhir/ValueSet/household-status",
    "version" : "0.1.0",
    "name" : "HouseholdStatus"
  },
  {
    "id" : "immigration-status",
    "type" : "ValueSet",
    "url" : "https://voicecollab.ai/fhir/ValueSet/immigration-status",
    "version" : "0.1.0",
    "name" : "ImmigrationStatus"
  },
  {
    "id" : "marital-status",
    "type" : "ValueSet",
    "url" : "https://voicecollab.ai/fhir/ValueSet/marital-status",
    "version" : "0.1.0",
    "name" : "MaritalStatus"
  },
  {
    "id" : "survey-options",
    "type" : "ValueSet",
    "url" : "https://voicecollab.ai/fhir/ValueSet/survey-options",
    "version" : "0.1.0",
    "name" : "SurveyOptions"
  },
  {
    "id" : "transportation-type",
    "type" : "ValueSet",
    "url" : "https://voicecollab.ai/fhir/ValueSet/transportation-type",
    "version" : "0.1.0",
    "name" : "TransportationType"
  },
  {
    "id" : "whocompletedsurvey",
    "type" : "ValueSet",
    "url" : "https://voicecollab.ai/fhir/ValueSet/whocompletedsurvey",
    "version" : "0.1.0",
    "name" : "WhoCompletedSurvey"
  },
  {
    "id" : "yesnosome",
    "type" : "ValueSet",
    "url" : "https://voicecollab.ai/fhir/ValueSet/yesnosome",
    "version" : "0.1.0",
    "name" : "YesNoSome"
  }
]
