[
  {
    "id": "kindlab.fhir.vbai",
    "type": "ImplementationGuide",
    "url": "http://someurl/fhir/vbai/ImplementationGuide/kindlab.fhir.vbai",
    "version": "0.1.0",
    "name": "VoiceasaBiomarkerofHealth"
  },
  {
    "id": "vbai-body-height",
    "type": "StructureDefinition",
    "url": "http://someurl/fhir/vbai/StructureDefinition/vbai-body-height",
    "version": "0.1.0",
    "name": "VbaiBodyHeight"
  },
  {
    "id": "vbai-body-weight",
    "type": "StructureDefinition",
    "url": "http://someurl/fhir/vbai/StructureDefinition/vbai-body-weight",
    "version": "0.1.0",
    "name": "VbaiBodyWeight"
  },
  {
    "id": "vbai-condition",
    "type": "StructureDefinition",
    "url": "http://someurl/fhir/vbai/StructureDefinition/vbai-condition",
    "version": "0.1.0",
    "name": "VbaiCondition"
  },
  {
    "id": "vbai-encounter",
    "type": "StructureDefinition",
    "url": "http://someurl/fhir/vbai/StructureDefinition/vbai-encounter",
    "version": "0.1.0",
    "name": "VbaiEncounter"
  },
  {
    "id": "vbai-imaging-media",
    "type": "StructureDefinition",
    "url": "http://someurl/fhir/vbai/StructureDefinition/vbai-imaging-media",
    "version": "0.1.0",
    "name": "VbaiImagingMedia"
  },
  {
    "id": "vbai-imaging-study",
    "type": "StructureDefinition",
    "url": "http://someurl/fhir/vbai/StructureDefinition/vbai-imaging-study",
    "version": "0.1.0",
    "name": "VbaiImagingStudy"
  },
  {
    "id": "vbai-patient",
    "type": "StructureDefinition",
    "url": "http://someurl/fhir/vbai/StructureDefinition/vbai-patient",
    "version": "0.1.0",
    "name": "VbaiPatient"
  },
  {
    "id": "vbai-questionnaire",
    "type": "StructureDefinition",
    "url": "http://someurl/fhir/vbai/StructureDefinition/vbai-questionnaire",
    "version": "0.1.0",
    "name": "VbaiQuestionnaire"
  },
  {
    "id": "vbai-questionnaire-response",
    "type": "StructureDefinition",
    "url": "http://someurl/fhir/vbai/StructureDefinition/vbai-questionnaire-response",
    "version": "0.1.0",
    "name": "VbaiQuestionnaireResponse"
  },
  {
    "id": "vbai-vital-signs",
    "type": "StructureDefinition",
    "url": "http://someurl/fhir/vbai/StructureDefinition/vbai-vital-signs",
    "version": "0.1.0",
    "name": "VbaiVitalSigns"
  },
  {
    "id": "vbai-waveform-device",
    "type": "StructureDefinition",
    "url": "http://someurl/fhir/vbai/StructureDefinition/vbai-waveform-device",
    "version": "0.1.0",
    "name": "VbaiWaveformDevice"
  },
  {
    "id": "vbai-waveform-media",
    "type": "StructureDefinition",
    "url": "http://someurl/fhir/vbai/StructureDefinition/vbai-waveform-media",
    "version": "0.1.0",
    "name": "VbaiWaveformMedia"
  }
]