[
  {
    "id" : "Who-Completed-Survey",
    "type" : "CodeSystem",
    "url" : "https://voicecollab.ai/fhir/CodeSystem/Who-Completed-Survey",
    "version" : "1.0.0",
    "name" : "WhoCompletedSurvey"
  },
  {
    "id" : "Winograd-1",
    "type" : "CodeSystem",
    "url" : "https://voicecollab.ai/fhir/CodeSystem/Winograd-1",
    "version" : "1.0.0",
    "name" : "Winograd1"
  },
  {
    "id" : "Winograd-10",
    "type" : "CodeSystem",
    "url" : "https://voicecollab.ai/fhir/CodeSystem/Winograd-10",
    "version" : "1.0.0",
    "name" : "Winograd10"
  },
  {
    "id" : "Winograd-100",
    "type" : "CodeSystem",
    "url" : "https://voicecollab.ai/fhir/CodeSystem/Winograd-100",
    "version" : "1.0.0",
    "name" : "Winograd100"
  },
  {
    "id" : "Winograd-101",
    "type" : "CodeSystem",
    "url" : "https://voicecollab.ai/fhir/CodeSystem/Winograd-101",
    "version" : "1.0.0",
    "name" : "Winograd101"
  },
  {
    "id" : "Winograd-102",
    "type" : "CodeSystem",
    "url" : "https://voicecollab.ai/fhir/CodeSystem/Winograd-102",
    "version" : "1.0.0",
    "name" : "Winograd102"
  },
  {
    "id" : "Winograd-103",
    "type" : "CodeSystem",
    "url" : "https://voicecollab.ai/fhir/CodeSystem/Winograd-103",
    "version" : "1.0.0",
    "name" : "Winograd103"
  },
  {
    "id" : "Winograd-104",
    "type" : "CodeSystem",
    "url" : "https://voicecollab.ai/fhir/CodeSystem/Winograd-104",
    "version" : "1.0.0",
    "name" : "Winograd104"
  },
  {
    "id" : "Winograd-105",
    "type" : "CodeSystem",
    "url" : "https://voicecollab.ai/fhir/CodeSystem/Winograd-105",
    "version" : "1.0.0",
    "name" : "Winograd105"
  },
  {
    "id" : "Winograd-106",
    "type" : "CodeSystem",
    "url" : "https://voicecollab.ai/fhir/CodeSystem/Winograd-106",
    "version" : "1.0.0",
    "name" : "Winograd106"
  },
  {
    "id" : "Winograd-107",
    "type" : "CodeSystem",
    "url" : "https://voicecollab.ai/fhir/CodeSystem/Winograd-107",
    "version" : "1.0.0",
    "name" : "Winograd107"
  },
  {
    "id" : "Winograd-108",
    "type" : "CodeSystem",
    "url" : "https://voicecollab.ai/fhir/CodeSystem/Winograd-108",
    "version" : "1.0.0",
    "name" : "Winograd108"
  },
  {
    "id" : "Winograd-109",
    "type" : "CodeSystem",
    "url" : "https://voicecollab.ai/fhir/CodeSystem/Winograd-109",
    "version" : "1.0.0",
    "name" : "Winograd109"
  },
  {
    "id" : "Winograd-11",
    "type" : "CodeSystem",
    "url" : "https://voicecollab.ai/fhir/CodeSystem/Winograd-11",
    "version" : "1.0.0",
    "name" : "Winograd11"
  },
  {
    "id" : "Winograd-110",
    "type" : "CodeSystem",
    "url" : "https://voicecollab.ai/fhir/CodeSystem/Winograd-110",
    "version" : "1.0.0",
    "name" : "Winograd110"
  },
  {
    "id" : "Winograd-111",
    "type" : "CodeSystem",
    "url" : "https://voicecollab.ai/fhir/CodeSystem/Winograd-111",
    "version" : "1.0.0",
    "name" : "Winograd111"
  },
  {
    "id" : "Winograd-112",
    "type" : "CodeSystem",
    "url" : "https://voicecollab.ai/fhir/CodeSystem/Winograd-112",
    "version" : "1.0.0",
    "name" : "Winograd112"
  },
  {
    "id" : "Winograd-113",
    "type" : "CodeSystem",
    "url" : "https://voicecollab.ai/fhir/CodeSystem/Winograd-113",
    "version" : "1.0.0",
    "name" : "Winograd113"
  },
  {
    "id" : "Winograd-114",
    "type" : "CodeSystem",
    "url" : "https://voicecollab.ai/fhir/CodeSystem/Winograd-114",
    "version" : "1.0.0",
    "name" : "Winograd114"
  },
  {
    "id" : "Winograd-115",
    "type" : "CodeSystem",
    "url" : "https://voicecollab.ai/fhir/CodeSystem/Winograd-115",
    "version" : "1.0.0",
    "name" : "Winograd115"
  },
  {
    "id" : "Winograd-116",
    "type" : "CodeSystem",
    "url" : "https://voicecollab.ai/fhir/CodeSystem/Winograd-116",
    "version" : "1.0.0",
    "name" : "Winograd116"
  },
  {
    "id" : "Winograd-117",
    "type" : "CodeSystem",
    "url" : "https://voicecollab.ai/fhir/CodeSystem/Winograd-117",
    "version" : "1.0.0",
    "name" : "Winograd117"
  },
  {
    "id" : "Winograd-118",
    "type" : "CodeSystem",
    "url" : "https://voicecollab.ai/fhir/CodeSystem/Winograd-118",
    "version" : "1.0.0",
    "name" : "Winograd118"
  },
  {
    "id" : "Winograd-119",
    "type" : "CodeSystem",
    "url" : "https://voicecollab.ai/fhir/CodeSystem/Winograd-119",
    "version" : "1.0.0",
    "name" : "Winograd119"
  },
  {
    "id" : "Winograd-12",
    "type" : "CodeSystem",
    "url" : "https://voicecollab.ai/fhir/CodeSystem/Winograd-12",
    "version" : "1.0.0",
    "name" : "Winograd12"
  },
  {
    "id" : "Winograd-120",
    "type" : "CodeSystem",
    "url" : "https://voicecollab.ai/fhir/CodeSystem/Winograd-120",
    "version" : "1.0.0",
    "name" : "Winograd120"
  },
  {
    "id" : "Winograd-121",
    "type" : "CodeSystem",
    "url" : "https://voicecollab.ai/fhir/CodeSystem/Winograd-121",
    "version" : "1.0.0",
    "name" : "Winograd121"
  },
  {
    "id" : "Winograd-122",
    "type" : "CodeSystem",
    "url" : "https://voicecollab.ai/fhir/CodeSystem/Winograd-122",
    "version" : "1.0.0",
    "name" : "Winograd122"
  },
  {
    "id" : "Winograd-123",
    "type" : "CodeSystem",
    "url" : "https://voicecollab.ai/fhir/CodeSystem/Winograd-123",
    "version" : "1.0.0",
    "name" : "Winograd123"
  },
  {
    "id" : "Winograd-124",
    "type" : "CodeSystem",
    "url" : "https://voicecollab.ai/fhir/CodeSystem/Winograd-124",
    "version" : "1.0.0",
    "name" : "Winograd124"
  },
  {
    "id" : "Winograd-125",
    "type" : "CodeSystem",
    "url" : "https://voicecollab.ai/fhir/CodeSystem/Winograd-125",
    "version" : "1.0.0",
    "name" : "Winograd125"
  },
  {
    "id" : "Winograd-126",
    "type" : "CodeSystem",
    "url" : "https://voicecollab.ai/fhir/CodeSystem/Winograd-126",
    "version" : "1.0.0",
    "name" : "Winograd126"
  },
  {
    "id" : "Winograd-127",
    "type" : "CodeSystem",
    "url" : "https://voicecollab.ai/fhir/CodeSystem/Winograd-127",
    "version" : "1.0.0",
    "name" : "Winograd127"
  },
  {
    "id" : "Winograd-128",
    "type" : "CodeSystem",
    "url" : "https://voicecollab.ai/fhir/CodeSystem/Winograd-128",
    "version" : "1.0.0",
    "name" : "Winograd128"
  },
  {
    "id" : "Winograd-129",
    "type" : "CodeSystem",
    "url" : "https://voicecollab.ai/fhir/CodeSystem/Winograd-129",
    "version" : "1.0.0",
    "name" : "Winograd129"
  },
  {
    "id" : "Winograd-13",
    "type" : "CodeSystem",
    "url" : "https://voicecollab.ai/fhir/CodeSystem/Winograd-13",
    "version" : "1.0.0",
    "name" : "Winograd13"
  },
  {
    "id" : "Winograd-130",
    "type" : "CodeSystem",
    "url" : "https://voicecollab.ai/fhir/CodeSystem/Winograd-130",
    "version" : "1.0.0",
    "name" : "Winograd130"
  },
  {
    "id" : "Winograd-131",
    "type" : "CodeSystem",
    "url" : "https://voicecollab.ai/fhir/CodeSystem/Winograd-131",
    "version" : "1.0.0",
    "name" : "Winograd131"
  },
  {
    "id" : "Winograd-132",
    "type" : "CodeSystem",
    "url" : "https://voicecollab.ai/fhir/CodeSystem/Winograd-132",
    "version" : "1.0.0",
    "name" : "Winograd132"
  },
  {
    "id" : "Winograd-133",
    "type" : "CodeSystem",
    "url" : "https://voicecollab.ai/fhir/CodeSystem/Winograd-133",
    "version" : "1.0.0",
    "name" : "Winograd133"
  },
  {
    "id" : "Winograd-134",
    "type" : "CodeSystem",
    "url" : "https://voicecollab.ai/fhir/CodeSystem/Winograd-134",
    "version" : "1.0.0",
    "name" : "Winograd134"
  },
  {
    "id" : "Winograd-135",
    "type" : "CodeSystem",
    "url" : "https://voicecollab.ai/fhir/CodeSystem/Winograd-135",
    "version" : "1.0.0",
    "name" : "Winograd135"
  },
  {
    "id" : "Winograd-136",
    "type" : "CodeSystem",
    "url" : "https://voicecollab.ai/fhir/CodeSystem/Winograd-136",
    "version" : "1.0.0",
    "name" : "Winograd136"
  },
  {
    "id" : "Winograd-137",
    "type" : "CodeSystem",
    "url" : "https://voicecollab.ai/fhir/CodeSystem/Winograd-137",
    "version" : "1.0.0",
    "name" : "Winograd137"
  },
  {
    "id" : "Winograd-138",
    "type" : "CodeSystem",
    "url" : "https://voicecollab.ai/fhir/CodeSystem/Winograd-138",
    "version" : "1.0.0",
    "name" : "Winograd138"
  },
  {
    "id" : "Winograd-14",
    "type" : "CodeSystem",
    "url" : "https://voicecollab.ai/fhir/CodeSystem/Winograd-14",
    "version" : "1.0.0",
    "name" : "Winograd14"
  },
  {
    "id" : "Winograd-15",
    "type" : "CodeSystem",
    "url" : "https://voicecollab.ai/fhir/CodeSystem/Winograd-15",
    "version" : "1.0.0",
    "name" : "Winograd15"
  },
  {
    "id" : "Winograd-16",
    "type" : "CodeSystem",
    "url" : "https://voicecollab.ai/fhir/CodeSystem/Winograd-16",
    "version" : "1.0.0",
    "name" : "Winograd16"
  },
  {
    "id" : "Winograd-17",
    "type" : "CodeSystem",
    "url" : "https://voicecollab.ai/fhir/CodeSystem/Winograd-17",
    "version" : "1.0.0",
    "name" : "Winograd17"
  },
  {
    "id" : "Winograd-18",
    "type" : "CodeSystem",
    "url" : "https://voicecollab.ai/fhir/CodeSystem/Winograd-18",
    "version" : "1.0.0",
    "name" : "Winograd18"
  },
  {
    "id" : "Winograd-19",
    "type" : "CodeSystem",
    "url" : "https://voicecollab.ai/fhir/CodeSystem/Winograd-19",
    "version" : "1.0.0",
    "name" : "Winograd19"
  },
  {
    "id" : "Winograd-2",
    "type" : "CodeSystem",
    "url" : "https://voicecollab.ai/fhir/CodeSystem/Winograd-2",
    "version" : "1.0.0",
    "name" : "Winograd2"
  },
  {
    "id" : "Winograd-20",
    "type" : "CodeSystem",
    "url" : "https://voicecollab.ai/fhir/CodeSystem/Winograd-20",
    "version" : "1.0.0",
    "name" : "Winograd20"
  },
  {
    "id" : "Winograd-21",
    "type" : "CodeSystem",
    "url" : "https://voicecollab.ai/fhir/CodeSystem/Winograd-21",
    "version" : "1.0.0",
    "name" : "Winograd21"
  },
  {
    "id" : "Winograd-22",
    "type" : "CodeSystem",
    "url" : "https://voicecollab.ai/fhir/CodeSystem/Winograd-22",
    "version" : "1.0.0",
    "name" : "Winograd22"
  },
  {
    "id" : "Winograd-23",
    "type" : "CodeSystem",
    "url" : "https://voicecollab.ai/fhir/CodeSystem/Winograd-23",
    "version" : "1.0.0",
    "name" : "Winograd23"
  },
  {
    "id" : "Winograd-24",
    "type" : "CodeSystem",
    "url" : "https://voicecollab.ai/fhir/CodeSystem/Winograd-24",
    "version" : "1.0.0",
    "name" : "Winograd24"
  },
  {
    "id" : "Winograd-25",
    "type" : "CodeSystem",
    "url" : "https://voicecollab.ai/fhir/CodeSystem/Winograd-25",
    "version" : "1.0.0",
    "name" : "Winograd25"
  },
  {
    "id" : "Winograd-26",
    "type" : "CodeSystem",
    "url" : "https://voicecollab.ai/fhir/CodeSystem/Winograd-26",
    "version" : "1.0.0",
    "name" : "Winograd26"
  },
  {
    "id" : "Winograd-27",
    "type" : "CodeSystem",
    "url" : "https://voicecollab.ai/fhir/CodeSystem/Winograd-27",
    "version" : "1.0.0",
    "name" : "Winograd27"
  },
  {
    "id" : "Winograd-28",
    "type" : "CodeSystem",
    "url" : "https://voicecollab.ai/fhir/CodeSystem/Winograd-28",
    "version" : "1.0.0",
    "name" : "Winograd28"
  },
  {
    "id" : "Winograd-29",
    "type" : "CodeSystem",
    "url" : "https://voicecollab.ai/fhir/CodeSystem/Winograd-29",
    "version" : "1.0.0",
    "name" : "Winograd29"
  },
  {
    "id" : "Winograd-3",
    "type" : "CodeSystem",
    "url" : "https://voicecollab.ai/fhir/CodeSystem/Winograd-3",
    "version" : "1.0.0",
    "name" : "Winograd3"
  },
  {
    "id" : "Winograd-30",
    "type" : "CodeSystem",
    "url" : "https://voicecollab.ai/fhir/CodeSystem/Winograd-30",
    "version" : "1.0.0",
    "name" : "Winograd30"
  },
  {
    "id" : "Winograd-31",
    "type" : "CodeSystem",
    "url" : "https://voicecollab.ai/fhir/CodeSystem/Winograd-31",
    "version" : "1.0.0",
    "name" : "Winograd31"
  },
  {
    "id" : "Winograd-32",
    "type" : "CodeSystem",
    "url" : "https://voicecollab.ai/fhir/CodeSystem/Winograd-32",
    "version" : "1.0.0",
    "name" : "Winograd32"
  },
  {
    "id" : "Winograd-33",
    "type" : "CodeSystem",
    "url" : "https://voicecollab.ai/fhir/CodeSystem/Winograd-33",
    "version" : "1.0.0",
    "name" : "Winograd33"
  },
  {
    "id" : "Winograd-34",
    "type" : "CodeSystem",
    "url" : "https://voicecollab.ai/fhir/CodeSystem/Winograd-34",
    "version" : "1.0.0",
    "name" : "Winograd34"
  },
  {
    "id" : "Winograd-35",
    "type" : "CodeSystem",
    "url" : "https://voicecollab.ai/fhir/CodeSystem/Winograd-35",
    "version" : "1.0.0",
    "name" : "Winograd35"
  },
  {
    "id" : "Winograd-36",
    "type" : "CodeSystem",
    "url" : "https://voicecollab.ai/fhir/CodeSystem/Winograd-36",
    "version" : "1.0.0",
    "name" : "Winograd36"
  },
  {
    "id" : "Winograd-37",
    "type" : "CodeSystem",
    "url" : "https://voicecollab.ai/fhir/CodeSystem/Winograd-37",
    "version" : "1.0.0",
    "name" : "Winograd37"
  },
  {
    "id" : "Winograd-38",
    "type" : "CodeSystem",
    "url" : "https://voicecollab.ai/fhir/CodeSystem/Winograd-38",
    "version" : "1.0.0",
    "name" : "Winograd38"
  },
  {
    "id" : "Winograd-39",
    "type" : "CodeSystem",
    "url" : "https://voicecollab.ai/fhir/CodeSystem/Winograd-39",
    "version" : "1.0.0",
    "name" : "Winograd39"
  },
  {
    "id" : "Winograd-4",
    "type" : "CodeSystem",
    "url" : "https://voicecollab.ai/fhir/CodeSystem/Winograd-4",
    "version" : "1.0.0",
    "name" : "Winograd4"
  },
  {
    "id" : "Winograd-40",
    "type" : "CodeSystem",
    "url" : "https://voicecollab.ai/fhir/CodeSystem/Winograd-40",
    "version" : "1.0.0",
    "name" : "Winograd40"
  },
  {
    "id" : "Winograd-41",
    "type" : "CodeSystem",
    "url" : "https://voicecollab.ai/fhir/CodeSystem/Winograd-41",
    "version" : "1.0.0",
    "name" : "Winograd41"
  },
  {
    "id" : "Winograd-42",
    "type" : "CodeSystem",
    "url" : "https://voicecollab.ai/fhir/CodeSystem/Winograd-42",
    "version" : "1.0.0",
    "name" : "Winograd42"
  },
  {
    "id" : "Winograd-43",
    "type" : "CodeSystem",
    "url" : "https://voicecollab.ai/fhir/CodeSystem/Winograd-43",
    "version" : "1.0.0",
    "name" : "Winograd43"
  },
  {
    "id" : "Winograd-44",
    "type" : "CodeSystem",
    "url" : "https://voicecollab.ai/fhir/CodeSystem/Winograd-44",
    "version" : "1.0.0",
    "name" : "Winograd44"
  },
  {
    "id" : "Winograd-45",
    "type" : "CodeSystem",
    "url" : "https://voicecollab.ai/fhir/CodeSystem/Winograd-45",
    "version" : "1.0.0",
    "name" : "Winograd45"
  },
  {
    "id" : "Winograd-46",
    "type" : "CodeSystem",
    "url" : "https://voicecollab.ai/fhir/CodeSystem/Winograd-46",
    "version" : "1.0.0",
    "name" : "Winograd46"
  },
  {
    "id" : "Winograd-47",
    "type" : "CodeSystem",
    "url" : "https://voicecollab.ai/fhir/CodeSystem/Winograd-47",
    "version" : "1.0.0",
    "name" : "Winograd47"
  },
  {
    "id" : "Winograd-48",
    "type" : "CodeSystem",
    "url" : "https://voicecollab.ai/fhir/CodeSystem/Winograd-48",
    "version" : "1.0.0",
    "name" : "Winograd48"
  },
  {
    "id" : "Winograd-49",
    "type" : "CodeSystem",
    "url" : "https://voicecollab.ai/fhir/CodeSystem/Winograd-49",
    "version" : "1.0.0",
    "name" : "Winograd49"
  },
  {
    "id" : "Winograd-5",
    "type" : "CodeSystem",
    "url" : "https://voicecollab.ai/fhir/CodeSystem/Winograd-5",
    "version" : "1.0.0",
    "name" : "Winograd5"
  },
  {
    "id" : "Winograd-50",
    "type" : "CodeSystem",
    "url" : "https://voicecollab.ai/fhir/CodeSystem/Winograd-50",
    "version" : "1.0.0",
    "name" : "Winograd50"
  },
  {
    "id" : "Winograd-51",
    "type" : "CodeSystem",
    "url" : "https://voicecollab.ai/fhir/CodeSystem/Winograd-51",
    "version" : "1.0.0",
    "name" : "Winograd51"
  },
  {
    "id" : "Winograd-52",
    "type" : "CodeSystem",
    "url" : "https://voicecollab.ai/fhir/CodeSystem/Winograd-52",
    "version" : "1.0.0",
    "name" : "Winograd52"
  },
  {
    "id" : "Winograd-53",
    "type" : "CodeSystem",
    "url" : "https://voicecollab.ai/fhir/CodeSystem/Winograd-53",
    "version" : "1.0.0",
    "name" : "Winograd53"
  },
  {
    "id" : "Winograd-54",
    "type" : "CodeSystem",
    "url" : "https://voicecollab.ai/fhir/CodeSystem/Winograd-54",
    "version" : "1.0.0",
    "name" : "Winograd54"
  },
  {
    "id" : "Winograd-55",
    "type" : "CodeSystem",
    "url" : "https://voicecollab.ai/fhir/CodeSystem/Winograd-55",
    "version" : "1.0.0",
    "name" : "Winograd55"
  },
  {
    "id" : "Winograd-56",
    "type" : "CodeSystem",
    "url" : "https://voicecollab.ai/fhir/CodeSystem/Winograd-56",
    "version" : "1.0.0",
    "name" : "Winograd56"
  },
  {
    "id" : "Winograd-57",
    "type" : "CodeSystem",
    "url" : "https://voicecollab.ai/fhir/CodeSystem/Winograd-57",
    "version" : "1.0.0",
    "name" : "Winograd57"
  },
  {
    "id" : "Winograd-58",
    "type" : "CodeSystem",
    "url" : "https://voicecollab.ai/fhir/CodeSystem/Winograd-58",
    "version" : "1.0.0",
    "name" : "Winograd58"
  },
  {
    "id" : "Winograd-59",
    "type" : "CodeSystem",
    "url" : "https://voicecollab.ai/fhir/CodeSystem/Winograd-59",
    "version" : "1.0.0",
    "name" : "Winograd59"
  },
  {
    "id" : "Winograd-6",
    "type" : "CodeSystem",
    "url" : "https://voicecollab.ai/fhir/CodeSystem/Winograd-6",
    "version" : "1.0.0",
    "name" : "Winograd6"
  },
  {
    "id" : "Winograd-60",
    "type" : "CodeSystem",
    "url" : "https://voicecollab.ai/fhir/CodeSystem/Winograd-60",
    "version" : "1.0.0",
    "name" : "Winograd60"
  },
  {
    "id" : "Winograd-61",
    "type" : "CodeSystem",
    "url" : "https://voicecollab.ai/fhir/CodeSystem/Winograd-61",
    "version" : "1.0.0",
    "name" : "Winograd61"
  },
  {
    "id" : "Winograd-62",
    "type" : "CodeSystem",
    "url" : "https://voicecollab.ai/fhir/CodeSystem/Winograd-62",
    "version" : "1.0.0",
    "name" : "Winograd62"
  },
  {
    "id" : "Winograd-63",
    "type" : "CodeSystem",
    "url" : "https://voicecollab.ai/fhir/CodeSystem/Winograd-63",
    "version" : "1.0.0",
    "name" : "Winograd63"
  },
  {
    "id" : "Winograd-64",
    "type" : "CodeSystem",
    "url" : "https://voicecollab.ai/fhir/CodeSystem/Winograd-64",
    "version" : "1.0.0",
    "name" : "Winograd64"
  },
  {
    "id" : "Winograd-65",
    "type" : "CodeSystem",
    "url" : "https://voicecollab.ai/fhir/CodeSystem/Winograd-65",
    "version" : "1.0.0",
    "name" : "Winograd65"
  },
  {
    "id" : "Winograd-66",
    "type" : "CodeSystem",
    "url" : "https://voicecollab.ai/fhir/CodeSystem/Winograd-66",
    "version" : "1.0.0",
    "name" : "Winograd66"
  },
  {
    "id" : "Winograd-67",
    "type" : "CodeSystem",
    "url" : "https://voicecollab.ai/fhir/CodeSystem/Winograd-67",
    "version" : "1.0.0",
    "name" : "Winograd67"
  },
  {
    "id" : "Winograd-68",
    "type" : "CodeSystem",
    "url" : "https://voicecollab.ai/fhir/CodeSystem/Winograd-68",
    "version" : "1.0.0",
    "name" : "Winograd68"
  },
  {
    "id" : "Winograd-69",
    "type" : "CodeSystem",
    "url" : "https://voicecollab.ai/fhir/CodeSystem/Winograd-69",
    "version" : "1.0.0",
    "name" : "Winograd69"
  },
  {
    "id" : "Winograd-7",
    "type" : "CodeSystem",
    "url" : "https://voicecollab.ai/fhir/CodeSystem/Winograd-7",
    "version" : "1.0.0",
    "name" : "Winograd7"
  },
  {
    "id" : "Winograd-70",
    "type" : "CodeSystem",
    "url" : "https://voicecollab.ai/fhir/CodeSystem/Winograd-70",
    "version" : "1.0.0",
    "name" : "Winograd70"
  },
  {
    "id" : "Winograd-71",
    "type" : "CodeSystem",
    "url" : "https://voicecollab.ai/fhir/CodeSystem/Winograd-71",
    "version" : "1.0.0",
    "name" : "Winograd71"
  },
  {
    "id" : "Winograd-72",
    "type" : "CodeSystem",
    "url" : "https://voicecollab.ai/fhir/CodeSystem/Winograd-72",
    "version" : "1.0.0",
    "name" : "Winograd72"
  },
  {
    "id" : "Winograd-73",
    "type" : "CodeSystem",
    "url" : "https://voicecollab.ai/fhir/CodeSystem/Winograd-73",
    "version" : "1.0.0",
    "name" : "Winograd73"
  },
  {
    "id" : "Winograd-74",
    "type" : "CodeSystem",
    "url" : "https://voicecollab.ai/fhir/CodeSystem/Winograd-74",
    "version" : "1.0.0",
    "name" : "Winograd74"
  },
  {
    "id" : "Winograd-75",
    "type" : "CodeSystem",
    "url" : "https://voicecollab.ai/fhir/CodeSystem/Winograd-75",
    "version" : "1.0.0",
    "name" : "Winograd75"
  },
  {
    "id" : "Winograd-76",
    "type" : "CodeSystem",
    "url" : "https://voicecollab.ai/fhir/CodeSystem/Winograd-76",
    "version" : "1.0.0",
    "name" : "Winograd76"
  },
  {
    "id" : "Winograd-77",
    "type" : "CodeSystem",
    "url" : "https://voicecollab.ai/fhir/CodeSystem/Winograd-77",
    "version" : "1.0.0",
    "name" : "Winograd77"
  },
  {
    "id" : "Winograd-78",
    "type" : "CodeSystem",
    "url" : "https://voicecollab.ai/fhir/CodeSystem/Winograd-78",
    "version" : "1.0.0",
    "name" : "Winograd78"
  },
  {
    "id" : "Winograd-79",
    "type" : "CodeSystem",
    "url" : "https://voicecollab.ai/fhir/CodeSystem/Winograd-79",
    "version" : "1.0.0",
    "name" : "Winograd79"
  },
  {
    "id" : "Winograd-8",
    "type" : "CodeSystem",
    "url" : "https://voicecollab.ai/fhir/CodeSystem/Winograd-8",
    "version" : "1.0.0",
    "name" : "Winograd8"
  },
  {
    "id" : "Winograd-80",
    "type" : "CodeSystem",
    "url" : "https://voicecollab.ai/fhir/CodeSystem/Winograd-80",
    "version" : "1.0.0",
    "name" : "Winograd80"
  },
  {
    "id" : "Winograd-81",
    "type" : "CodeSystem",
    "url" : "https://voicecollab.ai/fhir/CodeSystem/Winograd-81",
    "version" : "1.0.0",
    "name" : "Winograd81"
  },
  {
    "id" : "Winograd-82",
    "type" : "CodeSystem",
    "url" : "https://voicecollab.ai/fhir/CodeSystem/Winograd-82",
    "version" : "1.0.0",
    "name" : "Winograd82"
  },
  {
    "id" : "Winograd-83",
    "type" : "CodeSystem",
    "url" : "https://voicecollab.ai/fhir/CodeSystem/Winograd-83",
    "version" : "1.0.0",
    "name" : "Winograd83"
  },
  {
    "id" : "Winograd-84",
    "type" : "CodeSystem",
    "url" : "https://voicecollab.ai/fhir/CodeSystem/Winograd-84",
    "version" : "1.0.0",
    "name" : "Winograd84"
  },
  {
    "id" : "Winograd-85",
    "type" : "CodeSystem",
    "url" : "https://voicecollab.ai/fhir/CodeSystem/Winograd-85",
    "version" : "1.0.0",
    "name" : "Winograd85"
  },
  {
    "id" : "Winograd-86",
    "type" : "CodeSystem",
    "url" : "https://voicecollab.ai/fhir/CodeSystem/Winograd-86",
    "version" : "1.0.0",
    "name" : "Winograd86"
  },
  {
    "id" : "Winograd-87",
    "type" : "CodeSystem",
    "url" : "https://voicecollab.ai/fhir/CodeSystem/Winograd-87",
    "version" : "1.0.0",
    "name" : "Winograd87"
  },
  {
    "id" : "Winograd-88",
    "type" : "CodeSystem",
    "url" : "https://voicecollab.ai/fhir/CodeSystem/Winograd-88",
    "version" : "1.0.0",
    "name" : "Winograd88"
  },
  {
    "id" : "Winograd-89",
    "type" : "CodeSystem",
    "url" : "https://voicecollab.ai/fhir/CodeSystem/Winograd-89",
    "version" : "1.0.0",
    "name" : "Winograd89"
  },
  {
    "id" : "Winograd-9",
    "type" : "CodeSystem",
    "url" : "https://voicecollab.ai/fhir/CodeSystem/Winograd-9",
    "version" : "1.0.0",
    "name" : "Winograd9"
  },
  {
    "id" : "Winograd-90",
    "type" : "CodeSystem",
    "url" : "https://voicecollab.ai/fhir/CodeSystem/Winograd-90",
    "version" : "1.0.0",
    "name" : "Winograd90"
  },
  {
    "id" : "Winograd-91",
    "type" : "CodeSystem",
    "url" : "https://voicecollab.ai/fhir/CodeSystem/Winograd-91",
    "version" : "1.0.0",
    "name" : "Winograd91"
  },
  {
    "id" : "Winograd-92",
    "type" : "CodeSystem",
    "url" : "https://voicecollab.ai/fhir/CodeSystem/Winograd-92",
    "version" : "1.0.0",
    "name" : "Winograd92"
  },
  {
    "id" : "Winograd-93",
    "type" : "CodeSystem",
    "url" : "https://voicecollab.ai/fhir/CodeSystem/Winograd-93",
    "version" : "1.0.0",
    "name" : "Winograd93"
  },
  {
    "id" : "Winograd-94",
    "type" : "CodeSystem",
    "url" : "https://voicecollab.ai/fhir/CodeSystem/Winograd-94",
    "version" : "1.0.0",
    "name" : "Winograd94"
  },
  {
    "id" : "Winograd-95",
    "type" : "CodeSystem",
    "url" : "https://voicecollab.ai/fhir/CodeSystem/Winograd-95",
    "version" : "1.0.0",
    "name" : "Winograd95"
  },
  {
    "id" : "Winograd-96",
    "type" : "CodeSystem",
    "url" : "https://voicecollab.ai/fhir/CodeSystem/Winograd-96",
    "version" : "1.0.0",
    "name" : "Winograd96"
  },
  {
    "id" : "Winograd-97",
    "type" : "CodeSystem",
    "url" : "https://voicecollab.ai/fhir/CodeSystem/Winograd-97",
    "version" : "1.0.0",
    "name" : "Winograd97"
  },
  {
    "id" : "Winograd-98",
    "type" : "CodeSystem",
    "url" : "https://voicecollab.ai/fhir/CodeSystem/Winograd-98",
    "version" : "1.0.0",
    "name" : "Winograd98"
  },
  {
    "id" : "Winograd-99",
    "type" : "CodeSystem",
    "url" : "https://voicecollab.ai/fhir/CodeSystem/Winograd-99",
    "version" : "1.0.0",
    "name" : "Winograd99"
  },
  {
    "id" : "Yes-No-Some",
    "type" : "CodeSystem",
    "url" : "https://voicecollab.ai/fhir/CodeSystem/Yes-No-Some",
    "version" : "1.0.0",
    "name" : "YesNoSome"
  },
  {
    "id" : "acoustic-task-status",
    "type" : "CodeSystem",
    "url" : "https://voicecollab.ai/fhir/CodeSystem/acoustic-task-status",
    "version" : "1.0.0",
    "name" : "AcousticTaskStatus"
  },
  {
    "id" : "adhd",
    "type" : "CodeSystem",
    "url" : "https://voicecollab.ai/fhir/CodeSystem/adhd",
    "version" : "1.0.0",
    "name" : "ADHD"
  },
  {
    "id" : "alcohol-consumption-amount",
    "type" : "CodeSystem",
    "url" : "https://voicecollab.ai/fhir/CodeSystem/alcohol-consumption-amount",
    "version" : "1.0.0",
    "name" : "AlcoholConsumptionAmount"
  },
  {
    "id" : "alcohol-consumption-frequency",
    "type" : "CodeSystem",
    "url" : "https://voicecollab.ai/fhir/CodeSystem/alcohol-consumption-frequency",
    "version" : "1.0.0",
    "name" : "AlcoholConsumptionFrequency"
  },
  {
    "id" : "checked-unchecked",
    "type" : "CodeSystem",
    "url" : "https://voicecollab.ai/fhir/CodeSystem/checked-unchecked",
    "version" : "1.0.0",
    "name" : "CheckedUnchecked"
  },
  {
    "id" : "child-education",
    "type" : "CodeSystem",
    "url" : "https://voicecollab.ai/fhir/CodeSystem/child-education",
    "version" : "1.0.0",
    "name" : "ChildEducation"
  },
  {
    "id" : "comments",
    "type" : "CodeSystem",
    "url" : "https://voicecollab.ai/fhir/CodeSystem/comments",
    "version" : "1.0.0",
    "name" : "Comments"
  },
  {
    "id" : "consent-aggreement",
    "type" : "CodeSystem",
    "url" : "https://voicecollab.ai/fhir/CodeSystem/consent-aggreement",
    "version" : "1.0.0",
    "name" : "ConsentAgreement"
  },
  {
    "id" : "consent-signing",
    "type" : "CodeSystem",
    "url" : "https://voicecollab.ai/fhir/CodeSystem/consent-signing",
    "version" : "1.0.0",
    "name" : "ConsentSigning"
  },
  {
    "id" : "consent-status",
    "type" : "CodeSystem",
    "url" : "https://voicecollab.ai/fhir/CodeSystem/consent-status",
    "version" : "1.0.0",
    "name" : "ConsentStatus"
  },
  {
    "id" : "consent-usf-question",
    "type" : "CodeSystem",
    "url" : "https://voicecollab.ai/fhir/CodeSystem/consent-usf-question",
    "version" : "1.0.0",
    "name" : "ConsentUsfQuestion"
  },
  {
    "id" : "decline-reason",
    "type" : "CodeSystem",
    "url" : "https://voicecollab.ai/fhir/CodeSystem/decline-reason",
    "version" : "1.0.0",
    "name" : "DeclineReason"
  },
  {
    "id" : "degree",
    "type" : "CodeSystem",
    "url" : "https://voicecollab.ai/fhir/CodeSystem/degree",
    "version" : "1.0.0",
    "name" : "Degree"
  },
  {
    "id" : "difficulty-breathing",
    "type" : "CodeSystem",
    "url" : "https://voicecollab.ai/fhir/CodeSystem/difficulty-breathing",
    "version" : "1.0.0",
    "name" : "DifficultyBreathing"
  },
  {
    "id" : "disability-status",
    "type" : "CodeSystem",
    "url" : "https://voicecollab.ai/fhir/CodeSystem/disability-status",
    "version" : "1.0.0",
    "name" : "DisabilityStatus"
  },
  {
    "id" : "disability-type",
    "type" : "CodeSystem",
    "url" : "https://voicecollab.ai/fhir/CodeSystem/disability-type",
    "version" : "1.0.0",
    "name" : "DisabilityType"
  },
  {
    "id" : "dsm5",
    "type" : "CodeSystem",
    "url" : "https://voicecollab.ai/fhir/CodeSystem/dsm5",
    "version" : "1.0.0",
    "name" : "DSM5"
  },
  {
    "id" : "dsm5-phobia",
    "type" : "CodeSystem",
    "url" : "https://voicecollab.ai/fhir/CodeSystem/dsm5-phobia",
    "version" : "1.0.0",
    "name" : "DSM5Phobia"
  },
  {
    "id" : "dsm5-q1",
    "type" : "CodeSystem",
    "url" : "https://voicecollab.ai/fhir/CodeSystem/dsm5-q1",
    "version" : "1.0.0",
    "name" : "DSM5Q1"
  },
  {
    "id" : "dsm5-q2",
    "type" : "CodeSystem",
    "url" : "https://voicecollab.ai/fhir/CodeSystem/dsm5-q2",
    "version" : "1.0.0",
    "name" : "DSM5Q2"
  },
  {
    "id" : "dsm5-q3",
    "type" : "CodeSystem",
    "url" : "https://voicecollab.ai/fhir/CodeSystem/dsm5-q3",
    "version" : "1.0.0",
    "name" : "DSM5Q3"
  },
  {
    "id" : "dsm5-q4",
    "type" : "CodeSystem",
    "url" : "https://voicecollab.ai/fhir/CodeSystem/dsm5-q4",
    "version" : "1.0.0",
    "name" : "DSM5Q4"
  },
  {
    "id" : "dsm5-q5",
    "type" : "CodeSystem",
    "url" : "https://voicecollab.ai/fhir/CodeSystem/dsm5-q5",
    "version" : "1.0.0",
    "name" : "DSM5Q5"
  },
  {
    "id" : "dysnpea-index",
    "type" : "CodeSystem",
    "url" : "https://voicecollab.ai/fhir/CodeSystem/dysnpea-index",
    "version" : "1.0.0",
    "name" : "DysnpeaIndex"
  },
  {
    "id" : "education-level",
    "type" : "CodeSystem",
    "url" : "https://voicecollab.ai/fhir/CodeSystem/education-level",
    "version" : "1.0.0",
    "name" : "EducationLevel"
  },
  {
    "id" : "eligible-studies",
    "type" : "CodeSystem",
    "url" : "https://voicecollab.ai/fhir/CodeSystem/eligible-studies",
    "version" : "1.0.0",
    "name" : "EligibleStudies"
  },
  {
    "id" : "employment-status",
    "type" : "CodeSystem",
    "url" : "https://voicecollab.ai/fhir/CodeSystem/employment-status",
    "version" : "1.0.0",
    "name" : "EmploymentStatus"
  },
  {
    "id" : "enroll",
    "type" : "CodeSystem",
    "url" : "https://voicecollab.ai/fhir/CodeSystem/enroll",
    "version" : "1.0.0",
    "name" : "Enroll"
  },
  {
    "id" : "enrollment-complete",
    "type" : "CodeSystem",
    "url" : "https://voicecollab.ai/fhir/CodeSystem/enrollment-complete",
    "version" : "1.0.0",
    "name" : "EnrollmentComplete"
  },
  {
    "id" : "enrollment-institution",
    "type" : "CodeSystem",
    "url" : "https://voicecollab.ai/fhir/CodeSystem/enrollment-institution",
    "version" : "1.0.0",
    "name" : "EnrollmentInstitution"
  },
  {
    "id" : "enrollment-select-language",
    "type" : "CodeSystem",
    "url" : "https://voicecollab.ai/fhir/CodeSystem/enrollment-select-language",
    "version" : "1.0.0",
    "name" : "EnrollmentSelectLanguage"
  },
  {
    "id" : "ent-history",
    "type" : "CodeSystem",
    "url" : "https://voicecollab.ai/fhir/CodeSystem/ent-history",
    "version" : "1.0.0",
    "name" : "ENTHistory"
  },
  {
    "id" : "etiology",
    "type" : "CodeSystem",
    "url" : "https://voicecollab.ai/fhir/CodeSystem/etiology",
    "version" : "1.0.0",
    "name" : "Etiology"
  },
  {
    "id" : "financial-assistance",
    "type" : "CodeSystem",
    "url" : "https://voicecollab.ai/fhir/CodeSystem/financial-assistance",
    "version" : "1.0.0",
    "name" : "FinancialAssistance"
  },
  {
    "id" : "fluent-language",
    "type" : "CodeSystem",
    "url" : "https://voicecollab.ai/fhir/CodeSystem/fluent-language",
    "version" : "1.0.0",
    "name" : "FluentLanguage"
  },
  {
    "id" : "frequency-of-smoking",
    "type" : "CodeSystem",
    "url" : "https://voicecollab.ai/fhir/CodeSystem/frequency-of-smoking",
    "version" : "1.0.0",
    "name" : "SmokingTimes"
  },
  {
    "id" : "gender-identity",
    "type" : "CodeSystem",
    "url" : "https://voicecollab.ai/fhir/CodeSystem/gender-identity",
    "version" : "1.0.0",
    "name" : "GenderIdentity"
  },
  {
    "id" : "glottic-gap",
    "type" : "CodeSystem",
    "url" : "https://voicecollab.ai/fhir/CodeSystem/glottic-gap",
    "version" : "1.0.0",
    "name" : "GlotticGap"
  },
  {
    "id" : "household-makeup",
    "type" : "CodeSystem",
    "url" : "https://voicecollab.ai/fhir/CodeSystem/household-makeup",
    "version" : "1.0.0",
    "name" : "HouseholdMakeup"
  },
  {
    "id" : "household-status",
    "type" : "CodeSystem",
    "url" : "https://voicecollab.ai/fhir/CodeSystem/household-status",
    "version" : "1.0.0",
    "name" : "HouseholdStatus"
  },
  {
    "id" : "iatrogenic",
    "type" : "CodeSystem",
    "url" : "https://voicecollab.ai/fhir/CodeSystem/iatrogenic",
    "version" : "1.0.0",
    "name" : "Iatrogenic"
  },
  {
    "id" : "immigration-status",
    "type" : "CodeSystem",
    "url" : "https://voicecollab.ai/fhir/CodeSystem/immigration-status",
    "version" : "1.0.0",
    "name" : "ImmigrationStatus"
  },
  {
    "id" : "left-right",
    "type" : "CodeSystem",
    "url" : "https://voicecollab.ai/fhir/CodeSystem/left-right",
    "version" : "1.0.0",
    "name" : "LeftRight"
  },
  {
    "id" : "leicester-cough",
    "type" : "CodeSystem",
    "url" : "https://voicecollab.ai/fhir/CodeSystem/leicester-cough",
    "version" : "1.0.0",
    "name" : "LeicesterCough"
  },
  {
    "id" : "marital-status",
    "type" : "CodeSystem",
    "url" : "https://voicecollab.ai/fhir/CodeSystem/marital-status",
    "version" : "1.0.0",
    "name" : "MaritalStatus"
  },
  {
    "id" : "medication",
    "type" : "CodeSystem",
    "url" : "https://voicecollab.ai/fhir/CodeSystem/medication",
    "version" : "1.0.0",
    "name" : "Medication"
  },
  {
    "id" : "menstruation-menopause-status",
    "type" : "CodeSystem",
    "url" : "https://voicecollab.ai/fhir/CodeSystem/menstruation-menopause-status",
    "version" : "1.0.0",
    "name" : "MenstruationMenopauseStatus"
  },
  {
    "id" : "neuro-consent",
    "type" : "CodeSystem",
    "url" : "https://voicecollab.ai/fhir/CodeSystem/neuro-consent",
    "version" : "1.0.0",
    "name" : "NeuroConsent"
  },
  {
    "id" : "neuro-participation-consent",
    "type" : "CodeSystem",
    "url" : "https://voicecollab.ai/fhir/CodeSystem/neuro-participation-consent",
    "version" : "1.0.0",
    "name" : "NeuroParticipationConsent"
  },
  {
    "id" : "neurological-history",
    "type" : "CodeSystem",
    "url" : "https://voicecollab.ai/fhir/CodeSystem/neurological-history",
    "version" : "1.0.0",
    "name" : "NeurologicalHistory"
  },
  {
    "id" : "peds-enrollment",
    "type" : "CodeSystem",
    "url" : "https://voicecollab.ai/fhir/CodeSystem/peds-enrollment",
    "version" : "1.0.0",
    "name" : "PedsEnrollment"
  },
  {
    "id" : "peds-language-fluency",
    "type" : "CodeSystem",
    "url" : "https://voicecollab.ai/fhir/CodeSystem/peds-language-fluency",
    "version" : "1.0.0",
    "name" : "PedsLanguageFluency"
  },
  {
    "id" : "peds-medical-history",
    "type" : "CodeSystem",
    "url" : "https://voicecollab.ai/fhir/CodeSystem/peds-medical-history",
    "version" : "1.0.0",
    "name" : "PedsMedicalHistory"
  },
  {
    "id" : "peds-reason-to-decline",
    "type" : "CodeSystem",
    "url" : "https://voicecollab.ai/fhir/CodeSystem/peds-reason-to-decline",
    "version" : "1.0.0",
    "name" : "PedsReasonToDecline"
  },
  {
    "id" : "peds-who-completed-survey",
    "type" : "CodeSystem",
    "url" : "https://voicecollab.ai/fhir/CodeSystem/peds-who-completed-survey",
    "version" : "1.0.0",
    "name" : "PedsWhoCompletedSurvey"
  },
  {
    "id" : "permission-to-share-with-doctor",
    "type" : "CodeSystem",
    "url" : "https://voicecollab.ai/fhir/CodeSystem/permission-to-share-with-doctor",
    "version" : "1.0.0",
    "name" : "PermissionToShareWithDoctor"
  },
  {
    "id" : "permission-to-share-with-family",
    "type" : "CodeSystem",
    "url" : "https://voicecollab.ai/fhir/CodeSystem/permission-to-share-with-family",
    "version" : "1.0.0",
    "name" : "PermissionToShareWithFamily"
  },
  {
    "id" : "perspiration-frequency",
    "type" : "CodeSystem",
    "url" : "https://voicecollab.ai/fhir/CodeSystem/perspiration-frequency",
    "version" : "1.0.0",
    "name" : "PerspirationFrequency"
  },
  {
    "id" : "psc-17",
    "type" : "CodeSystem",
    "url" : "https://voicecollab.ai/fhir/CodeSystem/psc-17",
    "version" : "1.0.0",
    "name" : "PSC17"
  },
  {
    "id" : "psychiatric-history",
    "type" : "CodeSystem",
    "url" : "https://voicecollab.ai/fhir/CodeSystem/psychiatric-history",
    "version" : "1.0.0",
    "name" : "PsychiatricHistory"
  },
  {
    "id" : "ptsd",
    "type" : "CodeSystem",
    "url" : "https://voicecollab.ai/fhir/CodeSystem/ptsd",
    "version" : "1.0.0",
    "name" : "PTSD"
  },
  {
    "id" : "reading-ability",
    "type" : "CodeSystem",
    "url" : "https://voicecollab.ai/fhir/CodeSystem/reading-ability",
    "version" : "1.0.0",
    "name" : "ReadingAbility"
  },
  {
    "id" : "recording",
    "type" : "CodeSystem",
    "url" : "https://voicecollab.ai/fhir/CodeSystem/recording",
    "version" : "1.0.0",
    "name" : "Recording"
  },
  {
    "id" : "seasonal-allergies",
    "type" : "CodeSystem",
    "url" : "https://voicecollab.ai/fhir/CodeSystem/seasonal-allergies",
    "version" : "1.0.0",
    "name" : "SeasonalAlergies"
  },
  {
    "id" : "session",
    "type" : "CodeSystem",
    "url" : "https://voicecollab.ai/fhir/CodeSystem/session",
    "version" : "1.0.0",
    "name" : "Session"
  },
  {
    "id" : "smoking-status",
    "type" : "CodeSystem",
    "url" : "https://voicecollab.ai/fhir/CodeSystem/smoking-status",
    "version" : "1.0.0",
    "name" : "SmokingStatus"
  },
  {
    "id" : "surgery-sub-category",
    "type" : "CodeSystem",
    "url" : "https://voicecollab.ai/fhir/CodeSystem/surgery-sub-category",
    "version" : "1.0.0",
    "name" : "SurgerySubCategory"
  },
  {
    "id" : "survey-options",
    "type" : "CodeSystem",
    "url" : "https://voicecollab.ai/fhir/CodeSystem/survey-options",
    "version" : "1.0.0",
    "name" : "SurveyOptions"
  },
  {
    "id" : "thyroplasty",
    "type" : "CodeSystem",
    "url" : "https://voicecollab.ai/fhir/CodeSystem/thyroplasty",
    "version" : "1.0.0",
    "name" : "Thyroplasty"
  },
  {
    "id" : "transportation-type",
    "type" : "CodeSystem",
    "url" : "https://voicecollab.ai/fhir/CodeSystem/transportation-type",
    "version" : "1.0.0",
    "name" : "TransportationType"
  },
  {
    "id" : "treatment",
    "type" : "CodeSystem",
    "url" : "https://voicecollab.ai/fhir/CodeSystem/treatment",
    "version" : "1.0.0",
    "name" : "Treatment"
  },
  {
    "id" : "tumor-rln",
    "type" : "CodeSystem",
    "url" : "https://voicecollab.ai/fhir/CodeSystem/tumor-rln",
    "version" : "1.0.0",
    "name" : "TumorRLN"
  },
  {
    "id" : "types-of-smoking",
    "type" : "CodeSystem",
    "url" : "https://voicecollab.ai/fhir/CodeSystem/types-of-smoking",
    "version" : "1.0.0",
    "name" : "SmokingTypes"
  },
  {
    "id" : "urge-to-cough",
    "type" : "CodeSystem",
    "url" : "https://voicecollab.ai/fhir/CodeSystem/urge-to-cough",
    "version" : "1.0.0",
    "name" : "UrgeToCough"
  },
  {
    "id" : "vocal-fold-injection-augmentation",
    "type" : "CodeSystem",
    "url" : "https://voicecollab.ai/fhir/CodeSystem/vocal-fold-injection-augmentation",
    "version" : "1.0.0",
    "name" : "VocalFoldInjectionAugmentation"
  },
  {
    "id" : "vocal-profession",
    "type" : "CodeSystem",
    "url" : "https://voicecollab.ai/fhir/CodeSystem/vocal-profession",
    "version" : "1.0.0",
    "name" : "VocalProfessionCodes"
  },
  {
    "id" : "voice-handicap-index",
    "type" : "CodeSystem",
    "url" : "https://voicecollab.ai/fhir/CodeSystem/voice-handicap-index",
    "version" : "1.0.0",
    "name" : "VoiceHandicapIndex"
  },
  {
    "id" : "whodas",
    "type" : "CodeSystem",
    "url" : "https://voicecollab.ai/fhir/CodeSystem/whodas",
    "version" : "1.0.0",
    "name" : "WHODAS"
  },
  {
    "id" : "winograd-q1",
    "type" : "CodeSystem",
    "url" : "https://voicecollab.ai/fhir/CodeSystem/winograd-q1",
    "version" : "1.0.0",
    "name" : "WinogradQ1"
  },
  {
    "id" : "winograd-q2",
    "type" : "CodeSystem",
    "url" : "https://voicecollab.ai/fhir/CodeSystem/winograd-q2",
    "version" : "1.0.0",
    "name" : "WinogradQ2"
  },
  {
    "id" : "winograd-q3",
    "type" : "CodeSystem",
    "url" : "https://voicecollab.ai/fhir/CodeSystem/winograd-q3",
    "version" : "1.0.0",
    "name" : "WinogradQ3"
  },
  {
    "id" : "winograd-q4",
    "type" : "CodeSystem",
    "url" : "https://voicecollab.ai/fhir/CodeSystem/winograd-q4",
    "version" : "1.0.0",
    "name" : "WinogradQ4"
  },
  {
    "id" : "winograd-q5",
    "type" : "CodeSystem",
    "url" : "https://voicecollab.ai/fhir/CodeSystem/winograd-q5",
    "version" : "1.0.0",
    "name" : "WinogradQ5"
  },
  {
    "id" : "yes-no-not-certain",
    "type" : "CodeSystem",
    "url" : "https://voicecollab.ai/fhir/CodeSystem/yes-no-not-certain",
    "version" : "1.0.0",
    "name" : "YesNoNotCertain"
  },
  {
    "id" : "kindlab.fhir.vbai",
    "type" : "ImplementationGuide",
    "url" : "https://voicecollab.ai/fhir/ImplementationGuide/kindlab.fhir.vbai",
    "version" : "1.0.0",
    "name" : "VoiceaBiomarkerforAI"
  },
  {
    "id" : "CohortProtocolExampleNeuro",
    "type" : "PlanDefinition",
    "url" : "https://voicecollab.ai/fhir/PlanDefinition/CohortProtocolExampleNeuro",
    "version" : "1.0.0"
  },
  {
    "id" : "MoodCohortProtocolExample",
    "type" : "PlanDefinition",
    "url" : "https://voicecollab.ai/fhir/PlanDefinition/MoodCohortProtocolExample",
    "version" : "1.0.0"
  },
  {
    "id" : "PedsCohortProtocolExample",
    "type" : "PlanDefinition",
    "url" : "https://voicecollab.ai/fhir/PlanDefinition/PedsCohortProtocolExample",
    "version" : "1.0.0"
  },
  {
    "id" : "RespiratoryCohortProtocolExample",
    "type" : "PlanDefinition",
    "url" : "https://voicecollab.ai/fhir/PlanDefinition/RespiratoryCohortProtocolExample",
    "version" : "1.0.0"
  },
  {
    "id" : "VbaiAdultPlanDefinitionEligibilityExample",
    "type" : "PlanDefinition",
    "url" : "https://voicecollab.ai/fhir/PlanDefinition/VbaiAdultPlanDefinitionEligibilityExample",
    "version" : "1.0.0"
  },
  {
    "id" : "VbaiPedsPlanDefinitionEligibilityExample",
    "type" : "PlanDefinition",
    "url" : "https://voicecollab.ai/fhir/PlanDefinition/VbaiPedsPlanDefinitionEligibilityExample",
    "version" : "1.0.0"
  },
  {
    "id" : "VbaiPlanDefinitionAcousticTasksExample",
    "type" : "PlanDefinition",
    "url" : "https://voicecollab.ai/fhir/PlanDefinition/VbaiPlanDefinitionAcousticTasksExample",
    "version" : "1.0.0"
  },
  {
    "id" : "VbaiPlanDefinitionAcousticTasksGeneralExample",
    "type" : "PlanDefinition",
    "url" : "https://voicecollab.ai/fhir/PlanDefinition/VbaiPlanDefinitionAcousticTasksGeneralExample",
    "version" : "1.0.0"
  },
  {
    "id" : "VbaiPlanDefinitionAcousticTasksMoodExample",
    "type" : "PlanDefinition",
    "url" : "https://voicecollab.ai/fhir/PlanDefinition/VbaiPlanDefinitionAcousticTasksMoodExample",
    "version" : "1.0.0"
  },
  {
    "id" : "VbaiPlanDefinitionAcousticTasksNeuroExample",
    "type" : "PlanDefinition",
    "url" : "https://voicecollab.ai/fhir/PlanDefinition/VbaiPlanDefinitionAcousticTasksNeuroExample",
    "version" : "1.0.0"
  },
  {
    "id" : "VbaiPlanDefinitionAcousticTasksPedsExample",
    "type" : "PlanDefinition",
    "url" : "https://voicecollab.ai/fhir/PlanDefinition/VbaiPlanDefinitionAcousticTasksPedsExample",
    "version" : "1.0.0"
  },
  {
    "id" : "VbaiPlanDefinitionAcousticTasksRespiratoryExample",
    "type" : "PlanDefinition",
    "url" : "https://voicecollab.ai/fhir/PlanDefinition/VbaiPlanDefinitionAcousticTasksRespiratoryExample",
    "version" : "1.0.0"
  },
  {
    "id" : "VbaiPlanDefinitionAcousticTasksVoiceExample",
    "type" : "PlanDefinition",
    "url" : "https://voicecollab.ai/fhir/PlanDefinition/VbaiPlanDefinitionAcousticTasksVoiceExample",
    "version" : "1.0.0"
  },
  {
    "id" : "VbaiPlanDefinitionAssentExample",
    "type" : "PlanDefinition",
    "url" : "https://voicecollab.ai/fhir/PlanDefinition/VbaiPlanDefinitionAssentExample",
    "version" : "1.0.0"
  },
  {
    "id" : "VbaiPlanDefinitionClinicianInputExample",
    "type" : "PlanDefinition",
    "url" : "https://voicecollab.ai/fhir/PlanDefinition/VbaiPlanDefinitionClinicianInputExample",
    "version" : "1.0.0"
  },
  {
    "id" : "VbaiPlanDefinitionCohortSpecificConfoundersExample",
    "type" : "PlanDefinition",
    "url" : "https://voicecollab.ai/fhir/PlanDefinition/VbaiPlanDefinitionCohortSpecificConfoundersExample",
    "version" : "1.0.0"
  },
  {
    "id" : "VbaiPlanDefinitionConfoundersExample",
    "type" : "PlanDefinition",
    "url" : "https://voicecollab.ai/fhir/PlanDefinition/VbaiPlanDefinitionConfoundersExample",
    "version" : "1.0.0"
  },
  {
    "id" : "VbaiPlanDefinitionConsentExample",
    "type" : "PlanDefinition",
    "url" : "https://voicecollab.ai/fhir/PlanDefinition/VbaiPlanDefinitionConsentExample",
    "version" : "1.0.0"
  },
  {
    "id" : "VbaiPlanDefinitionDemographicsExample",
    "type" : "PlanDefinition",
    "url" : "https://voicecollab.ai/fhir/PlanDefinition/VbaiPlanDefinitionDemographicsExample",
    "version" : "1.0.0"
  },
  {
    "id" : "VbaiPlanDefinitionFeedbackExample",
    "type" : "PlanDefinition",
    "url" : "https://voicecollab.ai/fhir/PlanDefinition/VbaiPlanDefinitionFeedbackExample",
    "version" : "1.0.0"
  },
  {
    "id" : "VbaiPlanDefinitionGeneralQuestionnaireExample",
    "type" : "PlanDefinition",
    "url" : "https://voicecollab.ai/fhir/PlanDefinition/VbaiPlanDefinitionGeneralQuestionnaireExample",
    "version" : "1.0.0"
  },
  {
    "id" : "VbaiPlanDefinitionNeuroConsentExample",
    "type" : "PlanDefinition",
    "url" : "https://voicecollab.ai/fhir/PlanDefinition/VbaiPlanDefinitionNeuroConsentExample",
    "version" : "1.0.0"
  },
  {
    "id" : "VbaiPlanDefinitionQuestionnaireExample",
    "type" : "PlanDefinition",
    "url" : "https://voicecollab.ai/fhir/PlanDefinition/VbaiPlanDefinitionQuestionnaireExample",
    "version" : "1.0.0"
  },
  {
    "id" : "VbaiPlanDefinitionQuestionnaireMoodExample",
    "type" : "PlanDefinition",
    "url" : "https://voicecollab.ai/fhir/PlanDefinition/VbaiPlanDefinitionQuestionnaireMoodExample",
    "version" : "1.0.0"
  },
  {
    "id" : "VbaiPlanDefinitionQuestionnaireNeuroExample",
    "type" : "PlanDefinition",
    "url" : "https://voicecollab.ai/fhir/PlanDefinition/VbaiPlanDefinitionQuestionnaireNeuroExample",
    "version" : "1.0.0"
  },
  {
    "id" : "VbaiPlanDefinitionQuestionnairePedsExample",
    "type" : "PlanDefinition",
    "url" : "https://voicecollab.ai/fhir/PlanDefinition/VbaiPlanDefinitionQuestionnairePedsExample",
    "version" : "1.0.0"
  },
  {
    "id" : "VbaiPlanDefinitionQuestionnaireRespiratoryExample",
    "type" : "PlanDefinition",
    "url" : "https://voicecollab.ai/fhir/PlanDefinition/VbaiPlanDefinitionQuestionnaireRespiratoryExample",
    "version" : "1.0.0"
  },
  {
    "id" : "VbaiPlanDefinitionQuestionnaireVoiceExample",
    "type" : "PlanDefinition",
    "url" : "https://voicecollab.ai/fhir/PlanDefinition/VbaiPlanDefinitionQuestionnaireVoiceExample",
    "version" : "1.0.0"
  },
  {
    "id" : "VbaiPlanDefinitionVoiceImpactingExample",
    "type" : "PlanDefinition",
    "url" : "https://voicecollab.ai/fhir/PlanDefinition/VbaiPlanDefinitionVoiceImpactingExample",
    "version" : "1.0.0"
  },
  {
    "id" : "VoiceCohortProtocolExample",
    "type" : "PlanDefinition",
    "url" : "https://voicecollab.ai/fhir/PlanDefinition/VoiceCohortProtocolExample",
    "version" : "1.0.0"
  },
  {
    "id" : "ADHDQuestionnaire",
    "type" : "Questionnaire",
    "url" : "https://voicecollab.ai/fhir/Questionnaire/ADHDQuestionnaire",
    "version" : "1.0.0"
  },
  {
    "id" : "AcousticTask",
    "type" : "Questionnaire",
    "url" : "https://voicecollab.ai/fhir/Questionnaire/AcousticTask",
    "version" : "1.0.0"
  },
  {
    "id" : "AddendumCombinedPDF",
    "type" : "Questionnaire",
    "url" : "https://voicecollab.ai/fhir/Questionnaire/AddendumCombinedPDF",
    "version" : "1.0.0"
  },
  {
    "id" : "AddendumWCM",
    "type" : "Questionnaire",
    "url" : "https://voicecollab.ai/fhir/Questionnaire/AddendumWCM",
    "version" : "1.0.0"
  },
  {
    "id" : "AddendumWCMResearcherStatement",
    "type" : "Questionnaire",
    "url" : "https://voicecollab.ai/fhir/Questionnaire/AddendumWCMResearcherStatement",
    "version" : "1.0.0"
  },
  {
    "id" : "CAPEVQuestionnaire",
    "type" : "Questionnaire",
    "url" : "https://voicecollab.ai/fhir/Questionnaire/CAPEVQuestionnaire",
    "version" : "1.0.0"
  },
  {
    "id" : "ConsentQuestionnaire",
    "type" : "Questionnaire",
    "url" : "https://voicecollab.ai/fhir/Questionnaire/ConsentQuestionnaire",
    "version" : "1.0.0"
  },
  {
    "id" : "ContactInformation",
    "type" : "Questionnaire",
    "url" : "https://voicecollab.ai/fhir/Questionnaire/ContactInformation",
    "version" : "1.0.0"
  },
  {
    "id" : "CustomAffectScaleQuestionnaire",
    "type" : "Questionnaire",
    "url" : "https://voicecollab.ai/fhir/Questionnaire/CustomAffectScaleQuestionnaire",
    "version" : "1.0.0"
  },
  {
    "id" : "DSM5",
    "type" : "Questionnaire",
    "url" : "https://voicecollab.ai/fhir/Questionnaire/DSM5",
    "version" : "1.0.0"
  },
  {
    "id" : "DyspneaIndex",
    "type" : "Questionnaire",
    "url" : "https://voicecollab.ai/fhir/Questionnaire/DyspneaIndex",
    "version" : "1.0.0"
  },
  {
    "id" : "Enrollment",
    "type" : "Questionnaire",
    "url" : "https://voicecollab.ai/fhir/Questionnaire/Enrollment",
    "version" : "1.0.0"
  },
  {
    "id" : "GAD7schema",
    "type" : "Questionnaire",
    "url" : "https://voicecollab.ai/fhir/Questionnaire/GAD7schema",
    "version" : "1.0.0"
  },
  {
    "id" : "GeneralInformation",
    "type" : "Questionnaire",
    "url" : "https://voicecollab.ai/fhir/Questionnaire/GeneralInformation",
    "version" : "1.0.0"
  },
  {
    "id" : "LeicesterCough",
    "type" : "Questionnaire",
    "url" : "https://voicecollab.ai/fhir/Questionnaire/LeicesterCough",
    "version" : "1.0.0"
  },
  {
    "id" : "MOCA",
    "type" : "Questionnaire",
    "url" : "https://voicecollab.ai/fhir/Questionnaire/MOCA",
    "version" : "1.0.0"
  },
  {
    "id" : "MainICF",
    "type" : "Questionnaire",
    "url" : "https://voicecollab.ai/fhir/Questionnaire/MainICF",
    "version" : "1.0.0"
  },
  {
    "id" : "MainICFCombinedPDF",
    "type" : "Questionnaire",
    "url" : "https://voicecollab.ai/fhir/Questionnaire/MainICFCombinedPDF",
    "version" : "1.0.0"
  },
  {
    "id" : "MainICFResearcherStatement",
    "type" : "Questionnaire",
    "url" : "https://voicecollab.ai/fhir/Questionnaire/MainICFResearcherStatement",
    "version" : "1.0.0"
  },
  {
    "id" : "NeuroConsent",
    "type" : "Questionnaire",
    "url" : "https://voicecollab.ai/fhir/Questionnaire/NeuroConsent",
    "version" : "1.0.0"
  },
  {
    "id" : "PANASQuestionnaire",
    "type" : "Questionnaire",
    "url" : "https://voicecollab.ai/fhir/Questionnaire/PANASQuestionnaire",
    "version" : "1.0.0"
  },
  {
    "id" : "PHQ9schema",
    "type" : "Questionnaire",
    "url" : "https://voicecollab.ai/fhir/Questionnaire/PHQ9schema",
    "version" : "1.0.0"
  },
  {
    "id" : "PSC17",
    "type" : "Questionnaire",
    "url" : "https://voicecollab.ai/fhir/Questionnaire/PSC17",
    "version" : "1.0.0"
  },
  {
    "id" : "PTSD",
    "type" : "Questionnaire",
    "url" : "https://voicecollab.ai/fhir/Questionnaire/PTSD",
    "version" : "1.0.0"
  },
  {
    "id" : "PatientQuestions",
    "type" : "Questionnaire",
    "url" : "https://voicecollab.ai/fhir/Questionnaire/PatientQuestions",
    "version" : "1.0.0"
  },
  {
    "id" : "PedsEligibilityQuestionnaire",
    "type" : "Questionnaire",
    "url" : "https://voicecollab.ai/fhir/Questionnaire/PedsEligibilityQuestionnaire",
    "version" : "1.0.0"
  },
  {
    "id" : "Recording",
    "type" : "Questionnaire",
    "url" : "https://voicecollab.ai/fhir/Questionnaire/Recording",
    "version" : "1.0.0"
  },
  {
    "id" : "RespiratoryPatientQuestionnaire",
    "type" : "Questionnaire",
    "url" : "https://voicecollab.ai/fhir/Questionnaire/RespiratoryPatientQuestionnaire",
    "version" : "1.0.0"
  },
  {
    "id" : "Stroop",
    "type" : "Questionnaire",
    "url" : "https://voicecollab.ai/fhir/Questionnaire/Stroop",
    "version" : "1.0.0"
  },
  {
    "id" : "SurveyCompletionQuestionnaire",
    "type" : "Questionnaire",
    "url" : "https://voicecollab.ai/fhir/Questionnaire/SurveyCompletionQuestionnaire",
    "version" : "1.0.0"
  },
  {
    "id" : "UrgeToCough",
    "type" : "Questionnaire",
    "url" : "https://voicecollab.ai/fhir/Questionnaire/UrgeToCough",
    "version" : "1.0.0"
  },
  {
    "id" : "VHI10",
    "type" : "Questionnaire",
    "url" : "https://voicecollab.ai/fhir/Questionnaire/VHI10",
    "version" : "1.0.0"
  },
  {
    "id" : "VbaiQuestionnaireConfoundersExample",
    "type" : "Questionnaire",
    "url" : "https://voicecollab.ai/fhir/Questionnaire/VbaiQuestionnaireConfoundersExample",
    "version" : "1.0.0"
  },
  {
    "id" : "VbaiQuestionnaireDemographicExample",
    "type" : "Questionnaire",
    "url" : "https://voicecollab.ai/fhir/Questionnaire/VbaiQuestionnaireDemographicExample",
    "version" : "1.0.0"
  },
  {
    "id" : "Vocabulary",
    "type" : "Questionnaire",
    "url" : "https://voicecollab.ai/fhir/Questionnaire/Vocabulary",
    "version" : "1.0.0"
  },
  {
    "id" : "VocalFoldParalysis",
    "type" : "Questionnaire",
    "url" : "https://voicecollab.ai/fhir/Questionnaire/VocalFoldParalysis",
    "version" : "1.0.0"
  },
  {
    "id" : "VoicePerception",
    "type" : "Questionnaire",
    "url" : "https://voicecollab.ai/fhir/Questionnaire/VoicePerception",
    "version" : "1.0.0"
  },
  {
    "id" : "VoiceProblemSeverity",
    "type" : "Questionnaire",
    "url" : "https://voicecollab.ai/fhir/Questionnaire/VoiceProblemSeverity",
    "version" : "1.0.0"
  },
  {
    "id" : "WinogradSchema",
    "type" : "Questionnaire",
    "url" : "https://voicecollab.ai/fhir/Questionnaire/WinogradSchema",
    "version" : "1.0.0"
  },
  {
    "id" : "Words",
    "type" : "Questionnaire",
    "url" : "https://voicecollab.ai/fhir/Questionnaire/Words",
    "version" : "1.0.0"
  },
  {
    "id" : "vbai-body-height",
    "type" : "StructureDefinition",
    "url" : "https://voicecollab.ai/fhir/StructureDefinition/vbai-body-height",
    "version" : "1.0.0",
    "name" : "VbaiBodyHeight"
  },
  {
    "id" : "vbai-body-weight",
    "type" : "StructureDefinition",
    "url" : "https://voicecollab.ai/fhir/StructureDefinition/vbai-body-weight",
    "version" : "1.0.0",
    "name" : "VbaiBodyWeight"
  },
  {
    "id" : "vbai-cohort-protocol",
    "type" : "StructureDefinition",
    "url" : "https://voicecollab.ai/fhir/StructureDefinition/vbai-cohort-protocol",
    "version" : "1.0.0",
    "name" : "VbaiCohortProtocol"
  },
  {
    "id" : "vbai-condition",
    "type" : "StructureDefinition",
    "url" : "https://voicecollab.ai/fhir/StructureDefinition/vbai-condition",
    "version" : "1.0.0",
    "name" : "VbaiCondition"
  },
  {
    "id" : "vbai-consent",
    "type" : "StructureDefinition",
    "url" : "https://voicecollab.ai/fhir/StructureDefinition/vbai-consent",
    "version" : "1.0.0",
    "name" : "VbaiConsent"
  },
  {
    "id" : "vbai-encounter",
    "type" : "StructureDefinition",
    "url" : "https://voicecollab.ai/fhir/StructureDefinition/vbai-encounter",
    "version" : "1.0.0",
    "name" : "VbaiEncounter"
  },
  {
    "id" : "vbai-imaging-media",
    "type" : "StructureDefinition",
    "url" : "https://voicecollab.ai/fhir/StructureDefinition/vbai-imaging-media",
    "version" : "1.0.0",
    "name" : "VbaiImagingMedia"
  },
  {
    "id" : "vbai-imaging-study",
    "type" : "StructureDefinition",
    "url" : "https://voicecollab.ai/fhir/StructureDefinition/vbai-imaging-study",
    "version" : "1.0.0",
    "name" : "VbaiImagingStudy"
  },
  {
    "id" : "vbai-patient",
    "type" : "StructureDefinition",
    "url" : "https://voicecollab.ai/fhir/StructureDefinition/vbai-patient",
    "version" : "1.0.0",
    "name" : "VbaiPatient"
  },
  {
    "id" : "vbai-plan-definition",
    "type" : "StructureDefinition",
    "url" : "https://voicecollab.ai/fhir/StructureDefinition/vbai-plan-definition",
    "version" : "1.0.0",
    "name" : "VbaiPlanDefinition"
  },
  {
    "id" : "vbai-questionnaire",
    "type" : "StructureDefinition",
    "url" : "https://voicecollab.ai/fhir/StructureDefinition/vbai-questionnaire",
    "version" : "1.0.0",
    "name" : "VbaiQuestionnaire"
  },
  {
    "id" : "vbai-questionnaire-response",
    "type" : "StructureDefinition",
    "url" : "https://voicecollab.ai/fhir/StructureDefinition/vbai-questionnaire-response",
    "version" : "1.0.0",
    "name" : "VbaiQuestionnaireResponse"
  },
  {
    "id" : "vbai-vital-signs",
    "type" : "StructureDefinition",
    "url" : "https://voicecollab.ai/fhir/StructureDefinition/vbai-vital-signs",
    "version" : "1.0.0",
    "name" : "VbaiVitalSigns"
  },
  {
    "id" : "vbai-waveform-device",
    "type" : "StructureDefinition",
    "url" : "https://voicecollab.ai/fhir/StructureDefinition/vbai-waveform-device",
    "version" : "1.0.0",
    "name" : "VbaiWaveformDevice"
  },
  {
    "id" : "vbai-waveform-media",
    "type" : "StructureDefinition",
    "url" : "https://voicecollab.ai/fhir/StructureDefinition/vbai-waveform-media",
    "version" : "1.0.0",
    "name" : "VbaiWaveformMedia"
  },
  {
    "id" : "EducationLevel",
    "type" : "ValueSet",
    "url" : "https://voicecollab.ai/fhir/ValueSet/EducationLevel",
    "version" : "1.0.0",
    "name" : "EducationLevel"
  },
  {
    "id" : "Highest-Education",
    "type" : "ValueSet",
    "url" : "https://voicecollab.ai/fhir/ValueSet/Highest-Education",
    "version" : "1.0.0",
    "name" : "HighestEducation"
  },
  {
    "id" : "Winograd-1",
    "type" : "ValueSet",
    "url" : "https://voicecollab.ai/fhir/ValueSet/Winograd-1",
    "version" : "1.0.0",
    "name" : "Winograd1"
  },
  {
    "id" : "Winograd-10",
    "type" : "ValueSet",
    "url" : "https://voicecollab.ai/fhir/ValueSet/Winograd-10",
    "version" : "1.0.0",
    "name" : "Winograd10"
  },
  {
    "id" : "Winograd-100",
    "type" : "ValueSet",
    "url" : "https://voicecollab.ai/fhir/ValueSet/Winograd-100",
    "version" : "1.0.0",
    "name" : "Winograd100"
  },
  {
    "id" : "Winograd-101",
    "type" : "ValueSet",
    "url" : "https://voicecollab.ai/fhir/ValueSet/Winograd-101",
    "version" : "1.0.0",
    "name" : "Winograd101"
  },
  {
    "id" : "Winograd-102",
    "type" : "ValueSet",
    "url" : "https://voicecollab.ai/fhir/ValueSet/Winograd-102",
    "version" : "1.0.0",
    "name" : "Winograd102"
  },
  {
    "id" : "Winograd-103",
    "type" : "ValueSet",
    "url" : "https://voicecollab.ai/fhir/ValueSet/Winograd-103",
    "version" : "1.0.0",
    "name" : "Winograd103"
  },
  {
    "id" : "Winograd-104",
    "type" : "ValueSet",
    "url" : "https://voicecollab.ai/fhir/ValueSet/Winograd-104",
    "version" : "1.0.0",
    "name" : "Winograd104"
  },
  {
    "id" : "Winograd-105",
    "type" : "ValueSet",
    "url" : "https://voicecollab.ai/fhir/ValueSet/Winograd-105",
    "version" : "1.0.0",
    "name" : "Winograd105"
  },
  {
    "id" : "Winograd-106",
    "type" : "ValueSet",
    "url" : "https://voicecollab.ai/fhir/ValueSet/Winograd-106",
    "version" : "1.0.0",
    "name" : "Winograd106"
  },
  {
    "id" : "Winograd-107",
    "type" : "ValueSet",
    "url" : "https://voicecollab.ai/fhir/ValueSet/Winograd-107",
    "version" : "1.0.0",
    "name" : "Winograd107"
  },
  {
    "id" : "Winograd-108",
    "type" : "ValueSet",
    "url" : "https://voicecollab.ai/fhir/ValueSet/Winograd-108",
    "version" : "1.0.0",
    "name" : "Winograd108"
  },
  {
    "id" : "Winograd-109",
    "type" : "ValueSet",
    "url" : "https://voicecollab.ai/fhir/ValueSet/Winograd-109",
    "version" : "1.0.0",
    "name" : "Winograd109"
  },
  {
    "id" : "Winograd-11",
    "type" : "ValueSet",
    "url" : "https://voicecollab.ai/fhir/ValueSet/Winograd-11",
    "version" : "1.0.0",
    "name" : "Winograd11"
  },
  {
    "id" : "Winograd-110",
    "type" : "ValueSet",
    "url" : "https://voicecollab.ai/fhir/ValueSet/Winograd-110",
    "version" : "1.0.0",
    "name" : "Winograd110"
  },
  {
    "id" : "Winograd-111",
    "type" : "ValueSet",
    "url" : "https://voicecollab.ai/fhir/ValueSet/Winograd-111",
    "version" : "1.0.0",
    "name" : "Winograd111"
  },
  {
    "id" : "Winograd-112",
    "type" : "ValueSet",
    "url" : "https://voicecollab.ai/fhir/ValueSet/Winograd-112",
    "version" : "1.0.0",
    "name" : "Winograd112"
  },
  {
    "id" : "Winograd-113",
    "type" : "ValueSet",
    "url" : "https://voicecollab.ai/fhir/ValueSet/Winograd-113",
    "version" : "1.0.0",
    "name" : "Winograd113"
  },
  {
    "id" : "Winograd-114",
    "type" : "ValueSet",
    "url" : "https://voicecollab.ai/fhir/ValueSet/Winograd-114",
    "version" : "1.0.0",
    "name" : "Winograd114"
  },
  {
    "id" : "Winograd-115",
    "type" : "ValueSet",
    "url" : "https://voicecollab.ai/fhir/ValueSet/Winograd-115",
    "version" : "1.0.0",
    "name" : "Winograd115"
  },
  {
    "id" : "Winograd-116",
    "type" : "ValueSet",
    "url" : "https://voicecollab.ai/fhir/ValueSet/Winograd-116",
    "version" : "1.0.0",
    "name" : "Winograd116"
  },
  {
    "id" : "Winograd-117",
    "type" : "ValueSet",
    "url" : "https://voicecollab.ai/fhir/ValueSet/Winograd-117",
    "version" : "1.0.0",
    "name" : "Winograd117"
  },
  {
    "id" : "Winograd-118",
    "type" : "ValueSet",
    "url" : "https://voicecollab.ai/fhir/ValueSet/Winograd-118",
    "version" : "1.0.0",
    "name" : "Winograd118"
  },
  {
    "id" : "Winograd-119",
    "type" : "ValueSet",
    "url" : "https://voicecollab.ai/fhir/ValueSet/Winograd-119",
    "version" : "1.0.0",
    "name" : "Winograd119"
  },
  {
    "id" : "Winograd-12",
    "type" : "ValueSet",
    "url" : "https://voicecollab.ai/fhir/ValueSet/Winograd-12",
    "version" : "1.0.0",
    "name" : "Winograd12"
  },
  {
    "id" : "Winograd-120",
    "type" : "ValueSet",
    "url" : "https://voicecollab.ai/fhir/ValueSet/Winograd-120",
    "version" : "1.0.0",
    "name" : "Winograd120"
  },
  {
    "id" : "Winograd-121",
    "type" : "ValueSet",
    "url" : "https://voicecollab.ai/fhir/ValueSet/Winograd-121",
    "version" : "1.0.0",
    "name" : "Winograd121"
  },
  {
    "id" : "Winograd-122",
    "type" : "ValueSet",
    "url" : "https://voicecollab.ai/fhir/ValueSet/Winograd-122",
    "version" : "1.0.0",
    "name" : "Winograd122"
  },
  {
    "id" : "Winograd-123",
    "type" : "ValueSet",
    "url" : "https://voicecollab.ai/fhir/ValueSet/Winograd-123",
    "version" : "1.0.0",
    "name" : "Winograd123"
  },
  {
    "id" : "Winograd-124",
    "type" : "ValueSet",
    "url" : "https://voicecollab.ai/fhir/ValueSet/Winograd-124",
    "version" : "1.0.0",
    "name" : "Winograd124"
  },
  {
    "id" : "Winograd-125",
    "type" : "ValueSet",
    "url" : "https://voicecollab.ai/fhir/ValueSet/Winograd-125",
    "version" : "1.0.0",
    "name" : "Winograd125"
  },
  {
    "id" : "Winograd-126",
    "type" : "ValueSet",
    "url" : "https://voicecollab.ai/fhir/ValueSet/Winograd-126",
    "version" : "1.0.0",
    "name" : "Winograd126"
  },
  {
    "id" : "Winograd-127",
    "type" : "ValueSet",
    "url" : "https://voicecollab.ai/fhir/ValueSet/Winograd-127",
    "version" : "1.0.0",
    "name" : "Winograd127"
  },
  {
    "id" : "Winograd-128",
    "type" : "ValueSet",
    "url" : "https://voicecollab.ai/fhir/ValueSet/Winograd-128",
    "version" : "1.0.0",
    "name" : "Winograd128"
  },
  {
    "id" : "Winograd-129",
    "type" : "ValueSet",
    "url" : "https://voicecollab.ai/fhir/ValueSet/Winograd-129",
    "version" : "1.0.0",
    "name" : "Winograd129"
  },
  {
    "id" : "Winograd-13",
    "type" : "ValueSet",
    "url" : "https://voicecollab.ai/fhir/ValueSet/Winograd-13",
    "version" : "1.0.0",
    "name" : "Winograd13"
  },
  {
    "id" : "Winograd-130",
    "type" : "ValueSet",
    "url" : "https://voicecollab.ai/fhir/ValueSet/Winograd-130",
    "version" : "1.0.0",
    "name" : "Winograd130"
  },
  {
    "id" : "Winograd-131",
    "type" : "ValueSet",
    "url" : "https://voicecollab.ai/fhir/ValueSet/Winograd-131",
    "version" : "1.0.0",
    "name" : "Winograd131"
  },
  {
    "id" : "Winograd-132",
    "type" : "ValueSet",
    "url" : "https://voicecollab.ai/fhir/ValueSet/Winograd-132",
    "version" : "1.0.0",
    "name" : "Winograd132"
  },
  {
    "id" : "Winograd-133",
    "type" : "ValueSet",
    "url" : "https://voicecollab.ai/fhir/ValueSet/Winograd-133",
    "version" : "1.0.0",
    "name" : "Winograd133"
  },
  {
    "id" : "Winograd-134",
    "type" : "ValueSet",
    "url" : "https://voicecollab.ai/fhir/ValueSet/Winograd-134",
    "version" : "1.0.0",
    "name" : "Winograd134"
  },
  {
    "id" : "Winograd-135",
    "type" : "ValueSet",
    "url" : "https://voicecollab.ai/fhir/ValueSet/Winograd-135",
    "version" : "1.0.0",
    "name" : "Winograd135"
  },
  {
    "id" : "Winograd-136",
    "type" : "ValueSet",
    "url" : "https://voicecollab.ai/fhir/ValueSet/Winograd-136",
    "version" : "1.0.0",
    "name" : "Winograd136"
  },
  {
    "id" : "Winograd-137",
    "type" : "ValueSet",
    "url" : "https://voicecollab.ai/fhir/ValueSet/Winograd-137",
    "version" : "1.0.0",
    "name" : "Winograd137"
  },
  {
    "id" : "Winograd-138",
    "type" : "ValueSet",
    "url" : "https://voicecollab.ai/fhir/ValueSet/Winograd-138",
    "version" : "1.0.0",
    "name" : "Winograd138"
  },
  {
    "id" : "Winograd-14",
    "type" : "ValueSet",
    "url" : "https://voicecollab.ai/fhir/ValueSet/Winograd-14",
    "version" : "1.0.0",
    "name" : "Winograd14"
  },
  {
    "id" : "Winograd-15",
    "type" : "ValueSet",
    "url" : "https://voicecollab.ai/fhir/ValueSet/Winograd-15",
    "version" : "1.0.0",
    "name" : "Winograd15"
  },
  {
    "id" : "Winograd-16",
    "type" : "ValueSet",
    "url" : "https://voicecollab.ai/fhir/ValueSet/Winograd-16",
    "version" : "1.0.0",
    "name" : "Winograd16"
  },
  {
    "id" : "Winograd-17",
    "type" : "ValueSet",
    "url" : "https://voicecollab.ai/fhir/ValueSet/Winograd-17",
    "version" : "1.0.0",
    "name" : "Winograd17"
  },
  {
    "id" : "Winograd-18",
    "type" : "ValueSet",
    "url" : "https://voicecollab.ai/fhir/ValueSet/Winograd-18",
    "version" : "1.0.0",
    "name" : "Winograd18"
  },
  {
    "id" : "Winograd-19",
    "type" : "ValueSet",
    "url" : "https://voicecollab.ai/fhir/ValueSet/Winograd-19",
    "version" : "1.0.0",
    "name" : "Winograd19"
  },
  {
    "id" : "Winograd-2",
    "type" : "ValueSet",
    "url" : "https://voicecollab.ai/fhir/ValueSet/Winograd-2",
    "version" : "1.0.0",
    "name" : "Winograd2"
  },
  {
    "id" : "Winograd-20",
    "type" : "ValueSet",
    "url" : "https://voicecollab.ai/fhir/ValueSet/Winograd-20",
    "version" : "1.0.0",
    "name" : "Winograd20"
  },
  {
    "id" : "Winograd-21",
    "type" : "ValueSet",
    "url" : "https://voicecollab.ai/fhir/ValueSet/Winograd-21",
    "version" : "1.0.0",
    "name" : "Winograd21"
  },
  {
    "id" : "Winograd-22",
    "type" : "ValueSet",
    "url" : "https://voicecollab.ai/fhir/ValueSet/Winograd-22",
    "version" : "1.0.0",
    "name" : "Winograd22"
  },
  {
    "id" : "Winograd-23",
    "type" : "ValueSet",
    "url" : "https://voicecollab.ai/fhir/ValueSet/Winograd-23",
    "version" : "1.0.0",
    "name" : "Winograd23"
  },
  {
    "id" : "Winograd-24",
    "type" : "ValueSet",
    "url" : "https://voicecollab.ai/fhir/ValueSet/Winograd-24",
    "version" : "1.0.0",
    "name" : "Winograd24"
  },
  {
    "id" : "Winograd-25",
    "type" : "ValueSet",
    "url" : "https://voicecollab.ai/fhir/ValueSet/Winograd-25",
    "version" : "1.0.0",
    "name" : "Winograd25"
  },
  {
    "id" : "Winograd-26",
    "type" : "ValueSet",
    "url" : "https://voicecollab.ai/fhir/ValueSet/Winograd-26",
    "version" : "1.0.0",
    "name" : "Winograd26"
  },
  {
    "id" : "Winograd-27",
    "type" : "ValueSet",
    "url" : "https://voicecollab.ai/fhir/ValueSet/Winograd-27",
    "version" : "1.0.0",
    "name" : "Winograd27"
  },
  {
    "id" : "Winograd-28",
    "type" : "ValueSet",
    "url" : "https://voicecollab.ai/fhir/ValueSet/Winograd-28",
    "version" : "1.0.0",
    "name" : "Winograd28"
  },
  {
    "id" : "Winograd-29",
    "type" : "ValueSet",
    "url" : "https://voicecollab.ai/fhir/ValueSet/Winograd-29",
    "version" : "1.0.0",
    "name" : "Winograd29"
  },
  {
    "id" : "Winograd-3",
    "type" : "ValueSet",
    "url" : "https://voicecollab.ai/fhir/ValueSet/Winograd-3",
    "version" : "1.0.0",
    "name" : "Winograd3"
  },
  {
    "id" : "Winograd-30",
    "type" : "ValueSet",
    "url" : "https://voicecollab.ai/fhir/ValueSet/Winograd-30",
    "version" : "1.0.0",
    "name" : "Winograd30"
  },
  {
    "id" : "Winograd-31",
    "type" : "ValueSet",
    "url" : "https://voicecollab.ai/fhir/ValueSet/Winograd-31",
    "version" : "1.0.0",
    "name" : "Winograd31"
  },
  {
    "id" : "Winograd-32",
    "type" : "ValueSet",
    "url" : "https://voicecollab.ai/fhir/ValueSet/Winograd-32",
    "version" : "1.0.0",
    "name" : "Winograd32"
  },
  {
    "id" : "Winograd-33",
    "type" : "ValueSet",
    "url" : "https://voicecollab.ai/fhir/ValueSet/Winograd-33",
    "version" : "1.0.0",
    "name" : "Winograd33"
  },
  {
    "id" : "Winograd-34",
    "type" : "ValueSet",
    "url" : "https://voicecollab.ai/fhir/ValueSet/Winograd-34",
    "version" : "1.0.0",
    "name" : "Winograd34"
  },
  {
    "id" : "Winograd-35",
    "type" : "ValueSet",
    "url" : "https://voicecollab.ai/fhir/ValueSet/Winograd-35",
    "version" : "1.0.0",
    "name" : "Winograd35"
  },
  {
    "id" : "Winograd-36",
    "type" : "ValueSet",
    "url" : "https://voicecollab.ai/fhir/ValueSet/Winograd-36",
    "version" : "1.0.0",
    "name" : "Winograd36"
  },
  {
    "id" : "Winograd-37",
    "type" : "ValueSet",
    "url" : "https://voicecollab.ai/fhir/ValueSet/Winograd-37",
    "version" : "1.0.0",
    "name" : "Winograd37"
  },
  {
    "id" : "Winograd-38",
    "type" : "ValueSet",
    "url" : "https://voicecollab.ai/fhir/ValueSet/Winograd-38",
    "version" : "1.0.0",
    "name" : "Winograd38"
  },
  {
    "id" : "Winograd-39",
    "type" : "ValueSet",
    "url" : "https://voicecollab.ai/fhir/ValueSet/Winograd-39",
    "version" : "1.0.0",
    "name" : "Winograd39"
  },
  {
    "id" : "Winograd-4",
    "type" : "ValueSet",
    "url" : "https://voicecollab.ai/fhir/ValueSet/Winograd-4",
    "version" : "1.0.0",
    "name" : "Winograd4"
  },
  {
    "id" : "Winograd-40",
    "type" : "ValueSet",
    "url" : "https://voicecollab.ai/fhir/ValueSet/Winograd-40",
    "version" : "1.0.0",
    "name" : "Winograd40"
  },
  {
    "id" : "Winograd-41",
    "type" : "ValueSet",
    "url" : "https://voicecollab.ai/fhir/ValueSet/Winograd-41",
    "version" : "1.0.0",
    "name" : "Winograd41"
  },
  {
    "id" : "Winograd-42",
    "type" : "ValueSet",
    "url" : "https://voicecollab.ai/fhir/ValueSet/Winograd-42",
    "version" : "1.0.0",
    "name" : "Winograd42"
  },
  {
    "id" : "Winograd-43",
    "type" : "ValueSet",
    "url" : "https://voicecollab.ai/fhir/ValueSet/Winograd-43",
    "version" : "1.0.0",
    "name" : "Winograd43"
  },
  {
    "id" : "Winograd-44",
    "type" : "ValueSet",
    "url" : "https://voicecollab.ai/fhir/ValueSet/Winograd-44",
    "version" : "1.0.0",
    "name" : "Winograd44"
  },
  {
    "id" : "Winograd-45",
    "type" : "ValueSet",
    "url" : "https://voicecollab.ai/fhir/ValueSet/Winograd-45",
    "version" : "1.0.0",
    "name" : "Winograd45"
  },
  {
    "id" : "Winograd-46",
    "type" : "ValueSet",
    "url" : "https://voicecollab.ai/fhir/ValueSet/Winograd-46",
    "version" : "1.0.0",
    "name" : "Winograd46"
  },
  {
    "id" : "Winograd-47",
    "type" : "ValueSet",
    "url" : "https://voicecollab.ai/fhir/ValueSet/Winograd-47",
    "version" : "1.0.0",
    "name" : "Winograd47"
  },
  {
    "id" : "Winograd-48",
    "type" : "ValueSet",
    "url" : "https://voicecollab.ai/fhir/ValueSet/Winograd-48",
    "version" : "1.0.0",
    "name" : "Winograd48"
  },
  {
    "id" : "Winograd-49",
    "type" : "ValueSet",
    "url" : "https://voicecollab.ai/fhir/ValueSet/Winograd-49",
    "version" : "1.0.0",
    "name" : "Winograd49"
  },
  {
    "id" : "Winograd-5",
    "type" : "ValueSet",
    "url" : "https://voicecollab.ai/fhir/ValueSet/Winograd-5",
    "version" : "1.0.0",
    "name" : "Winograd5"
  },
  {
    "id" : "Winograd-50",
    "type" : "ValueSet",
    "url" : "https://voicecollab.ai/fhir/ValueSet/Winograd-50",
    "version" : "1.0.0",
    "name" : "Winograd50"
  },
  {
    "id" : "Winograd-51",
    "type" : "ValueSet",
    "url" : "https://voicecollab.ai/fhir/ValueSet/Winograd-51",
    "version" : "1.0.0",
    "name" : "Winograd51"
  },
  {
    "id" : "Winograd-52",
    "type" : "ValueSet",
    "url" : "https://voicecollab.ai/fhir/ValueSet/Winograd-52",
    "version" : "1.0.0",
    "name" : "Winograd52"
  },
  {
    "id" : "Winograd-53",
    "type" : "ValueSet",
    "url" : "https://voicecollab.ai/fhir/ValueSet/Winograd-53",
    "version" : "1.0.0",
    "name" : "Winograd53"
  },
  {
    "id" : "Winograd-54",
    "type" : "ValueSet",
    "url" : "https://voicecollab.ai/fhir/ValueSet/Winograd-54",
    "version" : "1.0.0",
    "name" : "Winograd54"
  },
  {
    "id" : "Winograd-55",
    "type" : "ValueSet",
    "url" : "https://voicecollab.ai/fhir/ValueSet/Winograd-55",
    "version" : "1.0.0",
    "name" : "Winograd55"
  },
  {
    "id" : "Winograd-56",
    "type" : "ValueSet",
    "url" : "https://voicecollab.ai/fhir/ValueSet/Winograd-56",
    "version" : "1.0.0",
    "name" : "Winograd56"
  },
  {
    "id" : "Winograd-57",
    "type" : "ValueSet",
    "url" : "https://voicecollab.ai/fhir/ValueSet/Winograd-57",
    "version" : "1.0.0",
    "name" : "Winograd57"
  },
  {
    "id" : "Winograd-58",
    "type" : "ValueSet",
    "url" : "https://voicecollab.ai/fhir/ValueSet/Winograd-58",
    "version" : "1.0.0",
    "name" : "Winograd58"
  },
  {
    "id" : "Winograd-59",
    "type" : "ValueSet",
    "url" : "https://voicecollab.ai/fhir/ValueSet/Winograd-59",
    "version" : "1.0.0",
    "name" : "Winograd59"
  },
  {
    "id" : "Winograd-6",
    "type" : "ValueSet",
    "url" : "https://voicecollab.ai/fhir/ValueSet/Winograd-6",
    "version" : "1.0.0",
    "name" : "Winograd6"
  },
  {
    "id" : "Winograd-60",
    "type" : "ValueSet",
    "url" : "https://voicecollab.ai/fhir/ValueSet/Winograd-60",
    "version" : "1.0.0",
    "name" : "Winograd60"
  },
  {
    "id" : "Winograd-61",
    "type" : "ValueSet",
    "url" : "https://voicecollab.ai/fhir/ValueSet/Winograd-61",
    "version" : "1.0.0",
    "name" : "Winograd61"
  },
  {
    "id" : "Winograd-62",
    "type" : "ValueSet",
    "url" : "https://voicecollab.ai/fhir/ValueSet/Winograd-62",
    "version" : "1.0.0",
    "name" : "Winograd62"
  },
  {
    "id" : "Winograd-63",
    "type" : "ValueSet",
    "url" : "https://voicecollab.ai/fhir/ValueSet/Winograd-63",
    "version" : "1.0.0",
    "name" : "Winograd63"
  },
  {
    "id" : "Winograd-64",
    "type" : "ValueSet",
    "url" : "https://voicecollab.ai/fhir/ValueSet/Winograd-64",
    "version" : "1.0.0",
    "name" : "Winograd64"
  },
  {
    "id" : "Winograd-65",
    "type" : "ValueSet",
    "url" : "https://voicecollab.ai/fhir/ValueSet/Winograd-65",
    "version" : "1.0.0",
    "name" : "Winograd65"
  },
  {
    "id" : "Winograd-66",
    "type" : "ValueSet",
    "url" : "https://voicecollab.ai/fhir/ValueSet/Winograd-66",
    "version" : "1.0.0",
    "name" : "Winograd66"
  },
  {
    "id" : "Winograd-67",
    "type" : "ValueSet",
    "url" : "https://voicecollab.ai/fhir/ValueSet/Winograd-67",
    "version" : "1.0.0",
    "name" : "Winograd67"
  },
  {
    "id" : "Winograd-68",
    "type" : "ValueSet",
    "url" : "https://voicecollab.ai/fhir/ValueSet/Winograd-68",
    "version" : "1.0.0",
    "name" : "Winograd68"
  },
  {
    "id" : "Winograd-69",
    "type" : "ValueSet",
    "url" : "https://voicecollab.ai/fhir/ValueSet/Winograd-69",
    "version" : "1.0.0",
    "name" : "Winograd69"
  },
  {
    "id" : "Winograd-7",
    "type" : "ValueSet",
    "url" : "https://voicecollab.ai/fhir/ValueSet/Winograd-7",
    "version" : "1.0.0",
    "name" : "Winograd7"
  },
  {
    "id" : "Winograd-70",
    "type" : "ValueSet",
    "url" : "https://voicecollab.ai/fhir/ValueSet/Winograd-70",
    "version" : "1.0.0",
    "name" : "Winograd70"
  },
  {
    "id" : "Winograd-71",
    "type" : "ValueSet",
    "url" : "https://voicecollab.ai/fhir/ValueSet/Winograd-71",
    "version" : "1.0.0",
    "name" : "Winograd71"
  },
  {
    "id" : "Winograd-72",
    "type" : "ValueSet",
    "url" : "https://voicecollab.ai/fhir/ValueSet/Winograd-72",
    "version" : "1.0.0",
    "name" : "Winograd72"
  },
  {
    "id" : "Winograd-73",
    "type" : "ValueSet",
    "url" : "https://voicecollab.ai/fhir/ValueSet/Winograd-73",
    "version" : "1.0.0",
    "name" : "Winograd73"
  },
  {
    "id" : "Winograd-74",
    "type" : "ValueSet",
    "url" : "https://voicecollab.ai/fhir/ValueSet/Winograd-74",
    "version" : "1.0.0",
    "name" : "Winograd74"
  },
  {
    "id" : "Winograd-75",
    "type" : "ValueSet",
    "url" : "https://voicecollab.ai/fhir/ValueSet/Winograd-75",
    "version" : "1.0.0",
    "name" : "Winograd75"
  },
  {
    "id" : "Winograd-76",
    "type" : "ValueSet",
    "url" : "https://voicecollab.ai/fhir/ValueSet/Winograd-76",
    "version" : "1.0.0",
    "name" : "Winograd76"
  },
  {
    "id" : "Winograd-77",
    "type" : "ValueSet",
    "url" : "https://voicecollab.ai/fhir/ValueSet/Winograd-77",
    "version" : "1.0.0",
    "name" : "Winograd77"
  },
  {
    "id" : "Winograd-78",
    "type" : "ValueSet",
    "url" : "https://voicecollab.ai/fhir/ValueSet/Winograd-78",
    "version" : "1.0.0",
    "name" : "Winograd78"
  },
  {
    "id" : "Winograd-79",
    "type" : "ValueSet",
    "url" : "https://voicecollab.ai/fhir/ValueSet/Winograd-79",
    "version" : "1.0.0",
    "name" : "Winograd79"
  },
  {
    "id" : "Winograd-8",
    "type" : "ValueSet",
    "url" : "https://voicecollab.ai/fhir/ValueSet/Winograd-8",
    "version" : "1.0.0",
    "name" : "Winograd8"
  },
  {
    "id" : "Winograd-80",
    "type" : "ValueSet",
    "url" : "https://voicecollab.ai/fhir/ValueSet/Winograd-80",
    "version" : "1.0.0",
    "name" : "Winograd80"
  },
  {
    "id" : "Winograd-81",
    "type" : "ValueSet",
    "url" : "https://voicecollab.ai/fhir/ValueSet/Winograd-81",
    "version" : "1.0.0",
    "name" : "Winograd81"
  },
  {
    "id" : "Winograd-82",
    "type" : "ValueSet",
    "url" : "https://voicecollab.ai/fhir/ValueSet/Winograd-82",
    "version" : "1.0.0",
    "name" : "Winograd82"
  },
  {
    "id" : "Winograd-83",
    "type" : "ValueSet",
    "url" : "https://voicecollab.ai/fhir/ValueSet/Winograd-83",
    "version" : "1.0.0",
    "name" : "Winograd83"
  },
  {
    "id" : "Winograd-84",
    "type" : "ValueSet",
    "url" : "https://voicecollab.ai/fhir/ValueSet/Winograd-84",
    "version" : "1.0.0",
    "name" : "Winograd84"
  },
  {
    "id" : "Winograd-85",
    "type" : "ValueSet",
    "url" : "https://voicecollab.ai/fhir/ValueSet/Winograd-85",
    "version" : "1.0.0",
    "name" : "Winograd85"
  },
  {
    "id" : "Winograd-86",
    "type" : "ValueSet",
    "url" : "https://voicecollab.ai/fhir/ValueSet/Winograd-86",
    "version" : "1.0.0",
    "name" : "Winograd86"
  },
  {
    "id" : "Winograd-87",
    "type" : "ValueSet",
    "url" : "https://voicecollab.ai/fhir/ValueSet/Winograd-87",
    "version" : "1.0.0",
    "name" : "Winograd87"
  },
  {
    "id" : "Winograd-88",
    "type" : "ValueSet",
    "url" : "https://voicecollab.ai/fhir/ValueSet/Winograd-88",
    "version" : "1.0.0",
    "name" : "Winograd88"
  },
  {
    "id" : "Winograd-89",
    "type" : "ValueSet",
    "url" : "https://voicecollab.ai/fhir/ValueSet/Winograd-89",
    "version" : "1.0.0",
    "name" : "Winograd89"
  },
  {
    "id" : "Winograd-9",
    "type" : "ValueSet",
    "url" : "https://voicecollab.ai/fhir/ValueSet/Winograd-9",
    "version" : "1.0.0",
    "name" : "Winograd9"
  },
  {
    "id" : "Winograd-90",
    "type" : "ValueSet",
    "url" : "https://voicecollab.ai/fhir/ValueSet/Winograd-90",
    "version" : "1.0.0",
    "name" : "Winograd90"
  },
  {
    "id" : "Winograd-91",
    "type" : "ValueSet",
    "url" : "https://voicecollab.ai/fhir/ValueSet/Winograd-91",
    "version" : "1.0.0",
    "name" : "Winograd91"
  },
  {
    "id" : "Winograd-92",
    "type" : "ValueSet",
    "url" : "https://voicecollab.ai/fhir/ValueSet/Winograd-92",
    "version" : "1.0.0",
    "name" : "Winograd92"
  },
  {
    "id" : "Winograd-93",
    "type" : "ValueSet",
    "url" : "https://voicecollab.ai/fhir/ValueSet/Winograd-93",
    "version" : "1.0.0",
    "name" : "Winograd93"
  },
  {
    "id" : "Winograd-94",
    "type" : "ValueSet",
    "url" : "https://voicecollab.ai/fhir/ValueSet/Winograd-94",
    "version" : "1.0.0",
    "name" : "Winograd94"
  },
  {
    "id" : "Winograd-95",
    "type" : "ValueSet",
    "url" : "https://voicecollab.ai/fhir/ValueSet/Winograd-95",
    "version" : "1.0.0",
    "name" : "Winograd95"
  },
  {
    "id" : "Winograd-96",
    "type" : "ValueSet",
    "url" : "https://voicecollab.ai/fhir/ValueSet/Winograd-96",
    "version" : "1.0.0",
    "name" : "Winograd96"
  },
  {
    "id" : "Winograd-97",
    "type" : "ValueSet",
    "url" : "https://voicecollab.ai/fhir/ValueSet/Winograd-97",
    "version" : "1.0.0",
    "name" : "Winograd97"
  },
  {
    "id" : "Winograd-98",
    "type" : "ValueSet",
    "url" : "https://voicecollab.ai/fhir/ValueSet/Winograd-98",
    "version" : "1.0.0",
    "name" : "Winograd98"
  },
  {
    "id" : "Winograd-99",
    "type" : "ValueSet",
    "url" : "https://voicecollab.ai/fhir/ValueSet/Winograd-99",
    "version" : "1.0.0",
    "name" : "Winograd99"
  },
  {
    "id" : "acoustic-task-status",
    "type" : "ValueSet",
    "url" : "https://voicecollab.ai/fhir/ValueSet/acoustic-task-status",
    "version" : "1.0.0",
    "name" : "AcousticTaskStatus"
  },
  {
    "id" : "adhd",
    "type" : "ValueSet",
    "url" : "https://voicecollab.ai/fhir/ValueSet/adhd",
    "version" : "1.0.0",
    "name" : "ADHD"
  },
  {
    "id" : "alcohol-consumption-amount",
    "type" : "ValueSet",
    "url" : "https://voicecollab.ai/fhir/ValueSet/alcohol-consumption-amount",
    "version" : "1.0.0",
    "name" : "AlcoholConsumptionAmount"
  },
  {
    "id" : "alcohol-consumption-frequency",
    "type" : "ValueSet",
    "url" : "https://voicecollab.ai/fhir/ValueSet/alcohol-consumption-frequency",
    "version" : "1.0.0",
    "name" : "AlcoholConsumptionFrequency"
  },
  {
    "id" : "checked-unchecked",
    "type" : "ValueSet",
    "url" : "https://voicecollab.ai/fhir/ValueSet/checked-unchecked",
    "version" : "1.0.0",
    "name" : "CheckedUnchecked"
  },
  {
    "id" : "comments",
    "type" : "ValueSet",
    "url" : "https://voicecollab.ai/fhir/ValueSet/comments",
    "version" : "1.0.0",
    "name" : "Comments"
  },
  {
    "id" : "consent-agreement",
    "type" : "ValueSet",
    "url" : "https://voicecollab.ai/fhir/ValueSet/consent-agreement",
    "version" : "1.0.0",
    "name" : "ConsentAgreement"
  },
  {
    "id" : "consent-signing",
    "type" : "ValueSet",
    "url" : "https://voicecollab.ai/fhir/ValueSet/consent-signing",
    "version" : "1.0.0",
    "name" : "ConsentSigning"
  },
  {
    "id" : "consent-status",
    "type" : "ValueSet",
    "url" : "https://voicecollab.ai/fhir/ValueSet/consent-status",
    "version" : "1.0.0",
    "name" : "ConsentStatus"
  },
  {
    "id" : "consent-usf-question",
    "type" : "ValueSet",
    "url" : "https://voicecollab.ai/fhir/ValueSet/consent-usf-question",
    "version" : "1.0.0",
    "name" : "ConsentUsfQuestion"
  },
  {
    "id" : "decline-reason",
    "type" : "ValueSet",
    "url" : "https://voicecollab.ai/fhir/ValueSet/decline-reason",
    "version" : "1.0.0",
    "name" : "DeclineReason"
  },
  {
    "id" : "degree",
    "type" : "ValueSet",
    "url" : "https://voicecollab.ai/fhir/ValueSet/degree",
    "version" : "1.0.0",
    "name" : "Degree"
  },
  {
    "id" : "difficulty-breathing",
    "type" : "ValueSet",
    "url" : "https://voicecollab.ai/fhir/ValueSet/difficulty-breathing",
    "version" : "1.0.0",
    "name" : "DifficultyBreathing"
  },
  {
    "id" : "disability-status",
    "type" : "ValueSet",
    "url" : "https://voicecollab.ai/fhir/ValueSet/disability-status",
    "version" : "1.0.0",
    "name" : "DisabilityStatus"
  },
  {
    "id" : "disability-type",
    "type" : "ValueSet",
    "url" : "https://voicecollab.ai/fhir/ValueSet/disability-type",
    "version" : "1.0.0",
    "name" : "DisabilityType"
  },
  {
    "id" : "dsm5",
    "type" : "ValueSet",
    "url" : "https://voicecollab.ai/fhir/ValueSet/dsm5",
    "version" : "1.0.0",
    "name" : "DSM5"
  },
  {
    "id" : "dsm5-phobia",
    "type" : "ValueSet",
    "url" : "https://voicecollab.ai/fhir/ValueSet/dsm5-phobia",
    "version" : "1.0.0",
    "name" : "DSM5Phobia"
  },
  {
    "id" : "dsm5-q1",
    "type" : "ValueSet",
    "url" : "https://voicecollab.ai/fhir/ValueSet/dsm5-q1",
    "version" : "1.0.0",
    "name" : "DSM5Q1"
  },
  {
    "id" : "dsm5-q2",
    "type" : "ValueSet",
    "url" : "https://voicecollab.ai/fhir/ValueSet/dsm5-q2",
    "version" : "1.0.0",
    "name" : "DSM5Q2"
  },
  {
    "id" : "dsm5-q3",
    "type" : "ValueSet",
    "url" : "https://voicecollab.ai/fhir/ValueSet/dsm5-q3",
    "version" : "1.0.0",
    "name" : "DSM5Q3"
  },
  {
    "id" : "dsm5-q4",
    "type" : "ValueSet",
    "url" : "https://voicecollab.ai/fhir/ValueSet/dsm5-q4",
    "version" : "1.0.0",
    "name" : "DSM5Q4"
  },
  {
    "id" : "dsm5-q5",
    "type" : "ValueSet",
    "url" : "https://voicecollab.ai/fhir/ValueSet/dsm5-q5",
    "version" : "1.0.0",
    "name" : "DSM5Q5"
  },
  {
    "id" : "dysnpea-index",
    "type" : "ValueSet",
    "url" : "https://voicecollab.ai/fhir/ValueSet/dysnpea-index",
    "version" : "1.0.0",
    "name" : "DysnpeaIndex"
  },
  {
    "id" : "eligible-studies",
    "type" : "ValueSet",
    "url" : "https://voicecollab.ai/fhir/ValueSet/eligible-studies",
    "version" : "1.0.0",
    "name" : "EligibleStudies"
  },
  {
    "id" : "employment-status",
    "type" : "ValueSet",
    "url" : "https://voicecollab.ai/fhir/ValueSet/employment-status",
    "version" : "1.0.0",
    "name" : "EmploymentStatus"
  },
  {
    "id" : "enroll",
    "type" : "ValueSet",
    "url" : "https://voicecollab.ai/fhir/ValueSet/enroll",
    "version" : "1.0.0",
    "name" : "Enroll"
  },
  {
    "id" : "enrollment-complete",
    "type" : "ValueSet",
    "url" : "https://voicecollab.ai/fhir/ValueSet/enrollment-complete",
    "version" : "1.0.0",
    "name" : "EnrollmentComplete"
  },
  {
    "id" : "enrollment-institution",
    "type" : "ValueSet",
    "url" : "https://voicecollab.ai/fhir/ValueSet/enrollment-institution",
    "version" : "1.0.0",
    "name" : "EnrollmentInstitution"
  },
  {
    "id" : "ent-history",
    "type" : "ValueSet",
    "url" : "https://voicecollab.ai/fhir/ValueSet/ent-history",
    "version" : "1.0.0",
    "name" : "ENTHistory"
  },
  {
    "id" : "etiology",
    "type" : "ValueSet",
    "url" : "https://voicecollab.ai/fhir/ValueSet/etiology",
    "version" : "1.0.0",
    "name" : "Etiology"
  },
  {
    "id" : "financial-assistance",
    "type" : "ValueSet",
    "url" : "https://voicecollab.ai/fhir/ValueSet/financial-assistance",
    "version" : "1.0.0",
    "name" : "FinancialAssistance"
  },
  {
    "id" : "fluent-language",
    "type" : "ValueSet",
    "url" : "https://voicecollab.ai/fhir/ValueSet/fluent-language",
    "version" : "1.0.0",
    "name" : "FluentLanguage"
  },
  {
    "id" : "gender-identity",
    "type" : "ValueSet",
    "url" : "https://voicecollab.ai/fhir/ValueSet/gender-identity",
    "version" : "1.0.0",
    "name" : "GenderIdentity"
  },
  {
    "id" : "glottic-gap",
    "type" : "ValueSet",
    "url" : "https://voicecollab.ai/fhir/ValueSet/glottic-gap",
    "version" : "1.0.0",
    "name" : "GlotticGap"
  },
  {
    "id" : "household-makeup",
    "type" : "ValueSet",
    "url" : "https://voicecollab.ai/fhir/ValueSet/household-makeup",
    "version" : "1.0.0",
    "name" : "HouseholdMakeup"
  },
  {
    "id" : "household-status",
    "type" : "ValueSet",
    "url" : "https://voicecollab.ai/fhir/ValueSet/household-status",
    "version" : "1.0.0",
    "name" : "HouseholdStatus"
  },
  {
    "id" : "iatrogenic",
    "type" : "ValueSet",
    "url" : "https://voicecollab.ai/fhir/ValueSet/iatrogenic",
    "version" : "1.0.0",
    "name" : "Iatrogenic"
  },
  {
    "id" : "immigration-status",
    "type" : "ValueSet",
    "url" : "https://voicecollab.ai/fhir/ValueSet/immigration-status",
    "version" : "1.0.0",
    "name" : "ImmigrationStatus"
  },
  {
    "id" : "left-right",
    "type" : "ValueSet",
    "url" : "https://voicecollab.ai/fhir/ValueSet/left-right",
    "version" : "1.0.0",
    "name" : "LeftRight"
  },
  {
    "id" : "leicester-cough",
    "type" : "ValueSet",
    "url" : "https://voicecollab.ai/fhir/ValueSet/leicester-cough",
    "version" : "1.0.0",
    "name" : "LeicesterCough"
  },
  {
    "id" : "marital-status",
    "type" : "ValueSet",
    "url" : "https://voicecollab.ai/fhir/ValueSet/marital-status",
    "version" : "1.0.0",
    "name" : "MaritalStatus"
  },
  {
    "id" : "medication",
    "type" : "ValueSet",
    "url" : "https://voicecollab.ai/fhir/ValueSet/medication",
    "version" : "1.0.0",
    "name" : "Medication"
  },
  {
    "id" : "menstruation-menopause-status",
    "type" : "ValueSet",
    "url" : "https://voicecollab.ai/fhir/ValueSet/menstruation-menopause-status",
    "version" : "1.0.0",
    "name" : "MenstrationMenopause"
  },
  {
    "id" : "neuro-consent",
    "type" : "ValueSet",
    "url" : "https://voicecollab.ai/fhir/ValueSet/neuro-consent",
    "version" : "1.0.0",
    "name" : "NeuroConsent"
  },
  {
    "id" : "neuro-participation-consent",
    "type" : "ValueSet",
    "url" : "https://voicecollab.ai/fhir/ValueSet/neuro-participation-consent",
    "version" : "1.0.0",
    "name" : "NeuroParticipationConsent"
  },
  {
    "id" : "neurological-history",
    "type" : "ValueSet",
    "url" : "https://voicecollab.ai/fhir/ValueSet/neurological-history",
    "version" : "1.0.0",
    "name" : "NeurologicalHistory"
  },
  {
    "id" : "peds-enrollment",
    "type" : "ValueSet",
    "url" : "https://voicecollab.ai/fhir/ValueSet/peds-enrollment",
    "version" : "1.0.0",
    "name" : "PedsEnrollment"
  },
  {
    "id" : "peds-language-fluency",
    "type" : "ValueSet",
    "url" : "https://voicecollab.ai/fhir/ValueSet/peds-language-fluency",
    "version" : "1.0.0",
    "name" : "PedsLanguageFluency"
  },
  {
    "id" : "peds-medical-history",
    "type" : "ValueSet",
    "url" : "https://voicecollab.ai/fhir/ValueSet/peds-medical-history",
    "version" : "1.0.0",
    "name" : "PedsMedicalHistory"
  },
  {
    "id" : "peds-reason-to-decline",
    "type" : "ValueSet",
    "url" : "https://voicecollab.ai/fhir/ValueSet/peds-reason-to-decline",
    "version" : "1.0.0",
    "name" : "PedsReasonToDecline"
  },
  {
    "id" : "peds-who-completed-survey",
    "type" : "ValueSet",
    "url" : "https://voicecollab.ai/fhir/ValueSet/peds-who-completed-survey",
    "version" : "1.0.0",
    "name" : "PedsWhoCompletedSurvey"
  },
  {
    "id" : "permission-to-share-with-doctor",
    "type" : "ValueSet",
    "url" : "https://voicecollab.ai/fhir/ValueSet/permission-to-share-with-doctor",
    "version" : "1.0.0",
    "name" : "PermissionToShareWithDoctor"
  },
  {
    "id" : "permission-to-share-with-family",
    "type" : "ValueSet",
    "url" : "https://voicecollab.ai/fhir/ValueSet/permission-to-share-with-family",
    "version" : "1.0.0",
    "name" : "PermissionToShareWithFamily"
  },
  {
    "id" : "perspiration-frequency",
    "type" : "ValueSet",
    "url" : "https://voicecollab.ai/fhir/ValueSet/perspiration-frequency",
    "version" : "1.0.0",
    "name" : "PerspirationFrequency"
  },
  {
    "id" : "psc-17",
    "type" : "ValueSet",
    "url" : "https://voicecollab.ai/fhir/ValueSet/psc-17",
    "version" : "1.0.0",
    "name" : "PSC17"
  },
  {
    "id" : "psychiatric-history",
    "type" : "ValueSet",
    "url" : "https://voicecollab.ai/fhir/ValueSet/psychiatric-history",
    "version" : "1.0.0",
    "name" : "PsychiatricHistory"
  },
  {
    "id" : "ptsd",
    "type" : "ValueSet",
    "url" : "https://voicecollab.ai/fhir/ValueSet/ptsd",
    "version" : "1.0.0",
    "name" : "PTSD"
  },
  {
    "id" : "reading-ability",
    "type" : "ValueSet",
    "url" : "https://voicecollab.ai/fhir/ValueSet/reading-ability",
    "version" : "1.0.0",
    "name" : "ReadingAbility"
  },
  {
    "id" : "recording",
    "type" : "ValueSet",
    "url" : "https://voicecollab.ai/fhir/ValueSet/recording",
    "version" : "1.0.0",
    "name" : "Recording"
  },
  {
    "id" : "seasonal-allergies",
    "type" : "ValueSet",
    "url" : "https://voicecollab.ai/fhir/ValueSet/seasonal-allergies",
    "version" : "1.0.0",
    "name" : "SeasonalAlergies"
  },
  {
    "id" : "select-language",
    "type" : "ValueSet",
    "url" : "https://voicecollab.ai/fhir/ValueSet/select-language",
    "version" : "1.0.0",
    "name" : "SelectLanguage"
  },
  {
    "id" : "session",
    "type" : "ValueSet",
    "url" : "https://voicecollab.ai/fhir/ValueSet/session",
    "version" : "1.0.0",
    "name" : "Session"
  },
  {
    "id" : "smoking-status",
    "type" : "ValueSet",
    "url" : "https://voicecollab.ai/fhir/ValueSet/smoking-status",
    "version" : "1.0.0",
    "name" : "SmokingStatus"
  },
  {
    "id" : "smoking-times",
    "type" : "ValueSet",
    "url" : "https://voicecollab.ai/fhir/ValueSet/smoking-times",
    "version" : "1.0.0",
    "name" : "SmokingTimes"
  },
  {
    "id" : "smoking-types",
    "type" : "ValueSet",
    "url" : "https://voicecollab.ai/fhir/ValueSet/smoking-types",
    "version" : "1.0.0",
    "name" : "SmokingTypes"
  },
  {
    "id" : "surgery-sub-category",
    "type" : "ValueSet",
    "url" : "https://voicecollab.ai/fhir/ValueSet/surgery-sub-category",
    "version" : "1.0.0",
    "name" : "SurgerySubCategory"
  },
  {
    "id" : "survey-options",
    "type" : "ValueSet",
    "url" : "https://voicecollab.ai/fhir/ValueSet/survey-options",
    "version" : "1.0.0",
    "name" : "SurveyOptions"
  },
  {
    "id" : "thyroplasty",
    "type" : "ValueSet",
    "url" : "https://voicecollab.ai/fhir/ValueSet/thyroplasty",
    "version" : "1.0.0",
    "name" : "Thyroplasty"
  },
  {
    "id" : "transportation-type",
    "type" : "ValueSet",
    "url" : "https://voicecollab.ai/fhir/ValueSet/transportation-type",
    "version" : "1.0.0",
    "name" : "TransportationType"
  },
  {
    "id" : "treatment",
    "type" : "ValueSet",
    "url" : "https://voicecollab.ai/fhir/ValueSet/treatment",
    "version" : "1.0.0",
    "name" : "Treatment"
  },
  {
    "id" : "tumor-rln",
    "type" : "ValueSet",
    "url" : "https://voicecollab.ai/fhir/ValueSet/tumor-rln",
    "version" : "1.0.0",
    "name" : "TumorRLN"
  },
  {
    "id" : "urge-to-cough",
    "type" : "ValueSet",
    "url" : "https://voicecollab.ai/fhir/ValueSet/urge-to-cough",
    "version" : "1.0.0",
    "name" : "UrgeToCough"
  },
  {
    "id" : "vocal-fold-injection-augmentation",
    "type" : "ValueSet",
    "url" : "https://voicecollab.ai/fhir/ValueSet/vocal-fold-injection-augmentation",
    "version" : "1.0.0",
    "name" : "VocalFoldInjectionAugmentation"
  },
  {
    "id" : "vocal-profession",
    "type" : "ValueSet",
    "url" : "https://voicecollab.ai/fhir/ValueSet/vocal-profession",
    "version" : "1.0.0",
    "name" : "VocalProfession"
  },
  {
    "id" : "voice-handicap-index",
    "type" : "ValueSet",
    "url" : "https://voicecollab.ai/fhir/ValueSet/voice-handicap-index",
    "version" : "1.0.0",
    "name" : "VoiceHandicapIndex"
  },
  {
    "id" : "whocompletedsurvey",
    "type" : "ValueSet",
    "url" : "https://voicecollab.ai/fhir/ValueSet/whocompletedsurvey",
    "version" : "1.0.0",
    "name" : "WhoCompletedSurvey"
  },
  {
    "id" : "whodas",
    "type" : "ValueSet",
    "url" : "https://voicecollab.ai/fhir/ValueSet/whodas",
    "version" : "1.0.0",
    "name" : "WHODAS"
  },
  {
    "id" : "yes-no-not-certain",
    "type" : "ValueSet",
    "url" : "https://voicecollab.ai/fhir/ValueSet/yes-no-not-certain",
    "version" : "1.0.0",
    "name" : "YesNoNotCertain"
  },
  {
    "id" : "yesnosome",
    "type" : "ValueSet",
    "url" : "https://voicecollab.ai/fhir/ValueSet/yesnosome",
    "version" : "1.0.0",
    "name" : "YesNoSome"
  }
]
