[
  {
    "id" : "kindlab.fhir.vbai",
    "type" : "ImplementationGuide",
    "url" : "https://voicecollab.ai/fhir/ImplementationGuide/kindlab.fhir.vbai",
    "version" : "1.5.1",
    "name" : "VoiceaBiomarkerforAI"
  },
  {
    "id" : "acoustictaskschema",
    "type" : "Questionnaire",
    "url" : "https://voicecollab.ai/fhir/Questionnaire/acoustictaskschema",
    "version" : "1.5.1"
  },
  {
    "id" : "bridge2aieconsentaddendumbchenglishschema",
    "type" : "Questionnaire",
    "url" : "https://voicecollab.ai/fhir/Questionnaire/bridge2aieconsentaddendumbchenglishschema",
    "version" : "1.5.1"
  },
  {
    "id" : "bridge2aieconsentaddendummitenglishschema",
    "type" : "Questionnaire",
    "url" : "https://voicecollab.ai/fhir/Questionnaire/bridge2aieconsentaddendummitenglishschema",
    "version" : "1.5.1"
  },
  {
    "id" : "bridge2aieconsentaddendummitresearcherstatemeschema",
    "type" : "Questionnaire",
    "url" : "https://voicecollab.ai/fhir/Questionnaire/bridge2aieconsentaddendummitresearcherstatemeschema",
    "version" : "1.5.1"
  },
  {
    "id" : "bridge2aieconsentaddendumwcmenglishschema",
    "type" : "Questionnaire",
    "url" : "https://voicecollab.ai/fhir/Questionnaire/bridge2aieconsentaddendumwcmenglishschema",
    "version" : "1.5.1"
  },
  {
    "id" : "bridge2aieconsentaddendumwcmresearcherstatemeschema",
    "type" : "Questionnaire",
    "url" : "https://voicecollab.ai/fhir/Questionnaire/bridge2aieconsentaddendumwcmresearcherstatemeschema",
    "version" : "1.5.1"
  },
  {
    "id" : "bridge2aieconsentcombinedpdfaddendummitschema",
    "type" : "Questionnaire",
    "url" : "https://voicecollab.ai/fhir/Questionnaire/bridge2aieconsentcombinedpdfaddendummitschema",
    "version" : "1.5.1"
  },
  {
    "id" : "bridge2aieconsentcombinedpdfaddendumwcmschema",
    "type" : "Questionnaire",
    "url" : "https://voicecollab.ai/fhir/Questionnaire/bridge2aieconsentcombinedpdfaddendumwcmschema",
    "version" : "1.5.1"
  },
  {
    "id" : "bridge2aieconsentcombinedpdfmainicfusfschema",
    "type" : "Questionnaire",
    "url" : "https://voicecollab.ai/fhir/Questionnaire/bridge2aieconsentcombinedpdfmainicfusfschema",
    "version" : "1.5.1"
  },
  {
    "id" : "bridge2aieconsentmainicfusfenglishschema",
    "type" : "Questionnaire",
    "url" : "https://voicecollab.ai/fhir/Questionnaire/bridge2aieconsentmainicfusfenglishschema",
    "version" : "1.5.1"
  },
  {
    "id" : "bridge2aieconsentmainicfusfresearcherstatemeschema",
    "type" : "Questionnaire",
    "url" : "https://voicecollab.ai/fhir/Questionnaire/bridge2aieconsentmainicfusfresearcherstatemeschema",
    "version" : "1.5.1"
  },
  {
    "id" : "bridge2aipaperconsentallsitesenglishschema",
    "type" : "Questionnaire",
    "url" : "https://voicecollab.ai/fhir/Questionnaire/bridge2aipaperconsentallsitesenglishschema",
    "version" : "1.5.1"
  },
  {
    "id" : "dmoodbipolardisorderschema",
    "type" : "Questionnaire",
    "url" : "https://voicecollab.ai/fhir/Questionnaire/dmoodbipolardisorderschema",
    "version" : "1.5.1"
  },
  {
    "id" : "dmooddepressionormajordepressivedisorderschema",
    "type" : "Questionnaire",
    "url" : "https://voicecollab.ai/fhir/Questionnaire/dmooddepressionormajordepressivedisorderschema",
    "version" : "1.5.1"
  },
  {
    "id" : "dneuroalzheimersdiseasemildcognitiveimpairmeschema",
    "type" : "Questionnaire",
    "url" : "https://voicecollab.ai/fhir/Questionnaire/dneuroalzheimersdiseasemildcognitiveimpairmeschema",
    "version" : "1.5.1"
  },
  {
    "id" : "dneuroamyotrophiclateralsclerosisalsschema",
    "type" : "Questionnaire",
    "url" : "https://voicecollab.ai/fhir/Questionnaire/dneuroamyotrophiclateralsclerosisalsschema",
    "version" : "1.5.1"
  },
  {
    "id" : "dneuroparkinsonsdiseaseschema",
    "type" : "Questionnaire",
    "url" : "https://voicecollab.ai/fhir/Questionnaire/dneuroparkinsonsdiseaseschema",
    "version" : "1.5.1"
  },
  {
    "id" : "dpedshealthydevelopmentallytypicalchildrenschema",
    "type" : "Questionnaire",
    "url" : "https://voicecollab.ai/fhir/Questionnaire/dpedshealthydevelopmentallytypicalchildrenschema",
    "version" : "1.5.1"
  },
  {
    "id" : "drespairwaystenosisschema",
    "type" : "Questionnaire",
    "url" : "https://voicecollab.ai/fhir/Questionnaire/drespairwaystenosisschema",
    "version" : "1.5.1"
  },
  {
    "id" : "dvoicevocalfoldparalysisschema",
    "type" : "Questionnaire",
    "url" : "https://voicecollab.ai/fhir/Questionnaire/dvoicevocalfoldparalysisschema",
    "version" : "1.5.1"
  },
  {
    "id" : "enrollmentformschema",
    "type" : "Questionnaire",
    "url" : "https://voicecollab.ai/fhir/Questionnaire/enrollmentformschema",
    "version" : "1.5.1"
  },
  {
    "id" : "qgenericconfoundersschema",
    "type" : "Questionnaire",
    "url" : "https://voicecollab.ai/fhir/Questionnaire/qgenericconfoundersschema",
    "version" : "1.5.1"
  },
  {
    "id" : "qgenericdemographicsschema",
    "type" : "Questionnaire",
    "url" : "https://voicecollab.ai/fhir/Questionnaire/qgenericdemographicsschema",
    "version" : "1.5.1"
  },
  {
    "id" : "qgenericgad7anxietyschema",
    "type" : "Questionnaire",
    "url" : "https://voicecollab.ai/fhir/Questionnaire/qgenericgad7anxietyschema",
    "version" : "1.5.1"
  },
  {
    "id" : "qgenericpatienthealthquestionnaire9schema",
    "type" : "Questionnaire",
    "url" : "https://voicecollab.ai/fhir/Questionnaire/qgenericpatienthealthquestionnaire9schema",
    "version" : "1.5.1"
  },
  {
    "id" : "qgenericvoicehandicapindexvhi10schema",
    "type" : "Questionnaire",
    "url" : "https://voicecollab.ai/fhir/Questionnaire/qgenericvoicehandicapindexvhi10schema",
    "version" : "1.5.1"
  },
  {
    "id" : "qgenericvoiceperceptionschema",
    "type" : "Questionnaire",
    "url" : "https://voicecollab.ai/fhir/Questionnaire/qgenericvoiceperceptionschema",
    "version" : "1.5.1"
  },
  {
    "id" : "qmoodadhdadultschema",
    "type" : "Questionnaire",
    "url" : "https://voicecollab.ai/fhir/Questionnaire/qmoodadhdadultschema",
    "version" : "1.5.1"
  },
  {
    "id" : "qmoodcustomaffectscaleschema",
    "type" : "Questionnaire",
    "url" : "https://voicecollab.ai/fhir/Questionnaire/qmoodcustomaffectscaleschema",
    "version" : "1.5.1"
  },
  {
    "id" : "qmooddsm5adultschema",
    "type" : "Questionnaire",
    "url" : "https://voicecollab.ai/fhir/Questionnaire/qmooddsm5adultschema",
    "version" : "1.5.1"
  },
  {
    "id" : "qmoodpanasschema",
    "type" : "Questionnaire",
    "url" : "https://voicecollab.ai/fhir/Questionnaire/qmoodpanasschema",
    "version" : "1.5.1"
  },
  {
    "id" : "qmoodptsdadultschema",
    "type" : "Questionnaire",
    "url" : "https://voicecollab.ai/fhir/Questionnaire/qmoodptsdadultschema",
    "version" : "1.5.1"
  },
  {
    "id" : "qneuroproductivevocabularyschema",
    "type" : "Questionnaire",
    "url" : "https://voicecollab.ai/fhir/Questionnaire/qneuroproductivevocabularyschema",
    "version" : "1.5.1"
  },
  {
    "id" : "qneurorandomitemgenerationschema",
    "type" : "Questionnaire",
    "url" : "https://voicecollab.ai/fhir/Questionnaire/qneurorandomitemgenerationschema",
    "version" : "1.5.1"
  },
  {
    "id" : "qneurowinogradschemasschema",
    "type" : "Questionnaire",
    "url" : "https://voicecollab.ai/fhir/Questionnaire/qneurowinogradschemasschema",
    "version" : "1.5.1"
  },
  {
    "id" : "qneurowordcolorstroopschema",
    "type" : "Questionnaire",
    "url" : "https://voicecollab.ai/fhir/Questionnaire/qneurowordcolorstroopschema",
    "version" : "1.5.1"
  },
  {
    "id" : "qrespdyspneaindexdischema",
    "type" : "Questionnaire",
    "url" : "https://voicecollab.ai/fhir/Questionnaire/qrespdyspneaindexdischema",
    "version" : "1.5.1"
  },
  {
    "id" : "qrespleicestercoughquestionnairelcqschema",
    "type" : "Questionnaire",
    "url" : "https://voicecollab.ai/fhir/Questionnaire/qrespleicestercoughquestionnairelcqschema",
    "version" : "1.5.1"
  },
  {
    "id" : "qvoicevoiceproblemseverityschema",
    "type" : "Questionnaire",
    "url" : "https://voicecollab.ai/fhir/Questionnaire/qvoicevoiceproblemseverityschema",
    "version" : "1.5.1"
  },
  {
    "id" : "recordingschema",
    "type" : "Questionnaire",
    "url" : "https://voicecollab.ai/fhir/Questionnaire/recordingschema",
    "version" : "1.5.1"
  },
  {
    "id" : "sessionschema",
    "type" : "Questionnaire",
    "url" : "https://voicecollab.ai/fhir/Questionnaire/sessionschema",
    "version" : "1.5.1"
  },
  {
    "id" : "subjectparticipantbasicinformationschema",
    "type" : "Questionnaire",
    "url" : "https://voicecollab.ai/fhir/Questionnaire/subjectparticipantbasicinformationschema",
    "version" : "1.5.1"
  },
  {
    "id" : "subjectparticipantcontactinformationschema",
    "type" : "Questionnaire",
    "url" : "https://voicecollab.ai/fhir/Questionnaire/subjectparticipantcontactinformationschema",
    "version" : "1.5.1"
  },
  {
    "id" : "subjectparticipanteligiblestudiesschema",
    "type" : "Questionnaire",
    "url" : "https://voicecollab.ai/fhir/Questionnaire/subjectparticipanteligiblestudiesschema",
    "version" : "1.5.1"
  }
]
