<?xml version="1.0" encoding="UTF-8"?>

<CodeSystem xmlns="http://hl7.org/fhir">
  <id value="smoking-times"/>
  <text>
    <status value="generated"/><div xmlns="http://www.w3.org/1999/xhtml"><p>This code system <code>https://voicecollab.ai/fhir/CodeSystem/smoking-times</code> defines the following codes:</p><table class="codes"><tr><td style="white-space:nowrap"><b>Code</b></td><td><b>Display</b></td></tr><tr><td style="white-space:nowrap">M<a name="smoking-times-M"> </a></td><td>Multiple times a day</td></tr><tr><td style="white-space:nowrap">AO<a name="smoking-times-AO"> </a></td><td>About once a day</td></tr><tr><td style="white-space:nowrap">FW<a name="smoking-times-FW"> </a></td><td>A few times a week</td></tr><tr><td style="white-space:nowrap">FM<a name="smoking-times-FM"> </a></td><td>A few times a month</td></tr><tr><td style="white-space:nowrap">FY<a name="smoking-times-FY"> </a></td><td>A few times a year</td></tr></table></div>
  </text>
  <url value="https://voicecollab.ai/fhir/CodeSystem/smoking-times"/>
  <version value="0.1.0"/>
  <name value="SmokingTimes"/>
  <title value="Questionnaire smoking times codes"/>
  <status value="active"/>
  <date value="2023-05-15"/>
  <publisher value="KinD Lab"/>
  <contact>
    <name value="KinD Lab"/>
    <telecom>
      <system value="url"/>
      <value value="http://fhir.kindlab.sickkids.ca"/>
    </telecom>
  </contact>
  <description value="The codes required for Questionnaire confounders"/>
  <caseSensitive value="true"/>
  <content value="complete"/>
  <count value="5"/>
  <concept>
    <code value="M"/>
    <display value="Multiple times a day"/>
  </concept>
  <concept>
    <code value="AO"/>
    <display value="About once a day"/>
  </concept>
  <concept>
    <code value="FW"/>
    <display value="A few times a week"/>
  </concept>
  <concept>
    <code value="FM"/>
    <display value="A few times a month"/>
  </concept>
  <concept>
    <code value="FY"/>
    <display value="A few times a year"/>
  </concept>
</CodeSystem>