{
  "resourceType" : "CodeSystem",
  "id" : "treatment",
  "text" : {
    "status" : "generated",
    "div" : "<div xmlns=\"http://www.w3.org/1999/xhtml\"><p>This code system <code>https://voicecollab.ai/fhir/CodeSystem/treatment</code> defines the following codes:</p><table class=\"codes\"><tr><td style=\"white-space:nowrap\"><b>Code</b></td><td><b>Display</b></td></tr><tr><td style=\"white-space:nowrap\">1<a name=\"treatment-1\"> </a></td><td>Surgery</td></tr><tr><td style=\"white-space:nowrap\">2<a name=\"treatment-2\"> </a></td><td>Speech Therapy</td></tr><tr><td style=\"white-space:nowrap\">3<a name=\"treatment-3\"> </a></td><td>No Treatment</td></tr></table></div>"
  },
  "url" : "https://voicecollab.ai/fhir/CodeSystem/treatment",
  "version" : "1.0.0",
  "name" : "Treatment",
  "title" : "treatment",
  "status" : "active",
  "date" : "2023-06-19",
  "publisher" : "KinD Lab",
  "contact" : [{
    "name" : "KinD Lab",
    "telecom" : [{
      "system" : "url",
      "value" : "http://fhir.kindlab.sickkids.ca"
    }]
  }],
  "description" : "The codes required for Diagnosis questionnaire",
  "caseSensitive" : true,
  "content" : "complete",
  "count" : 3,
  "concept" : [{
    "code" : "1",
    "display" : "Surgery"
  },
  {
    "code" : "2",
    "display" : "Speech Therapy"
  },
  {
    "code" : "3",
    "display" : "No Treatment"
  }]
}