{
  "resourceType" : "CodeSystem",
  "id" : "alcohol-consumption-frequency",
  "text" : {
    "status" : "generated",
    "div" : "<div xmlns=\"http://www.w3.org/1999/xhtml\">Placeholder</div>"
  },
  "url" : "https://voicecollab.ai/fhir/CodeSystem/alcohol-consumption-frequency",
  "version" : "1.0.0",
  "name" : "AlcoholConsumptionFrequency",
  "title" : "Alcohol Consumption Frequency Codes",
  "status" : "active",
  "date" : "2023-05-15",
  "publisher" : "KinD Lab",
  "contact" : [{
    "name" : "KinD Lab",
    "telecom" : [{
      "system" : "url",
      "value" : "http://fhir.kindlab.sickkids.ca"
    }]
  }],
  "description" : "This code system defines the frequency of alcohol consumption for use in questionnaires.",
  "caseSensitive" : true,
  "content" : "complete",
  "count" : 5,
  "concept" : [{
    "code" : "N",
    "display" : "Never"
  },
  {
    "code" : "M",
    "display" : "Monthly or less"
  },
  {
    "code" : "TFM",
    "display" : "2-4 times a month"
  },
  {
    "code" : "TTW",
    "display" : "2-3 times a week"
  },
  {
    "code" : "FM",
    "display" : "4 or more times a week"
  }]
}