{
  "resourceType" : "CodeSystem",
  "id" : "gender-identity",
  "text" : {
    "status" : "generated",
    "div" : "<div xmlns=\"http://www.w3.org/1999/xhtml\"><p>This code system <code>https://voicecollab.ai/fhir/CodeSystem/gender-identity</code> defines the following codes:</p><table class=\"codes\"><tr><td style=\"white-space:nowrap\"><b>Code</b></td><td><b>Display</b></td><td><b>Definition</b></td></tr><tr><td style=\"white-space:nowrap\">M<a name=\"gender-identity-M\"> </a></td><td>Man</td><td>Gender identity is a Man.</td></tr><tr><td style=\"white-space:nowrap\">F<a name=\"gender-identity-F\"> </a></td><td>Woman</td><td>Gender identity is a Woman.</td></tr><tr><td style=\"white-space:nowrap\">TM<a name=\"gender-identity-TM\"> </a></td><td>Transgender male/Transman/Female-to-male</td><td>Gender identity is Transgender male or Transman or Female-to-Male.</td></tr><tr><td style=\"white-space:nowrap\">TF<a name=\"gender-identity-TF\"> </a></td><td>Transgender female/Transwoman/Male-tofemale</td><td>Gender identity is Transgender female or Transwoman or Male-to-female.</td></tr><tr><td style=\"white-space:nowrap\">GQ<a name=\"gender-identity-GQ\"> </a></td><td>Genderqueer/Non-binary</td><td>Gender identity is GenderQueer/Non-binary.</td></tr><tr><td style=\"white-space:nowrap\">DC<a name=\"gender-identity-DC\"> </a></td><td>Decline to Answer</td><td>Person has declined to answer about their gender identity.</td></tr><tr><td style=\"white-space:nowrap\">OT<a name=\"gender-identity-OT\"> </a></td><td>Other</td><td>Person's gender identity is Other.</td></tr></table></div>"
  },
  "url" : "https://voicecollab.ai/fhir/CodeSystem/gender-identity",
  "version" : "0.1.0",
  "name" : "GenderIdentity",
  "title" : " Gender Identity Codes",
  "status" : "active",
  "date" : "2023-05-11",
  "publisher" : "KinD Lab",
  "contact" : [{
    "name" : "KinD Lab",
    "telecom" : [{
      "system" : "url",
      "value" : "http://fhir.kindlab.sickkids.ca"
    }]
  }],
  "description" : "The  Gender Identity Codes contains the codes to be used vbai Demographic Questionnaire",
  "caseSensitive" : true,
  "content" : "complete",
  "count" : 7,
  "concept" : [{
    "code" : "M",
    "display" : "Man",
    "definition" : "Gender identity is a Man."
  },
  {
    "code" : "F",
    "display" : "Woman",
    "definition" : "Gender identity is a Woman."
  },
  {
    "code" : "TM",
    "display" : "Transgender male/Transman/Female-to-male",
    "definition" : "Gender identity is Transgender male or Transman or Female-to-Male."
  },
  {
    "code" : "TF",
    "display" : "Transgender female/Transwoman/Male-tofemale",
    "definition" : "Gender identity is Transgender female or Transwoman or Male-to-female."
  },
  {
    "code" : "GQ",
    "display" : "Genderqueer/Non-binary",
    "definition" : "Gender identity is GenderQueer/Non-binary."
  },
  {
    "code" : "DC",
    "display" : "Decline to Answer",
    "definition" : "Person has declined to answer about their gender identity."
  },
  {
    "code" : "OT",
    "display" : "Other",
    "definition" : "Person's gender identity is Other."
  }]
}