{
  "resourceType" : "CodeSystem",
  "id" : "consent-usf-question",
  "text" : {
    "status" : "generated",
    "div" : "<div xmlns=\"http://www.w3.org/1999/xhtml\"><p>This code system <code>https://voicecollab.ai/fhir/CodeSystem/consent-usf-question</code> defines the following codes:</p><table class=\"codes\"><tr><td style=\"white-space:nowrap\"><b>Code</b></td><td><b>Display</b></td></tr><tr><td style=\"white-space:nowrap\">1<a name=\"consent-usf-question-1\"> </a></td><td>I consent to having all data I submit shared only with the researchers of this study.</td></tr><tr><td style=\"white-space:nowrap\">2<a name=\"consent-usf-question-2\"> </a></td><td>I consent to having all data I submit shared with\nthe researchers of this study and to having my\naudio recordings and de-identified written\nresponses shared with other qualified\nresearchers.</td></tr><tr><td style=\"white-space:nowrap\">3<a name=\"consent-usf-question-3\"> </a></td><td>I consent to having all data I submit shared with\nthe researchers of this study and to having my\naudio recordings and de-identified written\nresponses shared with other qualified\nresearchers as well as publicly in the form of an\nopen-source database</td></tr></table></div>"
  },
  "url" : "https://voicecollab.ai/fhir/CodeSystem/consent-usf-question",
  "version" : "1.0.0",
  "name" : "ConsentUsfQuestion",
  "title" : "Consent Usf Question",
  "status" : "active",
  "date" : "2023-06-19",
  "publisher" : "KinD Lab",
  "contact" : [{
    "name" : "KinD Lab",
    "telecom" : [{
      "system" : "url",
      "value" : "http://fhir.kindlab.sickkids.ca"
    }]
  }],
  "description" : "The codes required for Diagnosis questionnaire",
  "caseSensitive" : true,
  "content" : "complete",
  "count" : 3,
  "concept" : [{
    "code" : "1",
    "display" : "I consent to having all data I submit shared only with the researchers of this study."
  },
  {
    "code" : "2",
    "display" : "I consent to having all data I submit shared with\nthe researchers of this study and to having my\naudio recordings and de-identified written\nresponses shared with other qualified\nresearchers."
  },
  {
    "code" : "3",
    "display" : "I consent to having all data I submit shared with\nthe researchers of this study and to having my\naudio recordings and de-identified written\nresponses shared with other qualified\nresearchers as well as publicly in the form of an\nopen-source database"
  }]
}