{
  "resourceType" : "CodeSystem",
  "id" : "vocal-fold-injection-augmentation",
  "text" : {
    "status" : "generated",
    "div" : "<div xmlns=\"http://www.w3.org/1999/xhtml\"><p>This code system <code>https://voicecollab.ai/fhir/CodeSystem/vocal-fold-injection-augmentation</code> defines the following codes:</p><table class=\"codes\"><tr><td style=\"white-space:nowrap\"><b>Code</b></td><td><b>Display</b></td></tr><tr><td style=\"white-space:nowrap\">1<a name=\"vocal-fold-injection-augmentation-1\"> </a></td><td>Caha</td></tr><tr><td style=\"white-space:nowrap\">2<a name=\"vocal-fold-injection-augmentation-2\"> </a></td><td>Gel</td></tr><tr><td style=\"white-space:nowrap\">3<a name=\"vocal-fold-injection-augmentation-3\"> </a></td><td>Hyaluronic Acid augmentation</td></tr><tr><td style=\"white-space:nowrap\">4<a name=\"vocal-fold-injection-augmentation-4\"> </a></td><td>Fat Injection</td></tr></table></div>"
  },
  "url" : "https://voicecollab.ai/fhir/CodeSystem/vocal-fold-injection-augmentation",
  "version" : "0.1.0",
  "name" : "VocalFoldInjectionAugmentation",
  "title" : "Vocal Fold Injection Augmentation",
  "status" : "active",
  "date" : "2023-06-19",
  "publisher" : "KinD Lab",
  "contact" : [{
    "name" : "KinD Lab",
    "telecom" : [{
      "system" : "url",
      "value" : "http://fhir.kindlab.sickkids.ca"
    }]
  }],
  "description" : "The codes required for Diagnosis questionnaire",
  "caseSensitive" : true,
  "content" : "complete",
  "count" : 4,
  "concept" : [{
    "code" : "1",
    "display" : "Caha"
  },
  {
    "code" : "2",
    "display" : "Gel"
  },
  {
    "code" : "3",
    "display" : "Hyaluronic Acid augmentation"
  },
  {
    "code" : "4",
    "display" : "Fat Injection"
  }]
}