<?xml version="1.0" encoding="UTF-8"?>

<CodeSystem xmlns="http://hl7.org/fhir">
  <id value="iatrogenic"/>
  <text>
    <status value="generated"/><div xmlns="http://www.w3.org/1999/xhtml"><p>This code system <code>https://voicecollab.ai/fhir/CodeSystem/iatrogenic</code> defines the following codes:</p><table class="codes"><tr><td style="white-space:nowrap"><b>Code</b></td><td><b>Display</b></td></tr><tr><td style="white-space:nowrap">1<a name="iatrogenic-1"> </a></td><td>Thyroidectomy</td></tr><tr><td style="white-space:nowrap">2<a name="iatrogenic-2"> </a></td><td>ACDF</td></tr><tr><td style="white-space:nowrap">3<a name="iatrogenic-3"> </a></td><td>Lung surgery</td></tr><tr><td style="white-space:nowrap">4<a name="iatrogenic-4"> </a></td><td>Heart Surgery</td></tr><tr><td style="white-space:nowrap">5<a name="iatrogenic-5"> </a></td><td>Intubation</td></tr><tr><td style="white-space:nowrap">6<a name="iatrogenic-6"> </a></td><td>Brain Surgery</td></tr></table></div>
  </text>
  <url value="https://voicecollab.ai/fhir/CodeSystem/iatrogenic"/>
  <version value="0.1.0"/>
  <name value="Iatrogenic"/>
  <title value="iatrogenic"/>
  <status value="active"/>
  <date value="2023-06-19"/>
  <publisher value="KinD Lab"/>
  <contact>
    <name value="KinD Lab"/>
    <telecom>
      <system value="url"/>
      <value value="http://fhir.kindlab.sickkids.ca"/>
    </telecom>
  </contact>
  <description value="The codes required for Diagnosis questionnaire"/>
  <caseSensitive value="true"/>
  <content value="complete"/>
  <count value="6"/>
  <concept>
    <code value="1"/>
    <display value="Thyroidectomy"/>
  </concept>
  <concept>
    <code value="2"/>
    <display value="ACDF"/>
  </concept>
  <concept>
    <code value="3"/>
    <display value="Lung surgery"/>
  </concept>
  <concept>
    <code value="4"/>
    <display value="Heart Surgery"/>
  </concept>
  <concept>
    <code value="5"/>
    <display value="Intubation"/>
  </concept>
  <concept>
    <code value="6"/>
    <display value="Brain Surgery"/>
  </concept>
</CodeSystem>