{
  "resourceType" : "CodeSystem",
  "id" : "permission-to-share-with-doctor",
  "text" : {
    "status" : "generated",
    "div" : "<div xmlns=\"http://www.w3.org/1999/xhtml\"><p>This code system <code>https://voicecollab.ai/fhir/CodeSystem/permission-to-share-with-doctor</code> defines the following codes:</p><table class=\"codes\"><tr><td style=\"white-space:nowrap\"><b>Code</b></td><td><b>Display</b></td></tr><tr><td style=\"white-space:nowrap\">1<a name=\"permission-to-share-with-doctor-1\"> </a></td><td>I give permission to share my research test results with the referring doctor or my family physician.</td></tr><tr><td style=\"white-space:nowrap\">2<a name=\"permission-to-share-with-doctor-2\"> </a></td><td>I do not give permission to share my research test results with the referring doctor or my family physician.</td></tr></table></div>"
  },
  "url" : "https://voicecollab.ai/fhir/CodeSystem/permission-to-share-with-doctor",
  "version" : "1.0.0",
  "name" : "PermissionToShareWithDoctor",
  "title" : "Questionnaire codes for neuro consent",
  "status" : "active",
  "date" : "2023-08-21",
  "publisher" : "KinD Lab",
  "contact" : [{
    "name" : "KinD Lab",
    "telecom" : [{
      "system" : "url",
      "value" : "http://fhir.kindlab.sickkids.ca"
    }]
  }],
  "description" : "The codes required for neuro consent",
  "caseSensitive" : true,
  "content" : "complete",
  "count" : 2,
  "concept" : [{
    "code" : "1",
    "display" : "I give permission to share my research test results with the referring doctor or my family physician."
  },
  {
    "code" : "2",
    "display" : "I do not give permission to share my research test results with the referring doctor or my family physician."
  }]
}