<?xml version="1.0" encoding="UTF-8"?>

<CodeSystem xmlns="http://hl7.org/fhir">
  <id value="winograd-q2"/>
  <text>
    <status value="generated"/><div xmlns="http://www.w3.org/1999/xhtml"><p>This code system <code>https://voicecollab.ai/fhir/CodeSystem/winograd-q2</code> defines the following codes:</p><table class="codes"><tr><td style="white-space:nowrap"><b>Code</b></td><td><b>Display</b></td></tr><tr><td style="white-space:nowrap">F<a name="winograd-q2-F"> </a></td><td>Fred</td></tr><tr><td style="white-space:nowrap">G<a name="winograd-q2-G"> </a></td><td>George</td></tr></table></div>
  </text>
  <url value="https://voicecollab.ai/fhir/CodeSystem/winograd-q2"/>
  <version value="0.1.0"/>
  <name value="WinogradQ2"/>
  <title value="Questionnaire codes for Winograd schema Question 2"/>
  <status value="active"/>
  <date value="2023-08-04"/>
  <publisher value="KinD Lab"/>
  <contact>
    <name value="KinD Lab"/>
    <telecom>
      <system value="url"/>
      <value value="http://fhir.kindlab.sickkids.ca"/>
    </telecom>
  </contact>
  <description value="The codes required for Winograd Questionnaires Question 2"/>
  <caseSensitive value="true"/>
  <content value="complete"/>
  <count value="2"/>
  <concept>
    <code value="F"/>
    <display value="Fred"/>
  </concept>
  <concept>
    <code value="G"/>
    <display value="George"/>
  </concept>
</CodeSystem>