{
  "resourceType" : "CodeSystem",
  "id" : "fluent-language",
  "text" : {
    "status" : "generated",
    "div" : "<div xmlns=\"http://www.w3.org/1999/xhtml\"><p>This code system <code>https://voicecollab.ai/fhir/CodeSystem/fluent-language</code> defines the following codes:</p><table class=\"codes\"><tr><td style=\"white-space:nowrap\"><b>Code</b></td><td><b>Display</b></td></tr><tr><td style=\"white-space:nowrap\">N<a name=\"fluent-language-N\"> </a></td><td>None</td></tr><tr><td style=\"white-space:nowrap\">EN<a name=\"fluent-language-EN\"> </a></td><td>English</td></tr><tr><td style=\"white-space:nowrap\">FR<a name=\"fluent-language-FR\"> </a></td><td>French</td></tr><tr><td style=\"white-space:nowrap\">SP<a name=\"fluent-language-SP\"> </a></td><td>Spanish</td></tr><tr><td style=\"white-space:nowrap\">O<a name=\"fluent-language-O\"> </a></td><td>Other, Please Specify</td></tr></table></div>"
  },
  "url" : "https://voicecollab.ai/fhir/CodeSystem/fluent-language",
  "version" : "0.1.0",
  "name" : "FluentLanguage",
  "title" : "Questionnaire enrollment Fluent language codes",
  "status" : "active",
  "date" : "2023-06-07",
  "publisher" : "KinD Lab",
  "contact" : [{
    "name" : "KinD Lab",
    "telecom" : [{
      "system" : "url",
      "value" : "http://fhir.kindlab.sickkids.ca"
    }]
  }],
  "description" : "The codes required for Questionnaire enrollment",
  "caseSensitive" : true,
  "content" : "complete",
  "count" : 5,
  "concept" : [{
    "code" : "N",
    "display" : "None"
  },
  {
    "code" : "EN",
    "display" : "English"
  },
  {
    "code" : "FR",
    "display" : "French"
  },
  {
    "code" : "SP",
    "display" : "Spanish"
  },
  {
    "code" : "O",
    "display" : "Other, Please Specify"
  }]
}