{
  "resourceType" : "CodeSystem",
  "id" : "dsm5-q2",
  "text" : {
    "status" : "generated",
    "div" : "<div xmlns=\"http://www.w3.org/1999/xhtml\"><p>This code system <code>https://voicecollab.ai/fhir/CodeSystem/dsm5-q2</code> defines the following codes:</p><table class=\"codes\"><tr><td style=\"white-space:nowrap\"><b>Code</b></td><td><b>Display</b></td></tr><tr><td style=\"white-space:nowrap\">1<a name=\"dsm5-q2-1\"> </a></td><td>I do not feel more self-confident than usual.</td></tr><tr><td style=\"white-space:nowrap\">2<a name=\"dsm5-q2-2\"> </a></td><td>I occasionally feel more self-confident thanusual.</td></tr><tr><td style=\"white-space:nowrap\">3<a name=\"dsm5-q2-3\"> </a></td><td>I often feel more self-confident than usual</td></tr><tr><td style=\"white-space:nowrap\">4<a name=\"dsm5-q2-4\"> </a></td><td>I frequently feel more self-confident than usual.</td></tr><tr><td style=\"white-space:nowrap\">5<a name=\"dsm5-q2-5\"> </a></td><td>I feel extremely self-confident all of the time.</td></tr></table></div>"
  },
  "url" : "https://voicecollab.ai/fhir/CodeSystem/dsm5-q2",
  "version" : "0.1.0",
  "name" : "DSM5Q2",
  "title" : "dsm5 q2",
  "status" : "active",
  "date" : "2023-06-21",
  "publisher" : "KinD Lab",
  "contact" : [{
    "name" : "KinD Lab",
    "telecom" : [{
      "system" : "url",
      "value" : "http://fhir.kindlab.sickkids.ca"
    }]
  }],
  "description" : "The codes required for dsm5 q2 questionnaire",
  "caseSensitive" : true,
  "content" : "complete",
  "count" : 5,
  "concept" : [{
    "code" : "1",
    "display" : "I do not feel more self-confident than usual."
  },
  {
    "code" : "2",
    "display" : "I occasionally feel more self-confident thanusual."
  },
  {
    "code" : "3",
    "display" : "I often feel more self-confident than usual"
  },
  {
    "code" : "4",
    "display" : "I frequently feel more self-confident than usual."
  },
  {
    "code" : "5",
    "display" : "I feel extremely self-confident all of the time."
  }]
}