<?xml version="1.0" encoding="UTF-8"?>

<CodeSystem xmlns="http://hl7.org/fhir">
  <id value="acoustic-task-status"/>
  <text>
    <status value="generated"/><div xmlns="http://www.w3.org/1999/xhtml"><p>This code system <code>https://voicecollab.ai/fhir/CodeSystem/acoustic-task-status</code> defines the following codes:</p><table class="codes"><tr><td style="white-space:nowrap"><b>Code</b></td><td><b>Display</b></td></tr><tr><td style="white-space:nowrap">S<a name="acoustic-task-status-S"> </a></td><td>Skipped</td></tr><tr><td style="white-space:nowrap">C<a name="acoustic-task-status-C"> </a></td><td>Completed</td></tr></table></div>
  </text>
  <url value="https://voicecollab.ai/fhir/CodeSystem/acoustic-task-status"/>
  <version value="0.1.0"/>
  <name value="AcousticTaskStatus"/>
  <title value="Acoustic Task Status codes"/>
  <status value="active"/>
  <date value="2023-06-15"/>
  <publisher value="KinD Lab"/>
  <contact>
    <name value="KinD Lab"/>
    <telecom>
      <system value="url"/>
      <value value="http://fhir.kindlab.sickkids.ca"/>
    </telecom>
  </contact>
  <description value="The codes required for Acoustic Tasks"/>
  <caseSensitive value="true"/>
  <content value="complete"/>
  <count value="2"/>
  <concept>
    <code value="S"/>
    <display value="Skipped"/>
  </concept>
  <concept>
    <code value="C"/>
    <display value="Completed"/>
  </concept>
</CodeSystem>