<?xml version="1.0" encoding="UTF-8"?>

<CodeSystem xmlns="http://hl7.org/fhir">
  <id value="household-status"/>
  <text>
    <status value="generated"/><div xmlns="http://www.w3.org/1999/xhtml"><p>This code system <code>https://voicecollab.ai/fhir/CodeSystem/household-status</code> defines the following codes:</p><table class="codes"><tr><td style="white-space:nowrap"><b>Code</b></td><td><b>Display</b></td></tr><tr><td style="white-space:nowrap">AL<a name="household-status-AL"> </a></td><td>Assisted living</td></tr><tr><td style="white-space:nowrap">PC<a name="household-status-PC"> </a></td><td>Live with parent/care giver</td></tr><tr><td style="white-space:nowrap">OH<a name="household-status-OH"> </a></td><td>Own home</td></tr><tr><td style="white-space:nowrap">R<a name="household-status-R"> </a></td><td>Rent home</td></tr><tr><td style="white-space:nowrap">SN<a name="household-status-SN"> </a></td><td>Skilled nursing facility/nursing home    </td></tr><tr><td style="white-space:nowrap">UT<a name="household-status-UT"> </a></td><td>Unhoused-temporarily</td></tr><tr><td style="white-space:nowrap">UP<a name="household-status-UP"> </a></td><td>Unhoused-permanently</td></tr></table></div>
  </text>
  <url value="https://voicecollab.ai/fhir/CodeSystem/household-status"/>
  <version value="0.1.0"/>
  <name value="HouseholdStatus"/>
  <title value="Questionnaire codes for Household status"/>
  <status value="active"/>
  <date value="2023-05-11"/>
  <publisher value="KinD Lab"/>
  <contact>
    <name value="KinD Lab"/>
    <telecom>
      <system value="url"/>
      <value value="http://fhir.kindlab.sickkids.ca"/>
    </telecom>
  </contact>
  <description value="The codes required for household status"/>
  <caseSensitive value="true"/>
  <content value="complete"/>
  <count value="7"/>
  <concept>
    <code value="AL"/>
    <display value="Assisted living"/>
  </concept>
  <concept>
    <code value="PC"/>
    <display value="Live with parent/care giver"/>
  </concept>
  <concept>
    <code value="OH"/>
    <display value="Own home"/>
  </concept>
  <concept>
    <code value="R"/>
    <display value="Rent home"/>
  </concept>
  <concept>
    <code value="SN"/>
    <display value="Skilled nursing facility/nursing home    "/>
  </concept>
  <concept>
    <code value="UT"/>
    <display value="Unhoused-temporarily"/>
  </concept>
  <concept>
    <code value="UP"/>
    <display value="Unhoused-permanently"/>
  </concept>
</CodeSystem>