{
  "resourceType" : "CodeSystem",
  "id" : "left-right",
  "text" : {
    "status" : "generated",
    "div" : "<div xmlns=\"http://www.w3.org/1999/xhtml\"><p>This case-sensitive code system <code>https://voicecollab.ai/fhir/CodeSystem/left-right</code> defines the following codes:</p><table class=\"codes\"><tr><td style=\"white-space:nowrap\"><b>Code</b></td><td><b>Display</b></td></tr><tr><td style=\"white-space:nowrap\">L<a name=\"left-right-L\"> </a></td><td>Left</td></tr><tr><td style=\"white-space:nowrap\">R<a name=\"left-right-R\"> </a></td><td>Right</td></tr></table></div>"
  },
  "url" : "https://voicecollab.ai/fhir/CodeSystem/left-right",
  "version" : "1.4.0",
  "name" : "LeftRight",
  "title" : "leftRight",
  "status" : "active",
  "date" : "2023-06-19",
  "publisher" : "KinD Lab",
  "contact" : [{
    "name" : "KinD Lab",
    "telecom" : [{
      "system" : "url",
      "value" : "http://fhir.kindlab.sickkids.ca"
    }]
  }],
  "description" : "The codes required for Diagnosis questionnaire",
  "caseSensitive" : true,
  "content" : "complete",
  "count" : 2,
  "concept" : [{
    "code" : "L",
    "display" : "Left"
  },
  {
    "code" : "R",
    "display" : "Right"
  }]
}