{
  "resourceType" : "CodeSystem",
  "id" : "winograd-q4",
  "text" : {
    "status" : "generated",
    "div" : "<div xmlns=\"http://www.w3.org/1999/xhtml\"><p>This code system <code>https://voicecollab.ai/fhir/CodeSystem/winograd-q4</code> defines the following codes:</p><table class=\"codes\"><tr><td style=\"white-space:nowrap\"><b>Code</b></td><td><b>Display</b></td></tr><tr><td style=\"white-space:nowrap\">J<a name=\"winograd-q4-J\"> </a></td><td>Joe</td></tr><tr><td style=\"white-space:nowrap\">U<a name=\"winograd-q4-U\"> </a></td><td>Joe's Uncle</td></tr></table></div>"
  },
  "url" : "https://voicecollab.ai/fhir/CodeSystem/winograd-q4",
  "version" : "0.1.0",
  "name" : "WinogradQ4",
  "title" : "Questionnaire codes for Winograd schema Question 4",
  "status" : "active",
  "date" : "2023-08-04",
  "publisher" : "KinD Lab",
  "contact" : [{
    "name" : "KinD Lab",
    "telecom" : [{
      "system" : "url",
      "value" : "http://fhir.kindlab.sickkids.ca"
    }]
  }],
  "description" : "The codes required for Winograd Questionnaires Question 4",
  "caseSensitive" : true,
  "content" : "complete",
  "count" : 2,
  "concept" : [{
    "code" : "J",
    "display" : "Joe"
  },
  {
    "code" : "U",
    "display" : "Joe's Uncle"
  }]
}