<?xml version="1.0" encoding="UTF-8"?>

<CodeSystem xmlns="http://hl7.org/fhir">
  <id value="peds-who-completed-survey"/>
  <text>
    <status value="generated"/><div xmlns="http://www.w3.org/1999/xhtml"><p>This code system <code>https://voicecollab.ai/fhir/CodeSystem/peds-who-completed-survey</code> defines the following codes:</p><table class="codes"><tr><td style="white-space:nowrap"><b>Code</b></td><td><b>Display</b></td><td><b>Definition</b></td></tr><tr><td style="white-space:nowrap">RA<a name="peds-who-completed-survey-RA"> </a></td><td>Research Assistant</td><td>Survey was completed by an assistant</td></tr><tr><td style="white-space:nowrap">P<a name="peds-who-completed-survey-P"> </a></td><td>Parent/Caregiver</td><td>Survey was completed by a parent/cargiver</td></tr></table></div>
  </text>
  <url value="https://voicecollab.ai/fhir/CodeSystem/peds-who-completed-survey"/>
  <version value="1.0.0"/>
  <name value="PedsWhoCompletedSurvey"/>
  <title value="Questionnaire codes"/>
  <status value="active"/>
  <date value="2023-08-02"/>
  <publisher value="KinD Lab"/>
  <contact>
    <name value="KinD Lab"/>
    <telecom>
      <system value="url"/>
      <value value="http://fhir.kindlab.sickkids.ca"/>
    </telecom>
  </contact>
  <description value="The codes required for Questionnaires survey completion"/>
  <caseSensitive value="true"/>
  <content value="complete"/>
  <count value="2"/>
  <concept>
    <code value="RA"/>
    <display value="Research Assistant"/>
    <definition value="Survey was completed by an assistant"/>
  </concept>
  <concept>
    <code value="P"/>
    <display value="Parent/Caregiver"/>
    <definition value="Survey was completed by a parent/cargiver"/>
  </concept>
</CodeSystem>