<?xml version="1.0" encoding="UTF-8"?>

<CodeSystem xmlns="http://hl7.org/fhir">
  <id value="reading-ability"/>
  <text>
    <status value="generated"/><div xmlns="http://www.w3.org/1999/xhtml"><p>This code system <code>https://voicecollab.ai/fhir/CodeSystem/reading-ability</code> defines the following codes:</p><table class="codes"><tr><td style="white-space:nowrap"><b>Code</b></td><td><b>Display</b></td></tr><tr><td style="white-space:nowrap">E<a name="reading-ability-E"> </a></td><td>Excellent</td></tr><tr><td style="white-space:nowrap">VG<a name="reading-ability-VG"> </a></td><td>Very Good</td></tr><tr><td style="white-space:nowrap">G<a name="reading-ability-G"> </a></td><td>Good</td></tr><tr><td style="white-space:nowrap">F<a name="reading-ability-F"> </a></td><td>Fair</td></tr><tr><td style="white-space:nowrap">P<a name="reading-ability-P"> </a></td><td>Poor</td></tr></table></div>
  </text>
  <url value="https://voicecollab.ai/fhir/CodeSystem/reading-ability"/>
  <version value="0.1.0"/>
  <name value="ReadingAbility"/>
  <title value="Questionnaire sweat codes"/>
  <status value="active"/>
  <date value="2023-05-15"/>
  <publisher value="KinD Lab"/>
  <contact>
    <name value="KinD Lab"/>
    <telecom>
      <system value="url"/>
      <value value="http://fhir.kindlab.sickkids.ca"/>
    </telecom>
  </contact>
  <description value="The codes required for Questionnaire confounders"/>
  <caseSensitive value="true"/>
  <content value="complete"/>
  <count value="5"/>
  <concept>
    <code value="E"/>
    <display value="Excellent"/>
  </concept>
  <concept>
    <code value="VG"/>
    <display value="Very Good"/>
  </concept>
  <concept>
    <code value="G"/>
    <display value="Good"/>
  </concept>
  <concept>
    <code value="F"/>
    <display value="Fair"/>
  </concept>
  <concept>
    <code value="P"/>
    <display value="Poor"/>
  </concept>
</CodeSystem>