{
  "resourceType" : "CodeSystem",
  "id" : "tumor-rln",
  "text" : {
    "status" : "generated",
    "div" : "<div xmlns=\"http://www.w3.org/1999/xhtml\"><p>This case-sensitive code system <code>https://voicecollab.ai/fhir/CodeSystem/tumor-rln</code> defines the following codes:</p><table class=\"codes\"><tr><td style=\"white-space:nowrap\"><b>Code</b></td><td><b>Display</b></td></tr><tr><td style=\"white-space:nowrap\">1<a name=\"tumor-rln-1\"> </a></td><td>Brain</td></tr><tr><td style=\"white-space:nowrap\">2<a name=\"tumor-rln-2\"> </a></td><td>Chest</td></tr><tr><td style=\"white-space:nowrap\">3<a name=\"tumor-rln-3\"> </a></td><td>Neck</td></tr></table></div>"
  },
  "url" : "https://voicecollab.ai/fhir/CodeSystem/tumor-rln",
  "version" : "1.0.0",
  "name" : "TumorRLN",
  "title" : "Tumor invading RLN ",
  "status" : "active",
  "date" : "2023-06-19",
  "publisher" : "KinD Lab",
  "contact" : [{
    "name" : "KinD Lab",
    "telecom" : [{
      "system" : "url",
      "value" : "http://fhir.kindlab.sickkids.ca"
    }]
  }],
  "description" : "The codes required for Diagnosis questionnaire",
  "caseSensitive" : true,
  "content" : "complete",
  "count" : 3,
  "concept" : [{
    "code" : "1",
    "display" : "Brain"
  },
  {
    "code" : "2",
    "display" : "Chest"
  },
  {
    "code" : "3",
    "display" : "Neck"
  }]
}