{
  "resourceType" : "CodeSystem",
  "id" : "dsm5",
  "text" : {
    "status" : "generated",
    "div" : "<div xmlns=\"http://www.w3.org/1999/xhtml\"><p>This code system <code>https://voicecollab.ai/fhir/CodeSystem/dsm5</code> defines the following codes:</p><table class=\"codes\"><tr><td style=\"white-space:nowrap\"><b>Code</b></td><td><b>Display</b></td></tr><tr><td style=\"white-space:nowrap\">1<a name=\"dsm5-1\"> </a></td><td>None (Not at all)</td></tr><tr><td style=\"white-space:nowrap\">2<a name=\"dsm5-2\"> </a></td><td>Slight (Rare, less than a day or two)</td></tr><tr><td style=\"white-space:nowrap\">3<a name=\"dsm5-3\"> </a></td><td>Mild (Several days)</td></tr><tr><td style=\"white-space:nowrap\">4<a name=\"dsm5-4\"> </a></td><td>Moderate (More than half the dayd)</td></tr><tr><td style=\"white-space:nowrap\">5<a name=\"dsm5-5\"> </a></td><td>Severe (Nearly every day)</td></tr></table></div>"
  },
  "url" : "https://voicecollab.ai/fhir/CodeSystem/dsm5",
  "version" : "0.1.0",
  "name" : "DSM5",
  "title" : "dsm5",
  "status" : "active",
  "date" : "2023-06-19",
  "publisher" : "KinD Lab",
  "contact" : [{
    "name" : "KinD Lab",
    "telecom" : [{
      "system" : "url",
      "value" : "http://fhir.kindlab.sickkids.ca"
    }]
  }],
  "description" : "The codes required for dsm5 questionnaire",
  "caseSensitive" : true,
  "content" : "complete",
  "count" : 5,
  "concept" : [{
    "code" : "1",
    "display" : "None (Not at all)"
  },
  {
    "code" : "2",
    "display" : "Slight (Rare, less than a day or two)"
  },
  {
    "code" : "3",
    "display" : "Mild (Several days)"
  },
  {
    "code" : "4",
    "display" : "Moderate (More than half the dayd)"
  },
  {
    "code" : "5",
    "display" : "Severe (Nearly every day)"
  }]
}