<?xml version="1.0" encoding="UTF-8"?>

<CodeSystem xmlns="http://hl7.org/fhir">
  <id value="treatment"/>
  <text>
    <status value="generated"/><div xmlns="http://www.w3.org/1999/xhtml"><p>This code system <code>https://voicecollab.ai/fhir/CodeSystem/treatment</code> defines the following codes:</p><table class="codes"><tr><td style="white-space:nowrap"><b>Code</b></td><td><b>Display</b></td></tr><tr><td style="white-space:nowrap">1<a name="treatment-1"> </a></td><td>Surgery</td></tr><tr><td style="white-space:nowrap">2<a name="treatment-2"> </a></td><td>Speech Therapy</td></tr><tr><td style="white-space:nowrap">3<a name="treatment-3"> </a></td><td>No Treatment</td></tr></table></div>
  </text>
  <url value="https://voicecollab.ai/fhir/CodeSystem/treatment"/>
  <version value="1.0.0"/>
  <name value="Treatment"/>
  <title value="treatment"/>
  <status value="active"/>
  <date value="2023-06-19"/>
  <publisher value="KinD Lab"/>
  <contact>
    <name value="KinD Lab"/>
    <telecom>
      <system value="url"/>
      <value value="http://fhir.kindlab.sickkids.ca"/>
    </telecom>
  </contact>
  <description value="The codes required for Diagnosis questionnaire"/>
  <caseSensitive value="true"/>
  <content value="complete"/>
  <count value="3"/>
  <concept>
    <code value="1"/>
    <display value="Surgery"/>
  </concept>
  <concept>
    <code value="2"/>
    <display value="Speech Therapy"/>
  </concept>
  <concept>
    <code value="3"/>
    <display value="No Treatment"/>
  </concept>
</CodeSystem>