<?xml version="1.0" encoding="UTF-8"?>

<CodeSystem xmlns="http://hl7.org/fhir">
  <id value="frequency-of-smoking"/>
  <text>
    <status value="generated"/><div xmlns="http://www.w3.org/1999/xhtml">Placeholder</div>
  </text>
  <url value="https://voicecollab.ai/fhir/CodeSystem/frequency-of-smoking"/>
  <version value="1.0.0"/>
  <name value="SmokingTimes"/>
  <title value="Frequency of Smoking Codes for Questionnaires"/>
  <status value="active"/>
  <date value="2023-05-15"/>
  <publisher value="KinD Lab"/>
  <contact>
    <name value="KinD Lab"/>
    <telecom>
      <system value="url"/>
      <value value="http://fhir.kindlab.sickkids.ca"/>
    </telecom>
  </contact>
  <description value="This code system includes specific codes used in questionnaires to assess the frequency of a respondent's smoking habits."/>
  <caseSensitive value="true"/>
  <content value="complete"/>
  <count value="5"/>
  <concept>
    <code value="M"/>
    <display value="Multiple times a day"/>
  </concept>
  <concept>
    <code value="AO"/>
    <display value="About once a day"/>
  </concept>
  <concept>
    <code value="FW"/>
    <display value="A few times a week"/>
  </concept>
  <concept>
    <code value="FM"/>
    <display value="A few times a month"/>
  </concept>
  <concept>
    <code value="FY"/>
    <display value="A few times a year"/>
  </concept>
</CodeSystem>