{
  "resourceType" : "Consent",
  "id" : "VbaiConsentExample",
  "meta" : {
    "profile" : ["https://voicecollab.ai/fhir/StructureDefinition/vbai-consent"]
  },
  "text" : {
    "status" : "generated",
    "div" : "<div xmlns=\"http://www.w3.org/1999/xhtml\"><p><b>Generated Narrative: Consent</b><a name=\"VbaiConsentExample\"> </a></p><div style=\"display: inline-block; background-color: #d9e0e7; padding: 6px; margin: 4px; border: 1px solid #8da1b4; border-radius: 5px; line-height: 60%\"><p style=\"margin-bottom: 0px\">Resource Consent &quot;VbaiConsentExample&quot; </p><p style=\"margin-bottom: 0px\">Profile: <a href=\"StructureDefinition-vbai-consent.html\">VBAI Consent</a></p></div><p><b>status</b>: active</p><p><b>scope</b>: Research <span style=\"background: LightGoldenRodYellow; margin: 4px; border: 1px solid khaki\"> (<a href=\"http://terminology.hl7.org/3.1.0/CodeSystem-consentscope.html\">Consent Scope Codes</a>#research)</span></p><p><b>category</b>: Research Information Access <span style=\"background: LightGoldenRodYellow; margin: 4px; border: 1px solid khaki\"> (<a href=\"http://terminology.hl7.org/3.1.0/CodeSystem-consentcategorycodes.html\">Consent Category Codes</a>#research)</span></p><p><b>patient</b>: <a href=\"Patient-VbaiPatientExample.html\">Patient/VbaiPatientExample</a> &quot; SMITH&quot;</p><p><b>policyRule</b>: HHS NIH HIPAA Research Authorization <span style=\"background: LightGoldenRodYellow; margin: 4px; border: 1px solid khaki\"> (<a href=\"http://terminology.hl7.org/5.0.0/CodeSystem-consentpolicycodes.html\">Consent PolicyRule Codes</a>#nih-hipaa)</span></p></div>"
  },
  "status" : "active",
  "scope" : {
    "coding" : [{
      "system" : "http://terminology.hl7.org/CodeSystem/consentscope",
      "code" : "research",
      "display" : "Research"
    }]
  },
  "category" : [{
    "coding" : [{
      "system" : "http://terminology.hl7.org/CodeSystem/consentcategorycodes",
      "code" : "research",
      "display" : "Research Information Access"
    }]
  }],
  "patient" : {
    "reference" : "Patient/VbaiPatientExample"
  },
  "policyRule" : {
    "coding" : [{
      "system" : "http://terminology.hl7.org/CodeSystem/consentpolicycodes",
      "code" : "nih-hipaa",
      "display" : "HHS NIH HIPAA Research Authorization"
    }]
  }
}