{
  "resourceType" : "Bundle",
  "id" : "f1d8794c-95bb-41d2-87bc-ed94ecab5183",
  "meta" : {
    "lastUpdated" : "2023-05-11T16:43:35.384-04:00"
  },
  "type" : "collection",
  "entry" : [{
    "fullUrl" : "https://voicecollab.ai/fhir/ValueSet/Highest-Education",
    "resource" : {
      "resourceType" : "ValueSet",
      "id" : "Highest-Education",
      "text" : {
        "status" : "generated",
        "div" : "<div xmlns=\"http://www.w3.org/1999/xhtml\"><p>This value set contains 15 concepts</p><table class=\"codes\"><tr><td style=\"white-space:nowrap\"><b>Code</b></td><td><b>System</b></td><td><b>Display</b></td><td><b>Definition</b></td></tr><tr><td style=\"white-space:nowrap\"><a name=\"https---voicecollab.ai-fhir-CodeSystem-child-education-NFE\"> </a>\u00a0\u00a0<a href=\"CodeSystem-child-education.html#child-education-NFE\">NFE</a></td><td>https://voicecollab.ai/fhir/CodeSystem/child-education</td><td>No Formal Education</td><td><div><p>User has no formal Education</p>\n</div></td></tr><tr><td style=\"white-space:nowrap\"><a name=\"https---voicecollab.ai-fhir-CodeSystem-child-education-PS\"> </a>\u00a0\u00a0<a href=\"CodeSystem-child-education.html#child-education-PS\">PS</a></td><td>https://voicecollab.ai/fhir/CodeSystem/child-education</td><td>Pre-school</td><td><div><p>User's highest level of education was the Pre-school level</p>\n</div></td></tr><tr><td style=\"white-space:nowrap\"><a name=\"https---voicecollab.ai-fhir-CodeSystem-child-education-K\"> </a>\u00a0\u00a0<a href=\"CodeSystem-child-education.html#child-education-K\">K</a></td><td>https://voicecollab.ai/fhir/CodeSystem/child-education</td><td>Kindergarden</td><td><div><p>User's highest level of education was the Kindergarden level</p>\n</div></td></tr><tr><td style=\"white-space:nowrap\"><a name=\"https---voicecollab.ai-fhir-CodeSystem-child-education-G1\"> </a>\u00a0\u00a0<a href=\"CodeSystem-child-education.html#child-education-G1\">G1</a></td><td>https://voicecollab.ai/fhir/CodeSystem/child-education</td><td>Grade 1</td><td><div><p>User's highest level of education was Grade 1</p>\n</div></td></tr><tr><td style=\"white-space:nowrap\"><a name=\"https---voicecollab.ai-fhir-CodeSystem-child-education-G2\"> </a>\u00a0\u00a0<a href=\"CodeSystem-child-education.html#child-education-G2\">G2</a></td><td>https://voicecollab.ai/fhir/CodeSystem/child-education</td><td>Grade 2</td><td><div><p>User's highest level of education was Grade 2</p>\n</div></td></tr><tr><td style=\"white-space:nowrap\"><a name=\"https---voicecollab.ai-fhir-CodeSystem-child-education-G3\"> </a>\u00a0\u00a0<a href=\"CodeSystem-child-education.html#child-education-G3\">G3</a></td><td>https://voicecollab.ai/fhir/CodeSystem/child-education</td><td>Grade 3</td><td><div><p>User's highest level of education was Grade 3</p>\n</div></td></tr><tr><td style=\"white-space:nowrap\"><a name=\"https---voicecollab.ai-fhir-CodeSystem-child-education-G4\"> </a>\u00a0\u00a0<a href=\"CodeSystem-child-education.html#child-education-G4\">G4</a></td><td>https://voicecollab.ai/fhir/CodeSystem/child-education</td><td>Grade 4</td><td><div><p>User's highest level of education was Grade 4</p>\n</div></td></tr><tr><td style=\"white-space:nowrap\"><a name=\"https---voicecollab.ai-fhir-CodeSystem-child-education-G5\"> </a>\u00a0\u00a0<a href=\"CodeSystem-child-education.html#child-education-G5\">G5</a></td><td>https://voicecollab.ai/fhir/CodeSystem/child-education</td><td>Grade 5</td><td><div><p>User's highest level of education was Grade 5</p>\n</div></td></tr><tr><td style=\"white-space:nowrap\"><a name=\"https---voicecollab.ai-fhir-CodeSystem-child-education-G6\"> </a>\u00a0\u00a0<a href=\"CodeSystem-child-education.html#child-education-G6\">G6</a></td><td>https://voicecollab.ai/fhir/CodeSystem/child-education</td><td>Grade 6</td><td><div><p>User's highest level of education was Grade 6</p>\n</div></td></tr><tr><td style=\"white-space:nowrap\"><a name=\"https---voicecollab.ai-fhir-CodeSystem-child-education-G7\"> </a>\u00a0\u00a0<a href=\"CodeSystem-child-education.html#child-education-G7\">G7</a></td><td>https://voicecollab.ai/fhir/CodeSystem/child-education</td><td>Grade 7</td><td><div><p>User's highest level of education was Grade 7</p>\n</div></td></tr><tr><td style=\"white-space:nowrap\"><a name=\"https---voicecollab.ai-fhir-CodeSystem-child-education-G8\"> </a>\u00a0\u00a0<a href=\"CodeSystem-child-education.html#child-education-G8\">G8</a></td><td>https://voicecollab.ai/fhir/CodeSystem/child-education</td><td>Grade 8</td><td><div><p>User's highest level of education was Grade 8</p>\n</div></td></tr><tr><td style=\"white-space:nowrap\"><a name=\"https---voicecollab.ai-fhir-CodeSystem-child-education-G9\"> </a>\u00a0\u00a0<a href=\"CodeSystem-child-education.html#child-education-G9\">G9</a></td><td>https://voicecollab.ai/fhir/CodeSystem/child-education</td><td>Grade 9</td><td><div><p>User's highest level of education was Grade 9</p>\n</div></td></tr><tr><td style=\"white-space:nowrap\"><a name=\"https---voicecollab.ai-fhir-CodeSystem-child-education-G10\"> </a>\u00a0\u00a0<a href=\"CodeSystem-child-education.html#child-education-G10\">G10</a></td><td>https://voicecollab.ai/fhir/CodeSystem/child-education</td><td>Grade 10</td><td><div><p>User's highest level of education was Grade 10</p>\n</div></td></tr><tr><td style=\"white-space:nowrap\"><a name=\"https---voicecollab.ai-fhir-CodeSystem-child-education-G11\"> </a>\u00a0\u00a0<a href=\"CodeSystem-child-education.html#child-education-G11\">G11</a></td><td>https://voicecollab.ai/fhir/CodeSystem/child-education</td><td>Grade 11</td><td><div><p>User's highest level of education was Grade 11</p>\n</div></td></tr><tr><td style=\"white-space:nowrap\"><a name=\"https---voicecollab.ai-fhir-CodeSystem-child-education-G12\"> </a>\u00a0\u00a0<a href=\"CodeSystem-child-education.html#child-education-G12\">G12</a></td><td>https://voicecollab.ai/fhir/CodeSystem/child-education</td><td>Grade 12</td><td><div><p>User's highest level of education was Grade 12</p>\n</div></td></tr></table></div>"
      },
      "url" : "https://voicecollab.ai/fhir/ValueSet/Highest-Education",
      "version" : "0.1.0",
      "name" : "HighestEducation",
      "title" : "Highest form of Education",
      "status" : "draft",
      "experimental" : true,
      "date" : "2023-05-11T16:43:35-04:00",
      "publisher" : "KinD Lab",
      "contact" : [{
        "name" : "KinD Lab",
        "telecom" : [{
          "system" : "url",
          "value" : "http://fhir.kindlab.sickkids.ca"
        }]
      }],
      "description" : "For Capturing a users highest education level",
      "expansion" : {
        "contains" : [{
          "system" : "https://voicecollab.ai/fhir/CodeSystem/child-education",
          "code" : "NFE",
          "display" : "No Formal Education"
        },
        {
          "system" : "https://voicecollab.ai/fhir/CodeSystem/child-education",
          "code" : "PS",
          "display" : "Pre-school"
        },
        {
          "system" : "https://voicecollab.ai/fhir/CodeSystem/child-education",
          "code" : "K",
          "display" : "Kindergarden"
        },
        {
          "system" : "https://voicecollab.ai/fhir/CodeSystem/child-education",
          "code" : "G1",
          "display" : "Grade 1"
        },
        {
          "system" : "https://voicecollab.ai/fhir/CodeSystem/child-education",
          "code" : "G2",
          "display" : "Grade 2"
        },
        {
          "system" : "https://voicecollab.ai/fhir/CodeSystem/child-education",
          "code" : "G3",
          "display" : "Grade 3"
        },
        {
          "system" : "https://voicecollab.ai/fhir/CodeSystem/child-education",
          "code" : "G4",
          "display" : "Grade 4"
        },
        {
          "system" : "https://voicecollab.ai/fhir/CodeSystem/child-education",
          "code" : "G5",
          "display" : "Grade 5"
        },
        {
          "system" : "https://voicecollab.ai/fhir/CodeSystem/child-education",
          "code" : "G6",
          "display" : "Grade 6"
        },
        {
          "system" : "https://voicecollab.ai/fhir/CodeSystem/child-education",
          "code" : "G7",
          "display" : "Grade 7"
        },
        {
          "system" : "https://voicecollab.ai/fhir/CodeSystem/child-education",
          "code" : "G8",
          "display" : "Grade 8"
        },
        {
          "system" : "https://voicecollab.ai/fhir/CodeSystem/child-education",
          "code" : "G9",
          "display" : "Grade 9"
        },
        {
          "system" : "https://voicecollab.ai/fhir/CodeSystem/child-education",
          "code" : "G10",
          "display" : "Grade 10"
        },
        {
          "system" : "https://voicecollab.ai/fhir/CodeSystem/child-education",
          "code" : "G11",
          "display" : "Grade 11"
        },
        {
          "system" : "https://voicecollab.ai/fhir/CodeSystem/child-education",
          "code" : "G12",
          "display" : "Grade 12"
        }]
      }
    }
  },
  {
    "fullUrl" : "https://voicecollab.ai/fhir/ValueSet/whocompletedsurvey",
    "resource" : {
      "resourceType" : "ValueSet",
      "id" : "whocompletedsurvey",
      "text" : {
        "status" : "generated",
        "div" : "<div xmlns=\"http://www.w3.org/1999/xhtml\"><p>This value set contains 3 concepts</p><table class=\"codes\"><tr><td style=\"white-space:nowrap\"><b>Code</b></td><td><b>System</b></td><td><b>Display</b></td><td><b>Definition</b></td></tr><tr><td style=\"white-space:nowrap\"><a name=\"https---voicecollab.ai-fhir-CodeSystem-Who-Completed-Survey-S\"> </a>\u00a0\u00a0<a href=\"CodeSystem-Who-Completed-Survey.html#Who-Completed-Survey-S\">S</a></td><td>https://voicecollab.ai/fhir/CodeSystem/Who-Completed-Survey</td><td>Self</td><td><div><p>Survey was completed by self</p>\n</div></td></tr><tr><td style=\"white-space:nowrap\"><a name=\"https---voicecollab.ai-fhir-CodeSystem-Who-Completed-Survey-A\"> </a>\u00a0\u00a0<a href=\"CodeSystem-Who-Completed-Survey.html#Who-Completed-Survey-A\">A</a></td><td>https://voicecollab.ai/fhir/CodeSystem/Who-Completed-Survey</td><td>Assistant</td><td><div><p>Survey was completed by an assistant</p>\n</div></td></tr><tr><td style=\"white-space:nowrap\"><a name=\"https---voicecollab.ai-fhir-CodeSystem-Who-Completed-Survey-P\"> </a>\u00a0\u00a0<a href=\"CodeSystem-Who-Completed-Survey.html#Who-Completed-Survey-P\">P</a></td><td>https://voicecollab.ai/fhir/CodeSystem/Who-Completed-Survey</td><td>Parent/Caregiver</td><td><div><p>Survey was completed by a parent/cargiver</p>\n</div></td></tr></table></div>"
      },
      "url" : "https://voicecollab.ai/fhir/ValueSet/whocompletedsurvey",
      "version" : "0.1.0",
      "name" : "WhoCompletedSurvey",
      "title" : "whocompletedsurvey",
      "status" : "draft",
      "experimental" : true,
      "date" : "2023-05-11T16:43:35-04:00",
      "publisher" : "KinD Lab",
      "contact" : [{
        "name" : "KinD Lab",
        "telecom" : [{
          "system" : "url",
          "value" : "http://fhir.kindlab.sickkids.ca"
        }]
      }],
      "description" : "For Capturing who completed surveys",
      "expansion" : {
        "timestamp" : "2023-05-11T10:00:00Z",
        "contains" : [{
          "system" : "https://voicecollab.ai/fhir/CodeSystem/Who-Completed-Survey",
          "code" : "S",
          "display" : "Self"
        },
        {
          "system" : "https://voicecollab.ai/fhir/CodeSystem/Who-Completed-Survey",
          "code" : "A",
          "display" : "Assistant"
        },
        {
          "system" : "https://voicecollab.ai/fhir/CodeSystem/Who-Completed-Survey",
          "code" : "P",
          "display" : "Parent/Caregiver"
        }]
      }
    }
  },
  {
    "fullUrl" : "https://voicecollab.ai/fhir/ValueSet/disability-status",
    "resource" : {
      "resourceType" : "ValueSet",
      "id" : "disability-status",
      "text" : {
        "status" : "generated",
        "div" : "<div xmlns=\"http://www.w3.org/1999/xhtml\"><p>This value set contains 4 concepts</p><table class=\"codes\"><tr><td style=\"white-space:nowrap\"><b>Code</b></td><td><b>System</b></td><td><b>Display</b></td></tr><tr><td style=\"white-space:nowrap\"><a name=\"https---voicecollab.ai-fhir-CodeSystem-disability-status-AB\"> </a>\u00a0\u00a0<a href=\"CodeSystem-disability-status.html#disability-status-AB\">AB</a></td><td>https://voicecollab.ai/fhir/CodeSystem/disability-status</td><td>Able-bodied</td></tr><tr><td style=\"white-space:nowrap\"><a name=\"https---voicecollab.ai-fhir-CodeSystem-disability-status-DAW\"> </a>\u00a0\u00a0<a href=\"CodeSystem-disability-status.html#disability-status-DAW\">DAW</a></td><td>https://voicecollab.ai/fhir/CodeSystem/disability-status</td><td>Disabled, able to work</td></tr><tr><td style=\"white-space:nowrap\"><a name=\"https---voicecollab.ai-fhir-CodeSystem-disability-status-DUW\"> </a>\u00a0\u00a0<a href=\"CodeSystem-disability-status.html#disability-status-DUW\">DUW</a></td><td>https://voicecollab.ai/fhir/CodeSystem/disability-status</td><td>Disabled, unable to work</td></tr><tr><td style=\"white-space:nowrap\"><a name=\"https---voicecollab.ai-fhir-CodeSystem-disability-status-PNA\"> </a>\u00a0\u00a0<a href=\"CodeSystem-disability-status.html#disability-status-PNA\">PNA</a></td><td>https://voicecollab.ai/fhir/CodeSystem/disability-status</td><td>Prefer not to answer</td></tr></table></div>"
      },
      "url" : "https://voicecollab.ai/fhir/ValueSet/disability-status",
      "version" : "0.1.0",
      "name" : "DisabilityStatus",
      "title" : "Disability Status",
      "status" : "draft",
      "experimental" : true,
      "date" : "2023-05-11T16:43:35-04:00",
      "publisher" : "KinD Lab",
      "contact" : [{
        "name" : "KinD Lab",
        "telecom" : [{
          "system" : "url",
          "value" : "http://fhir.kindlab.sickkids.ca"
        }]
      }],
      "description" : "Valueset for capturing disability status",
      "expansion" : {
        "timestamp" : "2023-05-11T10:00:00Z",
        "contains" : [{
          "system" : "https://voicecollab.ai/fhir/CodeSystem/disability-status",
          "code" : "AB",
          "display" : "Able-bodied"
        },
        {
          "system" : "https://voicecollab.ai/fhir/CodeSystem/disability-status",
          "code" : "DAW",
          "display" : "Disabled, able to work"
        },
        {
          "system" : "https://voicecollab.ai/fhir/CodeSystem/disability-status",
          "code" : "DUW",
          "display" : "Disabled, unable to work"
        },
        {
          "system" : "https://voicecollab.ai/fhir/CodeSystem/disability-status",
          "code" : "PNA",
          "display" : "Prefer not to answer"
        }]
      }
    }
  },
  {
    "fullUrl" : "https://voicecollab.ai/fhir/ValueSet/disability-type",
    "resource" : {
      "resourceType" : "ValueSet",
      "id" : "disability-type",
      "text" : {
        "status" : "generated",
        "div" : "<div xmlns=\"http://www.w3.org/1999/xhtml\"><p>This value set contains 9 concepts</p><table class=\"codes\"><tr><td style=\"white-space:nowrap\"><b>Code</b></td><td><b>System</b></td><td><b>Display</b></td></tr><tr><td style=\"white-space:nowrap\"><a name=\"https---voicecollab.ai-fhir-CodeSystem-disability-type-V\"> </a>\u00a0\u00a0<a href=\"CodeSystem-disability-type.html#disability-type-V\">V</a></td><td>https://voicecollab.ai/fhir/CodeSystem/disability-type</td><td>Vision</td></tr><tr><td style=\"white-space:nowrap\"><a name=\"https---voicecollab.ai-fhir-CodeSystem-disability-type-DAW\"> </a>\u00a0\u00a0<a href=\"CodeSystem-disability-type.html#disability-type-DAW\">DAW</a></td><td>https://voicecollab.ai/fhir/CodeSystem/disability-type</td><td>Movement</td></tr><tr><td style=\"white-space:nowrap\"><a name=\"https---voicecollab.ai-fhir-CodeSystem-disability-type-DUW\"> </a>\u00a0\u00a0<a href=\"CodeSystem-disability-type.html#disability-type-DUW\">DUW</a></td><td>https://voicecollab.ai/fhir/CodeSystem/disability-type</td><td>Thinking</td></tr><tr><td style=\"white-space:nowrap\"><a name=\"https---voicecollab.ai-fhir-CodeSystem-disability-type-R\"> </a>\u00a0\u00a0<a href=\"CodeSystem-disability-type.html#disability-type-R\">R</a></td><td>https://voicecollab.ai/fhir/CodeSystem/disability-type</td><td>Remembering</td></tr><tr><td style=\"white-space:nowrap\"><a name=\"https---voicecollab.ai-fhir-CodeSystem-disability-type-L\"> </a>\u00a0\u00a0<a href=\"CodeSystem-disability-type.html#disability-type-L\">L</a></td><td>https://voicecollab.ai/fhir/CodeSystem/disability-type</td><td>Learning</td></tr><tr><td style=\"white-space:nowrap\"><a name=\"https---voicecollab.ai-fhir-CodeSystem-disability-type-C\"> </a>\u00a0\u00a0<a href=\"CodeSystem-disability-type.html#disability-type-C\">C</a></td><td>https://voicecollab.ai/fhir/CodeSystem/disability-type</td><td>Communicating</td></tr><tr><td style=\"white-space:nowrap\"><a name=\"https---voicecollab.ai-fhir-CodeSystem-disability-type-H\"> </a>\u00a0\u00a0<a href=\"CodeSystem-disability-type.html#disability-type-H\">H</a></td><td>https://voicecollab.ai/fhir/CodeSystem/disability-type</td><td>Hearing</td></tr><tr><td style=\"white-space:nowrap\"><a name=\"https---voicecollab.ai-fhir-CodeSystem-disability-type-MH\"> </a>\u00a0\u00a0<a href=\"CodeSystem-disability-type.html#disability-type-MH\">MH</a></td><td>https://voicecollab.ai/fhir/CodeSystem/disability-type</td><td>Mental Health</td></tr><tr><td style=\"white-space:nowrap\"><a name=\"https---voicecollab.ai-fhir-CodeSystem-disability-type-SR\"> </a>\u00a0\u00a0<a href=\"CodeSystem-disability-type.html#disability-type-SR\">SR</a></td><td>https://voicecollab.ai/fhir/CodeSystem/disability-type</td><td>Social Relationships</td></tr></table></div>"
      },
      "url" : "https://voicecollab.ai/fhir/ValueSet/disability-type",
      "version" : "0.1.0",
      "name" : "DisabilityType",
      "title" : "Disability Type",
      "status" : "draft",
      "experimental" : true,
      "date" : "2023-05-11T16:43:35-04:00",
      "publisher" : "KinD Lab",
      "contact" : [{
        "name" : "KinD Lab",
        "telecom" : [{
          "system" : "url",
          "value" : "http://fhir.kindlab.sickkids.ca"
        }]
      }],
      "description" : "Valueset for capturing disability status",
      "expansion" : {
        "timestamp" : "2023-05-11T10:00:00Z",
        "contains" : [{
          "system" : "https://voicecollab.ai/fhir/CodeSystem/disability-type",
          "code" : "V",
          "display" : "Vision"
        },
        {
          "system" : "https://voicecollab.ai/fhir/CodeSystem/disability-type",
          "code" : "DAW",
          "display" : "Movement"
        },
        {
          "system" : "https://voicecollab.ai/fhir/CodeSystem/disability-type",
          "code" : "DUW",
          "display" : "Thinking"
        },
        {
          "system" : "https://voicecollab.ai/fhir/CodeSystem/disability-type",
          "code" : "R",
          "display" : "Remembering"
        },
        {
          "system" : "https://voicecollab.ai/fhir/CodeSystem/disability-type",
          "code" : "L",
          "display" : "Learning"
        },
        {
          "system" : "https://voicecollab.ai/fhir/CodeSystem/disability-type",
          "code" : "C",
          "display" : "Communicating"
        },
        {
          "system" : "https://voicecollab.ai/fhir/CodeSystem/disability-type",
          "code" : "H",
          "display" : "Hearing"
        },
        {
          "system" : "https://voicecollab.ai/fhir/CodeSystem/disability-type",
          "code" : "MH",
          "display" : "Mental Health"
        },
        {
          "system" : "https://voicecollab.ai/fhir/CodeSystem/disability-type",
          "code" : "SR",
          "display" : "Social Relationships"
        }]
      }
    }
  },
  {
    "fullUrl" : "https://voicecollab.ai/fhir/ValueSet/household-makeup",
    "resource" : {
      "resourceType" : "ValueSet",
      "id" : "household-makeup",
      "text" : {
        "status" : "generated",
        "div" : "<div xmlns=\"http://www.w3.org/1999/xhtml\"><p>This value set contains 6 concepts</p><table class=\"codes\"><tr><td style=\"white-space:nowrap\"><b>Code</b></td><td><b>System</b></td><td><b>Display</b></td></tr><tr><td style=\"white-space:nowrap\"><a name=\"https---voicecollab.ai-fhir-CodeSystem-household-makeup-A\"> </a>\u00a0\u00a0<a href=\"CodeSystem-household-makeup.html#household-makeup-A\">A</a></td><td>https://voicecollab.ai/fhir/CodeSystem/household-makeup</td><td>I live alone</td></tr><tr><td style=\"white-space:nowrap\"><a name=\"https---voicecollab.ai-fhir-CodeSystem-household-makeup-S\"> </a>\u00a0\u00a0<a href=\"CodeSystem-household-makeup.html#household-makeup-S\">S</a></td><td>https://voicecollab.ai/fhir/CodeSystem/household-makeup</td><td>Spouse/partner/significant other</td></tr><tr><td style=\"white-space:nowrap\"><a name=\"https---voicecollab.ai-fhir-CodeSystem-household-makeup-C\"> </a>\u00a0\u00a0<a href=\"CodeSystem-household-makeup.html#household-makeup-C\">C</a></td><td>https://voicecollab.ai/fhir/CodeSystem/household-makeup</td><td>One or more children</td></tr><tr><td style=\"white-space:nowrap\"><a name=\"https---voicecollab.ai-fhir-CodeSystem-household-makeup-P\"> </a>\u00a0\u00a0<a href=\"CodeSystem-household-makeup.html#household-makeup-P\">P</a></td><td>https://voicecollab.ai/fhir/CodeSystem/household-makeup</td><td>One or more parent</td></tr><tr><td style=\"white-space:nowrap\"><a name=\"https---voicecollab.ai-fhir-CodeSystem-household-makeup-GP\"> </a>\u00a0\u00a0<a href=\"CodeSystem-household-makeup.html#household-makeup-GP\">GP</a></td><td>https://voicecollab.ai/fhir/CodeSystem/household-makeup</td><td>One or more grandparent</td></tr><tr><td style=\"white-space:nowrap\"><a name=\"https---voicecollab.ai-fhir-CodeSystem-household-makeup-O\"> </a>\u00a0\u00a0<a href=\"CodeSystem-household-makeup.html#household-makeup-O\">O</a></td><td>https://voicecollab.ai/fhir/CodeSystem/household-makeup</td><td>Other, please specify</td></tr></table></div>"
      },
      "url" : "https://voicecollab.ai/fhir/ValueSet/household-makeup",
      "version" : "0.1.0",
      "name" : "HouseholdMakeup",
      "title" : "Household Makeup",
      "status" : "draft",
      "experimental" : true,
      "date" : "2023-05-11T16:43:35-04:00",
      "publisher" : "KinD Lab",
      "contact" : [{
        "name" : "KinD Lab",
        "telecom" : [{
          "system" : "url",
          "value" : "http://fhir.kindlab.sickkids.ca"
        }]
      }],
      "description" : "Valueset for capturing Household Makeup",
      "expansion" : {
        "timestamp" : "2023-05-11T10:00:00Z",
        "contains" : [{
          "system" : "https://voicecollab.ai/fhir/CodeSystem/household-makeup",
          "code" : "A",
          "display" : "I live alone"
        },
        {
          "system" : "https://voicecollab.ai/fhir/CodeSystem/household-makeup",
          "code" : "S",
          "display" : "Spouse/partner/significant other"
        },
        {
          "system" : "https://voicecollab.ai/fhir/CodeSystem/household-makeup",
          "code" : "C",
          "display" : "One or more children"
        },
        {
          "system" : "https://voicecollab.ai/fhir/CodeSystem/household-makeup",
          "code" : "P",
          "display" : "One or more parent"
        },
        {
          "system" : "https://voicecollab.ai/fhir/CodeSystem/household-makeup",
          "code" : "GP",
          "display" : "One or more grandparent"
        },
        {
          "system" : "https://voicecollab.ai/fhir/CodeSystem/household-makeup",
          "code" : "O",
          "display" : "Other, please specify"
        }]
      }
    }
  },
  {
    "fullUrl" : "https://voicecollab.ai/fhir/ValueSet/transportation-type",
    "resource" : {
      "resourceType" : "ValueSet",
      "id" : "transportation-type",
      "text" : {
        "status" : "generated",
        "div" : "<div xmlns=\"http://www.w3.org/1999/xhtml\"><p>This value set contains 8 concepts</p><table class=\"codes\"><tr><td style=\"white-space:nowrap\"><b>Code</b></td><td><b>System</b></td><td><b>Display</b></td></tr><tr><td style=\"white-space:nowrap\"><a name=\"https---voicecollab.ai-fhir-CodeSystem-transportation-type-p\"> </a>\u00a0\u00a0<a href=\"CodeSystem-transportation-type.html#transportation-type-p\">p</a></td><td>https://voicecollab.ai/fhir/CodeSystem/transportation-type</td><td>Personal vehicle</td></tr><tr><td style=\"white-space:nowrap\"><a name=\"https---voicecollab.ai-fhir-CodeSystem-transportation-type-S\"> </a>\u00a0\u00a0<a href=\"CodeSystem-transportation-type.html#transportation-type-S\">S</a></td><td>https://voicecollab.ai/fhir/CodeSystem/transportation-type</td><td>Shared vehicle</td></tr><tr><td style=\"white-space:nowrap\"><a name=\"https---voicecollab.ai-fhir-CodeSystem-transportation-type-PT\"> </a>\u00a0\u00a0<a href=\"CodeSystem-transportation-type.html#transportation-type-PT\">PT</a></td><td>https://voicecollab.ai/fhir/CodeSystem/transportation-type</td><td>Public transportation</td></tr><tr><td style=\"white-space:nowrap\"><a name=\"https---voicecollab.ai-fhir-CodeSystem-transportation-type-R\"> </a>\u00a0\u00a0<a href=\"CodeSystem-transportation-type.html#transportation-type-R\">R</a></td><td>https://voicecollab.ai/fhir/CodeSystem/transportation-type</td><td>Ride with someone else</td></tr><tr><td style=\"white-space:nowrap\"><a name=\"https---voicecollab.ai-fhir-CodeSystem-transportation-type-RS\"> </a>\u00a0\u00a0<a href=\"CodeSystem-transportation-type.html#transportation-type-RS\">RS</a></td><td>https://voicecollab.ai/fhir/CodeSystem/transportation-type</td><td>Ride service</td></tr><tr><td style=\"white-space:nowrap\"><a name=\"https---voicecollab.ai-fhir-CodeSystem-transportation-type-M\"> </a>\u00a0\u00a0<a href=\"CodeSystem-transportation-type.html#transportation-type-M\">M</a></td><td>https://voicecollab.ai/fhir/CodeSystem/transportation-type</td><td>Bicycle/Motorbike</td></tr><tr><td style=\"white-space:nowrap\"><a name=\"https---voicecollab.ai-fhir-CodeSystem-transportation-type-W\"> </a>\u00a0\u00a0<a href=\"CodeSystem-transportation-type.html#transportation-type-W\">W</a></td><td>https://voicecollab.ai/fhir/CodeSystem/transportation-type</td><td>Walking</td></tr><tr><td style=\"white-space:nowrap\"><a name=\"https---voicecollab.ai-fhir-CodeSystem-transportation-type-O\"> </a>\u00a0\u00a0<a href=\"CodeSystem-transportation-type.html#transportation-type-O\">O</a></td><td>https://voicecollab.ai/fhir/CodeSystem/transportation-type</td><td>Other, please specify</td></tr></table></div>"
      },
      "url" : "https://voicecollab.ai/fhir/ValueSet/transportation-type",
      "version" : "0.1.0",
      "name" : "TransportationType",
      "title" : "Transportation Type",
      "status" : "draft",
      "experimental" : true,
      "date" : "2023-05-11T16:43:35-04:00",
      "publisher" : "KinD Lab",
      "contact" : [{
        "name" : "KinD Lab",
        "telecom" : [{
          "system" : "url",
          "value" : "http://fhir.kindlab.sickkids.ca"
        }]
      }],
      "description" : "Valueset for capturing Transportation Type",
      "expansion" : {
        "timestamp" : "2023-05-11T10:00:00Z",
        "contains" : [{
          "system" : "https://voicecollab.ai/fhir/CodeSystem/transportation-type",
          "code" : "p",
          "display" : "Personal vehicle"
        },
        {
          "system" : "https://voicecollab.ai/fhir/CodeSystem/transportation-type",
          "code" : "S",
          "display" : "Shared vehicle"
        },
        {
          "system" : "https://voicecollab.ai/fhir/CodeSystem/transportation-type",
          "code" : "PT",
          "display" : "Public transportation"
        },
        {
          "system" : "https://voicecollab.ai/fhir/CodeSystem/transportation-type",
          "code" : "R",
          "display" : "Ride with someone else"
        },
        {
          "system" : "https://voicecollab.ai/fhir/CodeSystem/transportation-type",
          "code" : "RS",
          "display" : "Ride service"
        },
        {
          "system" : "https://voicecollab.ai/fhir/CodeSystem/transportation-type",
          "code" : "M",
          "display" : "Bicycle/Motorbike"
        },
        {
          "system" : "https://voicecollab.ai/fhir/CodeSystem/transportation-type",
          "code" : "W",
          "display" : "Walking"
        },
        {
          "system" : "https://voicecollab.ai/fhir/CodeSystem/transportation-type",
          "code" : "O",
          "display" : "Other, please specify"
        }]
      }
    }
  },
  {
    "fullUrl" : "https://voicecollab.ai/fhir/ValueSet/household-status",
    "resource" : {
      "resourceType" : "ValueSet",
      "id" : "household-status",
      "text" : {
        "status" : "generated",
        "div" : "<div xmlns=\"http://www.w3.org/1999/xhtml\"><p>This value set contains 7 concepts</p><table class=\"codes\"><tr><td style=\"white-space:nowrap\"><b>Code</b></td><td><b>System</b></td><td><b>Display</b></td></tr><tr><td style=\"white-space:nowrap\"><a name=\"https---voicecollab.ai-fhir-CodeSystem-household-status-AL\"> </a>\u00a0\u00a0<a href=\"CodeSystem-household-status.html#household-status-AL\">AL</a></td><td>https://voicecollab.ai/fhir/CodeSystem/household-status</td><td>Assisted living</td></tr><tr><td style=\"white-space:nowrap\"><a name=\"https---voicecollab.ai-fhir-CodeSystem-household-status-PC\"> </a>\u00a0\u00a0<a href=\"CodeSystem-household-status.html#household-status-PC\">PC</a></td><td>https://voicecollab.ai/fhir/CodeSystem/household-status</td><td>Live with parent/care giver</td></tr><tr><td style=\"white-space:nowrap\"><a name=\"https---voicecollab.ai-fhir-CodeSystem-household-status-OH\"> </a>\u00a0\u00a0<a href=\"CodeSystem-household-status.html#household-status-OH\">OH</a></td><td>https://voicecollab.ai/fhir/CodeSystem/household-status</td><td>Own home</td></tr><tr><td style=\"white-space:nowrap\"><a name=\"https---voicecollab.ai-fhir-CodeSystem-household-status-R\"> </a>\u00a0\u00a0<a href=\"CodeSystem-household-status.html#household-status-R\">R</a></td><td>https://voicecollab.ai/fhir/CodeSystem/household-status</td><td>Rent home</td></tr><tr><td style=\"white-space:nowrap\"><a name=\"https---voicecollab.ai-fhir-CodeSystem-household-status-SN\"> </a>\u00a0\u00a0<a href=\"CodeSystem-household-status.html#household-status-SN\">SN</a></td><td>https://voicecollab.ai/fhir/CodeSystem/household-status</td><td>Skilled nursing facility/nursing home</td></tr><tr><td style=\"white-space:nowrap\"><a name=\"https---voicecollab.ai-fhir-CodeSystem-household-status-UT\"> </a>\u00a0\u00a0<a href=\"CodeSystem-household-status.html#household-status-UT\">UT</a></td><td>https://voicecollab.ai/fhir/CodeSystem/household-status</td><td>Unhoused-temporarily</td></tr><tr><td style=\"white-space:nowrap\"><a name=\"https---voicecollab.ai-fhir-CodeSystem-household-status-UP\"> </a>\u00a0\u00a0<a href=\"CodeSystem-household-status.html#household-status-UP\">UP</a></td><td>https://voicecollab.ai/fhir/CodeSystem/household-status</td><td>Unhoused-permanently</td></tr></table></div>"
      },
      "url" : "https://voicecollab.ai/fhir/ValueSet/household-status",
      "version" : "0.1.0",
      "name" : "HouseholdStatus",
      "title" : "Household Status",
      "status" : "draft",
      "experimental" : true,
      "date" : "2023-05-11T16:43:35-04:00",
      "publisher" : "KinD Lab",
      "contact" : [{
        "name" : "KinD Lab",
        "telecom" : [{
          "system" : "url",
          "value" : "http://fhir.kindlab.sickkids.ca"
        }]
      }],
      "description" : "Valueset for capturing Household Status",
      "expansion" : {
        "timestamp" : "2023-05-11T10:00:00Z",
        "contains" : [{
          "system" : "https://voicecollab.ai/fhir/CodeSystem/household-status",
          "code" : "AL",
          "display" : "Assisted living"
        },
        {
          "system" : "https://voicecollab.ai/fhir/CodeSystem/household-status",
          "code" : "PC",
          "display" : "Live with parent/care giver"
        },
        {
          "system" : "https://voicecollab.ai/fhir/CodeSystem/household-status",
          "code" : "OH",
          "display" : "Own home"
        },
        {
          "system" : "https://voicecollab.ai/fhir/CodeSystem/household-status",
          "code" : "R",
          "display" : "Rent home"
        },
        {
          "system" : "https://voicecollab.ai/fhir/CodeSystem/household-status",
          "code" : "SN",
          "display" : "Skilled nursing facility/nursing home"
        },
        {
          "system" : "https://voicecollab.ai/fhir/CodeSystem/household-status",
          "code" : "UT",
          "display" : "Unhoused-temporarily"
        },
        {
          "system" : "https://voicecollab.ai/fhir/CodeSystem/household-status",
          "code" : "UP",
          "display" : "Unhoused-permanently"
        }]
      }
    }
  },
  {
    "fullUrl" : "https://voicecollab.ai/fhir/ValueSet/marital-status",
    "resource" : {
      "resourceType" : "ValueSet",
      "id" : "marital-status",
      "text" : {
        "status" : "generated",
        "div" : "<div xmlns=\"http://www.w3.org/1999/xhtml\"><p>This value set contains 7 concepts</p><table class=\"codes\"><tr><td style=\"white-space:nowrap\"><b>Code</b></td><td><b>System</b></td><td><b>Display</b></td></tr><tr><td style=\"white-space:nowrap\"><a name=\"https---voicecollab.ai-fhir-CodeSystem-marital-status-D\"> </a>\u00a0\u00a0<a href=\"CodeSystem-marital-status.html#marital-status-D\">D</a></td><td>https://voicecollab.ai/fhir/CodeSystem/marital-status</td><td>Divorced</td></tr><tr><td style=\"white-space:nowrap\"><a name=\"https---voicecollab.ai-fhir-CodeSystem-marital-status-RL\"> </a>\u00a0\u00a0<a href=\"CodeSystem-marital-status.html#marital-status-RL\">RL</a></td><td>https://voicecollab.ai/fhir/CodeSystem/marital-status</td><td>In a relationship, not married, living with partner</td></tr><tr><td style=\"white-space:nowrap\"><a name=\"https---voicecollab.ai-fhir-CodeSystem-marital-status-RNL\"> </a>\u00a0\u00a0<a href=\"CodeSystem-marital-status.html#marital-status-RNL\">RNL</a></td><td>https://voicecollab.ai/fhir/CodeSystem/marital-status</td><td>In a relationship, not married, not living with partner</td></tr><tr><td style=\"white-space:nowrap\"><a name=\"https---voicecollab.ai-fhir-CodeSystem-marital-status-M\"> </a>\u00a0\u00a0<a href=\"CodeSystem-marital-status.html#marital-status-M\">M</a></td><td>https://voicecollab.ai/fhir/CodeSystem/marital-status</td><td>Married</td></tr><tr><td style=\"white-space:nowrap\"><a name=\"https---voicecollab.ai-fhir-CodeSystem-marital-status-SN\"> </a>\u00a0\u00a0<a href=\"CodeSystem-marital-status.html#marital-status-SN\">SN</a></td><td>https://voicecollab.ai/fhir/CodeSystem/marital-status</td><td>Separated</td></tr><tr><td style=\"white-space:nowrap\"><a name=\"https---voicecollab.ai-fhir-CodeSystem-marital-status-UT\"> </a>\u00a0\u00a0<a href=\"CodeSystem-marital-status.html#marital-status-UT\">UT</a></td><td>https://voicecollab.ai/fhir/CodeSystem/marital-status</td><td>Single</td></tr><tr><td style=\"white-space:nowrap\"><a name=\"https---voicecollab.ai-fhir-CodeSystem-marital-status-UP\"> </a>\u00a0\u00a0<a href=\"CodeSystem-marital-status.html#marital-status-UP\">UP</a></td><td>https://voicecollab.ai/fhir/CodeSystem/marital-status</td><td>Widowed</td></tr></table></div>"
      },
      "url" : "https://voicecollab.ai/fhir/ValueSet/marital-status",
      "version" : "0.1.0",
      "name" : "MaritalStatus",
      "title" : "Marital Status",
      "status" : "draft",
      "experimental" : true,
      "date" : "2023-05-11T16:43:35-04:00",
      "publisher" : "KinD Lab",
      "contact" : [{
        "name" : "KinD Lab",
        "telecom" : [{
          "system" : "url",
          "value" : "http://fhir.kindlab.sickkids.ca"
        }]
      }],
      "description" : "Valueset for capturing Marital Status",
      "expansion" : {
        "timestamp" : "2023-05-11T10:00:00Z",
        "contains" : [{
          "system" : "https://voicecollab.ai/fhir/CodeSystem/marital-status",
          "code" : "D",
          "display" : "Divorced"
        },
        {
          "system" : "https://voicecollab.ai/fhir/CodeSystem/marital-status",
          "code" : "RL",
          "display" : "In a relationship, not married, living with partner"
        },
        {
          "system" : "https://voicecollab.ai/fhir/CodeSystem/marital-status",
          "code" : "RNL",
          "display" : "In a relationship, not married, not living with partner"
        },
        {
          "system" : "https://voicecollab.ai/fhir/CodeSystem/marital-status",
          "code" : "M",
          "display" : "Married"
        },
        {
          "system" : "https://voicecollab.ai/fhir/CodeSystem/marital-status",
          "code" : "SN",
          "display" : "Separated"
        },
        {
          "system" : "https://voicecollab.ai/fhir/CodeSystem/marital-status",
          "code" : "UT",
          "display" : "Single"
        },
        {
          "system" : "https://voicecollab.ai/fhir/CodeSystem/marital-status",
          "code" : "UP",
          "display" : "Widowed"
        }]
      }
    }
  },
  {
    "fullUrl" : "https://voicecollab.ai/fhir/ValueSet/survey-options",
    "resource" : {
      "resourceType" : "ValueSet",
      "text" : {
        "status" : "generated",
        "div" : "<div xmlns=\"http://www.w3.org/1999/xhtml\"><p>This value set contains 4 concepts</p><p style=\"border: black 1px dotted; background-color: #EEEEEE; padding: 8px; margin-bottom: 8px\">Expansion based on <a href=\"CodeSystem-survey-options.html\">Option Codes for PHQ9 and GAD7 v0.1.0 (CodeSystem)</a></p><table class=\"codes\"><tr><td style=\"white-space:nowrap\"><b>Code</b></td><td><b>System</b></td><td><b>Display</b></td></tr><tr><td style=\"white-space:nowrap\"><a name=\"https---voicecollab.ai-fhir-CodeSystem-survey-options-N\"> </a>\u00a0\u00a0<a href=\"CodeSystem-survey-options.html#survey-options-N\">N</a></td><td>https://voicecollab.ai/fhir/CodeSystem/survey-options</td><td>Not at all</td></tr><tr><td style=\"white-space:nowrap\"><a name=\"https---voicecollab.ai-fhir-CodeSystem-survey-options-S\"> </a>\u00a0\u00a0<a href=\"CodeSystem-survey-options.html#survey-options-S\">S</a></td><td>https://voicecollab.ai/fhir/CodeSystem/survey-options</td><td>Several days</td></tr><tr><td style=\"white-space:nowrap\"><a name=\"https---voicecollab.ai-fhir-CodeSystem-survey-options-MH\"> </a>\u00a0\u00a0<a href=\"CodeSystem-survey-options.html#survey-options-MH\">MH</a></td><td>https://voicecollab.ai/fhir/CodeSystem/survey-options</td><td>More than half the days</td></tr><tr><td style=\"white-space:nowrap\"><a name=\"https---voicecollab.ai-fhir-CodeSystem-survey-options-NE\"> </a>\u00a0\u00a0<a href=\"CodeSystem-survey-options.html#survey-options-NE\">NE</a></td><td>https://voicecollab.ai/fhir/CodeSystem/survey-options</td><td>Nearly everyday</td></tr></table></div>"
      },
      "url" : "https://voicecollab.ai/fhir/ValueSet/survey-options",
      "version" : "0.1.0",
      "name" : "SurveyOptions",
      "title" : "SurveyOptions",
      "status" : "active",
      "date" : "2023-05-11",
      "publisher" : "KinD Lab",
      "contact" : [{
        "name" : "KinD Lab",
        "telecom" : [{
          "system" : "url",
          "value" : "http://fhir.kindlab.sickkids.ca"
        }]
      }],
      "description" : "The SurveyOptions Codes used by PHQ9 and GAD7 questionnaire",
      "expansion" : {
        "identifier" : "urn:uuid:e4c42b70-582a-41a6-96a2-cb9063d34775",
        "timestamp" : "2023-05-11T16:44:33-04:00",
        "total" : 4,
        "parameter" : [{
          "name" : "excludeNested",
          "valueBoolean" : false
        },
        {
          "name" : "version",
          "valueUri" : "https://voicecollab.ai/fhir/CodeSystem/survey-options|0.1.0"
        }],
        "contains" : [{
          "system" : "https://voicecollab.ai/fhir/CodeSystem/survey-options",
          "code" : "N",
          "display" : "Not at all"
        },
        {
          "system" : "https://voicecollab.ai/fhir/CodeSystem/survey-options",
          "code" : "S",
          "display" : "Several days"
        },
        {
          "system" : "https://voicecollab.ai/fhir/CodeSystem/survey-options",
          "code" : "MH",
          "display" : "More than half the days"
        },
        {
          "system" : "https://voicecollab.ai/fhir/CodeSystem/survey-options",
          "code" : "NE",
          "display" : "Nearly everyday"
        }]
      }
    }
  },
  {
    "fullUrl" : "https://voicecollab.ai/fhir/ValueSet/yesnosome",
    "resource" : {
      "resourceType" : "ValueSet",
      "id" : "yesnosome",
      "text" : {
        "status" : "generated",
        "div" : "<div xmlns=\"http://www.w3.org/1999/xhtml\"><p>This value set contains 3 concepts</p><table class=\"codes\"><tr><td style=\"white-space:nowrap\"><b>Code</b></td><td><b>System</b></td><td><b>Display</b></td><td><b>Definition</b></td></tr><tr><td style=\"white-space:nowrap\"><a name=\"https---voicecollab.ai-fhir-CodeSystem-Yes-No-Some-Y\"> </a>\u00a0\u00a0<a href=\"CodeSystem-Yes-No-Some.html#Yes-No-Some-Y\">Y</a></td><td>https://voicecollab.ai/fhir/CodeSystem/Yes-No-Some</td><td>Yes</td><td><div><p>Yes</p>\n</div></td></tr><tr><td style=\"white-space:nowrap\"><a name=\"https---voicecollab.ai-fhir-CodeSystem-Yes-No-Some-N\"> </a>\u00a0\u00a0<a href=\"CodeSystem-Yes-No-Some.html#Yes-No-Some-N\">N</a></td><td>https://voicecollab.ai/fhir/CodeSystem/Yes-No-Some</td><td>No</td><td><div><p>No</p>\n</div></td></tr><tr><td style=\"white-space:nowrap\"><a name=\"https---voicecollab.ai-fhir-CodeSystem-Yes-No-Some-S\"> </a>\u00a0\u00a0<a href=\"CodeSystem-Yes-No-Some.html#Yes-No-Some-S\">S</a></td><td>https://voicecollab.ai/fhir/CodeSystem/Yes-No-Some</td><td>Some</td><td><div><p>Some</p>\n</div></td></tr></table></div>"
      },
      "url" : "https://voicecollab.ai/fhir/ValueSet/yesnosome",
      "version" : "0.1.0",
      "name" : "YesNoSome",
      "title" : "Yes/No/Some",
      "status" : "draft",
      "experimental" : true,
      "date" : "2023-05-11T16:43:35-04:00",
      "publisher" : "KinD Lab",
      "contact" : [{
        "name" : "KinD Lab",
        "telecom" : [{
          "system" : "url",
          "value" : "http://fhir.kindlab.sickkids.ca"
        }]
      }],
      "description" : "For Capturing simple yes-no-don't know answers",
      "expansion" : {
        "timestamp" : "2023-05-11T10:00:00Z",
        "contains" : [{
          "system" : "https://voicecollab.ai/fhir/CodeSystem/Yes-No-Some",
          "code" : "Y",
          "display" : "Yes"
        },
        {
          "system" : "https://voicecollab.ai/fhir/CodeSystem/Yes-No-Some",
          "code" : "N",
          "display" : "No"
        },
        {
          "system" : "https://voicecollab.ai/fhir/CodeSystem/Yes-No-Some",
          "code" : "S",
          "display" : "Some"
        }]
      }
    }
  },
  {
    "fullUrl" : "https://voicecollab.ai/fhir/ValueSet/immigration-status",
    "resource" : {
      "resourceType" : "ValueSet",
      "id" : "immigration-status",
      "text" : {
        "status" : "generated",
        "div" : "<div xmlns=\"http://www.w3.org/1999/xhtml\"><p>This value set contains 8 concepts</p><table class=\"codes\"><tr><td style=\"white-space:nowrap\"><b>Code</b></td><td><b>System</b></td><td><b>Display</b></td></tr><tr><td style=\"white-space:nowrap\"><a name=\"https---voicecollab.ai-fhir-CodeSystem-immigration-status-C\"> </a>\u00a0\u00a0<a href=\"CodeSystem-immigration-status.html#immigration-status-C\">C</a></td><td>https://voicecollab.ai/fhir/CodeSystem/immigration-status</td><td>Citizen</td></tr><tr><td style=\"white-space:nowrap\"><a name=\"https---voicecollab.ai-fhir-CodeSystem-immigration-status-PR\"> </a>\u00a0\u00a0<a href=\"CodeSystem-immigration-status.html#immigration-status-PR\">PR</a></td><td>https://voicecollab.ai/fhir/CodeSystem/immigration-status</td><td>Permanent Resident</td></tr><tr><td style=\"white-space:nowrap\"><a name=\"https---voicecollab.ai-fhir-CodeSystem-immigration-status-NC\"> </a>\u00a0\u00a0<a href=\"CodeSystem-immigration-status.html#immigration-status-NC\">NC</a></td><td>https://voicecollab.ai/fhir/CodeSystem/immigration-status</td><td>Non-citizen US/CAD national</td></tr><tr><td style=\"white-space:nowrap\"><a name=\"https---voicecollab.ai-fhir-CodeSystem-immigration-status-R\"> </a>\u00a0\u00a0<a href=\"CodeSystem-immigration-status.html#immigration-status-R\">R</a></td><td>https://voicecollab.ai/fhir/CodeSystem/immigration-status</td><td>Refugee</td></tr><tr><td style=\"white-space:nowrap\"><a name=\"https---voicecollab.ai-fhir-CodeSystem-immigration-status-AS\"> </a>\u00a0\u00a0<a href=\"CodeSystem-immigration-status.html#immigration-status-AS\">AS</a></td><td>https://voicecollab.ai/fhir/CodeSystem/immigration-status</td><td>Asylum seeker</td></tr><tr><td style=\"white-space:nowrap\"><a name=\"https---voicecollab.ai-fhir-CodeSystem-immigration-status-NIS\"> </a>\u00a0\u00a0<a href=\"CodeSystem-immigration-status.html#immigration-status-NIS\">NIS</a></td><td>https://voicecollab.ai/fhir/CodeSystem/immigration-status</td><td>Non-immigrant student</td></tr><tr><td style=\"white-space:nowrap\"><a name=\"https---voicecollab.ai-fhir-CodeSystem-immigration-status-NIW\"> </a>\u00a0\u00a0<a href=\"CodeSystem-immigration-status.html#immigration-status-NIW\">NIW</a></td><td>https://voicecollab.ai/fhir/CodeSystem/immigration-status</td><td>Non-immigrant worker</td></tr><tr><td style=\"white-space:nowrap\"><a name=\"https---voicecollab.ai-fhir-CodeSystem-immigration-status-PNTA\"> </a>\u00a0\u00a0<a href=\"CodeSystem-immigration-status.html#immigration-status-PNTA\">PNTA</a></td><td>https://voicecollab.ai/fhir/CodeSystem/immigration-status</td><td>Prefer not to answer</td></tr></table></div>"
      },
      "url" : "https://voicecollab.ai/fhir/ValueSet/immigration-status",
      "version" : "0.1.0",
      "name" : "ImmigrationStatus",
      "title" : "Immigration Status",
      "status" : "draft",
      "experimental" : true,
      "date" : "2023-05-11T16:43:35-04:00",
      "publisher" : "KinD Lab",
      "contact" : [{
        "name" : "KinD Lab",
        "telecom" : [{
          "system" : "url",
          "value" : "http://fhir.kindlab.sickkids.ca"
        }]
      }],
      "description" : "Valueset for capturing Immigration Status",
      "expansion" : {
        "timestamp" : "2023-05-11T10:00:00Z",
        "contains" : [{
          "system" : "https://voicecollab.ai/fhir/CodeSystem/immigration-status",
          "code" : "C",
          "display" : "Citizen"
        },
        {
          "system" : "https://voicecollab.ai/fhir/CodeSystem/immigration-status",
          "code" : "PR",
          "display" : "Permanent Resident"
        },
        {
          "system" : "https://voicecollab.ai/fhir/CodeSystem/immigration-status",
          "code" : "NC",
          "display" : "Non-citizen US/CAD national"
        },
        {
          "system" : "https://voicecollab.ai/fhir/CodeSystem/immigration-status",
          "code" : "R",
          "display" : "Refugee"
        },
        {
          "system" : "https://voicecollab.ai/fhir/CodeSystem/immigration-status",
          "code" : "AS",
          "display" : "Asylum seeker"
        },
        {
          "system" : "https://voicecollab.ai/fhir/CodeSystem/immigration-status",
          "code" : "NIS",
          "display" : "Non-immigrant student"
        },
        {
          "system" : "https://voicecollab.ai/fhir/CodeSystem/immigration-status",
          "code" : "NIW",
          "display" : "Non-immigrant worker"
        },
        {
          "system" : "https://voicecollab.ai/fhir/CodeSystem/immigration-status",
          "code" : "PNTA",
          "display" : "Prefer not to answer"
        }]
      }
    }
  },
  {
    "fullUrl" : "https://voicecollab.ai/fhir/ValueSet/financial-assistance",
    "resource" : {
      "resourceType" : "ValueSet",
      "id" : "financial-assistance",
      "text" : {
        "status" : "generated",
        "div" : "<div xmlns=\"http://www.w3.org/1999/xhtml\"><p>This value set contains 4 concepts</p><table class=\"codes\"><tr><td style=\"white-space:nowrap\"><b>Code</b></td><td><b>System</b></td><td><b>Display</b></td></tr><tr><td style=\"white-space:nowrap\"><a name=\"https---voicecollab.ai-fhir-CodeSystem-disability-status-SSI\"> </a>\u00a0\u00a0<a href=\"CodeSystem-disability-status.html#disability-status-SSI\">SSI</a></td><td>https://voicecollab.ai/fhir/CodeSystem/disability-status</td><td>Supplemental Security Income (SSI)</td></tr><tr><td style=\"white-space:nowrap\"><a name=\"https---voicecollab.ai-fhir-CodeSystem-disability-status-SNAP\"> </a>\u00a0\u00a0<a href=\"CodeSystem-disability-status.html#disability-status-SNAP\">SNAP</a></td><td>https://voicecollab.ai/fhir/CodeSystem/disability-status</td><td>Supplemental Nutrition Assistance Program (SNAP)</td></tr><tr><td style=\"white-space:nowrap\"><a name=\"https---voicecollab.ai-fhir-CodeSystem-disability-status-WIC\"> </a>\u00a0\u00a0<a href=\"CodeSystem-disability-status.html#disability-status-WIC\">WIC</a></td><td>https://voicecollab.ai/fhir/CodeSystem/disability-status</td><td>Special Supplemental Nutrition Program for Women, Infants, and Children (WIC)</td></tr><tr><td style=\"white-space:nowrap\"><a name=\"https---voicecollab.ai-fhir-CodeSystem-disability-status-TANFGA\"> </a>\u00a0\u00a0<a href=\"CodeSystem-disability-status.html#disability-status-TANFGA\">TANFGA</a></td><td>https://voicecollab.ai/fhir/CodeSystem/disability-status</td><td>Temporary Assistance for Needy Families (TANF), including Pass through Child Support General Assistance (GA) </td></tr></table></div>"
      },
      "url" : "https://voicecollab.ai/fhir/ValueSet/financial-assistance",
      "version" : "0.1.0",
      "name" : "FinancialAssistance",
      "title" : "Financial Assistance",
      "status" : "draft",
      "experimental" : true,
      "date" : "2023-05-11T16:43:35-04:00",
      "publisher" : "KinD Lab",
      "contact" : [{
        "name" : "KinD Lab",
        "telecom" : [{
          "system" : "url",
          "value" : "http://fhir.kindlab.sickkids.ca"
        }]
      }],
      "description" : "Valueset for capturing Financial Assistance Programs user is using",
      "expansion" : {
        "timestamp" : "2023-05-11T10:00:00Z",
        "contains" : [{
          "system" : "https://voicecollab.ai/fhir/CodeSystem/disability-status",
          "code" : "SSI",
          "display" : "Supplemental Security Income (SSI)"
        },
        {
          "system" : "https://voicecollab.ai/fhir/CodeSystem/disability-status",
          "code" : "SNAP",
          "display" : "Supplemental Nutrition Assistance Program (SNAP)"
        },
        {
          "system" : "https://voicecollab.ai/fhir/CodeSystem/disability-status",
          "code" : "WIC",
          "display" : "Special Supplemental Nutrition Program for Women, Infants, and Children (WIC)"
        },
        {
          "system" : "https://voicecollab.ai/fhir/CodeSystem/disability-status",
          "code" : "TANFGA",
          "display" : "Temporary Assistance for Needy Families (TANF), including Pass through Child Support General Assistance (GA) "
        }]
      }
    }
  },
  {
    "fullUrl" : "https://voicecollab.ai/fhir/ValueSet/employment-status",
    "resource" : {
      "resourceType" : "ValueSet",
      "id" : "employment-status",
      "text" : {
        "status" : "generated",
        "div" : "<div xmlns=\"http://www.w3.org/1999/xhtml\"><p>This value set contains 9 concepts</p><table class=\"codes\"><tr><td style=\"white-space:nowrap\"><b>Code</b></td><td><b>System</b></td><td><b>Display</b></td></tr><tr><td style=\"white-space:nowrap\"><a name=\"https---voicecollab.ai-fhir-CodeSystem-employment-status-EF\"> </a>\u00a0\u00a0<a href=\"CodeSystem-employment-status.html#employment-status-EF\">EF</a></td><td>https://voicecollab.ai/fhir/CodeSystem/employment-status</td><td>Employed, freelance </td></tr><tr><td style=\"white-space:nowrap\"><a name=\"https---voicecollab.ai-fhir-CodeSystem-employment-status-EFT\"> </a>\u00a0\u00a0<a href=\"CodeSystem-employment-status.html#employment-status-EFT\">EFT</a></td><td>https://voicecollab.ai/fhir/CodeSystem/employment-status</td><td>Employed, full time</td></tr><tr><td style=\"white-space:nowrap\"><a name=\"https---voicecollab.ai-fhir-CodeSystem-employment-status-EPT\"> </a>\u00a0\u00a0<a href=\"CodeSystem-employment-status.html#employment-status-EPT\">EPT</a></td><td>https://voicecollab.ai/fhir/CodeSystem/employment-status</td><td>Employed, part time</td></tr><tr><td style=\"white-space:nowrap\"><a name=\"https---voicecollab.ai-fhir-CodeSystem-employment-status-EMPTJ\"> </a>\u00a0\u00a0<a href=\"CodeSystem-employment-status.html#employment-status-EMPTJ\">EMPTJ</a></td><td>https://voicecollab.ai/fhir/CodeSystem/employment-status</td><td>Employed, multiple part time jobs</td></tr><tr><td style=\"white-space:nowrap\"><a name=\"https---voicecollab.ai-fhir-CodeSystem-employment-status-S\"> </a>\u00a0\u00a0<a href=\"CodeSystem-employment-status.html#employment-status-S\">S</a></td><td>https://voicecollab.ai/fhir/CodeSystem/employment-status</td><td>Student</td></tr><tr><td style=\"white-space:nowrap\"><a name=\"https---voicecollab.ai-fhir-CodeSystem-employment-status-SE\"> </a>\u00a0\u00a0<a href=\"CodeSystem-employment-status.html#employment-status-SE\">SE</a></td><td>https://voicecollab.ai/fhir/CodeSystem/employment-status</td><td>Self-employed</td></tr><tr><td style=\"white-space:nowrap\"><a name=\"https---voicecollab.ai-fhir-CodeSystem-employment-status-R\"> </a>\u00a0\u00a0<a href=\"CodeSystem-employment-status.html#employment-status-R\">R</a></td><td>https://voicecollab.ai/fhir/CodeSystem/employment-status</td><td>Retired</td></tr><tr><td style=\"white-space:nowrap\"><a name=\"https---voicecollab.ai-fhir-CodeSystem-employment-status-U\"> </a>\u00a0\u00a0<a href=\"CodeSystem-employment-status.html#employment-status-U\">U</a></td><td>https://voicecollab.ai/fhir/CodeSystem/employment-status</td><td>Unemployed</td></tr><tr><td style=\"white-space:nowrap\"><a name=\"https---voicecollab.ai-fhir-CodeSystem-employment-status-O\"> </a>\u00a0\u00a0<a href=\"CodeSystem-employment-status.html#employment-status-O\">O</a></td><td>https://voicecollab.ai/fhir/CodeSystem/employment-status</td><td>Other, please specify </td></tr></table></div>"
      },
      "url" : "https://voicecollab.ai/fhir/ValueSet/employment-status",
      "version" : "0.1.0",
      "name" : "EmploymentStatus",
      "title" : "Employment Status",
      "status" : "draft",
      "experimental" : true,
      "date" : "2023-05-11T16:43:35-04:00",
      "publisher" : "KinD Lab",
      "contact" : [{
        "name" : "KinD Lab",
        "telecom" : [{
          "system" : "url",
          "value" : "http://fhir.kindlab.sickkids.ca"
        }]
      }],
      "description" : "Valueset for capturing Employment status",
      "expansion" : {
        "timestamp" : "2023-05-11T10:00:00Z",
        "contains" : [{
          "system" : "https://voicecollab.ai/fhir/CodeSystem/employment-status",
          "code" : "EF",
          "display" : "Employed, freelance "
        },
        {
          "system" : "https://voicecollab.ai/fhir/CodeSystem/employment-status",
          "code" : "EFT",
          "display" : "Employed, full time"
        },
        {
          "system" : "https://voicecollab.ai/fhir/CodeSystem/employment-status",
          "code" : "EPT",
          "display" : "Employed, part time"
        },
        {
          "system" : "https://voicecollab.ai/fhir/CodeSystem/employment-status",
          "code" : "EMPTJ",
          "display" : "Employed, multiple part time jobs"
        },
        {
          "system" : "https://voicecollab.ai/fhir/CodeSystem/employment-status",
          "code" : "S",
          "display" : "Student"
        },
        {
          "system" : "https://voicecollab.ai/fhir/CodeSystem/employment-status",
          "code" : "SE",
          "display" : "Self-employed"
        },
        {
          "system" : "https://voicecollab.ai/fhir/CodeSystem/employment-status",
          "code" : "R",
          "display" : "Retired"
        },
        {
          "system" : "https://voicecollab.ai/fhir/CodeSystem/employment-status",
          "code" : "U",
          "display" : "Unemployed"
        },
        {
          "system" : "https://voicecollab.ai/fhir/CodeSystem/employment-status",
          "code" : "O",
          "display" : "Other, please specify "
        }]
      }
    }
  },
  {
    "fullUrl" : "https://voicecollab.ai/fhir/ValueSet/gender-identity",
    "resource" : {
      "resourceType" : "ValueSet",
      "text" : {
        "status" : "generated",
        "div" : "<div xmlns=\"http://www.w3.org/1999/xhtml\"><p>This value set contains 7 concepts</p><p style=\"border: black 1px dotted; background-color: #EEEEEE; padding: 8px; margin-bottom: 8px\">Expansion based on <a href=\"CodeSystem-gender-identity.html\"> Gender Identity Codes v0.1.0 (CodeSystem)</a></p><table class=\"codes\"><tr><td style=\"white-space:nowrap\"><b>Code</b></td><td><b>System</b></td><td><b>Display</b></td><td><b>Definition</b></td></tr><tr><td style=\"white-space:nowrap\"><a name=\"https---voicecollab.ai-fhir-CodeSystem-gender-identity-M\"> </a>\u00a0\u00a0<a href=\"CodeSystem-gender-identity.html#gender-identity-M\">M</a></td><td>https://voicecollab.ai/fhir/CodeSystem/gender-identity</td><td>Man</td><td><div><p>Gender identity is a Man.</p>\n</div></td></tr><tr><td style=\"white-space:nowrap\"><a name=\"https---voicecollab.ai-fhir-CodeSystem-gender-identity-F\"> </a>\u00a0\u00a0<a href=\"CodeSystem-gender-identity.html#gender-identity-F\">F</a></td><td>https://voicecollab.ai/fhir/CodeSystem/gender-identity</td><td>Woman</td><td><div><p>Gender identity is a Woman.</p>\n</div></td></tr><tr><td style=\"white-space:nowrap\"><a name=\"https---voicecollab.ai-fhir-CodeSystem-gender-identity-TM\"> </a>\u00a0\u00a0<a href=\"CodeSystem-gender-identity.html#gender-identity-TM\">TM</a></td><td>https://voicecollab.ai/fhir/CodeSystem/gender-identity</td><td>Transgender male/Transman/Female-to-male</td><td><div><p>Gender identity is Transgender male or Transman or Female-to-Male.</p>\n</div></td></tr><tr><td style=\"white-space:nowrap\"><a name=\"https---voicecollab.ai-fhir-CodeSystem-gender-identity-TF\"> </a>\u00a0\u00a0<a href=\"CodeSystem-gender-identity.html#gender-identity-TF\">TF</a></td><td>https://voicecollab.ai/fhir/CodeSystem/gender-identity</td><td>Transgender female/Transwoman/Male-tofemale</td><td><div><p>Gender identity is Transgender female or Transwoman or Male-to-female.</p>\n</div></td></tr><tr><td style=\"white-space:nowrap\"><a name=\"https---voicecollab.ai-fhir-CodeSystem-gender-identity-GQ\"> </a>\u00a0\u00a0<a href=\"CodeSystem-gender-identity.html#gender-identity-GQ\">GQ</a></td><td>https://voicecollab.ai/fhir/CodeSystem/gender-identity</td><td>Genderqueer/Non-binary</td><td><div><p>Gender identity is GenderQueer/Non-binary.</p>\n</div></td></tr><tr><td style=\"white-space:nowrap\"><a name=\"https---voicecollab.ai-fhir-CodeSystem-gender-identity-DC\"> </a>\u00a0\u00a0<a href=\"CodeSystem-gender-identity.html#gender-identity-DC\">DC</a></td><td>https://voicecollab.ai/fhir/CodeSystem/gender-identity</td><td>Decline to Answer</td><td><div><p>Person has declined to answer about their gender identity.</p>\n</div></td></tr><tr><td style=\"white-space:nowrap\"><a name=\"https---voicecollab.ai-fhir-CodeSystem-gender-identity-OT\"> </a>\u00a0\u00a0<a href=\"CodeSystem-gender-identity.html#gender-identity-OT\">OT</a></td><td>https://voicecollab.ai/fhir/CodeSystem/gender-identity</td><td>Other</td><td><div><p>Person's gender identity is Other.</p>\n</div></td></tr></table></div>"
      },
      "url" : "https://voicecollab.ai/fhir/ValueSet/gender-identity",
      "version" : "0.1.0",
      "name" : "GenderIdentity",
      "title" : "Gender Identity",
      "status" : "active",
      "date" : "2023-05-11",
      "publisher" : "KinD Lab",
      "contact" : [{
        "name" : "KinD Lab",
        "telecom" : [{
          "system" : "url",
          "value" : "http://fhir.kindlab.sickkids.ca"
        }]
      }],
      "description" : "The Gender Identity Codes contains the codes to be used by demographic questionnaire",
      "expansion" : {
        "identifier" : "urn:uuid:1d907324-4d15-4f6f-a558-5e182c8c2d37",
        "timestamp" : "2023-05-11T16:44:36-04:00",
        "total" : 7,
        "parameter" : [{
          "name" : "excludeNested",
          "valueBoolean" : false
        },
        {
          "name" : "version",
          "valueUri" : "https://voicecollab.ai/fhir/CodeSystem/gender-identity|0.1.0"
        }],
        "contains" : [{
          "system" : "https://voicecollab.ai/fhir/CodeSystem/gender-identity",
          "code" : "M",
          "display" : "Man"
        },
        {
          "system" : "https://voicecollab.ai/fhir/CodeSystem/gender-identity",
          "code" : "F",
          "display" : "Woman"
        },
        {
          "system" : "https://voicecollab.ai/fhir/CodeSystem/gender-identity",
          "code" : "TM",
          "display" : "Transgender male/Transman/Female-to-male"
        },
        {
          "system" : "https://voicecollab.ai/fhir/CodeSystem/gender-identity",
          "code" : "TF",
          "display" : "Transgender female/Transwoman/Male-tofemale"
        },
        {
          "system" : "https://voicecollab.ai/fhir/CodeSystem/gender-identity",
          "code" : "GQ",
          "display" : "Genderqueer/Non-binary"
        },
        {
          "system" : "https://voicecollab.ai/fhir/CodeSystem/gender-identity",
          "code" : "DC",
          "display" : "Decline to Answer"
        },
        {
          "system" : "https://voicecollab.ai/fhir/CodeSystem/gender-identity",
          "code" : "OT",
          "display" : "Other"
        }]
      }
    }
  }]
}