<?xml version="1.0" encoding="UTF-8"?>

<PlanDefinition xmlns="http://hl7.org/fhir">
  <id value="VbaiPlanDefinitionMoodExample"/>
  <meta>
    <profile value="https://voicecollab.ai/fhir/StructureDefinition/vbai-plan-definition"/>
  </meta>
  <text>
    <status value="generated"/><div xmlns="http://www.w3.org/1999/xhtml"><p><b>Generated Narrative: PlanDefinition</b><a name="VbaiPlanDefinitionMoodExample"> </a></p><div style="display: inline-block; background-color: #d9e0e7; padding: 6px; margin: 4px; border: 1px solid #8da1b4; border-radius: 5px; line-height: 60%"><p style="margin-bottom: 0px">Resource PlanDefinition &quot;VbaiPlanDefinitionMoodExample&quot; </p><p style="margin-bottom: 0px">Profile: <a href="StructureDefinition-vbai-plan-definition.html">Vbai Plan Definition</a></p></div><p><b>url</b>: <code>https://voicecollab.ai/fhir/PlanDefinition/VbaiPlanDefinitionMoodExample</code></p><p><b>version</b>: 0.1.0</p><p><b>title</b>: Mood Cohort Protcol</p><p><b>status</b>: active</p><p><b>date</b>: 2023-04-28</p><p><b>publisher</b>: KinD Lab</p><p><b>contact</b>: KinD Lab: <a href="http://fhir.kindlab.sickkids.ca">http://fhir.kindlab.sickkids.ca</a></p><p><b>description</b>: This is a plandefinition for Mood cohort protocol</p><blockquote><p><b>action</b></p><p><b>prefix</b>: 1.1</p><p><b>title</b>: Consent</p><p><b>description</b>: Ask participant for consent</p><p><b>priority</b>: routine</p><h3>Participants</h3><table class="grid"><tr><td>-</td><td><b>Type</b></td></tr><tr><td>*</td><td>patient</td></tr></table><h3>Actions</h3><table class="grid"><tr><td>-</td><td><b>Prefix</b></td><td><b>Title</b></td><td><b>Description</b></td><td><b>Priority</b></td></tr><tr><td>*</td><td>1.1.1</td><td>Login for clinician</td><td>Login for clinician</td><td>routine</td></tr><tr><td>*</td><td>1.1.2</td><td>Enroll participant</td><td>Enroll participant</td><td>routine</td></tr><tr><td>*</td><td>1.1.1</td><td>Retrieve Consent</td><td>Before you participate in this study, we need your consent. The consent gives you information of what to expect and what is required from you for this study. It will also give you information about how your data will be shared. You have options to read the consent, watch the video consent, or do both before you decide to give your electronic consent.</td><td>routine</td></tr></table></blockquote><blockquote><p><b>action</b></p><p><b>prefix</b>: 1.2</p><p><b>title</b>: Demographics</p><p><b>description</b>: Gather Demographics that need to be collected</p><p><b>priority</b>: routine</p><p><b>definition</b>: <a href="Questionnaire-VbaiQuestionnaireDemographicExample2.html">Demographic Surveys2</a></p></blockquote><blockquote><p><b>action</b></p><p><b>prefix</b>: 1.3</p><p><b>title</b>: Acoustic Tasks</p><p><b>description</b>: Acoustic tasks across all cohorts</p><p><b>priority</b>: routine</p><h3>Actions</h3><table class="grid"><tr><td>-</td><td><b>Prefix</b></td><td><b>Title</b></td><td><b>Description</b></td><td><b>Priority</b></td></tr><tr><td>*</td><td>1.3.1</td><td>Perform Acoustic tasks</td><td>Audio check (Audio check: Before we start, let’s test your microphone. Click on the Start button below and say something out loud like “Testing 1, 2, 3”. Recording will stop automatically after 5 seconds. Click Play to hear your recording. If you hear background noise, please go to a quieter place and try again by selecting Redo Recording.  If it sounds good, continue.</td><td>routine</td></tr><tr><td>*</td><td>1.3 Task 1</td><td>Prolonged vowel: ​Count to 3 and say “e” for 5 seconds </td><td>This task helps us analyze features in your voice</td><td>routine</td></tr><tr><td>*</td><td>1.3 Task 2</td><td>Maximum phonation time: Say /e/  (max. phonation time ): 'Using your normal voice, take a deep breath and say /e/' until you run completely out of air (click stop when you run out of air)'. (need to ask for this task twice!) </td><td>This tasks helps us analyze the way your respiration is connected to your voice</td><td>routine</td></tr><tr><td>*</td><td>1.3 Task 3</td><td>Glides: “Using the sound “e”, glide from your lowest pitch possible to the highest pitch possible. Rest, take a breath and then glide from your highest pitch possible to the lowest pitch possible”</td><td>This task helps us understand how your vocal folds stretch</td><td>routine</td></tr><tr><td>*</td><td>1.3 Task 4</td><td>Rainbow passage :  'Read the following passage using your normal voice:' Short Rainbow passage: '￼Read the following passage using your normal voice: When the sunlight strikes raindrops in the air, they act as a prism and form a rainbow. The rainbow is a division of white light into many beautiful colors.  These take the shape of a long round arch, with its path high above, and its two ends apparently beyond the horizon. There is, according to legend, a boiling pot of gold at one end. </td><td>This is a standardized passage that contains all the important sounds of the English language</td><td>routine</td></tr><tr><td>*</td><td>1.3 Task 5</td><td>Task 5: Cape-V Sentences: “Read these sentences using your normal voice” 
      The blue spot is on the key again,
      How hard did he hit him?,
      We were away a year ago,
      We eat eggs every easter,
      My momma makes lemon muffins,
      Peter will keep at the peak </td><td>This is a standardized passage that contains all the important sounds of the English language</td><td>routine</td></tr><tr><td>*</td><td>1.3 Task 6</td><td> Task 6: Caterpillar passage 'Read the following passage using your normal voice:' Caterpillar passage: Do you like amusement parks? Well, I sure do. To amuse myself, I went twice last spring. My most MEMORABLE moment was riding on the Caterpillar, which is a gigantic rollercoaster high above the ground. When I saw how high the Caterpillar rose into the bright blue sky I knew it was for me. After waiting in line for thirty minutes, I made it to the front where the man measured my height to see if I was tall enough. I gave the man my coins, asked for change, and jumped on the cart. Tick, tick, tick, the Caterpillar climbed slowly up the tracks. It went SO high I could see the parking lot. Boy was I SCARED! I thought to myself, “There’s no turning back now.” People were so scared they screamed as we swiftly zoomed fast, fast, and faster along the tracks. As quickly as it started, the Caterpillar came to a stop. Unfortunately, it was time to pack the car and drive home. That night I dreamt of the wild ride on the Caterpillar. Taking a trip to the amusement park and riding on the Caterpillar was my MOST memorable moment ever! </td><td>This is a standardized passage that contains all the important words to test your articulation</td><td>routine</td></tr><tr><td>*</td><td>1.3 Task 7</td><td>Task 7: ​￼​Diadocokinesis:[Text Wrapping Break] 
    Say the syllables as they appear on your screen – Pa / Ta / Ka,
    Now record yourself repeating the syllable /PA/ as fast as possible 10 times,
    Record yourself repeating the syllable /TA/ as fast as possible 10 times,
    Record yourself repeating the syllable /KA/ as fast as possible 10 times,
    Now repeat the work /Pataka/ as fast as possible 10 times,
    Now repeat the word /buttercup/ as fast as possible 10 times </td><td>This task tests the way you can articulate the sounds and can gives neurological queues</td><td>routine</td></tr><tr><td>*</td><td>1.3 Task 8</td><td>Task 8: Free speech: Open ended question (generic) chose 1-2 
 “This section is meant to hear you speak freely by answering an open ended question” “Please answer the following questions and record your answer. Keep talking until the time stops” (leave for 30 seconds)- Options:  

    Can you talk to us about why you are interested by this study? Who told you about it? Why is it meaningful or valuable to you? How do you think it will help patients in the future?,

    Can you tell us a little bit about your health condition? When did it start, what kind of symptoms have you had and for how long? Tell us how you are managing it and how you are doing?​​​,

​​​​    How would you get from where you are now to the grocery store? Explain with as much detail as possible.​​​​​​​</td><td> </td><td>routine</td></tr><tr><td>*</td><td>1.3 Task 9</td><td>Task 9: Respiration and cough:  
'Respiratory sounds can also provide information on your health, let’s record them” - 

First, let's hear you breath comfortably for 30 seconds,
After pressing on record, take 5 big breaths in and out through your nose with your mouth closed,
After pressing record, cough 5 times,
Now try again (need that task twice) </td><td> </td><td>routine</td></tr><tr><td>*</td><td>1.3 Task 10</td><td>Picture description: “You will be shown a picture, please describe what you see in your own words. You can keep talking until the time runs out” (1 min)</td><td> </td><td>routine</td></tr><tr><td>*</td><td>1.3 Task 11</td><td>Task 11: Story Recall:  “You are given a text. Read the text so you familiarize yourself with it. You have up to 5 minutes to read it as many times as you want. When you are ready, you will be asked to recall the story. This can be in your own words.” 

-  You wished to know all about my grandfather. Well, he is nearly ninety-three years old. He dresses himself in an ancient black frock coat, usually minus several buttons; yet he still thinks as swiftly as ever. A long, flowing beard clings to his chin, giving those who observe him a pronounced feeling of the utmost respect. When he speaks his voice is just a bit cracked and quivers a trifle. Twice each day he plays skillfully and with zest upon our small organ. Except in the winter when the ooze or snow or ice prevents, he slowly takes a short walk in the open air each day. We have often urged him to walk more and smoke less, but he always answers, “Banana Oil!” Grandfather likes to be modern in his language. </td><td> </td><td>routine</td></tr></table></blockquote><blockquote><p><b>action</b></p><p><b>prefix</b>: 1.4</p><p><b>title</b>: PMHX and List of Confounders</p><p><b>description</b>: Gather PMHx and Cofounders that need to be collected</p><p><b>priority</b>: routine</p></blockquote><blockquote><p><b>action</b></p><p><b>prefix</b>: 1.5</p><p><b>title</b>: Questionnaires</p><p><b>description</b>: Administer validated questionnaires</p><p><b>priority</b>: routine</p><h3>Actions</h3><table class="grid"><tr><td>-</td><td><b>Prefix</b></td><td><b>Title</b></td><td><b>Description</b></td><td><b>Priority</b></td><td><b>Definition[x]</b></td></tr><tr><td>*</td><td>1.5.1</td><td>PHQ9 Questionniare</td><td>Administer PHQ9 Questionnaire</td><td>routine</td><td><a href="Questionnaire-PHQ9schema.html">PHQ9_schema</a></td></tr><tr><td>*</td><td>1.5.2</td><td>GAD7 Questionniare</td><td>Administer GAD7 Questionnaire</td><td>routine</td><td><a href="Questionnaire-GAD7schema.html">GAD7_schema</a></td></tr></table></blockquote><blockquote><p><b>action</b></p><p><b>prefix</b>: 1.6</p><p><b>title</b>: Feedback Pilot</p><p><b>description</b>: Questions for feedback for pilot​</p><p><b>priority</b>: routine</p></blockquote><blockquote><p><b>action</b></p><p><b>prefix</b>: 2.1</p><p><b>title</b>: Mood Specific Tasks</p><p><b>description</b>: Tasks specific for mood cohort</p><p><b>priority</b>: routine</p><h3>Actions</h3><table class="grid"><tr><td>-</td><td><b>Prefix</b></td><td><b>Title</b></td><td><b>Description</b></td><td><b>Priority</b></td></tr><tr><td>*</td><td>2.1.1</td><td>Task 1: Animal Fluency:</td><td>Say as many animals as you can in one minute, avoid repeating words (continue trying until time is up)” - need a timer with 1 minute here </td><td>routine</td></tr><tr><td>*</td><td>2.1.2</td><td>Task 2: Open response questions</td><td> “ Please answer the following questions and record your answer. Keep talking until the time stops” (leave for 30 seconds):
    
Think of a single issue, feeling, emotion or symptom you have been experiencing lately. For example, sadness, fatigue, anxiety, loneliness, sleep issues, concentration issues, agitation, motivation, numbness, guilt, shame. If you are not experiencing anything negative, think of a positive one such as calmness or gratitude. Then describe how it shows up for you mentally and physically, what you see as its causes, and what situations trigger it.​​ 
</td><td>routine</td></tr><tr><td>*</td><td>2.1.3</td><td>Task 3: Story recall (audio stimuli or read stimuli). The Grandfather Passage</td><td>Ask them to repeat: You wished to know all about my grandfather. Well, he is nearly ninety-three years old. He dresses himself in an ancient black frock coat, usually minus several buttons; yet he still thinks as swiftly as ever. A long, flowing beard clings to his chin, giving those who observe him a pronounced feeling of the utmost respect. When he speaks his voice is just a bit cracked and quivers a trifle. Twice each day he plays skillfully and with zest upon our small organ. Except in the winter when the ooze or snow or ice prevents, he slowly takes a short walk in the open air each day. We have often urged him to walk more and smoke less, but he always answers, “Banana Oil!” Grandfather likes to be modern in his language. </td><td>routine</td></tr><tr><td>*</td><td>2.1.3</td><td>Task 4: Picture descriptions.</td><td>We're adding cross-sectional writing prompts, to get linguistic markers without speech. We will choose a subset of the following] 
    How do you want to be remembered at the end of your life by the people who know you well?  
    What were some of the happiest moments of your life? Where were you? What happened? Why did they make you happy? 
    Describe something good that happened in the last month (big or small)? Maybe you helped someone or there was some good news or there was a moment of joy and peace. Where were you, what happened, how did you feel? 
    How have you grown in the past? Have you learned important lessons about yourself? 
    Please think about your best possible social and professional self in the next month. Imagine that everything will go as well as it possibly can. Let your creativity flow and describe what exactly would improve, how your daily routine would be, and how you would feel.  
    Describe something that makes you happy. Are you with someone or by yourself? How do you feel? Why does it make you happy? Can you do this often?
    
    [If participants answer positively to any suicidal ideation items, such as the PHQ9, this prompt with resources will become available:]

    If you're thinking about suicide or hurting yourself, are worried about a friend or loved one, or would like emotional support, the Lifeline network is available 24/7 and experience helping people in crisis. Your call or text is confidential and free. You can call the Suicide Prevention Lifeline in the United States right now: 

    988 ,

    English: 1-800-273-8255,

    Español: 1-888-628-9454, 

    Or text the Crisis TextLine now, also free and confidential: 

    ​​SMS in the ​US or Canada: 741741 ,

    Chat using WhatsApp or Browser: https://www.crisistextline.org/ ,

    For other countries: www.befrienders.org 
    </td><td>routine</td></tr></table></blockquote><blockquote><p><b>action</b></p><p><b>prefix</b>: 2.2</p><p><b>title</b>: Past medical history and confounders specific to Mood Disorder Cohort</p><p><b>priority</b>: routine</p></blockquote><blockquote><p><b>action</b></p><p><b>prefix</b>: 2.3</p><p><b>title</b>: Validated questionnaires specific to mood disorder Cohorts</p><p><b>priority</b>: routine</p><h3>Actions</h3><table class="grid"><tr><td>-</td><td><b>Prefix</b></td><td><b>Title</b></td><td><b>Description</b></td><td><b>Priority</b></td></tr><tr><td>*</td><td>2.3.1</td><td>International PANAS Short Form (10) affect scale</td><td>Administer PANAS Questionnaire</td><td>routine</td></tr><tr><td>*</td><td>2.3.2</td><td>Custom Affect scale </td><td>Administer CAS Questionnaire</td><td>routine</td></tr><tr><td>*</td><td>2.3.3</td><td>DSM-5 Cross Cutting Measure, Adult Version (23 items).</td><td>Administer DSM5 Questionnaire</td><td>routine</td></tr><tr><td>*</td><td>2.3.4</td><td>Altman Self-Rating Mania Scale</td><td>Administer ASRM Questionnaire</td><td>routine</td></tr><tr><td>*</td><td>2.3.5</td><td>National Stressful Events Survey PTSD Short Scale (NSESSS)</td><td>Depending on response to DSM-5, administer NSESSS Questionnaire</td><td>routine</td></tr><tr><td>*</td><td>2.3.6</td><td>Severity Measure for Social Anxiety Disorder (Social Phobia)—Adult - 10</td><td>Depending on response to DSM-5, administer SMSAD Questionnaire</td><td>routine</td></tr><tr><td>*</td><td>2.3.7</td><td>Adult ADHD Self-Report Scale (ASRS-v1.1) Symptom Checklist Part A</td><td>Depending on response to DSM-5, administer ASRS-v1.1 Questionnaire</td><td>routine</td></tr><tr><td>*</td><td>2.3.8</td><td>Well-being: Secure Flourishing Index</td><td>Administer SFI Questionnaire</td><td>routine</td></tr><tr><td>*</td><td>2.3.9</td><td>Hamburg–Hannover Agitation Scale (H2A) </td><td>Administer H2A Questionnaire</td><td>routine</td></tr><tr><td>*</td><td>2.3.10</td><td>Chalder Fatigue Scale 11</td><td>Administer CFS 11 Questionnaire</td><td>routine</td></tr><tr><td>*</td><td>2.3.11</td><td>The Big Five Inventory–2 Extra Short Form </td><td>Administer The Big Five Inventory–2 Extra Short Form  Questionnaire</td><td>routine</td></tr><tr><td>*</td><td>2.3.12</td><td>Optional journaling prompts (audio recording)  </td><td>Take some time to journal and reflect honestly about the question and respond with detail and depth. Please don’t provide identifying information such as people’s names: 

    What behaviors and thoughts have you been having to better cope with issues that give you the most stress? What are you interested in trying to change (new relationships, boundaries, acceptance, employment, education, exercise, beginning therapy, meditation, travel, health)? 

    How do you want to be remembered at the end of your life by the people who know you well?  

    How have you grown in the past? Have you learned important lessons about yourself? </td><td>routine</td></tr></table></blockquote><blockquote><p><b>action</b></p><p><b>prefix</b>: 2.4</p><p><b>title</b>: Feedback</p><p><b>description</b>: Please leave any comments or suggestions on the study so we can improve it (or skip)</p><p><b>priority</b>: routine</p></blockquote></div>
  </text>
  <url value="https://voicecollab.ai/fhir/PlanDefinition/VbaiPlanDefinitionMoodExample"/>
  <version value="0.1.0"/>
  <title value="Mood Cohort Protcol"/>
  <status value="active"/>
  <date value="2023-04-28"/>
  <publisher value="KinD Lab"/>
  <contact>
    <name value="KinD Lab"/>
    <telecom>
      <system value="url"/>
      <value value="http://fhir.kindlab.sickkids.ca"/>
    </telecom>
  </contact>
  <description value="This is a plandefinition for Mood cohort protocol"/>
  <action>
    <prefix value="1.1"/>
    <title value="Consent"/>
    <description value="Ask participant for consent"/>
    <priority value="routine"/>
    <participant>
      <type value="patient"/>
    </participant>
    <action>
      <prefix value="1.1.1"/>
      <title value="Login for clinician"/>
      <description value="Login for clinician"/>
      <priority value="routine"/>
    </action>
    <action>
      <prefix value="1.1.2"/>
      <title value="Enroll participant"/>
      <description value="Enroll participant"/>
      <priority value="routine"/>
    </action>
    <action>
      <prefix value="1.1.1"/>
      <title value="Retrieve Consent"/>
      <description value="Before you participate in this study, we need your consent. The consent gives you information of what to expect and what is required from you for this study. It will also give you information about how your data will be shared. You have options to read the consent, watch the video consent, or do both before you decide to give your electronic consent."/>
      <priority value="routine"/>
    </action>
  </action>
  <action>
    <prefix value="1.2"/>
    <title value="Demographics"/>
    <description value="Gather Demographics that need to be collected"/>
    <priority value="routine"/>
    <definitionUri value="https://voicecollab.ai/fhir/Questionnaire/VbaiQuestionnaireDemographicExample2"/>
  </action>
  <action>
    <prefix value="1.3"/>
    <title value="Acoustic Tasks"/>
    <description value="Acoustic tasks across all cohorts"/>
    <priority value="routine"/>
    <action>
      <prefix value="1.3.1"/>
      <title value="Perform Acoustic tasks"/>
      <description value="Audio check (Audio check: Before we start, let’s test your microphone. Click on the Start button below and say something out loud like “Testing 1, 2, 3”. Recording will stop automatically after 5 seconds. Click Play to hear your recording. If you hear background noise, please go to a quieter place and try again by selecting Redo Recording.  If it sounds good, continue."/>
      <priority value="routine"/>
    </action>
    <action>
      <prefix value="1.3 Task 1"/>
      <title value="Prolonged vowel: ​Count to 3 and say “e” for 5 seconds "/>
      <description value="This task helps us analyze features in your voice"/>
      <priority value="routine"/>
    </action>
    <action>
      <prefix value="1.3 Task 2"/>
      <title value="Maximum phonation time: Say /e/  (max. phonation time ): 'Using your normal voice, take a deep breath and say /e/' until you run completely out of air (click stop when you run out of air)'. (need to ask for this task twice!) "/>
      <description value="This tasks helps us analyze the way your respiration is connected to your voice"/>
      <priority value="routine"/>
    </action>
    <action>
      <prefix value="1.3 Task 3"/>
      <title value="Glides: “Using the sound “e”, glide from your lowest pitch possible to the highest pitch possible. Rest, take a breath and then glide from your highest pitch possible to the lowest pitch possible”"/>
      <description value="This task helps us understand how your vocal folds stretch"/>
      <priority value="routine"/>
    </action>
    <action>
      <prefix value="1.3 Task 4"/>
      <title value="Rainbow passage :  'Read the following passage using your normal voice:' Short Rainbow passage: '￼Read the following passage using your normal voice: When the sunlight strikes raindrops in the air, they act as a prism and form a rainbow. The rainbow is a division of white light into many beautiful colors.  These take the shape of a long round arch, with its path high above, and its two ends apparently beyond the horizon. There is, according to legend, a boiling pot of gold at one end. "/>
      <description value="This is a standardized passage that contains all the important sounds of the English language"/>
      <priority value="routine"/>
    </action>
    <action>
      <prefix value="1.3 Task 5"/>
      <title value="Task 5: Cape-V Sentences: “Read these sentences using your normal voice” &#xA;      The blue spot is on the key again,&#xA;      How hard did he hit him?,&#xA;      We were away a year ago,&#xA;      We eat eggs every easter,&#xA;      My momma makes lemon muffins,&#xA;      Peter will keep at the peak "/>
      <description value="This is a standardized passage that contains all the important sounds of the English language"/>
      <priority value="routine"/>
    </action>
    <action>
      <prefix value="1.3 Task 6"/>
      <title value=" Task 6: Caterpillar passage 'Read the following passage using your normal voice:' Caterpillar passage: Do you like amusement parks? Well, I sure do. To amuse myself, I went twice last spring. My most MEMORABLE moment was riding on the Caterpillar, which is a gigantic rollercoaster high above the ground. When I saw how high the Caterpillar rose into the bright blue sky I knew it was for me. After waiting in line for thirty minutes, I made it to the front where the man measured my height to see if I was tall enough. I gave the man my coins, asked for change, and jumped on the cart. Tick, tick, tick, the Caterpillar climbed slowly up the tracks. It went SO high I could see the parking lot. Boy was I SCARED! I thought to myself, “There’s no turning back now.” People were so scared they screamed as we swiftly zoomed fast, fast, and faster along the tracks. As quickly as it started, the Caterpillar came to a stop. Unfortunately, it was time to pack the car and drive home. That night I dreamt of the wild ride on the Caterpillar. Taking a trip to the amusement park and riding on the Caterpillar was my MOST memorable moment ever! "/>
      <description value="This is a standardized passage that contains all the important words to test your articulation"/>
      <priority value="routine"/>
    </action>
    <action>
      <prefix value="1.3 Task 7"/>
      <title value="Task 7: ​￼​Diadocokinesis:[Text Wrapping Break] &#xA;    Say the syllables as they appear on your screen – Pa / Ta / Ka,&#xA;    Now record yourself repeating the syllable /PA/ as fast as possible 10 times,&#xA;    Record yourself repeating the syllable /TA/ as fast as possible 10 times,&#xA;    Record yourself repeating the syllable /KA/ as fast as possible 10 times,&#xA;    Now repeat the work /Pataka/ as fast as possible 10 times,&#xA;    Now repeat the word /buttercup/ as fast as possible 10 times "/>
      <description value="This task tests the way you can articulate the sounds and can gives neurological queues"/>
      <priority value="routine"/>
    </action>
    <action>
      <prefix value="1.3 Task 8"/>
      <title value="Task 8: Free speech: Open ended question (generic) chose 1-2 &#xA; “This section is meant to hear you speak freely by answering an open ended question” “Please answer the following questions and record your answer. Keep talking until the time stops” (leave for 30 seconds)- Options:  &#xA;&#xA;    Can you talk to us about why you are interested by this study? Who told you about it? Why is it meaningful or valuable to you? How do you think it will help patients in the future?,&#xA;&#xA;    Can you tell us a little bit about your health condition? When did it start, what kind of symptoms have you had and for how long? Tell us how you are managing it and how you are doing?​​​,&#xA;&#xA;​​​​    How would you get from where you are now to the grocery store? Explain with as much detail as possible.​​​​​​​"/>
      <priority value="routine"/>
    </action>
    <action>
      <prefix value="1.3 Task 9"/>
      <title value="Task 9: Respiration and cough:  &#xA;'Respiratory sounds can also provide information on your health, let’s record them” - &#xA;&#xA;First, let's hear you breath comfortably for 30 seconds,&#xA;After pressing on record, take 5 big breaths in and out through your nose with your mouth closed,&#xA;After pressing record, cough 5 times,&#xA;Now try again (need that task twice) "/>
      <priority value="routine"/>
    </action>
    <action>
      <prefix value="1.3 Task 10"/>
      <title value="Picture description: “You will be shown a picture, please describe what you see in your own words. You can keep talking until the time runs out” (1 min)"/>
      <priority value="routine"/>
    </action>
    <action>
      <prefix value="1.3 Task 11"/>
      <title value="Task 11: Story Recall:  “You are given a text. Read the text so you familiarize yourself with it. You have up to 5 minutes to read it as many times as you want. When you are ready, you will be asked to recall the story. This can be in your own words.” &#xA;&#xA;-  You wished to know all about my grandfather. Well, he is nearly ninety-three years old. He dresses himself in an ancient black frock coat, usually minus several buttons; yet he still thinks as swiftly as ever. A long, flowing beard clings to his chin, giving those who observe him a pronounced feeling of the utmost respect. When he speaks his voice is just a bit cracked and quivers a trifle. Twice each day he plays skillfully and with zest upon our small organ. Except in the winter when the ooze or snow or ice prevents, he slowly takes a short walk in the open air each day. We have often urged him to walk more and smoke less, but he always answers, “Banana Oil!” Grandfather likes to be modern in his language. "/>
      <priority value="routine"/>
    </action>
  </action>
  <action>
    <prefix value="1.4"/>
    <title value="PMHX and List of Confounders"/>
    <description value="Gather PMHx and Cofounders that need to be collected"/>
    <priority value="routine"/>
  </action>
  <action>
    <prefix value="1.5"/>
    <title value="Questionnaires"/>
    <description value="Administer validated questionnaires"/>
    <priority value="routine"/>
    <action>
      <prefix value="1.5.1"/>
      <title value="PHQ9 Questionniare"/>
      <description value="Administer PHQ9 Questionnaire"/>
      <priority value="routine"/>
      <definitionUri value="https://voicecollab.ai/fhir/Questionnaire/PHQ9schema"/>
    </action>
    <action>
      <prefix value="1.5.2"/>
      <title value="GAD7 Questionniare"/>
      <description value="Administer GAD7 Questionnaire"/>
      <priority value="routine"/>
      <definitionUri value="https://voicecollab.ai/fhir/Questionnaire/GAD7schema"/>
    </action>
  </action>
  <action>
    <prefix value="1.6"/>
    <title value="Feedback Pilot"/>
    <description value="Questions for feedback for pilot​"/>
    <priority value="routine"/>
  </action>
  <action>
    <prefix value="2.1"/>
    <title value="Mood Specific Tasks"/>
    <description value="Tasks specific for mood cohort"/>
    <priority value="routine"/>
    <action>
      <prefix value="2.1.1"/>
      <title value="Task 1: Animal Fluency:"/>
      <description value="Say as many animals as you can in one minute, avoid repeating words (continue trying until time is up)” - need a timer with 1 minute here "/>
      <priority value="routine"/>
    </action>
    <action>
      <prefix value="2.1.2"/>
      <title value="Task 2: Open response questions"/>
      <description value=" “ Please answer the following questions and record your answer. Keep talking until the time stops” (leave for 30 seconds):&#xA;    &#xA;Think of a single issue, feeling, emotion or symptom you have been experiencing lately. For example, sadness, fatigue, anxiety, loneliness, sleep issues, concentration issues, agitation, motivation, numbness, guilt, shame. If you are not experiencing anything negative, think of a positive one such as calmness or gratitude. Then describe how it shows up for you mentally and physically, what you see as its causes, and what situations trigger it.​​ &#xA;"/>
      <priority value="routine"/>
    </action>
    <action>
      <prefix value="2.1.3"/>
      <title value="Task 3: Story recall (audio stimuli or read stimuli). The Grandfather Passage"/>
      <description value="Ask them to repeat: You wished to know all about my grandfather. Well, he is nearly ninety-three years old. He dresses himself in an ancient black frock coat, usually minus several buttons; yet he still thinks as swiftly as ever. A long, flowing beard clings to his chin, giving those who observe him a pronounced feeling of the utmost respect. When he speaks his voice is just a bit cracked and quivers a trifle. Twice each day he plays skillfully and with zest upon our small organ. Except in the winter when the ooze or snow or ice prevents, he slowly takes a short walk in the open air each day. We have often urged him to walk more and smoke less, but he always answers, “Banana Oil!” Grandfather likes to be modern in his language. "/>
      <priority value="routine"/>
    </action>
    <action>
      <prefix value="2.1.3"/>
      <title value="Task 4: Picture descriptions."/>
      <description value="We're adding cross-sectional writing prompts, to get linguistic markers without speech. We will choose a subset of the following] &#xA;    How do you want to be remembered at the end of your life by the people who know you well?  &#xA;    What were some of the happiest moments of your life? Where were you? What happened? Why did they make you happy? &#xA;    Describe something good that happened in the last month (big or small)? Maybe you helped someone or there was some good news or there was a moment of joy and peace. Where were you, what happened, how did you feel? &#xA;    How have you grown in the past? Have you learned important lessons about yourself? &#xA;    Please think about your best possible social and professional self in the next month. Imagine that everything will go as well as it possibly can. Let your creativity flow and describe what exactly would improve, how your daily routine would be, and how you would feel.  &#xA;    Describe something that makes you happy. Are you with someone or by yourself? How do you feel? Why does it make you happy? Can you do this often?&#xA;    &#xA;    [If participants answer positively to any suicidal ideation items, such as the PHQ9, this prompt with resources will become available:]&#xA;&#xA;    If you're thinking about suicide or hurting yourself, are worried about a friend or loved one, or would like emotional support, the Lifeline network is available 24/7 and experience helping people in crisis. Your call or text is confidential and free. You can call the Suicide Prevention Lifeline in the United States right now: &#xA;&#xA;    988 ,&#xA;&#xA;    English: 1-800-273-8255,&#xA;&#xA;    Español: 1-888-628-9454, &#xA;&#xA;    Or text the Crisis TextLine now, also free and confidential: &#xA;&#xA;    ​​SMS in the ​US or Canada: 741741 ,&#xA;&#xA;    Chat using WhatsApp or Browser: https://www.crisistextline.org/ ,&#xA;&#xA;    For other countries: www.befrienders.org &#xA;    "/>
      <priority value="routine"/>
    </action>
  </action>
  <action>
    <prefix value="2.2"/>
    <title value="Past medical history and confounders specific to Mood Disorder Cohort"/>
    <priority value="routine"/>
  </action>
  <action>
    <prefix value="2.3"/>
    <title value="Validated questionnaires specific to mood disorder Cohorts"/>
    <priority value="routine"/>
    <action>
      <prefix value="2.3.1"/>
      <title value="International PANAS Short Form (10) affect scale"/>
      <description value="Administer PANAS Questionnaire"/>
      <priority value="routine"/>
    </action>
    <action>
      <prefix value="2.3.2"/>
      <title value="Custom Affect scale "/>
      <description value="Administer CAS Questionnaire"/>
      <priority value="routine"/>
    </action>
    <action>
      <prefix value="2.3.3"/>
      <title value="DSM-5 Cross Cutting Measure, Adult Version (23 items)."/>
      <description value="Administer DSM5 Questionnaire"/>
      <priority value="routine"/>
    </action>
    <action>
      <prefix value="2.3.4"/>
      <title value="Altman Self-Rating Mania Scale"/>
      <description value="Administer ASRM Questionnaire"/>
      <priority value="routine"/>
    </action>
    <action>
      <prefix value="2.3.5"/>
      <title value="National Stressful Events Survey PTSD Short Scale (NSESSS)"/>
      <description value="Depending on response to DSM-5, administer NSESSS Questionnaire"/>
      <priority value="routine"/>
    </action>
    <action>
      <prefix value="2.3.6"/>
      <title value="Severity Measure for Social Anxiety Disorder (Social Phobia)—Adult - 10"/>
      <description value="Depending on response to DSM-5, administer SMSAD Questionnaire"/>
      <priority value="routine"/>
    </action>
    <action>
      <prefix value="2.3.7"/>
      <title value="Adult ADHD Self-Report Scale (ASRS-v1.1) Symptom Checklist Part A"/>
      <description value="Depending on response to DSM-5, administer ASRS-v1.1 Questionnaire"/>
      <priority value="routine"/>
    </action>
    <action>
      <prefix value="2.3.8"/>
      <title value="Well-being: Secure Flourishing Index"/>
      <description value="Administer SFI Questionnaire"/>
      <priority value="routine"/>
    </action>
    <action>
      <prefix value="2.3.9"/>
      <title value="Hamburg–Hannover Agitation Scale (H2A) "/>
      <description value="Administer H2A Questionnaire"/>
      <priority value="routine"/>
    </action>
    <action>
      <prefix value="2.3.10"/>
      <title value="Chalder Fatigue Scale 11"/>
      <description value="Administer CFS 11 Questionnaire"/>
      <priority value="routine"/>
    </action>
    <action>
      <prefix value="2.3.11"/>
      <title value="The Big Five Inventory–2 Extra Short Form "/>
      <description value="Administer The Big Five Inventory–2 Extra Short Form  Questionnaire"/>
      <priority value="routine"/>
    </action>
    <action>
      <prefix value="2.3.12"/>
      <title value="Optional journaling prompts (audio recording)  "/>
      <description value="Take some time to journal and reflect honestly about the question and respond with detail and depth. Please don’t provide identifying information such as people’s names: &#xA;&#xA;    What behaviors and thoughts have you been having to better cope with issues that give you the most stress? What are you interested in trying to change (new relationships, boundaries, acceptance, employment, education, exercise, beginning therapy, meditation, travel, health)? &#xA;&#xA;    How do you want to be remembered at the end of your life by the people who know you well?  &#xA;&#xA;    How have you grown in the past? Have you learned important lessons about yourself? "/>
      <priority value="routine"/>
    </action>
  </action>
  <action>
    <prefix value="2.4"/>
    <title value="Feedback"/>
    <description value="Please leave any comments or suggestions on the study so we can improve it (or skip)"/>
    <priority value="routine"/>
  </action>
</PlanDefinition>