{
  "resourceType" : "PlanDefinition",
  "id" : "VbaiPlanDefinitionVoiceExample",
  "meta" : {
    "profile" : ["https://voicecollab.ai/fhir/StructureDefinition/vbai-plan-definition"]
  },
  "text" : {
    "status" : "generated",
    "div" : "<div xmlns=\"http://www.w3.org/1999/xhtml\"><p><b>Generated Narrative: PlanDefinition</b><a name=\"VbaiPlanDefinitionVoiceExample\"> </a></p><div style=\"display: inline-block; background-color: #d9e0e7; padding: 6px; margin: 4px; border: 1px solid #8da1b4; border-radius: 5px; line-height: 60%\"><p style=\"margin-bottom: 0px\">Resource PlanDefinition &quot;VbaiPlanDefinitionVoiceExample&quot; </p><p style=\"margin-bottom: 0px\">Profile: <a href=\"StructureDefinition-vbai-plan-definition.html\">Vbai Plan Definition</a></p></div><p><b>url</b>: <code>https://voicecollab.ai/fhir/PlanDefinition/VbaiPlanDefinitionVoiceExample</code></p><p><b>version</b>: 0.1.0</p><p><b>title</b>: Voice Cohort Protocol</p><p><b>status</b>: active</p><p><b>date</b>: 2023-04-28</p><p><b>publisher</b>: KinD Lab</p><p><b>contact</b>: KinD Lab: <a href=\"http://fhir.kindlab.sickkids.ca\">http://fhir.kindlab.sickkids.ca</a></p><p><b>description</b>: This is a plandefinition for Voice cohort protocol</p><blockquote><p><b>action</b></p><p><b>prefix</b>: 1.1 - 1.8</p><p><b>title</b>: Required task across all chorts</p><p><b>description</b>: List of tasks and actions done across all 5 cohorts</p><p><b>priority</b>: routine</p><p><b>definition</b>: <a href=\"PlanDefinition-VbaiPlanDefinitionExample.html\">Cohort Protocol</a></p></blockquote><blockquote><p><b>action</b></p><p><b>prefix</b>: B</p><p><b>title</b>: Part B Voice Disorders</p><p><b>description</b>: Acoustic Tasks specific to voice cohort\u00a0​</p><p><b>priority</b>: routine</p><h3>Actions</h3><table class=\"grid\"><tr><td>-</td><td><b>Prefix</b></td><td><b>Title</b></td><td><b>Description</b></td></tr><tr><td>*</td><td>B.1 Task 1</td><td>Task 1: Caterpillar passage     Read the following passage using your normal voice:\n    Caterpillar passage: Do you like amusement parks? Well, I sure do. To amuse myself, I went twice last spring. My most MEMORABLE moment was riding on the Caterpillar, which is a gigantic rollercoaster high above the ground. When I saw how high the Caterpillar rose into the bright blue sky I knew it was for me. After waiting in line for thirty minutes, I made it to the front where the man measured my height to see if I was tall enough. I gave the man my coins, asked for change, and jumped on the cart. Tick, tick, tick, the Caterpillar climbed slowly up the tracks. It went SO high I could see the parking lot. Boy was I SCARED! I thought to myself, “There’s no turning back now.” People were so scared they screamed as we swiftly zoomed fast, fast, and faster along the tracks. As quickly as it started, the Caterpillar came to a stop. Unfortunately, it was time to pack the car and drive home. That night I dreamt of the wild ride on the Caterpillar. Taking a trip to the amusement park and riding on the Caterpillar was my MOST memorable moment ever!\u00a0</td><td>This is a standardized passage that contains all the important words to test your articulation</td></tr><tr><td>*</td><td>B.1 Task 2</td><td>Task 2: Cape V sentences\u00a0</td><td>Please read the following sentences out loud:\u00a0\n·The blue spot is on the key again.\u00a0\n·How hard did he hit him?\u00a0\n·We were away a year ago.\u00a0\n·We eat eggs every easter.\u00a0\n·My mama makes lemon muffins.\u00a0\n·Peter will keep at the peak\u00a0</td></tr><tr><td>*</td><td>B.1 Task 3</td><td>Task 3: Free Speechs</td><td>Please answer the following questions. You can read the question, then click on the recording button when you are ready to answer. You can keep talking until the timer is up. (Leave the timer for 30 seconds)\u00a0\n-  Can you explain your voice/speech problems and why you consulted a physician for it?</td></tr></table></blockquote><blockquote><p><b>action</b></p><p><b>prefix</b>: B.2</p><p><b>title</b>: PMHx and Confounders specific to voice cohort</p><p><b>priority</b>: routine</p></blockquote><blockquote><p><b>action</b></p><p><b>prefix</b>: B.3</p><p><b>title</b>: Validated questionnaires specific to voice cohort\u00a0</p><p><b>priority</b>: routine</p><h3>Actions</h3><table class=\"grid\"><tr><td>-</td><td><b>Prefix</b></td><td><b>Title</b></td><td><b>Description</b></td><td><b>Priority</b></td><td><b>Definition[x]</b></td></tr><tr><td>*</td><td>B.3.1</td><td>Consensus Auditory-Perceptual Evaluation of Voice (CAPE-V)\u00a0</td><td>Administer CAPE-V Questionnaire</td><td>routine</td><td> </td></tr><tr><td>*</td><td>B.3.2</td><td>Overall Voice Problem severity scale </td><td>Administer Voice Problem Severity Questionnaire</td><td>routine</td><td><a href=\"Questionnaire-VoiceProblemSeverity.html\">Voice Problen Severity</a></td></tr></table></blockquote></div>"
  },
  "url" : "https://voicecollab.ai/fhir/PlanDefinition/VbaiPlanDefinitionVoiceExample",
  "version" : "0.1.0",
  "title" : "Voice Cohort Protocol",
  "status" : "active",
  "date" : "2023-04-28",
  "publisher" : "KinD Lab",
  "contact" : [{
    "name" : "KinD Lab",
    "telecom" : [{
      "system" : "url",
      "value" : "http://fhir.kindlab.sickkids.ca"
    }]
  }],
  "description" : "This is a plandefinition for Voice cohort protocol",
  "action" : [{
    "prefix" : "1.1 - 1.8",
    "title" : "Required task across all chorts",
    "description" : "List of tasks and actions done across all 5 cohorts",
    "priority" : "routine",
    "definitionUri" : "https://voicecollab.ai/fhir/PlanDefinition/VbaiPlanDefinitionExample"
  },
  {
    "prefix" : "B",
    "title" : "Part B Voice Disorders",
    "description" : "Acoustic Tasks specific to voice cohort\u00a0​",
    "priority" : "routine",
    "action" : [{
      "prefix" : "B.1 Task 1",
      "title" : "Task 1: Caterpillar passage     Read the following passage using your normal voice:\n    Caterpillar passage: Do you like amusement parks? Well, I sure do. To amuse myself, I went twice last spring. My most MEMORABLE moment was riding on the Caterpillar, which is a gigantic rollercoaster high above the ground. When I saw how high the Caterpillar rose into the bright blue sky I knew it was for me. After waiting in line for thirty minutes, I made it to the front where the man measured my height to see if I was tall enough. I gave the man my coins, asked for change, and jumped on the cart. Tick, tick, tick, the Caterpillar climbed slowly up the tracks. It went SO high I could see the parking lot. Boy was I SCARED! I thought to myself, “There’s no turning back now.” People were so scared they screamed as we swiftly zoomed fast, fast, and faster along the tracks. As quickly as it started, the Caterpillar came to a stop. Unfortunately, it was time to pack the car and drive home. That night I dreamt of the wild ride on the Caterpillar. Taking a trip to the amusement park and riding on the Caterpillar was my MOST memorable moment ever!\u00a0",
      "description" : "This is a standardized passage that contains all the important words to test your articulation"
    },
    {
      "prefix" : "B.1 Task 2",
      "title" : "Task 2: Cape V sentences\u00a0",
      "description" : "Please read the following sentences out loud:\u00a0\n·The blue spot is on the key again.\u00a0\n·How hard did he hit him?\u00a0\n·We were away a year ago.\u00a0\n·We eat eggs every easter.\u00a0\n·My mama makes lemon muffins.\u00a0\n·Peter will keep at the peak\u00a0"
    },
    {
      "prefix" : "B.1 Task 3",
      "title" : "Task 3: Free Speechs",
      "description" : "Please answer the following questions. You can read the question, then click on the recording button when you are ready to answer. You can keep talking until the timer is up. (Leave the timer for 30 seconds)\u00a0\n-  Can you explain your voice/speech problems and why you consulted a physician for it?"
    }]
  },
  {
    "prefix" : "B.2",
    "title" : "PMHx and Confounders specific to voice cohort",
    "priority" : "routine"
  },
  {
    "prefix" : "B.3",
    "title" : "Validated questionnaires specific to voice cohort\u00a0",
    "priority" : "routine",
    "action" : [{
      "prefix" : "B.3.1",
      "title" : "Consensus Auditory-Perceptual Evaluation of Voice (CAPE-V)\u00a0",
      "description" : "Administer CAPE-V Questionnaire",
      "priority" : "routine"
    },
    {
      "prefix" : "B.3.2",
      "title" : "Overall Voice Problem severity scale ",
      "description" : "Administer Voice Problem Severity Questionnaire",
      "priority" : "routine",
      "definitionUri" : "https://voicecollab.ai/fhir/Questionnaire/VoiceProblemSeverity"
    }]
  }]
}