<?xml version="1.0" encoding="UTF-8"?>

<PlanDefinition xmlns="http://hl7.org/fhir">
  <id value="VbaiPlanDefinitionAcousticTasksGeneralExample"/>
  <meta>
    <profile value="https://voicecollab.ai/fhir/StructureDefinition/vbai-plan-definition"/>
  </meta>
  <text>
    <status value="generated"/><div xmlns="http://www.w3.org/1999/xhtml"><p><b>Generated Narrative: PlanDefinition</b><a name="VbaiPlanDefinitionAcousticTasksGeneralExample"> </a></p><div style="display: inline-block; background-color: #d9e0e7; padding: 6px; margin: 4px; border: 1px solid #8da1b4; border-radius: 5px; line-height: 60%"><p style="margin-bottom: 0px">Resource PlanDefinition &quot;VbaiPlanDefinitionAcousticTasksGeneralExample&quot; </p><p style="margin-bottom: 0px">Profile: <a href="StructureDefinition-vbai-plan-definition.html">Vbai Plan Definition</a></p></div><p><b>url</b>: <code>https://voicecollab.ai/fhir/PlanDefinition/VbaiPlanDefinitionAcousticTasksGeneralExample</code></p><p><b>version</b>: 1.0.0</p><p><b>title</b>: AcousticTasksGeneral PlanDefinition</p><p><b>status</b>: active</p><p><b>date</b>: 2023-04-28</p><p><b>publisher</b>: KinD Lab</p><p><b>contact</b>: KinD Lab: <a href="http://fhir.kindlab.sickkids.ca">http://fhir.kindlab.sickkids.ca</a></p><p><b>description</b>: This is a plandefinition for AcousticTasksGeneral</p><blockquote><p><b>action</b></p><p><b>prefix</b>: 1.5.1</p><p><b>title</b>: Perform Acoustic tasks</p><p><b>description</b>: Audio check (Audio check: Before we start, let’s test your microphone. Click on the Start button below and say something out loud like “Testing 1, 2, 3”. Recording will stop automatically after 5 seconds. Click Play to hear your recording. If you hear background noise, please go to a quieter place and try again by selecting Redo Recording.  If it sounds good, continue.</p><p><b>priority</b>: routine</p></blockquote><blockquote><p><b>action</b></p><p><b>prefix</b>: 1.5.1 Task 1</p><p><b>title</b>: Prolonged vowel: ​Count to 3 and say “e” for 5 seconds </p><p><b>description</b>: This task helps us analyze features in your voice</p><p><b>priority</b>: routine</p></blockquote><blockquote><p><b>action</b></p><p><b>prefix</b>: 1.5.1 Task 2</p><p><b>title</b>: Maximum phonation time: Say /e/  (max. phonation time ): 'Using your normal voice, take a deep breath and say /e/' until you run completely out of air (click stop when you run out of air)'. (need to ask for this task twice!) </p><p><b>description</b>: This tasks helps us analyze the way your respiration is connected to your voice</p><p><b>priority</b>: routine</p></blockquote><blockquote><p><b>action</b></p><p><b>prefix</b>: 1.5.1 Task 3</p><p><b>title</b>: Glides: “Using the sound “e”, glide from your lowest pitch possible to the highest pitch possible. Rest, take a breath and then glide from your highest pitch possible to the lowest pitch possible”</p><p><b>description</b>: This task helps us understand how your vocal folds stretch</p><p><b>priority</b>: routine</p></blockquote><blockquote><p><b>action</b></p><p><b>prefix</b>: 1.5.1 Task 4</p><p><b>title</b>: Rainbow passage :  'Read the following passage using your normal voice:' Short Rainbow passage: '￼Read the following passage using your normal voice: When the sunlight strikes raindrops in the air, they act as a prism and form a rainbow. The rainbow is a division of white light into many beautiful colors.  These take the shape of a long round arch, with its path high above, and its two ends apparently beyond the horizon. There is, according to legend, a boiling pot of gold at one end. </p><p><b>description</b>: This is a standardized passage that contains all the important sounds of the English language</p><p><b>priority</b>: routine</p></blockquote><blockquote><p><b>action</b></p><p><b>prefix</b>: 1.5.1 Task 5</p><p><b>title</b>: 1.5.1 Task 5: Cape-V Sentences: “Read these sentences using your normal voice” 
      The blue spot is on the key again,
      How hard did he hit him?,
      We were away a year ago,
      We eat eggs every easter,
      My momma makes lemon muffins,
      Peter will keep at the peak 
      
      This is a standardized passage that contains all the important sounds of the English language
      </p><p><b>priority</b>: routine</p></blockquote><blockquote><p><b>action</b></p><p><b>prefix</b>: 1.5.1 Task 6</p><p><b>title</b>:  Task 6: Caterpillar passage 'Read the following passage using your normal voice:' Caterpillar passage: Do you like amusement parks? Well, I sure do. To amuse myself, I went twice last spring. My most MEMORABLE moment was riding on the Caterpillar, which is a gigantic rollercoaster high above the ground. When I saw how high the Caterpillar rose into the bright blue sky I knew it was for me. After waiting in line for thirty minutes, I made it to the front where the man measured my height to see if I was tall enough. I gave the man my coins, asked for change, and jumped on the cart. Tick, tick, tick, the Caterpillar climbed slowly up the tracks. It went SO high I could see the parking lot. Boy was I SCARED! I thought to myself, “There’s no turning back now.” People were so scared they screamed as we swiftly zoomed fast, fast, and faster along the tracks. As quickly as it started, the Caterpillar came to a stop. Unfortunately, it was time to pack the car and drive home. That night I dreamt of the wild ride on the Caterpillar. Taking a trip to the amusement park and riding on the Caterpillar was my MOST memorable moment ever! </p><p><b>description</b>: This is a standardized passage that contains all the important words to test your articulation</p><p><b>priority</b>: routine</p></blockquote><blockquote><p><b>action</b></p><p><b>prefix</b>: 1.5.1 Task 7</p><p><b>title</b>: Task 7: ​￼​Diadocokinesis:[Text Wrapping Break] 
    Say the syllables as they appear on your screen – Pa / Ta / Ka,
    Now record yourself repeating the syllable /PA/ as fast as possible 10 times,
    Record yourself repeating the syllable /TA/ as fast as possible 10 times,
    Record yourself repeating the syllable /KA/ as fast as possible 10 times,
    Now repeat the work /Pataka/ as fast as possible 10 times,
    Now repeat the word /buttercup/ as fast as possible 10 times </p><p><b>description</b>: This task tests the way you can articulate the sounds and can gives neurological queues</p><p><b>priority</b>: routine</p></blockquote><blockquote><p><b>action</b></p><p><b>prefix</b>: 1.5.1 Task 8</p><p><b>title</b>: Task 8: Free speech: Open ended question (generic) chose 1-2 
 “This section is meant to hear you speak freely by answering an open ended question” “Please answer the following questions and record your answer. Keep talking until the time stops” (leave for 30 seconds)- Options:  

    Can you talk to us about why you are interested by this study? Who told you about it? Why is it meaningful or valuable to you? How do you think it will help patients in the future?,

    Can you tell us a little bit about your health condition? When did it start, what kind of symptoms have you had and for how long? Tell us how you are managing it and how you are doing?​​​,

​​​​    How would you get from where you are now to the grocery store? Explain with as much detail as possible.​​​​​​​</p><p><b>priority</b>: routine</p></blockquote><blockquote><p><b>action</b></p><p><b>prefix</b>: 1.5.1 Task 9</p><p><b>title</b>: Task 9: Respiration and cough:  
'Respiratory sounds can also provide information on your health, let’s record them” - 

First, let's hear you breath comfortably for 30 seconds,
After pressing on record, take 5 big breaths in and out through your nose with your mouth closed,
After pressing record, cough 5 times,
Now try again (need that task twice) </p><p><b>priority</b>: routine</p></blockquote><blockquote><p><b>action</b></p><p><b>prefix</b>: 1.5.1 Task 10</p><p><b>title</b>: Picture description: “You will be shown a picture, please describe what you see in your own words. You can keep talking until the time runs out” (1 min)</p><p><b>priority</b>: routine</p></blockquote><blockquote><p><b>action</b></p><p><b>prefix</b>: 1.5.1 Task 11</p><p><b>title</b>: Task 11: Story Recall:  “You are given a text. Read the text so you familiarize yourself with it. You have up to 5 minutes to read it as many times as you want. When you are ready, you will be asked to recall the story. This can be in your own words.” 

-  You wished to know all about my grandfather. Well, he is nearly ninety-three years old. He dresses himself in an ancient black frock coat, usually minus several buttons; yet he still thinks as swiftly as ever. A long, flowing beard clings to his chin, giving those who observe him a pronounced feeling of the utmost respect. When he speaks his voice is just a bit cracked and quivers a trifle. Twice each day he plays skillfully and with zest upon our small organ. Except in the winter when the ooze or snow or ice prevents, he slowly takes a short walk in the open air each day. We have often urged him to walk more and smoke less, but he always answers, “Banana Oil!” Grandfather likes to be modern in his language. </p><p><b>priority</b>: routine</p></blockquote></div>
  </text>
  <url value="https://voicecollab.ai/fhir/PlanDefinition/VbaiPlanDefinitionAcousticTasksGeneralExample"/>
  <version value="1.0.0"/>
  <title value="AcousticTasksGeneral PlanDefinition"/>
  <status value="active"/>
  <date value="2023-04-28"/>
  <publisher value="KinD Lab"/>
  <contact>
    <name value="KinD Lab"/>
    <telecom>
      <system value="url"/>
      <value value="http://fhir.kindlab.sickkids.ca"/>
    </telecom>
  </contact>
  <description value="This is a plandefinition for AcousticTasksGeneral"/>
  <action>
    <prefix value="1.5.1"/>
    <title value="Perform Acoustic tasks"/>
    <description value="Audio check (Audio check: Before we start, let’s test your microphone. Click on the Start button below and say something out loud like “Testing 1, 2, 3”. Recording will stop automatically after 5 seconds. Click Play to hear your recording. If you hear background noise, please go to a quieter place and try again by selecting Redo Recording.  If it sounds good, continue."/>
    <priority value="routine"/>
  </action>
  <action>
    <prefix value="1.5.1 Task 1"/>
    <title value="Prolonged vowel: ​Count to 3 and say “e” for 5 seconds "/>
    <description value="This task helps us analyze features in your voice"/>
    <priority value="routine"/>
  </action>
  <action>
    <prefix value="1.5.1 Task 2"/>
    <title value="Maximum phonation time: Say /e/  (max. phonation time ): 'Using your normal voice, take a deep breath and say /e/' until you run completely out of air (click stop when you run out of air)'. (need to ask for this task twice!) "/>
    <description value="This tasks helps us analyze the way your respiration is connected to your voice"/>
    <priority value="routine"/>
  </action>
  <action>
    <prefix value="1.5.1 Task 3"/>
    <title value="Glides: “Using the sound “e”, glide from your lowest pitch possible to the highest pitch possible. Rest, take a breath and then glide from your highest pitch possible to the lowest pitch possible”"/>
    <description value="This task helps us understand how your vocal folds stretch"/>
    <priority value="routine"/>
  </action>
  <action>
    <prefix value="1.5.1 Task 4"/>
    <title value="Rainbow passage :  'Read the following passage using your normal voice:' Short Rainbow passage: '￼Read the following passage using your normal voice: When the sunlight strikes raindrops in the air, they act as a prism and form a rainbow. The rainbow is a division of white light into many beautiful colors.  These take the shape of a long round arch, with its path high above, and its two ends apparently beyond the horizon. There is, according to legend, a boiling pot of gold at one end. "/>
    <description value="This is a standardized passage that contains all the important sounds of the English language"/>
    <priority value="routine"/>
  </action>
  <action>
    <prefix value="1.5.1 Task 5"/>
    <title value="1.5.1 Task 5: Cape-V Sentences: “Read these sentences using your normal voice” &#xA;      The blue spot is on the key again,&#xA;      How hard did he hit him?,&#xA;      We were away a year ago,&#xA;      We eat eggs every easter,&#xA;      My momma makes lemon muffins,&#xA;      Peter will keep at the peak &#xA;      &#xA;      This is a standardized passage that contains all the important sounds of the English language&#xA;      "/>
    <priority value="routine"/>
  </action>
  <action>
    <prefix value="1.5.1 Task 6"/>
    <title value=" Task 6: Caterpillar passage 'Read the following passage using your normal voice:' Caterpillar passage: Do you like amusement parks? Well, I sure do. To amuse myself, I went twice last spring. My most MEMORABLE moment was riding on the Caterpillar, which is a gigantic rollercoaster high above the ground. When I saw how high the Caterpillar rose into the bright blue sky I knew it was for me. After waiting in line for thirty minutes, I made it to the front where the man measured my height to see if I was tall enough. I gave the man my coins, asked for change, and jumped on the cart. Tick, tick, tick, the Caterpillar climbed slowly up the tracks. It went SO high I could see the parking lot. Boy was I SCARED! I thought to myself, “There’s no turning back now.” People were so scared they screamed as we swiftly zoomed fast, fast, and faster along the tracks. As quickly as it started, the Caterpillar came to a stop. Unfortunately, it was time to pack the car and drive home. That night I dreamt of the wild ride on the Caterpillar. Taking a trip to the amusement park and riding on the Caterpillar was my MOST memorable moment ever! "/>
    <description value="This is a standardized passage that contains all the important words to test your articulation"/>
    <priority value="routine"/>
  </action>
  <action>
    <prefix value="1.5.1 Task 7"/>
    <title value="Task 7: ​￼​Diadocokinesis:[Text Wrapping Break] &#xA;    Say the syllables as they appear on your screen – Pa / Ta / Ka,&#xA;    Now record yourself repeating the syllable /PA/ as fast as possible 10 times,&#xA;    Record yourself repeating the syllable /TA/ as fast as possible 10 times,&#xA;    Record yourself repeating the syllable /KA/ as fast as possible 10 times,&#xA;    Now repeat the work /Pataka/ as fast as possible 10 times,&#xA;    Now repeat the word /buttercup/ as fast as possible 10 times "/>
    <description value="This task tests the way you can articulate the sounds and can gives neurological queues"/>
    <priority value="routine"/>
  </action>
  <action>
    <prefix value="1.5.1 Task 8"/>
    <title value="Task 8: Free speech: Open ended question (generic) chose 1-2 &#xA; “This section is meant to hear you speak freely by answering an open ended question” “Please answer the following questions and record your answer. Keep talking until the time stops” (leave for 30 seconds)- Options:  &#xA;&#xA;    Can you talk to us about why you are interested by this study? Who told you about it? Why is it meaningful or valuable to you? How do you think it will help patients in the future?,&#xA;&#xA;    Can you tell us a little bit about your health condition? When did it start, what kind of symptoms have you had and for how long? Tell us how you are managing it and how you are doing?​​​,&#xA;&#xA;​​​​    How would you get from where you are now to the grocery store? Explain with as much detail as possible.​​​​​​​"/>
    <priority value="routine"/>
  </action>
  <action>
    <prefix value="1.5.1 Task 9"/>
    <title value="Task 9: Respiration and cough:  &#xA;'Respiratory sounds can also provide information on your health, let’s record them” - &#xA;&#xA;First, let's hear you breath comfortably for 30 seconds,&#xA;After pressing on record, take 5 big breaths in and out through your nose with your mouth closed,&#xA;After pressing record, cough 5 times,&#xA;Now try again (need that task twice) "/>
    <priority value="routine"/>
  </action>
  <action>
    <prefix value="1.5.1 Task 10"/>
    <title value="Picture description: “You will be shown a picture, please describe what you see in your own words. You can keep talking until the time runs out” (1 min)"/>
    <priority value="routine"/>
  </action>
  <action>
    <prefix value="1.5.1 Task 11"/>
    <title value="Task 11: Story Recall:  “You are given a text. Read the text so you familiarize yourself with it. You have up to 5 minutes to read it as many times as you want. When you are ready, you will be asked to recall the story. This can be in your own words.” &#xA;&#xA;-  You wished to know all about my grandfather. Well, he is nearly ninety-three years old. He dresses himself in an ancient black frock coat, usually minus several buttons; yet he still thinks as swiftly as ever. A long, flowing beard clings to his chin, giving those who observe him a pronounced feeling of the utmost respect. When he speaks his voice is just a bit cracked and quivers a trifle. Twice each day he plays skillfully and with zest upon our small organ. Except in the winter when the ooze or snow or ice prevents, he slowly takes a short walk in the open air each day. We have often urged him to walk more and smoke less, but he always answers, “Banana Oil!” Grandfather likes to be modern in his language. "/>
    <priority value="routine"/>
  </action>
</PlanDefinition>