{
  "resourceType" : "PlanDefinition",
  "id" : "VbaiPlanDefinitionQuestionnaireRespiratoryExample",
  "meta" : {
    "profile" : ["https://voicecollab.ai/fhir/StructureDefinition/vbai-plan-definition"]
  },
  "text" : {
    "status" : "generated",
    "div" : "<div xmlns=\"http://www.w3.org/1999/xhtml\"><p><b>Generated Narrative: PlanDefinition</b><a name=\"VbaiPlanDefinitionQuestionnaireRespiratoryExample\"> </a></p><div style=\"display: inline-block; background-color: #d9e0e7; padding: 6px; margin: 4px; border: 1px solid #8da1b4; border-radius: 5px; line-height: 60%\"><p style=\"margin-bottom: 0px\">Resource PlanDefinition &quot;VbaiPlanDefinitionQuestionnaireRespiratoryExample&quot; </p><p style=\"margin-bottom: 0px\">Profile: <a href=\"StructureDefinition-vbai-plan-definition.html\">Vbai Plan Definition</a></p></div><p><b>url</b>: <code>https://voicecollab.ai/fhir/PlanDefinition/VbaiPlanDefinitionQuestionnaireRespiratoryExample</code></p><p><b>version</b>: 1.0.0</p><p><b>title</b>: QuestionnaireRespiratory Cohort Protocol</p><p><b>status</b>: active</p><p><b>date</b>: 2023-07-31</p><p><b>publisher</b>: KinD Lab</p><p><b>contact</b>: KinD Lab: <a href=\"http://fhir.kindlab.sickkids.ca\">http://fhir.kindlab.sickkids.ca</a></p><p><b>description</b>: This is a plandefinition for QuestionnaireRespiratory cohort protocol</p><blockquote><p><b>action</b></p><p><b>prefix</b>: 1.10.1</p><p><b>title</b>: Patient Questionnaire</p><p><b>description</b>: Patient Questionnaire</p><p><b>priority</b>: routine</p><p><b>definition</b>: <a href=\"Questionnaire-RespiratoryPatientQuestionnaire.html\">Patient Questionnaire for Respiratory Questionnaire</a></p></blockquote><blockquote><p><b>action</b></p><p><b>prefix</b>: 1.10.2</p><p><b>title</b>: Dyspnea Index (DI)</p><p><b>description</b>: Perform Dysnea Index Questionnaire</p><p><b>priority</b>: routine</p><p><b>definition</b>: <a href=\"Questionnaire-DyspneaIndex.html\">Dyspnea Index</a></p></blockquote><blockquote><p><b>action</b></p><p><b>prefix</b>: 1.10.3</p><p><b>title</b>: Leicester Cough Questionnaire</p><p><b>description</b>: Perform Leicester Cough Questionnaire</p><p><b>priority</b>: routine</p><p><b>definition</b>: <a href=\"Questionnaire-LeicesterCough.html\">Leicester Cough Questionnaire</a></p></blockquote><blockquote><p><b>action</b></p><p><b>prefix</b>: 1.10.4</p><p><b>title</b>: Urge to Cough Scale</p><p><b>description</b>: Get the participant to rate their urge to cough</p><p><b>priority</b>: routine</p><p><b>definition</b>: <a href=\"Questionnaire-UrgeToCough.html\">Urge to Cough Questionnaire</a></p></blockquote></div>"
  },
  "url" : "https://voicecollab.ai/fhir/PlanDefinition/VbaiPlanDefinitionQuestionnaireRespiratoryExample",
  "version" : "1.0.0",
  "title" : "QuestionnaireRespiratory Cohort Protocol",
  "status" : "active",
  "date" : "2023-07-31",
  "publisher" : "KinD Lab",
  "contact" : [{
    "name" : "KinD Lab",
    "telecom" : [{
      "system" : "url",
      "value" : "http://fhir.kindlab.sickkids.ca"
    }]
  }],
  "description" : "This is a plandefinition for QuestionnaireRespiratory cohort protocol",
  "action" : [{
    "prefix" : "1.10.1",
    "title" : "Patient Questionnaire",
    "description" : "Patient Questionnaire",
    "priority" : "routine",
    "definitionCanonical" : "https://voicecollab.ai/fhir/Questionnaire/RespiratoryPatientQuestionnaire"
  },
  {
    "prefix" : "1.10.2",
    "title" : "Dyspnea Index (DI)",
    "description" : "Perform Dysnea Index Questionnaire",
    "priority" : "routine",
    "definitionCanonical" : "https://voicecollab.ai/fhir/Questionnaire/DyspneaIndex"
  },
  {
    "prefix" : "1.10.3",
    "title" : "Leicester Cough Questionnaire",
    "description" : "Perform Leicester Cough Questionnaire",
    "priority" : "routine",
    "definitionCanonical" : "https://voicecollab.ai/fhir/Questionnaire/LeicesterCough"
  },
  {
    "prefix" : "1.10.4",
    "title" : "Urge to Cough Scale",
    "description" : "Get the participant to rate their urge to cough",
    "priority" : "routine",
    "definitionCanonical" : "https://voicecollab.ai/fhir/Questionnaire/UrgeToCough"
  }]
}