<?xml version="1.0" encoding="UTF-8"?>

<PlanDefinition xmlns="http://hl7.org/fhir">
  <id value="VbaiPlanDefinitionAcousticTasksVoiceExample"/>
  <meta>
    <profile value="https://voicecollab.ai/fhir/StructureDefinition/vbai-plan-definition"/>
  </meta>
  <text>
    <status value="generated"/><div xmlns="http://www.w3.org/1999/xhtml"><p><b>Generated Narrative: PlanDefinition</b><a name="VbaiPlanDefinitionAcousticTasksVoiceExample"> </a></p><div style="display: inline-block; background-color: #d9e0e7; padding: 6px; margin: 4px; border: 1px solid #8da1b4; border-radius: 5px; line-height: 60%"><p style="margin-bottom: 0px">Resource PlanDefinition &quot;VbaiPlanDefinitionAcousticTasksVoiceExample&quot; </p><p style="margin-bottom: 0px">Profile: <a href="StructureDefinition-vbai-plan-definition.html">Vbai Plan Definition</a></p></div><p><b>url</b>: <code>https://voicecollab.ai/fhir/PlanDefinition/VbaiPlanDefinitionAcousticTasksVoiceExample</code></p><p><b>version</b>: 0.1.0</p><p><b>title</b>: Acoustic Tasks Voice Cohort Protocol</p><p><b>status</b>: active</p><p><b>date</b>: 2023-07-29</p><p><b>publisher</b>: KinD Lab</p><p><b>contact</b>: KinD Lab: <a href="http://fhir.kindlab.sickkids.ca">http://fhir.kindlab.sickkids.ca</a></p><p><b>description</b>: This is a plandefinition for AcousticTasksVoice</p><blockquote><p><b>action</b></p><p><b>prefix</b>: 1.8</p><p><b>title</b>:  Voice Disorders</p><p><b>description</b>: Acoustic Tasks specific to voice cohort ​</p><p><b>priority</b>: routine</p><h3>Actions</h3><table class="grid"><tr><td>-</td><td><b>Prefix</b></td><td><b>Title</b></td><td><b>Description</b></td></tr><tr><td>*</td><td>1.8 Task 1</td><td>Prolonged vowel (1)</td><td>Relax, take a deep breath, and sustain the sound “ah” for as long aspossible.</td></tr><tr><td>*</td><td>1.8 Task 2</td><td>Prolonged vowel (2)</td><td>Chant the numbers 1 through 3 and say “ah” for 3-5 seconds.</td></tr><tr><td>*</td><td>1.8 Task 3</td><td>Sentences CAPE-V</td><td>Please read the sentences on your screen: 1. The blue spot is on the key again 2. How hard did he hit him? 3. We were
away a year ago. 4. We eat eggs every easter. 5. My mama makes lemon muffins. 6. Peter will keep at the peak</td></tr><tr><td>*</td><td>1.8 Task 4</td><td>Connected speech passage Reading 'Rainbow passage'</td><td>Please read the passage on your screen: 
When the sunlight strikes raindrops in the air, they act as a prism and form a rainbow. The rainbow is a division of white light into many beautiful colors. These take the shape of a long round arch, with its path high above, and its two ends apparently beyond the horizon.</td></tr><tr><td>*</td><td>1.8 Task 5</td><td>Pitch range &amp; intensity</td><td>Using the sound
'e', glide from your
lowest pitch
possible to the
highest pitch
possible. Rest, take
a breath and then
glide from your
highest pitch
possible to the
lowest pitch
possible.</td></tr></table></blockquote></div>
  </text>
  <url value="https://voicecollab.ai/fhir/PlanDefinition/VbaiPlanDefinitionAcousticTasksVoiceExample"/>
  <version value="0.1.0"/>
  <title value="Acoustic Tasks Voice Cohort Protocol"/>
  <status value="active"/>
  <date value="2023-07-29"/>
  <publisher value="KinD Lab"/>
  <contact>
    <name value="KinD Lab"/>
    <telecom>
      <system value="url"/>
      <value value="http://fhir.kindlab.sickkids.ca"/>
    </telecom>
  </contact>
  <description value="This is a plandefinition for AcousticTasksVoice"/>
  <action>
    <prefix value="1.8"/>
    <title value=" Voice Disorders"/>
    <description value="Acoustic Tasks specific to voice cohort ​"/>
    <priority value="routine"/>
    <action>
      <prefix value="1.8 Task 1"/>
      <title value="Prolonged vowel (1)"/>
      <description value="Relax, take a deep breath, and sustain the sound “ah” for as long aspossible."/>
    </action>
    <action>
      <prefix value="1.8 Task 2"/>
      <title value="Prolonged vowel (2)"/>
      <description value="Chant the numbers 1 through 3 and say “ah” for 3-5 seconds."/>
    </action>
    <action>
      <prefix value="1.8 Task 3"/>
      <title value="Sentences CAPE-V"/>
      <description value="Please read the sentences on your screen: 1. The blue spot is on the key again 2. How hard did he hit him? 3. We were&#xA;away a year ago. 4. We eat eggs every easter. 5. My mama makes lemon muffins. 6. Peter will keep at the peak"/>
    </action>
    <action>
      <prefix value="1.8 Task 4"/>
      <title value="Connected speech passage Reading 'Rainbow passage'"/>
      <description value="Please read the passage on your screen: &#xA;When the sunlight strikes raindrops in the air, they act as a prism and form a rainbow. The rainbow is a division of white light into many beautiful colors. These take the shape of a long round arch, with its path high above, and its two ends apparently beyond the horizon."/>
    </action>
    <action>
      <prefix value="1.8 Task 5"/>
      <title value="Pitch range &amp; intensity"/>
      <description value="Using the sound&#xA;'e', glide from your&#xA;lowest pitch&#xA;possible to the&#xA;highest pitch&#xA;possible. Rest, take&#xA;a breath and then&#xA;glide from your&#xA;highest pitch&#xA;possible to the&#xA;lowest pitch&#xA;possible."/>
    </action>
  </action>
</PlanDefinition>