{
  "resourceType" : "Questionnaire",
  "id" : "PatientQuestions",
  "meta" : {
    "profile" : ["https://voicecollab.ai/fhir/StructureDefinition/vbai-questionnaire"]
  },
  "text" : {
    "status" : "generated",
    "div" : "<div xmlns=\"http://www.w3.org/1999/xhtml\">Placeholder</div>"
  },
  "url" : "https://voicecollab.ai/fhir/Questionnaire/PatientQuestions",
  "version" : "1.0.0",
  "title" : "Patient Questions",
  "status" : "active",
  "date" : "2023-07-07",
  "publisher" : "KinD Lab",
  "contact" : [{
    "name" : "KinD Lab",
    "telecom" : [{
      "system" : "url",
      "value" : "http://fhir.kindlab.sickkids.ca"
    }]
  }],
  "item" : [{
    "linkId" : "Q1",
    "text" : "Can you tell me why you visited the doctor for your voice?",
    "type" : "string"
  },
  {
    "linkId" : "Q2",
    "text" : "Describe your voice problem",
    "type" : "string"
  },
  {
    "linkId" : "Q3",
    "text" : "How would you rate your quality today? 1 being poor quality, 10 being the best quality",
    "type" : "integer"
  }]
}