{
  "resourceType" : "Questionnaire",
  "id" : "PANASQuestionnaire",
  "meta" : {
    "profile" : ["https://voicecollab.ai/fhir/StructureDefinition/vbai-questionnaire"]
  },
  "text" : {
    "status" : "generated",
    "div" : "<div xmlns=\"http://www.w3.org/1999/xhtml\">Placeholder</div>"
  },
  "url" : "https://voicecollab.ai/fhir/Questionnaire/PANASQuestionnaire",
  "version" : "1.0.0",
  "title" : "PANAS",
  "status" : "active",
  "date" : "2023-06-20",
  "publisher" : "KinD Lab",
  "contact" : [{
    "name" : "KinD Lab",
    "telecom" : [{
      "system" : "url",
      "value" : "http://fhir.kindlab.sickkids.ca"
    }]
  }],
  "item" : [{
    "linkId" : "panas_session_id",
    "text" : "Session ID",
    "type" : "string"
  },
  {
    "linkId" : "panas_started_at",
    "text" : "Questionnaire Started At",
    "type" : "string"
  },
  {
    "linkId" : "panas_completed_at",
    "text" : "Questionnaire Completed At",
    "type" : "string"
  },
  {
    "linkId" : "thinking_about_yourself",
    "text" : "Thinking about yourself and how you normally feel, to\nwhat extent do you generally feel? Interval measure: never 1 2 3 4 5\nalways",
    "type" : "group",
    "item" : [{
      "linkId" : "upset",
      "text" : "Upset",
      "type" : "integer"
    },
    {
      "linkId" : "hostile",
      "text" : "Hostile",
      "type" : "integer"
    },
    {
      "linkId" : "alert",
      "text" : "Alert",
      "type" : "integer"
    },
    {
      "linkId" : "ashamed",
      "text" : "Ashamed",
      "type" : "integer"
    },
    {
      "linkId" : "inspired",
      "text" : "Inspired",
      "type" : "integer"
    },
    {
      "linkId" : "nervous",
      "text" : "Nervous",
      "type" : "integer"
    },
    {
      "linkId" : "determined",
      "text" : "Determined",
      "type" : "integer"
    },
    {
      "linkId" : "attentive",
      "text" : "Attentive",
      "type" : "integer"
    },
    {
      "linkId" : "afraid",
      "text" : "Afraid",
      "type" : "integer"
    },
    {
      "linkId" : "active",
      "text" : "Active",
      "type" : "integer"
    }]
  },
  {
    "linkId" : "questionnaire_mood_disorders_panas_complete",
    "text" : "Completed",
    "type" : "choice",
    "answerValueSet" : "https://voicecollab.ai/fhir/ValueSet/enrollment-complete"
  }]
}