<?xml version="1.0" encoding="UTF-8"?>

<Questionnaire xmlns="http://hl7.org/fhir">
  <id value="MainICF"/>
  <meta>
    <profile value="https://voicecollab.ai/fhir/StructureDefinition/vbai-questionnaire"/>
  </meta>
  <text>
    <status value="generated"/><div xmlns="http://www.w3.org/1999/xhtml">Placeholder</div>
  </text>
  <url value="https://voicecollab.ai/fhir/Questionnaire/MainICF"/>
  <version value="1.0.0"/>
  <title value="Consent Main ICF"/>
  <status value="active"/>
  <date value="2023-06-22"/>
  <publisher value="KinD Lab"/>
  <contact>
    <name value="KinD Lab"/>
    <telecom>
      <system value="url"/>
      <value value="http://fhir.kindlab.sickkids.ca"/>
    </telecom>
  </contact>
  <item>
    <linkId value="page_1"/>
    <type value="display"/>
  </item>
  <item>
    <linkId value="page2"/>
    <type value="display"/>
  </item>
  <item>
    <linkId value="page3"/>
    <type value="display"/>
  </item>
  <item>
    <linkId value="page_4"/>
    <type value="display"/>
  </item>
  <item>
    <linkId value="page_5"/>
    <type value="display"/>
  </item>
  <item>
    <linkId value="page_6"/>
    <type value="display"/>
  </item>
  <item>
    <linkId value="page7"/>
    <type value="display"/>
  </item>
  <item>
    <linkId value="page8"/>
    <type value="display"/>
  </item>
  <item>
    <linkId value="page_9"/>
    <type value="display"/>
  </item>
  <item>
    <linkId value="consent_usf_question"/>
    <text value="Consent to Take Part in Research and Authorization for the&#xA;Collection, Use and Disclosure of Health Information:I&#xA;freely give my consent to take part in this study and&#xA;authorize that my health information as agreed above, be&#xA;collected/disclosed in this study. I understand that by&#xA;signing this form I am agreeing to take part in research. I&#xA;have received a copy of this form to take with me. I&#xA;understand that by filling out the best future contact&#xA;below, I am consenting to be contacted in the future for&#xA;further voice data collection if long term follow up is&#xA;required as part of an eventual extension of this grant&#xA;after the 4-year duration.Please select one of the three&#xA;statements below that you consent to."/>
    <type value="choice"/>
    <answerValueSet value="https://voicecollab.ai/fhir/ValueSet/consent-usf-question"/>
  </item>
  <item>
    <linkId value="consent_usf_signature"/>
    <text value="Signature of Person Taking Part in Study [Authorization]"/>
    <type value="attachment"/>
  </item>
  <item>
    <linkId value="consent_usf_name"/>
    <text value="Printed Name of Person Taking Part in Study "/>
    <type value="string"/>
  </item>
  <item>
    <linkId value="consent_usf_date"/>
    <text value="Date"/>
    <type value="date"/>
  </item>
  <item>
    <linkId value="bridge2ai_consent_main_icf_usf_english_complete"/>
    <text value="Complete?"/>
    <type value="choice"/>
    <answerValueSet value="https://voicecollab.ai/fhir/ValueSet/enrollment-complete"/>
  </item>
</Questionnaire>