{
  "package": "kindlab.fhir.vbai",
  "version": "2.1.0",
  "fhirVersion": "4.0.1",
  "extensions": [],
  "profiles": {
    "Observation": [
      {
        "url": "https://voicecollab.ai/fhir/StructureDefinition/vbai-vital-signs",
        "title": "VBAI Vital Signs"
      }
    ],
    "PlanDefinition": [
      {
        "url": "https://voicecollab.ai/fhir/StructureDefinition/vbai-plan-definition",
        "title": "Vbai Plan Definition"
      }
    ],
    "Condition": [
      {
        "url": "https://voicecollab.ai/fhir/StructureDefinition/vbai-condition",
        "title": "VBAI Condition"
      }
    ],
    "Consent": [
      {
        "url": "https://voicecollab.ai/fhir/StructureDefinition/vbai-consent",
        "title": "VBAI Consent"
      }
    ],
    "Encounter": [
      {
        "url": "https://voicecollab.ai/fhir/StructureDefinition/vbai-encounter",
        "title": "VBAI Encounter"
      }
    ],
    "Media": [
      {
        "url": "https://voicecollab.ai/fhir/StructureDefinition/vbai-waveform-media",
        "title": "VBAI Waveform Media"
      }
    ],
    "ImagingStudy": [
      {
        "url": "https://voicecollab.ai/fhir/StructureDefinition/vbai-imaging-study",
        "title": "VBAI Imaging Study"
      }
    ],
    "Patient": [
      {
        "url": "https://voicecollab.ai/fhir/StructureDefinition/vbai-patient",
        "title": "VBAI Patient"
      }
    ],
    "Questionnaire": [
      {
        "url": "https://voicecollab.ai/fhir/StructureDefinition/vbai-questionnaire",
        "title": "VBAI Questionnaire"
      }
    ],
    "QuestionnaireResponse": [
      {
        "url": "https://voicecollab.ai/fhir/StructureDefinition/vbai-questionnaire-response",
        "title": "VBAI Questionnaire Response"
      }
    ],
    "Device": [
      {
        "url": "https://voicecollab.ai/fhir/StructureDefinition/vbai-waveform-device",
        "title": "VBAI Waveform Device"
      }
    ]
  },
  "usage": {
    "http://hl7.org/fhir/StructureDefinition/condition-assertedDate": [
      "Condition"
    ],
    "http://hl7.org/fhir/StructureDefinition/elementdefinition-bestpractice": [
      "StructureDefinition.snapshot.element.constraint"
    ],
    "http://hl7.org/fhir/StructureDefinition/elementdefinition-bestpractice-explanation": [
      "StructureDefinition.snapshot.element.constraint"
    ],
    "http://hl7.org/fhir/StructureDefinition/elementdefinition-bindingName": [
      "StructureDefinition.snapshot.element.binding"
    ],
    "http://hl7.org/fhir/StructureDefinition/elementdefinition-maxValueSet": [
      "StructureDefinition.snapshot.element.binding"
    ],
    "http://hl7.org/fhir/StructureDefinition/elementdefinition-translatable": [
      "StructureDefinition.snapshot.element"
    ],
    "http://hl7.org/fhir/StructureDefinition/elementdefinition-type-must-support": [
      "StructureDefinition.snapshot.element.type",
      "StructureDefinition.snapshot.element.type.targetProfile"
    ],
    "http://hl7.org/fhir/StructureDefinition/structuredefinition-category": [
      "StructureDefinition"
    ],
    "http://hl7.org/fhir/StructureDefinition/structuredefinition-display-hint": [
      "StructureDefinition.snapshot.element"
    ],
    "http://hl7.org/fhir/StructureDefinition/structuredefinition-fhir-type": [
      "StructureDefinition.snapshot.element.type"
    ],
    "http://hl7.org/fhir/StructureDefinition/structuredefinition-hierarchy": [
      "StructureDefinition.snapshot.element.type"
    ],
    "http://hl7.org/fhir/StructureDefinition/structuredefinition-security-category": [
      "StructureDefinition"
    ],
    "http://hl7.org/fhir/tools/StructureDefinition/ig-internal-dependency": [
      "ImplementationGuide.definition"
    ],
    "http://hl7.org/fhir/tools/StructureDefinition/ig-page-name": [
      "ImplementationGuide.definition.page",
      "ImplementationGuide.definition.page.page"
    ],
    "http://hl7.org/fhir/tools/StructureDefinition/ig-parameter": [
      "ImplementationGuide.definition"
    ],
    "http://hl7.org/fhir/tools/StructureDefinition/resource-information": [
      "ImplementationGuide.definition.resource"
    ],
    "http://hl7.org/fhir/us/core/StructureDefinition/us-core-birthsex": [
      "Patient"
    ],
    "http://hl7.org/fhir/us/core/StructureDefinition/us-core-ethnicity": [
      "Patient"
    ],
    "http://hl7.org/fhir/us/core/StructureDefinition/us-core-genderIdentity": [
      "Patient"
    ],
    "http://hl7.org/fhir/us/core/StructureDefinition/us-core-race": [
      "Patient"
    ]
  }
}