{
  "resourceType" : "ValueSet",
  "id" : "psychiatric-history",
  "text" : {
    "status" : "generated",
    "div" : "<div xmlns=\"http://www.w3.org/1999/xhtml\">Placeholder</div>"
  },
  "url" : "https://voicecollab.ai/fhir/ValueSet/psychiatric-history",
  "version" : "1.0.0",
  "name" : "PsychiatricHistory",
  "title" : "Psychiatric History ValueSet",
  "status" : "active",
  "date" : "2023-05-11",
  "publisher" : "KinD Lab",
  "contact" : [{
    "name" : "KinD Lab",
    "telecom" : [{
      "system" : "url",
      "value" : "http://fhir.kindlab.sickkids.ca"
    }]
  }],
  "description" : "The Codes used by confounder questionnaire",
  "compose" : {
    "include" : [{
      "system" : "https://voicecollab.ai/fhir/CodeSystem/psychiatric-history"
    }]
  }
}