<?xml version="1.0" encoding="UTF-8"?>

<ValueSet xmlns="http://hl7.org/fhir">
  <id value="menstration-menopause"/>
  <text>
    <status value="generated"/><div xmlns="http://www.w3.org/1999/xhtml"><ul><li>Include all codes defined in <a href="CodeSystem-menstration-menopause.html"><code>https://voicecollab.ai/fhir/CodeSystem/menstration-menopause</code></a></li></ul></div>
  </text>
  <url value="https://voicecollab.ai/fhir/ValueSet/menstration-menopause"/>
  <version value="0.1.0"/>
  <name value="MenstrationMenopause"/>
  <title value="Menstration MenopauseValueSet"/>
  <status value="active"/>
  <date value="2023-05-11"/>
  <publisher value="KinD Lab"/>
  <contact>
    <name value="KinD Lab"/>
    <telecom>
      <system value="url"/>
      <value value="http://fhir.kindlab.sickkids.ca"/>
    </telecom>
  </contact>
  <description value="The Codes used by Cofounder questionnaire"/>
  <compose>
    <include>
      <system value="https://voicecollab.ai/fhir/CodeSystem/menstration-menopause"/>
    </include>
  </compose>
</ValueSet>