{
  "resourceType" : "ValueSet",
  "id" : "difficulty-breathing",
  "text" : {
    "status" : "generated",
    "div" : "<div xmlns=\"http://www.w3.org/1999/xhtml\">Placeholder</div>"
  },
  "url" : "https://voicecollab.ai/fhir/ValueSet/difficulty-breathing",
  "version" : "1.0.0",
  "name" : "DifficultyBreathing",
  "title" : "Questionnaire codes for difficulty breahing",
  "status" : "active",
  "date" : "2023-08-02",
  "publisher" : "KinD Lab",
  "contact" : [{
    "name" : "KinD Lab",
    "telecom" : [{
      "system" : "url",
      "value" : "http://fhir.kindlab.sickkids.ca"
    }]
  }],
  "description" : "The codes required for Questionnaires",
  "compose" : {
    "include" : [{
      "system" : "https://voicecollab.ai/fhir/CodeSystem/difficulty-breathing"
    }]
  }
}