<?xml version="1.0" encoding="UTF-8"?>

<ValueSet xmlns="http://hl7.org/fhir">
  <id value="disability-status"/>
  <text>
    <status value="generated"/><div xmlns="http://www.w3.org/1999/xhtml"><ul><li>Include all codes defined in <a href="CodeSystem-disability-status.html"><code>https://voicecollab.ai/fhir/CodeSystem/disability-status</code></a></li></ul></div>
  </text>
  <url value="https://voicecollab.ai/fhir/ValueSet/disability-status"/>
  <version value="0.1.0"/>
  <name value="DisabilityStatus"/>
  <title value="Disability Status"/>
  <status value="draft"/>
  <experimental value="true"/>
  <date value="2023-08-08T14:12:31-04:00"/>
  <publisher value="KinD Lab"/>
  <contact>
    <name value="KinD Lab"/>
    <telecom>
      <system value="url"/>
      <value value="http://fhir.kindlab.sickkids.ca"/>
    </telecom>
  </contact>
  <description value="Valueset for capturing disability status"/>
  <compose>
    <include>
      <system value="https://voicecollab.ai/fhir/CodeSystem/disability-status"/>
    </include>
  </compose>
</ValueSet>