{
  "codeSystems" : [
    {
      "url" : "http://dicom.nema.org/medical/dicom/current/output/chtml/part16/sect_CID_29.html",
      "version" : "2024.1.20240120",
      "status" : "active",
      "name" : "AcquisitionModality",
      "title" : null,
      "description" : "Transitive closure of CID 29 AcquisitionModality",
      "systems" : ["http://dicom.nema.org/resources/ontology/DCM"],
      "oids" : ["1.2.840.10008.6.1.19"],
      "sources" : ["1.2.840.10008.6.1.19"],
      "uses" : {
      },
      "StructureDefinition-vbai-imaging-study.html" : "VBAI Imaging Study"
    },
    {
      "url" : "http://hl7.org/fhir/ValueSet/action-cardinality-behavior",
      "version" : "4.0.1",
      "status" : "draft",
      "name" : "ActionCardinalityBehavior",
      "title" : "ActionCardinalityBehavior",
      "description" : "Defines behavior for an action or a group for how many times that item may be repeated.",
      "systems" : ["http://hl7.org/fhir/action-cardinality-behavior"],
      "oids" : ["2.16.840.1.113883.4.642.3.807"],
      "sources" : ["2.16.840.1.113883.4.642.3.807"],
      "uses" : {
      },
      "StructureDefinition-vbai-plan-definition.html" : "Vbai Plan Definition",
      "StructureDefinition-vbai-cohort-protocol.html" : "A general template for VBAI protocols"
    },
    {
      "url" : "http://hl7.org/fhir/ValueSet/action-condition-kind",
      "version" : "4.0.1",
      "status" : "draft",
      "name" : "ActionConditionKind",
      "title" : "ActionConditionKind",
      "description" : "Defines the kinds of conditions that can appear on actions.",
      "systems" : ["http://hl7.org/fhir/action-condition-kind"],
      "oids" : ["2.16.840.1.113883.4.642.3.815"],
      "sources" : ["2.16.840.1.113883.4.642.3.815"],
      "uses" : {
      },
      "StructureDefinition-vbai-plan-definition.html" : "Vbai Plan Definition",
      "StructureDefinition-vbai-cohort-protocol.html" : "A general template for VBAI protocols"
    },
    {
      "url" : "http://hl7.org/fhir/ValueSet/action-grouping-behavior",
      "version" : "4.0.1",
      "status" : "draft",
      "name" : "ActionGroupingBehavior",
      "title" : "ActionGroupingBehavior",
      "description" : "Defines organization behavior of a group.",
      "systems" : ["http://hl7.org/fhir/action-grouping-behavior"],
      "oids" : ["2.16.840.1.113883.4.642.3.799"],
      "sources" : ["2.16.840.1.113883.4.642.3.799"],
      "uses" : {
      },
      "StructureDefinition-vbai-plan-definition.html" : "Vbai Plan Definition",
      "StructureDefinition-vbai-cohort-protocol.html" : "A general template for VBAI protocols"
    },
    {
      "url" : "http://hl7.org/fhir/ValueSet/action-participant-role",
      "version" : "4.0.1",
      "status" : "draft",
      "name" : "ActionParticipantRole",
      "title" : "Action participant role",
      "description" : "Either a practitioner role or a relationship type.",
      "systems" : [
        "http://terminology.hl7.org/CodeSystem/v3-RoleCode",
        "http://terminology.hl7.org/CodeSystem/v2-0131",
        "http://terminology.hl7.org/CodeSystem/practitioner-role",
        "http://snomed.info/sct"
      ],
      "oids" : ["2.16.840.1.113883.4.642.3.796"],
      "sources" : ["2.16.840.1.113883.4.642.3.796"],
      "uses" : {
      },
      "StructureDefinition-vbai-plan-definition.html" : "Vbai Plan Definition",
      "StructureDefinition-vbai-cohort-protocol.html" : "A general template for VBAI protocols"
    },
    {
      "url" : "http://hl7.org/fhir/ValueSet/action-participant-type",
      "version" : "4.0.1",
      "status" : "draft",
      "name" : "ActionParticipantType",
      "title" : "ActionParticipantType",
      "description" : "The type of participant for the action.",
      "systems" : ["http://hl7.org/fhir/action-participant-type"],
      "oids" : ["2.16.840.1.113883.4.642.3.811"],
      "sources" : ["2.16.840.1.113883.4.642.3.811"],
      "uses" : {
      },
      "StructureDefinition-vbai-plan-definition.html" : "Vbai Plan Definition",
      "StructureDefinition-vbai-cohort-protocol.html" : "A general template for VBAI protocols"
    },
    {
      "url" : "http://hl7.org/fhir/ValueSet/action-precheck-behavior",
      "version" : "4.0.1",
      "status" : "draft",
      "name" : "ActionPrecheckBehavior",
      "title" : "ActionPrecheckBehavior",
      "description" : "Defines selection frequency behavior for an action or group.",
      "systems" : ["http://hl7.org/fhir/action-precheck-behavior"],
      "oids" : ["2.16.840.1.113883.4.642.3.805"],
      "sources" : ["2.16.840.1.113883.4.642.3.805"],
      "uses" : {
      },
      "StructureDefinition-vbai-plan-definition.html" : "Vbai Plan Definition",
      "StructureDefinition-vbai-cohort-protocol.html" : "A general template for VBAI protocols"
    },
    {
      "url" : "http://hl7.org/fhir/ValueSet/action-relationship-type",
      "version" : "4.0.1",
      "status" : "draft",
      "name" : "ActionRelationshipType",
      "title" : "ActionRelationshipType",
      "description" : "Defines the types of relationships between actions.",
      "systems" : ["http://hl7.org/fhir/action-relationship-type"],
      "oids" : ["2.16.840.1.113883.4.642.3.813"],
      "sources" : ["2.16.840.1.113883.4.642.3.813"],
      "uses" : {
      },
      "StructureDefinition-vbai-plan-definition.html" : "Vbai Plan Definition",
      "StructureDefinition-vbai-cohort-protocol.html" : "A general template for VBAI protocols"
    },
    {
      "url" : "http://hl7.org/fhir/ValueSet/action-required-behavior",
      "version" : "4.0.1",
      "status" : "draft",
      "name" : "ActionRequiredBehavior",
      "title" : "ActionRequiredBehavior",
      "description" : "Defines expectations around whether an action or action group is required.",
      "systems" : ["http://hl7.org/fhir/action-required-behavior"],
      "oids" : ["2.16.840.1.113883.4.642.3.803"],
      "sources" : ["2.16.840.1.113883.4.642.3.803"],
      "uses" : {
      },
      "StructureDefinition-vbai-plan-definition.html" : "Vbai Plan Definition",
      "StructureDefinition-vbai-cohort-protocol.html" : "A general template for VBAI protocols"
    },
    {
      "url" : "http://hl7.org/fhir/ValueSet/action-selection-behavior",
      "version" : "4.0.1",
      "status" : "draft",
      "name" : "ActionSelectionBehavior",
      "title" : "ActionSelectionBehavior",
      "description" : "Defines selection behavior of a group.",
      "systems" : ["http://hl7.org/fhir/action-selection-behavior"],
      "oids" : ["2.16.840.1.113883.4.642.3.801"],
      "sources" : ["2.16.840.1.113883.4.642.3.801"],
      "uses" : {
      },
      "StructureDefinition-vbai-plan-definition.html" : "Vbai Plan Definition",
      "StructureDefinition-vbai-cohort-protocol.html" : "A general template for VBAI protocols"
    },
    {
      "url" : "http://hl7.org/fhir/ValueSet/action-type",
      "version" : "4.0.1",
      "status" : "draft",
      "name" : "ActionType",
      "title" : "ActionType",
      "description" : "The type of action to be performed.",
      "systems" : ["http://terminology.hl7.org/CodeSystem/action-type"],
      "oids" : ["2.16.840.1.113883.4.642.3.809"],
      "sources" : ["2.16.840.1.113883.4.642.3.809"],
      "uses" : {
      },
      "StructureDefinition-vbai-plan-definition.html" : "Vbai Plan Definition",
      "StructureDefinition-vbai-cohort-protocol.html" : "A general template for VBAI protocols"
    },
    {
      "url" : "http://hl7.org/fhir/ValueSet/address-type",
      "version" : "4.0.1",
      "status" : "active",
      "name" : "AddressType",
      "title" : "AddressType",
      "description" : "The type of an address (physical / postal).",
      "systems" : ["http://hl7.org/fhir/address-type"],
      "oids" : ["2.16.840.1.113883.4.642.3.69"],
      "sources" : ["2.16.840.1.113883.4.642.3.69"],
      "uses" : {
      },
      "StructureDefinition-vbai-patient.html" : "VBAI Patient"
    },
    {
      "url" : "http://hl7.org/fhir/ValueSet/address-use",
      "version" : "4.0.1",
      "status" : "active",
      "name" : "AddressUse",
      "title" : "AddressUse",
      "description" : "The use of an address.",
      "systems" : ["http://hl7.org/fhir/address-use"],
      "oids" : ["2.16.840.1.113883.4.642.3.67"],
      "sources" : ["2.16.840.1.113883.4.642.3.67"],
      "uses" : {
      },
      "StructureDefinition-vbai-patient.html" : "VBAI Patient"
    },
    {
      "url" : "http://hl7.org/fhir/ValueSet/administrative-gender",
      "version" : "4.0.1",
      "status" : "active",
      "name" : "AdministrativeGender",
      "title" : "AdministrativeGender",
      "description" : "The gender of a person used for administrative purposes.",
      "systems" : ["http://hl7.org/fhir/administrative-gender"],
      "oids" : ["2.16.840.1.113883.4.642.3.1"],
      "sources" : ["2.16.840.1.113883.4.642.3.1"],
      "uses" : {
      },
      "StructureDefinition-vbai-patient.html" : "VBAI Patient"
    },
    {
      "url" : "http://hl7.org/fhir/ValueSet/body-site",
      "version" : "4.0.1",
      "status" : "draft",
      "name" : "SNOMEDCTBodyStructures",
      "title" : "SNOMED CT Body Structures",
      "description" : "This value set includes all codes from [SNOMED CT](http://snomed.info/sct) where concept is-a 442083009 (Anatomical or acquired body site (body structure)).",
      "systems" : ["http://snomed.info/sct"],
      "oids" : ["2.16.840.1.113883.4.642.3.141"],
      "sources" : ["2.16.840.1.113883.4.642.3.141"],
      "uses" : {
      },
      "StructureDefinition-vbai-waveform-media.html" : "VBAI Waveform Media",
      "StructureDefinition-vbai-imaging-study.html" : "VBAI Imaging Study",
      "StructureDefinition-vbai-vital-signs.html" : "VBAI Vital Signs",
      "StructureDefinition-vbai-body-height.html" : "VBAI Body Height",
      "StructureDefinition-vbai-condition.html" : "VBAI Condition",
      "StructureDefinition-vbai-body-weight.html" : "VBAI Body Weight",
      "StructureDefinition-vbai-imaging-media.html" : "VBAI Imaging Media"
    },
    {
      "url" : "http://hl7.org/fhir/ValueSet/bodysite-laterality",
      "version" : "4.0.1",
      "status" : "draft",
      "name" : "Laterality",
      "title" : "Laterality",
      "description" : "Laterality: SNOMED-CT concepts for 'left', 'right', and 'bilateral'",
      "systems" : ["http://snomed.info/sct"],
      "oids" : ["2.16.840.1.113883.4.642.3.287"],
      "sources" : ["2.16.840.1.113883.4.642.3.287"],
      "uses" : {
      },
      "StructureDefinition-vbai-imaging-study.html" : "VBAI Imaging Study"
    },
    {
      "url" : "http://hl7.org/fhir/ValueSet/clinical-findings",
      "version" : "4.0.1",
      "status" : "draft",
      "name" : "SNOMEDCTClinicalFindings",
      "title" : "SNOMED CT Clinical Findings",
      "description" : "This value set includes all the \"Clinical finding\" [SNOMED CT](http://snomed.info/sct) codes - concepts where concept is-a 404684003 (Clinical finding (finding)).",
      "systems" : ["http://snomed.info/sct"],
      "oids" : ["2.16.840.1.113883.4.642.3.232"],
      "sources" : ["2.16.840.1.113883.4.642.3.232"],
      "uses" : {
      },
      "StructureDefinition-vbai-plan-definition.html" : "Vbai Plan Definition",
      "StructureDefinition-vbai-cohort-protocol.html" : "A general template for VBAI protocols"
    },
    {
      "url" : "http://hl7.org/fhir/ValueSet/condition-category",
      "version" : "4.0.1",
      "status" : "draft",
      "name" : "ConditionCategoryCodes",
      "title" : "Condition Category Codes",
      "description" : "Preferred value set for Condition Categories.",
      "systems" : ["http://terminology.hl7.org/CodeSystem/condition-category"],
      "oids" : ["2.16.840.1.113883.4.642.3.162"],
      "sources" : ["2.16.840.1.113883.4.642.3.162"],
      "uses" : {
      },
      "StructureDefinition-vbai-condition.html" : "VBAI Condition"
    },
    {
      "url" : "http://hl7.org/fhir/ValueSet/condition-clinical",
      "version" : "4.0.1",
      "status" : "draft",
      "name" : "ConditionClinicalStatusCodes",
      "title" : "Condition Clinical Status Codes",
      "description" : "Preferred value set for Condition Clinical Status.",
      "systems" : ["http://terminology.hl7.org/CodeSystem/condition-clinical"],
      "oids" : ["2.16.840.1.113883.4.642.3.164"],
      "sources" : ["2.16.840.1.113883.4.642.3.164"],
      "uses" : {
      },
      "StructureDefinition-vbai-condition.html" : "VBAI Condition"
    },
    {
      "url" : "http://hl7.org/fhir/ValueSet/condition-code",
      "version" : "4.0.1",
      "status" : "draft",
      "name" : "Condition/Problem/DiagnosisCodes",
      "title" : "Condition/Problem/Diagnosis Codes",
      "description" : "Example value set for Condition/Problem/Diagnosis codes.",
      "systems" : ["http://snomed.info/sct"],
      "oids" : ["2.16.840.1.113883.4.642.3.161"],
      "sources" : ["2.16.840.1.113883.4.642.3.161"],
      "uses" : {
      },
      "StructureDefinition-vbai-plan-definition.html" : "Vbai Plan Definition",
      "StructureDefinition-vbai-cohort-protocol.html" : "A general template for VBAI protocols"
    },
    {
      "url" : "http://hl7.org/fhir/ValueSet/condition-severity",
      "version" : "4.0.1",
      "status" : "draft",
      "name" : "Condition/DiagnosisSeverity",
      "title" : "Condition/Diagnosis Severity",
      "description" : "Preferred value set for Condition/Diagnosis severity grading.",
      "systems" : ["http://snomed.info/sct"],
      "oids" : ["2.16.840.1.113883.4.642.3.168"],
      "sources" : ["2.16.840.1.113883.4.642.3.168"],
      "uses" : {
      },
      "StructureDefinition-vbai-condition.html" : "VBAI Condition"
    },
    {
      "url" : "http://hl7.org/fhir/ValueSet/condition-stage",
      "version" : "4.0.1",
      "status" : "draft",
      "name" : "ConditionStage",
      "title" : "Condition Stage",
      "description" : "Example value set for stages of cancer and other conditions.",
      "systems" : ["http://snomed.info/sct"],
      "oids" : ["2.16.840.1.113883.4.642.3.170"],
      "sources" : ["2.16.840.1.113883.4.642.3.170"],
      "uses" : {
      },
      "StructureDefinition-vbai-condition.html" : "VBAI Condition"
    },
    {
      "url" : "http://hl7.org/fhir/ValueSet/condition-stage-type",
      "version" : "4.0.1",
      "status" : "draft",
      "name" : "ConditionStageType",
      "title" : "Condition Stage Type",
      "description" : "Example value set for the type of stages of cancer and other conditions",
      "systems" : ["http://snomed.info/sct"],
      "oids" : ["2.16.840.1.113883.4.642.3.171"],
      "sources" : ["2.16.840.1.113883.4.642.3.171"],
      "uses" : {
      },
      "StructureDefinition-vbai-condition.html" : "VBAI Condition"
    },
    {
      "url" : "http://hl7.org/fhir/ValueSet/condition-ver-status",
      "version" : "4.0.1",
      "status" : "draft",
      "name" : "ConditionVerificationStatus",
      "title" : "ConditionVerificationStatus",
      "description" : "The verification status to support or decline the clinical status of the condition or diagnosis.",
      "systems" : ["http://terminology.hl7.org/CodeSystem/condition-ver-status"],
      "oids" : ["2.16.840.1.113883.4.642.3.166"],
      "sources" : ["2.16.840.1.113883.4.642.3.166"],
      "uses" : {
      },
      "StructureDefinition-vbai-condition.html" : "VBAI Condition"
    },
    {
      "url" : "http://hl7.org/fhir/ValueSet/consent-action",
      "version" : "4.0.1",
      "status" : "draft",
      "name" : "ConsentActionCodes",
      "title" : "Consent Action Codes",
      "description" : "This value set includes sample Consent Action codes.",
      "systems" : ["http://terminology.hl7.org/CodeSystem/consentaction"],
      "oids" : ["2.16.840.1.113883.4.642.3.753"],
      "sources" : ["2.16.840.1.113883.4.642.3.753"],
      "uses" : {
      },
      "StructureDefinition-vbai-consent.html" : "VBAI Consent"
    },
    {
      "url" : "http://hl7.org/fhir/ValueSet/consent-category",
      "version" : "4.0.1",
      "status" : "draft",
      "name" : "ConsentCategoryCodes",
      "title" : "Consent Category Codes",
      "description" : "This value set includes sample Consent Directive Type codes, including several consent directive related LOINC codes; HL7 VALUE SET: ActConsentType(2.16.840.1.113883.1.11.19897); examples of US realm consent directive legal descriptions and references to online and/or downloadable forms such as the SSA-827 Authorization to Disclose Information to the Social Security Administration; and other anticipated consent directives related to participation in a clinical trial, medical procedures, reproductive procedures; health care directive (Living Will); advance directive, do not resuscitate (DNR); Physician Orders for Life-Sustaining Treatment (POLST)",
      "systems" : [
        "http://terminology.hl7.org/CodeSystem/v3-ActCode",
        "http://loinc.org",
        "http://terminology.hl7.org/CodeSystem/consentcategorycodes"
      ],
      "oids" : ["2.16.840.1.113883.4.642.3.751"],
      "sources" : ["2.16.840.1.113883.4.642.3.751"],
      "uses" : {
      },
      "StructureDefinition-vbai-consent.html" : "VBAI Consent"
    },
    {
      "url" : "http://hl7.org/fhir/ValueSet/consent-content-class",
      "version" : "4.0.1",
      "status" : "draft",
      "name" : "ConsentContentClass",
      "title" : "Consent Content Class",
      "description" : "This value set includes the FHIR resource types, along with some other important content class codes",
      "systems" : [
        "urn:ietf:rfc:3986",
        "urn:ietf:bcp:13",
        "http://hl7.org/fhir/resource-types",
        "http://ihe.net/fhir/ValueSet/IHE.FormatCode.codesystem"
      ],
      "oids" : ["2.16.840.1.113883.4.642.3.747"],
      "sources" : ["2.16.840.1.113883.4.642.3.747"],
      "uses" : {
      },
      "StructureDefinition-vbai-consent.html" : "VBAI Consent"
    },
    {
      "url" : "http://hl7.org/fhir/ValueSet/consent-content-code",
      "version" : "4.0.1",
      "status" : "draft",
      "name" : "ConsentContentCodes",
      "title" : "Consent Content Codes",
      "description" : "This example value set contains all LOINC code",
      "systems" : ["http://loinc.org"],
      "oids" : ["2.16.840.1.113883.4.642.3.748"],
      "sources" : ["2.16.840.1.113883.4.642.3.748"],
      "uses" : {
      },
      "StructureDefinition-vbai-consent.html" : "VBAI Consent"
    },
    {
      "url" : "http://hl7.org/fhir/ValueSet/consent-data-meaning",
      "version" : "4.0.1",
      "status" : "draft",
      "name" : "ConsentDataMeaning",
      "title" : "ConsentDataMeaning",
      "description" : "How a resource reference is interpreted when testing consent restrictions.",
      "systems" : ["http://hl7.org/fhir/consent-data-meaning"],
      "oids" : ["2.16.840.1.113883.4.642.3.759"],
      "sources" : ["2.16.840.1.113883.4.642.3.759"],
      "uses" : {
      },
      "StructureDefinition-vbai-consent.html" : "VBAI Consent"
    },
    {
      "url" : "http://hl7.org/fhir/ValueSet/consent-policy",
      "version" : "4.0.1",
      "status" : "draft",
      "name" : "ConsentPolicyRuleCodes",
      "title" : "Consent PolicyRule Codes",
      "description" : "This value set includes sample Regulatory consent policy types from the US and other regions.",
      "systems" : ["http://terminology.hl7.org/CodeSystem/consentpolicycodes"],
      "oids" : ["2.16.840.1.113883.4.642.3.1014"],
      "sources" : ["2.16.840.1.113883.4.642.3.1014"],
      "uses" : {
      },
      "StructureDefinition-vbai-consent.html" : "VBAI Consent"
    },
    {
      "url" : "http://hl7.org/fhir/ValueSet/consent-provision-type",
      "version" : "4.0.1",
      "status" : "draft",
      "name" : "ConsentProvisionType",
      "title" : "ConsentProvisionType",
      "description" : "How a rule statement is applied, such as adding additional consent or removing consent.",
      "systems" : ["http://hl7.org/fhir/consent-provision-type"],
      "oids" : ["2.16.840.1.113883.4.642.3.757"],
      "sources" : ["2.16.840.1.113883.4.642.3.757"],
      "uses" : {
      },
      "StructureDefinition-vbai-consent.html" : "VBAI Consent"
    },
    {
      "url" : "http://hl7.org/fhir/ValueSet/consent-scope",
      "version" : "4.0.1",
      "status" : "draft",
      "name" : "ConsentScopeCodes",
      "title" : "Consent Scope Codes",
      "description" : "This value set includes the four Consent scope codes.",
      "systems" : ["http://terminology.hl7.org/CodeSystem/consentscope"],
      "oids" : ["2.16.840.1.113883.4.642.3.761"],
      "sources" : ["2.16.840.1.113883.4.642.3.761"],
      "uses" : {
      },
      "StructureDefinition-vbai-consent.html" : "VBAI Consent"
    },
    {
      "url" : "http://hl7.org/fhir/ValueSet/consent-state-codes",
      "version" : "4.0.1",
      "status" : "draft",
      "name" : "ConsentState",
      "title" : "ConsentState",
      "description" : "Indicates the state of the consent.",
      "systems" : ["http://hl7.org/fhir/consent-state-codes"],
      "oids" : ["2.16.840.1.113883.4.642.3.755"],
      "sources" : ["2.16.840.1.113883.4.642.3.755"],
      "uses" : {
      },
      "StructureDefinition-vbai-consent.html" : "VBAI Consent"
    },
    {
      "url" : "http://hl7.org/fhir/ValueSet/contact-point-system",
      "version" : "4.0.1",
      "status" : "active",
      "name" : "ContactPointSystem",
      "title" : "ContactPointSystem",
      "description" : "Telecommunications form for contact point.",
      "systems" : ["http://hl7.org/fhir/contact-point-system"],
      "oids" : ["2.16.840.1.113883.4.642.3.71"],
      "sources" : ["2.16.840.1.113883.4.642.3.71"],
      "uses" : {
      },
      "StructureDefinition-vbai-patient.html" : "VBAI Patient"
    },
    {
      "url" : "http://hl7.org/fhir/ValueSet/contact-point-use",
      "version" : "4.0.1",
      "status" : "active",
      "name" : "ContactPointUse",
      "title" : "ContactPointUse",
      "description" : "Use of contact point.",
      "systems" : ["http://hl7.org/fhir/contact-point-use"],
      "oids" : ["2.16.840.1.113883.4.642.3.73"],
      "sources" : ["2.16.840.1.113883.4.642.3.73"],
      "uses" : {
      },
      "StructureDefinition-vbai-patient.html" : "VBAI Patient"
    },
    {
      "url" : "http://hl7.org/fhir/ValueSet/data-absent-reason",
      "version" : "4.0.1",
      "status" : "active",
      "name" : "DataAbsentReason",
      "title" : "DataAbsentReason",
      "description" : "Used to specify why the normally expected content of the data element is missing.",
      "systems" : ["http://terminology.hl7.org/CodeSystem/data-absent-reason"],
      "oids" : ["2.16.840.1.113883.4.642.3.5"],
      "sources" : ["2.16.840.1.113883.4.642.3.5"],
      "uses" : {
      },
      "StructureDefinition-vbai-vital-signs.html" : "VBAI Vital Signs",
      "StructureDefinition-vbai-body-height.html" : "VBAI Body Height",
      "StructureDefinition-vbai-body-weight.html" : "VBAI Body Weight"
    },
    {
      "url" : "http://hl7.org/fhir/ValueSet/definition-topic",
      "version" : "4.0.1",
      "status" : "draft",
      "name" : "DefinitionTopic",
      "title" : "DefinitionTopic",
      "description" : "High-level categorization of the definition, used for searching, sorting, and filtering.",
      "systems" : ["http://terminology.hl7.org/CodeSystem/definition-topic"],
      "oids" : ["2.16.840.1.113883.4.642.3.794"],
      "sources" : ["2.16.840.1.113883.4.642.3.794"],
      "uses" : {
      },
      "StructureDefinition-vbai-plan-definition.html" : "Vbai Plan Definition",
      "StructureDefinition-vbai-cohort-protocol.html" : "A general template for VBAI protocols"
    },
    {
      "url" : "http://hl7.org/fhir/ValueSet/device-nametype",
      "version" : "4.0.1",
      "status" : "draft",
      "name" : "DeviceNameType",
      "title" : "DeviceNameType",
      "description" : "The type of name the device is referred by.",
      "systems" : ["http://hl7.org/fhir/device-nametype"],
      "oids" : ["2.16.840.1.113883.4.642.3.1083"],
      "sources" : ["2.16.840.1.113883.4.642.3.1083"],
      "uses" : {
      },
      "StructureDefinition-vbai-waveform-device.html" : "VBAI Waveform Device"
    },
    {
      "url" : "http://hl7.org/fhir/ValueSet/device-status",
      "version" : "4.0.1",
      "status" : "draft",
      "name" : "FHIRDeviceStatus",
      "title" : "FHIRDeviceStatus",
      "description" : "The availability status of the device.",
      "systems" : ["http://hl7.org/fhir/device-status"],
      "oids" : ["2.16.840.1.113883.4.642.3.209"],
      "sources" : ["2.16.840.1.113883.4.642.3.209"],
      "uses" : {
      },
      "StructureDefinition-vbai-waveform-device.html" : "VBAI Waveform Device"
    },
    {
      "url" : "http://hl7.org/fhir/ValueSet/device-status-reason",
      "version" : "4.0.1",
      "status" : "draft",
      "name" : "FHIRDeviceStatusReason",
      "title" : "FHIRDeviceStatusReason",
      "description" : "The availability status reason of the device.",
      "systems" : ["http://terminology.hl7.org/CodeSystem/device-status-reason"],
      "oids" : ["2.16.840.1.113883.4.642.3.1081"],
      "sources" : ["2.16.840.1.113883.4.642.3.1081"],
      "uses" : {
      },
      "StructureDefinition-vbai-waveform-device.html" : "VBAI Waveform Device"
    },
    {
      "url" : "http://hl7.org/fhir/ValueSet/device-type",
      "version" : "4.0.1",
      "status" : "draft",
      "name" : "DeviceType",
      "title" : "Device Type",
      "description" : "Codes used to identify medical devices. Includes concepts from SNOMED CT (http://www.snomed.org/) where concept is-a 49062001 (Device)  and is provided as a suggestive example.",
      "systems" : ["http://snomed.info/sct"],
      "oids" : ["2.16.840.1.113883.4.642.3.1376"],
      "sources" : ["2.16.840.1.113883.4.642.3.1376"],
      "uses" : {
      },
      "StructureDefinition-vbai-waveform-device.html" : "VBAI Waveform Device"
    },
    {
      "url" : "http://hl7.org/fhir/ValueSet/diagnosis-role",
      "version" : "4.0.1",
      "status" : "draft",
      "name" : "DiagnosisRole",
      "title" : "DiagnosisRole",
      "description" : "This value set defines a set of codes that can be used to express the role of a diagnosis on the Encounter or EpisodeOfCare record.",
      "systems" : ["http://terminology.hl7.org/CodeSystem/diagnosis-role"],
      "oids" : ["2.16.840.1.113883.4.642.3.49"],
      "sources" : ["2.16.840.1.113883.4.642.3.49"],
      "uses" : {
      },
      "StructureDefinition-vbai-encounter.html" : "VBAI Encounter"
    },
    {
      "url" : "http://hl7.org/fhir/ValueSet/encounter-admit-source",
      "version" : "4.0.1",
      "status" : "draft",
      "name" : "AdmitSource",
      "title" : "Admit source",
      "description" : "This value set defines a set of codes that can be used to indicate from where the patient came in.",
      "systems" : ["http://terminology.hl7.org/CodeSystem/admit-source"],
      "oids" : ["2.16.840.1.113883.4.642.3.257"],
      "sources" : ["2.16.840.1.113883.4.642.3.257"],
      "uses" : {
      },
      "StructureDefinition-vbai-encounter.html" : "VBAI Encounter"
    },
    {
      "url" : "http://hl7.org/fhir/ValueSet/encounter-diet",
      "version" : "4.0.1",
      "status" : "draft",
      "name" : "Diet",
      "title" : "Diet",
      "description" : "This value set defines a set of codes that can be used to indicate dietary preferences or restrictions a patient may have.",
      "systems" : ["http://terminology.hl7.org/CodeSystem/diet"],
      "oids" : ["2.16.840.1.113883.4.642.3.255"],
      "sources" : ["2.16.840.1.113883.4.642.3.255"],
      "uses" : {
      },
      "StructureDefinition-vbai-encounter.html" : "VBAI Encounter"
    },
    {
      "url" : "http://hl7.org/fhir/ValueSet/encounter-location-status",
      "version" : "4.0.1",
      "status" : "draft",
      "name" : "EncounterLocationStatus",
      "title" : "EncounterLocationStatus",
      "description" : "The status of the location.",
      "systems" : ["http://hl7.org/fhir/encounter-location-status"],
      "oids" : ["2.16.840.1.113883.4.642.3.262"],
      "sources" : ["2.16.840.1.113883.4.642.3.262"],
      "uses" : {
      },
      "StructureDefinition-vbai-encounter.html" : "VBAI Encounter"
    },
    {
      "url" : "http://hl7.org/fhir/ValueSet/encounter-participant-type",
      "version" : "4.0.1",
      "status" : "draft",
      "name" : "ParticipantType",
      "title" : "Participant type",
      "description" : "This value set defines a set of codes that can be used to indicate how an individual participates in an encounter.",
      "systems" : [
        "http://terminology.hl7.org/CodeSystem/participant-type",
        "http://terminology.hl7.org/CodeSystem/v3-ParticipationType"
      ],
      "oids" : ["2.16.840.1.113883.4.642.3.250"],
      "sources" : ["2.16.840.1.113883.4.642.3.250"],
      "uses" : {
      },
      "StructureDefinition-vbai-encounter.html" : "VBAI Encounter"
    },
    {
      "url" : "http://hl7.org/fhir/ValueSet/encounter-reason",
      "version" : "4.0.1",
      "status" : "draft",
      "name" : "EncounterReasonCodes",
      "title" : "Encounter Reason Codes",
      "description" : "This examples value set defines the set of codes that can be used to indicate reasons for an encounter.",
      "systems" : ["http://snomed.info/sct"],
      "oids" : ["2.16.840.1.113883.4.642.3.261"],
      "sources" : ["2.16.840.1.113883.4.642.3.261"],
      "uses" : {
      },
      "StructureDefinition-vbai-encounter.html" : "VBAI Encounter"
    },
    {
      "url" : "http://hl7.org/fhir/ValueSet/encounter-special-arrangements",
      "version" : "4.0.1",
      "status" : "draft",
      "name" : "SpecialArrangements",
      "title" : "Special arrangements",
      "description" : "This value set defines a set of codes that can be used to indicate the kinds of special arrangements in place for a patients visit.",
      "systems" : [
        "http://terminology.hl7.org/CodeSystem/encounter-special-arrangements"
      ],
      "oids" : ["2.16.840.1.113883.4.642.3.253"],
      "sources" : ["2.16.840.1.113883.4.642.3.253"],
      "uses" : {
      },
      "StructureDefinition-vbai-encounter.html" : "VBAI Encounter"
    },
    {
      "url" : "http://hl7.org/fhir/ValueSet/encounter-special-courtesy",
      "version" : "4.0.1",
      "status" : "draft",
      "name" : "SpecialCourtesy",
      "title" : "Special courtesy",
      "description" : "This value set defines a set of codes that can be used to indicate special courtesies provided to the patient.",
      "systems" : [
        "http://terminology.hl7.org/CodeSystem/v3-EncounterSpecialCourtesy",
        "http://terminology.hl7.org/CodeSystem/v3-NullFlavor"
      ],
      "oids" : ["2.16.840.1.113883.4.642.3.252"],
      "sources" : ["2.16.840.1.113883.4.642.3.252"],
      "uses" : {
      },
      "StructureDefinition-vbai-encounter.html" : "VBAI Encounter"
    },
    {
      "url" : "http://hl7.org/fhir/ValueSet/encounter-status",
      "version" : "4.0.1",
      "status" : "draft",
      "name" : "EncounterStatus",
      "title" : "EncounterStatus",
      "description" : "Current state of the encounter.",
      "systems" : ["http://hl7.org/fhir/encounter-status"],
      "oids" : ["2.16.840.1.113883.4.642.3.246"],
      "sources" : ["2.16.840.1.113883.4.642.3.246"],
      "uses" : {
      },
      "StructureDefinition-vbai-encounter.html" : "VBAI Encounter"
    },
    {
      "url" : "http://hl7.org/fhir/ValueSet/event-status",
      "version" : "4.0.1",
      "status" : "draft",
      "name" : "EventStatus",
      "title" : "EventStatus",
      "description" : "Codes identifying the lifecycle stage of an event.",
      "systems" : ["http://hl7.org/fhir/event-status"],
      "oids" : ["2.16.840.1.113883.4.642.3.109"],
      "sources" : ["2.16.840.1.113883.4.642.3.109"],
      "uses" : {
      },
      "StructureDefinition-vbai-waveform-media.html" : "VBAI Waveform Media",
      "StructureDefinition-vbai-imaging-media.html" : "VBAI Imaging Media"
    },
    {
      "url" : "http://hl7.org/fhir/ValueSet/goal-category",
      "version" : "4.0.1",
      "status" : "draft",
      "name" : "GoalCategory",
      "title" : "Goal category",
      "description" : "Example codes for grouping goals to use for filtering or presentation.",
      "systems" : ["http://terminology.hl7.org/CodeSystem/goal-category"],
      "oids" : ["2.16.840.1.113883.4.642.3.275"],
      "sources" : ["2.16.840.1.113883.4.642.3.275"],
      "uses" : {
      },
      "StructureDefinition-vbai-plan-definition.html" : "Vbai Plan Definition",
      "StructureDefinition-vbai-cohort-protocol.html" : "A general template for VBAI protocols"
    },
    {
      "url" : "http://hl7.org/fhir/ValueSet/goal-priority",
      "version" : "4.0.1",
      "status" : "draft",
      "name" : "GoalPriority",
      "title" : "Goal priority",
      "description" : "Indicates the level of importance associated with reaching or sustaining a goal.",
      "systems" : ["http://terminology.hl7.org/CodeSystem/goal-priority"],
      "oids" : ["2.16.840.1.113883.4.642.3.273"],
      "sources" : ["2.16.840.1.113883.4.642.3.273"],
      "uses" : {
      },
      "StructureDefinition-vbai-plan-definition.html" : "Vbai Plan Definition",
      "StructureDefinition-vbai-cohort-protocol.html" : "A general template for VBAI protocols"
    },
    {
      "url" : "http://hl7.org/fhir/ValueSet/goal-start-event",
      "version" : "4.0.1",
      "status" : "draft",
      "name" : "GoalStartEvent",
      "title" : "Goal start event",
      "description" : "Identifies types of events that might trigger the start of a goal.",
      "systems" : ["http://snomed.info/sct"],
      "oids" : ["2.16.840.1.113883.4.642.3.279"],
      "sources" : ["2.16.840.1.113883.4.642.3.279"],
      "uses" : {
      },
      "StructureDefinition-vbai-plan-definition.html" : "Vbai Plan Definition",
      "StructureDefinition-vbai-cohort-protocol.html" : "A general template for VBAI protocols"
    },
    {
      "url" : "http://hl7.org/fhir/ValueSet/identifier-type",
      "version" : "4.0.1",
      "status" : "active",
      "name" : "Identifier Type Codes",
      "title" : "IdentifierType",
      "description" : "A coded type for an identifier that can be used to determine which identifier to use for a specific purpose.",
      "systems" : ["http://terminology.hl7.org/CodeSystem/v2-0203"],
      "oids" : ["2.16.840.1.113883.4.642.3.45"],
      "sources" : ["2.16.840.1.113883.4.642.3.45"],
      "uses" : {
      },
      "StructureDefinition-vbai-encounter.html" : "VBAI Encounter",
      "StructureDefinition-vbai-patient.html" : "VBAI Patient"
    },
    {
      "url" : "http://hl7.org/fhir/ValueSet/identifier-use",
      "version" : "4.0.1",
      "status" : "active",
      "name" : "IdentifierUse",
      "title" : "IdentifierUse",
      "description" : "Identifies the purpose for this identifier, if known .",
      "systems" : ["http://hl7.org/fhir/identifier-use"],
      "oids" : ["2.16.840.1.113883.4.642.3.57"],
      "sources" : ["2.16.840.1.113883.4.642.3.57"],
      "uses" : {
      },
      "StructureDefinition-vbai-encounter.html" : "VBAI Encounter",
      "StructureDefinition-vbai-patient.html" : "VBAI Patient"
    },
    {
      "url" : "http://hl7.org/fhir/ValueSet/imagingstudy-status",
      "version" : "4.0.1",
      "status" : "draft",
      "name" : "ImagingStudyStatus",
      "title" : "ImagingStudyStatus",
      "description" : "The status of the ImagingStudy.",
      "systems" : ["http://hl7.org/fhir/imagingstudy-status"],
      "oids" : ["2.16.840.1.113883.4.642.3.990"],
      "sources" : ["2.16.840.1.113883.4.642.3.990"],
      "uses" : {
      },
      "StructureDefinition-vbai-imaging-study.html" : "VBAI Imaging Study"
    },
    {
      "url" : "http://hl7.org/fhir/ValueSet/item-type",
      "version" : "4.0.1",
      "status" : "draft",
      "name" : "QuestionnaireItemType",
      "title" : "QuestionnaireItemType",
      "description" : "Distinguishes groups from questions and display text and indicates data type for questions.",
      "systems" : ["http://hl7.org/fhir/item-type"],
      "oids" : ["2.16.840.1.113883.4.642.3.444"],
      "sources" : ["2.16.840.1.113883.4.642.3.444"],
      "uses" : {
      },
      "StructureDefinition-vbai-questionnaire.html" : "VBAI Questionnaire"
    },
    {
      "url" : "http://hl7.org/fhir/ValueSet/jurisdiction",
      "version" : "4.0.1",
      "status" : "active",
      "name" : "Jurisdiction ValueSet",
      "title" : "Jurisdiction",
      "description" : "This value set defines a base set of codes for country, country subdivision and region    for indicating where a resource is intended to be used.   \r\n   \r\n   Note: The codes for countries and country subdivisions are taken from    [ISO 3166](https://www.iso.org/iso-3166-country-codes.html)    while the codes for \"supra-national\" regions are from    [UN Standard country or area codes for statistical use (M49)](http://unstats.un.org/unsd/methods/m49/m49.htm).",
      "systems" : [
        "http://unstats.un.org/unsd/methods/m49/m49.htm",
        "urn:iso:std:iso:3166",
        "urn:iso:std:iso:3166:-2"
      ],
      "oids" : ["2.16.840.1.113883.4.642.3.48"],
      "sources" : ["2.16.840.1.113883.4.642.3.48"],
      "uses" : {
      },
      "StructureDefinition-vbai-plan-definition.html" : "Vbai Plan Definition",
      "StructureDefinition-vbai-questionnaire.html" : "VBAI Questionnaire",
      "StructureDefinition-vbai-cohort-protocol.html" : "A general template for VBAI protocols"
    },
    {
      "url" : "http://hl7.org/fhir/ValueSet/languages",
      "version" : "4.0.1",
      "status" : "draft",
      "name" : "CommonLanguages",
      "title" : "Common Languages",
      "description" : "This value set includes common codes from BCP-47 (http://tools.ietf.org/html/bcp47)",
      "systems" : ["urn:ietf:bcp:47"],
      "oids" : ["2.16.840.1.113883.4.642.3.20"],
      "sources" : ["2.16.840.1.113883.4.642.3.20"],
      "uses" : {
      },
      "StructureDefinition-vbai-encounter.html" : "VBAI Encounter",
      "StructureDefinition-vbai-consent.html" : "VBAI Consent",
      "StructureDefinition-vbai-imaging-study.html" : "VBAI Imaging Study",
      "StructureDefinition-vbai-vital-signs.html" : "VBAI Vital Signs",
      "StructureDefinition-vbai-questionnaire.html" : "VBAI Questionnaire",
      "StructureDefinition-vbai-condition.html" : "VBAI Condition",
      "StructureDefinition-vbai-body-weight.html" : "VBAI Body Weight",
      "StructureDefinition-vbai-imaging-media.html" : "VBAI Imaging Media",
      "StructureDefinition-vbai-waveform-device.html" : "VBAI Waveform Device",
      "StructureDefinition-vbai-waveform-media.html" : "VBAI Waveform Media",
      "StructureDefinition-vbai-plan-definition.html" : "Vbai Plan Definition",
      "StructureDefinition-vbai-body-height.html" : "VBAI Body Height",
      "StructureDefinition-vbai-questionnaire-response.html" : "VBAI Questionnaire Response",
      "StructureDefinition-vbai-patient.html" : "VBAI Patient",
      "StructureDefinition-vbai-cohort-protocol.html" : "A general template for VBAI protocols"
    },
    {
      "url" : "http://hl7.org/fhir/ValueSet/link-type",
      "version" : "4.0.1",
      "status" : "active",
      "name" : "LinkType",
      "title" : "LinkType",
      "description" : "The type of link between this patient resource and another patient resource.",
      "systems" : ["http://hl7.org/fhir/link-type"],
      "oids" : ["2.16.840.1.113883.4.642.3.423"],
      "sources" : ["2.16.840.1.113883.4.642.3.423"],
      "uses" : {
      },
      "StructureDefinition-vbai-patient.html" : "VBAI Patient"
    },
    {
      "url" : "http://hl7.org/fhir/ValueSet/location-physical-type",
      "version" : "4.0.1",
      "status" : "draft",
      "name" : "LocationType",
      "title" : "Location type",
      "description" : "This example value set defines a set of codes that can be used to indicate the physical form of the Location.",
      "systems" : [
        "http://terminology.hl7.org/CodeSystem/location-physical-type"
      ],
      "oids" : ["2.16.840.1.113883.4.642.3.328"],
      "sources" : ["2.16.840.1.113883.4.642.3.328"],
      "uses" : {
      },
      "StructureDefinition-vbai-encounter.html" : "VBAI Encounter"
    },
    {
      "url" : "http://hl7.org/fhir/ValueSet/manifestation-or-symptom",
      "version" : "4.0.1",
      "status" : "draft",
      "name" : "ManifestationAndSymptomCodes",
      "title" : "Manifestation and Symptom Codes",
      "description" : "Example value set for Manifestation and Symptom codes.",
      "systems" : ["http://snomed.info/sct"],
      "oids" : ["2.16.840.1.113883.4.642.3.169"],
      "sources" : ["2.16.840.1.113883.4.642.3.169"],
      "uses" : {
      },
      "StructureDefinition-vbai-condition.html" : "VBAI Condition"
    },
    {
      "url" : "http://hl7.org/fhir/ValueSet/marital-status",
      "version" : "4.0.1",
      "status" : "active",
      "name" : "Marital Status Codes",
      "title" : "MaritalStatus",
      "description" : "This value set defines the set of codes that can be used to indicate the marital status of a person.",
      "systems" : [
        "http://terminology.hl7.org/CodeSystem/v3-MaritalStatus",
        "http://terminology.hl7.org/CodeSystem/v3-NullFlavor"
      ],
      "oids" : ["2.16.840.1.113883.4.642.3.29"],
      "sources" : ["2.16.840.1.113883.4.642.3.29"],
      "uses" : {
      },
      "StructureDefinition-vbai-patient.html" : "VBAI Patient"
    },
    {
      "url" : "http://hl7.org/fhir/ValueSet/media-modality",
      "version" : "4.0.1",
      "status" : "draft",
      "name" : "MediaModality",
      "title" : "Media Modality",
      "description" : "Detailed information about the type of the image - its kind, purpose, or the kind of equipment used to generate it.",
      "systems" : ["http://terminology.hl7.org/CodeSystem/media-modality"],
      "oids" : ["2.16.840.1.113883.4.642.3.1001"],
      "sources" : ["2.16.840.1.113883.4.642.3.1001"],
      "uses" : {
      },
      "StructureDefinition-vbai-waveform-media.html" : "VBAI Waveform Media",
      "StructureDefinition-vbai-imaging-media.html" : "VBAI Imaging Media"
    },
    {
      "url" : "http://hl7.org/fhir/ValueSet/media-type",
      "version" : "4.0.1",
      "status" : "draft",
      "name" : "MediaType",
      "title" : "Media Type",
      "description" : "Codes for high level media categories.",
      "systems" : ["http://terminology.hl7.org/CodeSystem/media-type"],
      "oids" : ["2.16.840.1.113883.4.642.3.1000"],
      "sources" : ["2.16.840.1.113883.4.642.3.1000"],
      "uses" : {
      },
      "StructureDefinition-vbai-waveform-media.html" : "VBAI Waveform Media",
      "StructureDefinition-vbai-imaging-media.html" : "VBAI Imaging Media"
    },
    {
      "url" : "http://hl7.org/fhir/ValueSet/media-view",
      "version" : "4.0.1",
      "status" : "draft",
      "name" : "MediaCollectionView/Projection",
      "title" : "Media Collection View/Projection",
      "description" : "Codes defined in SNOMED CT that can be used to record Media Recording views.",
      "systems" : ["http://snomed.info/sct"],
      "oids" : ["2.16.840.1.113883.4.642.3.337"],
      "sources" : ["2.16.840.1.113883.4.642.3.337"],
      "uses" : {
      },
      "StructureDefinition-vbai-waveform-media.html" : "VBAI Waveform Media",
      "StructureDefinition-vbai-imaging-media.html" : "VBAI Imaging Media"
    },
    {
      "url" : "http://hl7.org/fhir/ValueSet/name-use",
      "version" : "4.0.1",
      "status" : "active",
      "name" : "NameUse",
      "title" : "NameUse",
      "description" : "The use of a human name.",
      "systems" : ["http://hl7.org/fhir/name-use"],
      "oids" : ["2.16.840.1.113883.4.642.3.65"],
      "sources" : ["2.16.840.1.113883.4.642.3.65"],
      "uses" : {
      },
      "StructureDefinition-vbai-patient.html" : "VBAI Patient"
    },
    {
      "url" : "http://hl7.org/fhir/ValueSet/observation-category",
      "version" : "4.0.1",
      "status" : "draft",
      "name" : "ObservationCategoryCodes",
      "title" : "Observation Category Codes",
      "description" : "Observation Category codes.",
      "systems" : ["http://terminology.hl7.org/CodeSystem/observation-category"],
      "oids" : ["2.16.840.1.113883.4.642.3.403"],
      "sources" : ["2.16.840.1.113883.4.642.3.403"],
      "uses" : {
      },
      "StructureDefinition-vbai-vital-signs.html" : "VBAI Vital Signs",
      "StructureDefinition-vbai-body-height.html" : "VBAI Body Height",
      "StructureDefinition-vbai-body-weight.html" : "VBAI Body Weight"
    },
    {
      "url" : "http://hl7.org/fhir/ValueSet/observation-codes",
      "version" : "4.0.1",
      "status" : "draft",
      "name" : "LOINCCodes",
      "title" : "LOINC Codes",
      "description" : "This value set includes all LOINC codes",
      "systems" : ["http://loinc.org"],
      "oids" : ["2.16.840.1.113883.4.642.3.396"],
      "sources" : ["2.16.840.1.113883.4.642.3.396"],
      "uses" : {
      },
      "StructureDefinition-vbai-plan-definition.html" : "Vbai Plan Definition",
      "StructureDefinition-vbai-cohort-protocol.html" : "A general template for VBAI protocols"
    },
    {
      "url" : "http://hl7.org/fhir/ValueSet/observation-interpretation",
      "version" : "4.0.1",
      "status" : "active",
      "name" : "ObservationInterpretationCodes",
      "title" : "Observation Interpretation Codes",
      "description" : "A categorical assessment, providing a rough qualitative interpretation of the observation value,    such as “normal”/ “abnormal”,”low” / “high”, “better” / “worse”, “susceptible” / “resistant”, “expected”/ “not expected”.    The value set is intended to be for ANY use where coded representation of an interpretation is needed.   \r\n   \r\n   Notes:\r\n   \r\n   This is being communicated in v2.x in OBX-8 (Observation Interpretation), in v3 in ObservationInterpretation (CWE) in R1 (Representative Realm) and in FHIR in    Observation.interpretation. Historically these values come from the laboratory domain, and these codes are extensively    used. The value set binding is extensible, so codes outside the value set that are needed for interpretation concepts    (i.e. particular meanings) that are not included in the value set can be used, and these new codes may also be added to    the value set and published in a future version.",
      "systems" : [
        "http://terminology.hl7.org/CodeSystem/v3-ObservationInterpretation"
      ],
      "oids" : ["2.16.840.1.113883.4.642.3.399"],
      "sources" : ["2.16.840.1.113883.4.642.3.399"],
      "uses" : {
      },
      "StructureDefinition-vbai-vital-signs.html" : "VBAI Vital Signs",
      "StructureDefinition-vbai-body-height.html" : "VBAI Body Height",
      "StructureDefinition-vbai-body-weight.html" : "VBAI Body Weight"
    },
    {
      "url" : "http://hl7.org/fhir/ValueSet/observation-methods",
      "version" : "4.0.1",
      "status" : "draft",
      "name" : "ObservationMethods",
      "title" : "Observation Methods",
      "description" : "Observation Method codes from [SNOMED CT](http://snomed.info/sct) where concept is-a 272394005 (Technique (qualifier value)) or is-a 129264002 (Action (qualifier value)) or is-a 386053000 (Evaluation procedure(procedure))",
      "systems" : ["http://snomed.info/sct"],
      "oids" : ["2.16.840.1.113883.4.642.3.395"],
      "sources" : ["2.16.840.1.113883.4.642.3.395"],
      "uses" : {
      },
      "StructureDefinition-vbai-vital-signs.html" : "VBAI Vital Signs",
      "StructureDefinition-vbai-body-height.html" : "VBAI Body Height",
      "StructureDefinition-vbai-body-weight.html" : "VBAI Body Weight"
    },
    {
      "url" : "http://hl7.org/fhir/ValueSet/observation-status",
      "version" : "4.0.1",
      "status" : "active",
      "name" : "ObservationStatus",
      "title" : "ObservationStatus",
      "description" : "Codes providing the status of an observation.",
      "systems" : ["http://hl7.org/fhir/observation-status"],
      "oids" : ["2.16.840.1.113883.4.642.3.400"],
      "sources" : ["2.16.840.1.113883.4.642.3.400"],
      "uses" : {
      },
      "StructureDefinition-vbai-vital-signs.html" : "VBAI Vital Signs",
      "StructureDefinition-vbai-body-height.html" : "VBAI Body Height",
      "StructureDefinition-vbai-body-weight.html" : "VBAI Body Weight"
    },
    {
      "url" : "http://hl7.org/fhir/ValueSet/patient-contactrelationship",
      "version" : "4.0.1",
      "status" : "active",
      "name" : "PatientContactRelationship",
      "title" : "Patient Contact Relationship ",
      "description" : "The nature of the relationship between the patient and the contact person.",
      "systems" : ["http://terminology.hl7.org/CodeSystem/v2-0131"],
      "oids" : ["2.16.840.1.113883.4.642.3.1130"],
      "sources" : ["2.16.840.1.113883.4.642.3.1130"],
      "uses" : {
      },
      "StructureDefinition-vbai-patient.html" : "VBAI Patient"
    },
    {
      "url" : "http://hl7.org/fhir/ValueSet/plan-definition-type",
      "version" : "4.0.1",
      "status" : "draft",
      "name" : "PlanDefinitionType",
      "title" : "PlanDefinitionType",
      "description" : "The type of PlanDefinition.",
      "systems" : ["http://terminology.hl7.org/CodeSystem/plan-definition-type"],
      "oids" : ["2.16.840.1.113883.4.642.3.797"],
      "sources" : ["2.16.840.1.113883.4.642.3.797"],
      "uses" : {
      },
      "StructureDefinition-vbai-plan-definition.html" : "Vbai Plan Definition",
      "StructureDefinition-vbai-cohort-protocol.html" : "A general template for VBAI protocols"
    },
    {
      "url" : "http://hl7.org/fhir/ValueSet/procedure-reason",
      "version" : "4.0.1",
      "status" : "draft",
      "name" : "ProcedureReasonCodes",
      "title" : "Procedure Reason Codes",
      "description" : "This example value set defines the set of codes that can be used to indicate a reason for a procedure.",
      "systems" : ["http://snomed.info/sct"],
      "oids" : ["2.16.840.1.113883.4.642.3.432"],
      "sources" : ["2.16.840.1.113883.4.642.3.432"],
      "uses" : {
      },
      "StructureDefinition-vbai-waveform-media.html" : "VBAI Waveform Media",
      "StructureDefinition-vbai-imaging-study.html" : "VBAI Imaging Study",
      "StructureDefinition-vbai-imaging-media.html" : "VBAI Imaging Media"
    },
    {
      "url" : "http://hl7.org/fhir/ValueSet/publication-status",
      "version" : "4.0.1",
      "status" : "active",
      "name" : "PublicationStatus",
      "title" : "PublicationStatus",
      "description" : "The lifecycle status of an artifact.",
      "systems" : ["http://hl7.org/fhir/publication-status"],
      "oids" : ["2.16.840.1.113883.4.642.3.3"],
      "sources" : ["2.16.840.1.113883.4.642.3.3"],
      "uses" : {
      },
      "StructureDefinition-vbai-plan-definition.html" : "Vbai Plan Definition",
      "StructureDefinition-vbai-questionnaire.html" : "VBAI Questionnaire",
      "StructureDefinition-vbai-cohort-protocol.html" : "A general template for VBAI protocols"
    },
    {
      "url" : "http://hl7.org/fhir/ValueSet/quantity-comparator",
      "version" : "4.0.1",
      "status" : "active",
      "name" : "QuantityComparator",
      "title" : "QuantityComparator",
      "description" : "How the Quantity should be understood and represented.",
      "systems" : ["http://hl7.org/fhir/quantity-comparator"],
      "oids" : ["2.16.840.1.113883.4.642.3.59"],
      "sources" : ["2.16.840.1.113883.4.642.3.59"],
      "uses" : {
      },
      "StructureDefinition-vbai-body-height.html" : "VBAI Body Height",
      "StructureDefinition-vbai-body-weight.html" : "VBAI Body Weight"
    },
    {
      "url" : "http://hl7.org/fhir/ValueSet/questionnaire-answers",
      "version" : "4.0.1",
      "status" : "draft",
      "name" : "QuestionnaireAnswerCodes",
      "title" : "Questionnaire Answer Codes",
      "description" : "Example list of codes for answers to questions. (Not complete or necessarily appropriate.)",
      "systems" : ["http://snomed.info/sct"],
      "oids" : ["2.16.840.1.113883.4.642.3.446"],
      "sources" : ["2.16.840.1.113883.4.642.3.446"],
      "uses" : {
      },
      "StructureDefinition-vbai-questionnaire.html" : "VBAI Questionnaire",
      "StructureDefinition-vbai-questionnaire-response.html" : "VBAI Questionnaire Response"
    },
    {
      "url" : "http://hl7.org/fhir/ValueSet/questionnaire-answers-status",
      "version" : "4.0.1",
      "status" : "draft",
      "name" : "QuestionnaireResponseStatus",
      "title" : "QuestionnaireResponseStatus",
      "description" : "Lifecycle status of the questionnaire response.",
      "systems" : ["http://hl7.org/fhir/questionnaire-answers-status"],
      "oids" : ["required"],
      "sources" : ["required"],
      "uses" : {
      },
      "StructureDefinition-vbai-questionnaire-response.html" : "VBAI Questionnaire Response"
    },
    {
      "url" : "http://hl7.org/fhir/ValueSet/questionnaire-enable-behavior",
      "version" : "4.0.1",
      "status" : "draft",
      "name" : "EnableWhenBehavior",
      "title" : "EnableWhenBehavior",
      "description" : "Controls how multiple enableWhen values are interpreted -  whether all or any must be true.",
      "systems" : ["http://hl7.org/fhir/questionnaire-enable-behavior"],
      "oids" : ["2.16.840.1.113883.4.642.3.1007"],
      "sources" : ["2.16.840.1.113883.4.642.3.1007"],
      "uses" : {
      },
      "StructureDefinition-vbai-questionnaire.html" : "VBAI Questionnaire"
    },
    {
      "url" : "http://hl7.org/fhir/ValueSet/questionnaire-enable-operator",
      "version" : "4.0.1",
      "status" : "draft",
      "name" : "QuestionnaireItemOperator",
      "title" : "QuestionnaireItemOperator",
      "description" : "The criteria by which a question is enabled.",
      "systems" : ["http://hl7.org/fhir/questionnaire-enable-operator"],
      "oids" : ["2.16.840.1.113883.4.642.3.1005"],
      "sources" : ["2.16.840.1.113883.4.642.3.1005"],
      "uses" : {
      },
      "StructureDefinition-vbai-questionnaire.html" : "VBAI Questionnaire"
    },
    {
      "url" : "http://hl7.org/fhir/ValueSet/questionnaire-questions",
      "version" : "4.0.1",
      "status" : "draft",
      "name" : "QuestionnaireQuestionCodes",
      "title" : "Questionnaire Question Codes",
      "description" : "Example list of codes for questions and groups of questions. (Not necessarily complete or appropriate.)",
      "systems" : ["http://loinc.org"],
      "oids" : ["2.16.840.1.113883.4.642.3.443"],
      "sources" : ["2.16.840.1.113883.4.642.3.443"],
      "uses" : {
      },
      "StructureDefinition-vbai-questionnaire.html" : "VBAI Questionnaire"
    },
    {
      "url" : "http://hl7.org/fhir/ValueSet/referencerange-appliesto",
      "version" : "4.0.1",
      "status" : "draft",
      "name" : "ObservationReferenceRangeAppliesToCodes",
      "title" : "Observation Reference Range Applies To Codes",
      "description" : "This value set defines a set of codes that can be used to indicate the particular target population the reference range applies to.",
      "systems" : [
        "http://terminology.hl7.org/CodeSystem/v3-Race",
        "http://snomed.info/sct"
      ],
      "oids" : ["2.16.840.1.113883.4.642.3.407"],
      "sources" : ["2.16.840.1.113883.4.642.3.407"],
      "uses" : {
      },
      "StructureDefinition-vbai-vital-signs.html" : "VBAI Vital Signs",
      "StructureDefinition-vbai-body-height.html" : "VBAI Body Height",
      "StructureDefinition-vbai-body-weight.html" : "VBAI Body Weight"
    },
    {
      "url" : "http://hl7.org/fhir/ValueSet/referencerange-meaning",
      "version" : "4.0.1",
      "status" : "draft",
      "name" : "ObservationReferenceRangeMeaningCodes",
      "title" : "Observation Reference Range Meaning Codes",
      "description" : "This value set defines a set of codes that can be used to indicate the meaning/use of a reference range for a particular target population.",
      "systems" : [
        "http://terminology.hl7.org/CodeSystem/referencerange-meaning"
      ],
      "oids" : ["2.16.840.1.113883.4.642.3.397"],
      "sources" : ["2.16.840.1.113883.4.642.3.397"],
      "uses" : {
      },
      "StructureDefinition-vbai-vital-signs.html" : "VBAI Vital Signs",
      "StructureDefinition-vbai-body-height.html" : "VBAI Body Height",
      "StructureDefinition-vbai-body-weight.html" : "VBAI Body Weight"
    },
    {
      "url" : "http://hl7.org/fhir/ValueSet/request-priority",
      "version" : "4.0.1",
      "status" : "draft",
      "name" : "RequestPriority",
      "title" : "Request priority",
      "description" : "The clinical priority of a diagnostic order.",
      "systems" : ["http://hl7.org/fhir/request-priority"],
      "oids" : ["2.16.840.1.113883.4.642.3.115"],
      "sources" : ["2.16.840.1.113883.4.642.3.115"],
      "uses" : {
      },
      "StructureDefinition-vbai-plan-definition.html" : "Vbai Plan Definition",
      "StructureDefinition-vbai-cohort-protocol.html" : "A general template for VBAI protocols"
    },
    {
      "url" : "http://hl7.org/fhir/ValueSet/resource-types",
      "version" : "4.0.1",
      "status" : "active",
      "name" : "ResourceType",
      "title" : "ResourceType",
      "description" : "One of the resource types defined as part of this version of FHIR.",
      "systems" : ["http://hl7.org/fhir/resource-types"],
      "oids" : ["2.16.840.1.113883.4.642.3.27"],
      "sources" : ["2.16.840.1.113883.4.642.3.27"],
      "uses" : {
      },
      "StructureDefinition-vbai-questionnaire.html" : "VBAI Questionnaire"
    },
    {
      "url" : "http://hl7.org/fhir/ValueSet/security-labels",
      "version" : "4.0.1",
      "status" : "active",
      "name" : "All Security Labels",
      "title" : "SecurityLabels",
      "description" : "A single value set for all security labels defined by FHIR.",
      "systems" : [
        "http://terminology.hl7.org/CodeSystem/v3-ActReason",
        "http://terminology.hl7.org/CodeSystem/v3-ActUSPrivacyLaw",
        "http://terminology.hl7.org/CodeSystem/v3-ObservationValue",
        "http://terminology.hl7.org/CodeSystem/v3-ActCode",
        "http://terminology.hl7.org/CodeSystem/v3-Confidentiality"
      ],
      "oids" : ["2.16.840.1.113883.4.642.3.47"],
      "sources" : ["2.16.840.1.113883.4.642.3.47"],
      "uses" : {
      },
      "StructureDefinition-vbai-consent.html" : "VBAI Consent"
    },
    {
      "url" : "http://hl7.org/fhir/ValueSet/security-role-type",
      "version" : "4.0.1",
      "status" : "draft",
      "name" : "SecurityRoleType",
      "title" : "SecurityRoleType",
      "description" : "This example FHIR value set is comprised of example Actor Type codes, which can be used to value FHIR agents, actors, and other role         elements such as those specified in financial transactions. The FHIR Actor value set is based on    DICOM Audit Message, C402;   ASTM Standard, E1762-95 [2013]; selected codes and          derived actor roles from HL7 RoleClass OID 2.16.840.1.113883.5.110;    HL7 Role Code 2.16.840.1.113883.5.111, including AgentRoleType;          HL7 ParticipationType OID: 2.16.840.1.113883.5.90; and    HL7 ParticipationFunction codes OID: 2.16.840.1.113883.5.88.           This value set includes, by reference, role codes from external code systems: NUCC Health Care Provider Taxonomy OID: 2.16.840.1.113883.6.101;          North American Industry Classification System [NAICS]OID: 2.16.840.1.113883.6.85; IndustryClassificationSystem 2.16.840.1.113883.1.11.16039;          and US Census Occupation Code OID: 2.16.840.1.113883.6.243 for relevant recipient or custodian codes not included in this value set.            If no source is indicated in the definition comments, then these are example FHIR codes.          It can be extended with appropriate roles described by SNOMED as well as those described in the HL7 Role Based Access Control Catalog and the          HL7 Healthcare (Security and Privacy) Access Control Catalog.            In Role-Based Access Control (RBAC), permissions are operations on an object that a user wishes to access. Permissions are grouped into roles.          A role characterizes the functions a user is allowed to perform. Roles are assigned to users. If the user's role has the appropriate permissions          to access an object, then that user is granted access to the object. FHIR readily enables RBAC, as FHIR Resources are object types and the CRUDE          events (the FHIR equivalent to permissions in the RBAC scheme) are operations on those objects.          In Attribute-Based Access Control (ABAC), a user requests to perform operations on objects. That user's access request is granted or denied          based on a set of access control policies that are specified in terms of attributes and conditions. FHIR readily enables ABAC, as instances of          a Resource in FHIR (again, Resources are object types) can have attributes associated with them. These attributes include security tags,          environment conditions, and a host of user and object characteristics, which are the same attributes as those used in ABAC. Attributes help          define the access control policies that determine the operations a user may perform on a Resource (in FHIR) or object (in ABAC). For example,          a tag (or attribute) may specify that the identified Resource (object) is not to be further disclosed without explicit consent from the patient.",
      "systems" : [
        "http://terminology.hl7.org/CodeSystem/extra-security-role-type",
        "http://terminology.hl7.org/CodeSystem/v3-RoleCode",
        "http://terminology.hl7.org/CodeSystem/v3-RoleClass",
        "http://terminology.hl7.org/CodeSystem/v3-ParticipationFunction",
        "http://terminology.hl7.org/CodeSystem/contractsignertypecodes",
        "http://terminology.hl7.org/CodeSystem/v3-ParticipationType",
        "http://dicom.nema.org/resources/ontology/DCM"
      ],
      "oids" : ["2.16.840.1.113883.4.642.3.978"],
      "sources" : ["2.16.840.1.113883.4.642.3.978"],
      "uses" : {
      },
      "StructureDefinition-vbai-consent.html" : "VBAI Consent"
    },
    {
      "url" : "http://hl7.org/fhir/ValueSet/series-performer-function",
      "version" : "4.0.1",
      "status" : "draft",
      "name" : "ImagingStudySeriesPerformerFunction",
      "title" : "ImagingStudy series performer function",
      "description" : "Performer function of an agent in an imaging study series",
      "systems" : ["http://terminology.hl7.org/CodeSystem/v3-ParticipationType"],
      "oids" : ["2.16.840.1.113883.4.642.3.989"],
      "sources" : ["2.16.840.1.113883.4.642.3.989"],
      "uses" : {
      },
      "StructureDefinition-vbai-imaging-study.html" : "VBAI Imaging Study"
    },
    {
      "url" : "http://hl7.org/fhir/ValueSet/service-type",
      "version" : "4.0.1",
      "status" : "draft",
      "name" : "ServiceType",
      "title" : "Service type",
      "description" : "This value set defines an example set of codes of service-types.",
      "systems" : ["http://terminology.hl7.org/CodeSystem/service-type"],
      "oids" : ["2.16.840.1.113883.4.642.3.518"],
      "sources" : ["2.16.840.1.113883.4.642.3.518"],
      "uses" : {
      },
      "StructureDefinition-vbai-encounter.html" : "VBAI Encounter"
    },
    {
      "url" : "http://hl7.org/fhir/ValueSet/subject-type",
      "version" : "4.0.1",
      "status" : "draft",
      "name" : "SubjectType",
      "title" : "Subject type",
      "description" : "Possible types of subjects.",
      "systems" : ["http://hl7.org/fhir/resource-types"],
      "oids" : ["2.16.840.1.113883.4.642.3.775"],
      "sources" : ["2.16.840.1.113883.4.642.3.775"],
      "uses" : {
      },
      "StructureDefinition-vbai-plan-definition.html" : "Vbai Plan Definition",
      "StructureDefinition-vbai-cohort-protocol.html" : "A general template for VBAI protocols"
    },
    {
      "url" : "http://hl7.org/fhir/ValueSet/ucum-bodylength",
      "version" : "4.0.1",
      "status" : "draft",
      "name" : "BodyLengthUnits",
      "title" : "Body Length Units",
      "description" : "UCUM units for recording body length measures such as height and head circumference",
      "systems" : ["http://unitsofmeasure.org"],
      "oids" : ["2.16.840.1.113883.4.642.3.958"],
      "sources" : ["2.16.840.1.113883.4.642.3.958"],
      "uses" : {
      },
      "StructureDefinition-vbai-body-height.html" : "VBAI Body Height"
    },
    {
      "url" : "http://hl7.org/fhir/ValueSet/ucum-bodyweight",
      "version" : "4.0.1",
      "status" : "draft",
      "name" : "BodyWeightUnits",
      "title" : "Body Weight Units",
      "description" : "UCUM units for recording Body Weight",
      "systems" : ["http://unitsofmeasure.org"],
      "oids" : ["2.16.840.1.113883.4.642.3.956"],
      "sources" : ["2.16.840.1.113883.4.642.3.956"],
      "uses" : {
      },
      "StructureDefinition-vbai-body-weight.html" : "VBAI Body Weight"
    },
    {
      "url" : "http://hl7.org/fhir/ValueSet/ucum-vitals-common",
      "version" : "4.0.1",
      "status" : "draft",
      "name" : "VitalSignsUnits",
      "title" : "Vital Signs Units",
      "description" : "Common UCUM units for recording Vital Signs",
      "systems" : ["http://unitsofmeasure.org"],
      "oids" : ["2.16.840.1.113883.4.642.3.955"],
      "sources" : ["2.16.840.1.113883.4.642.3.955"],
      "uses" : {
      },
      "StructureDefinition-vbai-vital-signs.html" : "VBAI Vital Signs",
      "StructureDefinition-vbai-body-height.html" : "VBAI Body Height",
      "StructureDefinition-vbai-body-weight.html" : "VBAI Body Weight"
    },
    {
      "url" : "http://hl7.org/fhir/ValueSet/udi-entry-type",
      "version" : "4.0.1",
      "status" : "draft",
      "name" : "UDIEntryType",
      "title" : "UDIEntryType",
      "description" : "Codes to identify how UDI data was entered.",
      "systems" : ["http://hl7.org/fhir/udi-entry-type"],
      "oids" : ["2.16.840.1.113883.4.642.3.211"],
      "sources" : ["2.16.840.1.113883.4.642.3.211"],
      "uses" : {
      },
      "StructureDefinition-vbai-waveform-device.html" : "VBAI Waveform Device"
    },
    {
      "url" : "http://hl7.org/fhir/us/core/ValueSet/simple-language",
      "version" : "5.0.1",
      "status" : "active",
      "name" : "LanguageCodesWithLanguageAndOptionallyARegionModifier",
      "title" : "Language codes with language and optionally a region modifier",
      "description" : "This value set includes codes from [BCP-47](http://tools.ietf.org/html/bcp47). This value set matches the ONC 2015 Edition LanguageCommunication data element value set within C-CDA to use a 2 character language code if one exists,   and a 3 character code if a 2 character code does not exist. It points back to [RFC 5646](https://tools.ietf.org/html/rfc5646), however only the language codes are required, all other elements are optional.",
      "systems" : ["urn:ietf:bcp:47"],
      "uses" : {
      },
      "StructureDefinition-vbai-patient.html" : "VBAI Patient"
    },
    {
      "url" : "http://hl7.org/fhir/us/core/ValueSet/us-core-condition-code",
      "version" : "5.0.1",
      "status" : "active",
      "name" : "USCoreConditionCodes",
      "title" : "US Core Condition Codes",
      "description" : "This describes the problem. Diagnosis/Problem List is broadly defined as a series of brief statements that catalog a patient's medical, nursing, dental, social, preventative and psychiatric events and issues that are relevant to that patient's healthcare (e.g., signs, symptoms, and defined conditions). ICD-10 is appropriate for Diagnosis information, and ICD-9 for historical information.",
      "systems" : [
        "http://hl7.org/fhir/sid/icd-10-cm",
        "http://hl7.org/fhir/sid/icd-9-cm",
        "http://snomed.info/sct"
      ],
      "uses" : {
      },
      "StructureDefinition-vbai-condition.html" : "VBAI Condition"
    },
    {
      "url" : "http://hl7.org/fhir/us/core/ValueSet/us-core-discharge-disposition",
      "version" : "5.0.1",
      "status" : "active",
      "name" : "USCoreDischargeDisposition",
      "title" : "US Core Discharge Disposition",
      "description" : "[National Uniform Billing Committee](http://www.nubc.org/), manual UB-04, UB form locator 17.",
      "systems" : ["http://www.nubc.org/patient-discharge"],
      "uses" : {
      },
      "StructureDefinition-vbai-encounter.html" : "VBAI Encounter"
    },
    {
      "url" : "http://hl7.org/fhir/us/core/ValueSet/us-core-encounter-type",
      "version" : "5.0.1",
      "status" : "active",
      "name" : "USCoreEncounterType",
      "title" : "US Core Encounter Type",
      "description" : "The type of encounter: a specific code indicating type of service provided. This value set includes codes from SNOMED CT decending from the concept 308335008 (Patient encounter procedure (procedure)) and codes from the Current Procedure and Terminology (CPT) found in the following CPT sections:\n- 99201-99499 E/M - 99500-99600 home health (mainly nonphysician, such as newborn care in home) - 99605-99607 medication management - 98966-98968 non physician telephone services\n(subscription to AMA Required)",
      "systems" : ["http://www.ama-assn.org/go/cpt", "http://snomed.info/sct"],
      "uses" : {
      },
      "StructureDefinition-vbai-encounter.html" : "VBAI Encounter"
    },
    {
      "url" : "http://hl7.org/fhir/us/core/ValueSet/us-core-usps-state",
      "version" : "5.0.1",
      "status" : "active",
      "name" : "UspsTwoLetterAlphabeticCodes",
      "title" : "USPS Two Letter Alphabetic Codes",
      "description" : "This value set defines two letter USPS alphabetic codes.",
      "systems" : ["https://www.usps.com/"],
      "oids" : ["2.16.840.1.113883.4.642.3.40"],
      "sources" : ["2.16.840.1.113883.4.642.3.40"],
      "uses" : {
      },
      "StructureDefinition-vbai-patient.html" : "VBAI Patient"
    },
    {
      "url" : "http://hl7.org/fhir/us/core/ValueSet/us-core-vital-signs",
      "version" : "5.0.1",
      "status" : "active",
      "name" : "UsCoreVitalSigns",
      "title" : "US Core Vital Signs ValueSet",
      "description" : "The vital sign codes from the base FHIR and US Core Vital Signs.",
      "systems" : ["http://loinc.org"],
      "uses" : {
      },
      "StructureDefinition-vbai-vital-signs.html" : "VBAI Vital Signs",
      "StructureDefinition-vbai-body-height.html" : "VBAI Body Height",
      "StructureDefinition-vbai-body-weight.html" : "VBAI Body Weight"
    },
    {
      "url" : "http://terminology.hl7.org/ValueSet/v2-0092",
      "version" : "2.0.0",
      "status" : "active",
      "name" : "Hl7VSReAdmissionIndicator",
      "title" : "hl7VS-re-admissionIndicator",
      "description" : "Value Set of codes which are used to specify that a patient is being re-admitted to a healthcare facility from which they were discharged, and indicates the circumstances around such re-admission.",
      "systems" : ["http://terminology.hl7.org/CodeSystem/v2-0092"],
      "oids" : ["2.16.840.1.113883.21.40"],
      "sources" : ["2.16.840.1.113883.21.40"],
      "uses" : {
      },
      "StructureDefinition-vbai-encounter.html" : "VBAI Encounter"
    },
    {
      "url" : "http://terminology.hl7.org/ValueSet/v3-ActEncounterCode",
      "version" : "2.0.0",
      "status" : "active",
      "name" : "ActEncounterCode",
      "title" : "ActEncounterCode",
      "description" : "Domain provides codes that qualify the ActEncounterClass (ENC)",
      "systems" : ["http://terminology.hl7.org/CodeSystem/v3-ActCode"],
      "oids" : ["2.16.840.1.113883.1.11.13955"],
      "sources" : ["2.16.840.1.113883.1.11.13955"],
      "uses" : {
      },
      "StructureDefinition-vbai-encounter.html" : "VBAI Encounter"
    },
    {
      "url" : "http://terminology.hl7.org/ValueSet/v3-ActPriority",
      "version" : "2.0.0",
      "status" : "active",
      "name" : "ActPriority",
      "title" : "ActPriority",
      "description" : "A code or set of codes (e.g., for routine, emergency,) specifying the urgency under which the Act happened, can happen, is happening, is intended to happen, or is requested/demanded to happen.\r\n\r\n*Discussion:* This attribute is used in orders to indicate the ordered priority, and in event documentation it indicates the actual priority used to perform the act. In definition mood it indicates the available priorities.",
      "systems" : ["http://terminology.hl7.org/CodeSystem/v3-ActPriority"],
      "oids" : ["2.16.840.1.113883.1.11.16866"],
      "sources" : ["2.16.840.1.113883.1.11.16866"],
      "uses" : {
      },
      "StructureDefinition-vbai-encounter.html" : "VBAI Encounter"
    },
    {
      "url" : "http://terminology.hl7.org/ValueSet/v3-PurposeOfUse",
      "version" : "2.0.0",
      "status" : "active",
      "name" : "PurposeOfUse",
      "title" : "PurposeOfUse",
      "description" : "Supports communication of purpose of use at a general level.",
      "systems" : ["http://terminology.hl7.org/CodeSystem/v3-ActReason"],
      "oids" : ["2.16.840.1.113883.1.11.20448"],
      "sources" : ["2.16.840.1.113883.1.11.20448"],
      "uses" : {
      },
      "StructureDefinition-vbai-consent.html" : "VBAI Consent"
    }
  ]
}
