<?xml version="1.0" encoding="UTF-8"?>

<ValueSet xmlns="http://hl7.org/fhir">
  <id value="peds-language-fluency"/>
  <text>
    <status value="generated"/><div xmlns="http://www.w3.org/1999/xhtml"><ul><li>Include all codes defined in <a href="CodeSystem-peds-language-fluency.html"><code>https://voicecollab.ai/fhir/CodeSystem/peds-language-fluency</code></a></li></ul></div>
  </text>
  <url value="https://voicecollab.ai/fhir/ValueSet/peds-language-fluency"/>
  <version value="1.0.0"/>
  <name value="PedsLanguageFluency"/>
  <title value="Pediatric Language Fluency"/>
  <status value="active"/>
  <date value="2023-08-02"/>
  <publisher value="KinD Lab"/>
  <contact>
    <name value="KinD Lab"/>
    <telecom>
      <system value="url"/>
      <value value="http://fhir.kindlab.sickkids.ca"/>
    </telecom>
  </contact>
  <description value="The codes required for Pediatric enrollment Eligibility questionnaire"/>
  <compose>
    <include>
      <system value="https://voicecollab.ai/fhir/CodeSystem/peds-language-fluency"/>
    </include>
  </compose>
</ValueSet>