<?xml version="1.0" encoding="UTF-8"?>

<ValueSet xmlns="http://hl7.org/fhir">
  <id value="menstruation-menopause-status"/>
  <text>
    <status value="generated"/><div xmlns="http://www.w3.org/1999/xhtml"><ul><li>Include all codes defined in <a href="CodeSystem-menstruation-menopause-status.html"><code>https://voicecollab.ai/fhir/CodeSystem/menstruation-menopause-status</code></a></li></ul></div>
  </text>
  <url value="https://voicecollab.ai/fhir/ValueSet/menstruation-menopause-status"/>
  <version value="1.0.0"/>
  <name value="MenstrationMenopause"/>
  <title value="Menstratio / Menopause ValueSet"/>
  <status value="active"/>
  <date value="2023-05-11"/>
  <publisher value="KinD Lab"/>
  <contact>
    <name value="KinD Lab"/>
    <telecom>
      <system value="url"/>
      <value value="http://fhir.kindlab.sickkids.ca"/>
    </telecom>
  </contact>
  <description value="The Codes used by confounder questionnaire"/>
  <compose>
    <include>
      <system value="https://voicecollab.ai/fhir/CodeSystem/menstruation-menopause-status"/>
    </include>
  </compose>
</ValueSet>