{
  "resourceType" : "ValueSet",
  "id" : "financial-assistance",
  "text" : {
    "status" : "generated",
    "div" : "<div xmlns=\"http://www.w3.org/1999/xhtml\">Placeholder</div>"
  },
  "url" : "https://voicecollab.ai/fhir/ValueSet/financial-assistance",
  "version" : "1.0.0",
  "name" : "FinancialAssistance",
  "title" : "Financial Assistance",
  "status" : "draft",
  "experimental" : true,
  "date" : "2023-09-15T16:24:43+00:00",
  "publisher" : "KinD Lab",
  "contact" : [{
    "name" : "KinD Lab",
    "telecom" : [{
      "system" : "url",
      "value" : "http://fhir.kindlab.sickkids.ca"
    }]
  }],
  "description" : "Valueset for capturing Financial Assistance Programs user is using",
  "compose" : {
    "include" : [{
      "system" : "https://voicecollab.ai/fhir/CodeSystem/financial-assistance"
    }]
  }
}