URL,Version,Status,OIDs,Name,Title,Descriptino,Used
http://snomed.info/sct,null,active,"2.16.840.1.113883.6.96",SNOMED_CT,SNOMED CT (all versions),"SNOMED CT is the most comprehensive and precise clinical health terminology product in the world, owned and distributed around the world by The International Health Terminology Standards Development Organisation (IHTSDO).","ValueSet/us-core-sexual-orientation,ValueSet/gender-identity"
http://terminology.hl7.org/CodeSystem/data-absent-reason,0.1.0,active,"2.16.840.1.113883.4.642.4.1048",DataAbsentReason,DataAbsentReason,"Used to specify why the normally expected content of the data element is missing.","ValueSet/gender-identity"
http://terminology.hl7.org/CodeSystem/v2-0532,2.1.0,active,"2.16.840.1.113883.18.347",ExpandedYesNoIndicator,expandedYes-NoIndicator,"HL7-defined code system of concepts used to specify an expansion on the original Yes/No indicator table by including ""flavors of null"".  It is intended to be applied to fields where the response is not limited to ""yes"" or ""no"".  Used in numerous locations in HL7 Version 2.x messaging.","ValueSet/v2-0136"
http://terminology.hl7.org/CodeSystem/v3-NullFlavor,2.1.0,active,"2.16.840.1.113883.5.1008",NullFlavor,NullFlavor,"A collection of codes specifying why a valid value is not present.","ValueSet/us-core-sexual-orientation,ValueSet/gender-identity"
https://voicecollab.ai/fhir/CodeSystem/Who-Completed-Survey,1.4.0,active,,WhoCompletedSurvey,Survey Completion Identifier Codes,"This code system identifies who has completed a specific survey or questionnaire.","ValueSet/whocompletedsurvey"
https://voicecollab.ai/fhir/CodeSystem/Winograd-1,1.4.0,active,,Winograd1,Questionnaire codes,"The codes required for Questionnaires survey completion","ValueSet/Winograd-1"
https://voicecollab.ai/fhir/CodeSystem/Winograd-10,1.4.0,active,,Winograd10,Questionnaire codes,"The codes required for Questionnaires survey completion","ValueSet/Winograd-10"
https://voicecollab.ai/fhir/CodeSystem/Winograd-100,1.4.0,active,,Winograd100,Questionnaire codes,"The codes required for Questionnaires survey completion","ValueSet/Winograd-100"
https://voicecollab.ai/fhir/CodeSystem/Winograd-101,1.4.0,active,,Winograd101,Questionnaire codes,"The codes required for Questionnaires survey completion","ValueSet/Winograd-101"
https://voicecollab.ai/fhir/CodeSystem/Winograd-102,1.4.0,active,,Winograd102,Questionnaire codes,"The codes required for Questionnaires survey completion","ValueSet/Winograd-102"
https://voicecollab.ai/fhir/CodeSystem/Winograd-103,1.4.0,active,,Winograd103,Questionnaire codes,"The codes required for Questionnaires survey completion","ValueSet/Winograd-103"
https://voicecollab.ai/fhir/CodeSystem/Winograd-104,1.4.0,active,,Winograd104,Questionnaire codes,"The codes required for Questionnaires survey completion","ValueSet/Winograd-104"
https://voicecollab.ai/fhir/CodeSystem/Winograd-105,1.4.0,active,,Winograd105,Questionnaire codes,"The codes required for Questionnaires survey completion","ValueSet/Winograd-105"
https://voicecollab.ai/fhir/CodeSystem/Winograd-106,1.4.0,active,,Winograd106,Questionnaire codes,"The codes required for Questionnaires survey completion","ValueSet/Winograd-106"
https://voicecollab.ai/fhir/CodeSystem/Winograd-107,1.4.0,active,,Winograd107,Questionnaire codes,"The codes required for Questionnaires survey completion","ValueSet/Winograd-107"
https://voicecollab.ai/fhir/CodeSystem/Winograd-108,1.4.0,active,,Winograd108,Questionnaire codes,"The codes required for Questionnaires survey completion","ValueSet/Winograd-108"
https://voicecollab.ai/fhir/CodeSystem/Winograd-109,1.4.0,active,,Winograd109,Questionnaire codes,"The codes required for Questionnaires survey completion","ValueSet/Winograd-109"
https://voicecollab.ai/fhir/CodeSystem/Winograd-11,1.4.0,active,,Winograd11,Questionnaire codes,"The codes required for Questionnaires survey completion","ValueSet/Winograd-11"
https://voicecollab.ai/fhir/CodeSystem/Winograd-110,1.4.0,active,,Winograd110,Questionnaire codes,"The codes required for Questionnaires survey completion","ValueSet/Winograd-110"
https://voicecollab.ai/fhir/CodeSystem/Winograd-111,1.4.0,active,,Winograd111,Questionnaire codes,"The codes required for Questionnaires survey completion","ValueSet/Winograd-111"
https://voicecollab.ai/fhir/CodeSystem/Winograd-112,1.4.0,active,,Winograd112,Questionnaire codes,"The codes required for Questionnaires survey completion","ValueSet/Winograd-112"
https://voicecollab.ai/fhir/CodeSystem/Winograd-113,1.4.0,active,,Winograd113,Questionnaire codes,"The codes required for Questionnaires survey completion","ValueSet/Winograd-113"
https://voicecollab.ai/fhir/CodeSystem/Winograd-114,1.4.0,active,,Winograd114,Questionnaire codes,"The codes required for Questionnaires survey completion","ValueSet/Winograd-114"
https://voicecollab.ai/fhir/CodeSystem/Winograd-115,1.4.0,active,,Winograd115,Questionnaire codes,"The codes required for Questionnaires survey completion","ValueSet/Winograd-115"
https://voicecollab.ai/fhir/CodeSystem/Winograd-116,1.4.0,active,,Winograd116,Questionnaire codes,"The codes required for Questionnaires survey completion","ValueSet/Winograd-116"
https://voicecollab.ai/fhir/CodeSystem/Winograd-117,1.4.0,active,,Winograd117,Questionnaire codes,"The codes required for Questionnaires survey completion","ValueSet/Winograd-117"
https://voicecollab.ai/fhir/CodeSystem/Winograd-118,1.4.0,active,,Winograd118,Questionnaire codes,"The codes required for Questionnaires survey completion","ValueSet/Winograd-118"
https://voicecollab.ai/fhir/CodeSystem/Winograd-119,1.4.0,active,,Winograd119,Questionnaire codes,"The codes required for Questionnaires survey completion","ValueSet/Winograd-119"
https://voicecollab.ai/fhir/CodeSystem/Winograd-12,1.4.0,active,,Winograd12,Questionnaire codes,"The codes required for Questionnaires survey completion","ValueSet/Winograd-12"
https://voicecollab.ai/fhir/CodeSystem/Winograd-120,1.4.0,active,,Winograd120,Questionnaire codes,"The codes required for Questionnaires survey completion","ValueSet/Winograd-120"
https://voicecollab.ai/fhir/CodeSystem/Winograd-121,1.4.0,active,,Winograd121,Questionnaire codes,"The codes required for Questionnaires survey completion","ValueSet/Winograd-121"
https://voicecollab.ai/fhir/CodeSystem/Winograd-122,1.4.0,active,,Winograd122,Questionnaire codes,"The codes required for Questionnaires survey completion","ValueSet/Winograd-122"
https://voicecollab.ai/fhir/CodeSystem/Winograd-123,1.4.0,active,,Winograd123,Questionnaire codes,"The codes required for Questionnaires survey completion","ValueSet/Winograd-123"
https://voicecollab.ai/fhir/CodeSystem/Winograd-124,1.4.0,active,,Winograd124,Questionnaire codes,"The codes required for Questionnaires survey completion","ValueSet/Winograd-124"
https://voicecollab.ai/fhir/CodeSystem/Winograd-125,1.4.0,active,,Winograd125,Questionnaire codes,"The codes required for Questionnaires survey completion","ValueSet/Winograd-125"
https://voicecollab.ai/fhir/CodeSystem/Winograd-126,1.4.0,active,,Winograd126,Questionnaire codes,"The codes required for Questionnaires survey completion","ValueSet/Winograd-126"
https://voicecollab.ai/fhir/CodeSystem/Winograd-127,1.4.0,active,,Winograd127,Questionnaire codes,"The codes required for Questionnaires survey completion","ValueSet/Winograd-127"
https://voicecollab.ai/fhir/CodeSystem/Winograd-128,1.4.0,active,,Winograd128,Questionnaire codes,"The codes required for Questionnaires survey completion","ValueSet/Winograd-128"
https://voicecollab.ai/fhir/CodeSystem/Winograd-129,1.4.0,active,,Winograd129,Questionnaire codes,"The codes required for Questionnaires survey completion","ValueSet/Winograd-129"
https://voicecollab.ai/fhir/CodeSystem/Winograd-13,1.4.0,active,,Winograd13,Questionnaire codes,"The codes required for Questionnaires survey completion","ValueSet/Winograd-13"
https://voicecollab.ai/fhir/CodeSystem/Winograd-130,1.4.0,active,,Winograd130,Questionnaire codes,"The codes required for Questionnaires survey completion","ValueSet/Winograd-130"
https://voicecollab.ai/fhir/CodeSystem/Winograd-131,1.4.0,active,,Winograd131,Questionnaire codes,"The codes required for Questionnaires survey completion","ValueSet/Winograd-131"
https://voicecollab.ai/fhir/CodeSystem/Winograd-132,1.4.0,active,,Winograd132,Questionnaire codes,"The codes required for Questionnaires survey completion","ValueSet/Winograd-132"
https://voicecollab.ai/fhir/CodeSystem/Winograd-133,1.4.0,active,,Winograd133,Questionnaire codes,"The codes required for Questionnaires survey completion","ValueSet/Winograd-133"
https://voicecollab.ai/fhir/CodeSystem/Winograd-134,1.4.0,active,,Winograd134,Questionnaire codes,"The codes required for Questionnaires survey completion","ValueSet/Winograd-134"
https://voicecollab.ai/fhir/CodeSystem/Winograd-135,1.4.0,active,,Winograd135,Questionnaire codes,"The codes required for Questionnaires survey completion","ValueSet/Winograd-135"
https://voicecollab.ai/fhir/CodeSystem/Winograd-136,1.4.0,active,,Winograd136,Questionnaire codes,"The codes required for Questionnaires survey completion","ValueSet/Winograd-136"
https://voicecollab.ai/fhir/CodeSystem/Winograd-137,1.4.0,active,,Winograd137,Questionnaire codes,"The codes required for Questionnaires survey completion","ValueSet/Winograd-137"
https://voicecollab.ai/fhir/CodeSystem/Winograd-138,1.4.0,active,,Winograd138,Questionnaire codes,"The codes required for Questionnaires survey completion","ValueSet/Winograd-138"
https://voicecollab.ai/fhir/CodeSystem/Winograd-14,1.4.0,active,,Winograd14,Questionnaire codes,"The codes required for Questionnaires survey completion","ValueSet/Winograd-14"
https://voicecollab.ai/fhir/CodeSystem/Winograd-15,1.4.0,active,,Winograd15,Questionnaire codes,"The codes required for Questionnaires survey completion","ValueSet/Winograd-15"
https://voicecollab.ai/fhir/CodeSystem/Winograd-16,1.4.0,active,,Winograd16,Questionnaire codes,"The codes required for Questionnaires survey completion","ValueSet/Winograd-16"
https://voicecollab.ai/fhir/CodeSystem/Winograd-17,1.4.0,active,,Winograd17,Questionnaire codes,"The codes required for Questionnaires survey completion","ValueSet/Winograd-17"
https://voicecollab.ai/fhir/CodeSystem/Winograd-18,1.4.0,active,,Winograd18,Questionnaire codes,"The codes required for Questionnaires survey completion","ValueSet/Winograd-18"
https://voicecollab.ai/fhir/CodeSystem/Winograd-19,1.4.0,active,,Winograd19,Questionnaire codes,"The codes required for Questionnaires survey completion","ValueSet/Winograd-19"
https://voicecollab.ai/fhir/CodeSystem/Winograd-2,1.4.0,active,,Winograd2,Questionnaire codes,"The codes required for Questionnaires survey completion","ValueSet/Winograd-2"
https://voicecollab.ai/fhir/CodeSystem/Winograd-20,1.4.0,active,,Winograd20,Questionnaire codes,"The codes required for Questionnaires survey completion","ValueSet/Winograd-20"
https://voicecollab.ai/fhir/CodeSystem/Winograd-21,1.4.0,active,,Winograd21,Questionnaire codes,"The codes required for Questionnaires survey completion","ValueSet/Winograd-21"
https://voicecollab.ai/fhir/CodeSystem/Winograd-22,1.4.0,active,,Winograd22,Questionnaire codes,"The codes required for Questionnaires survey completion","ValueSet/Winograd-22"
https://voicecollab.ai/fhir/CodeSystem/Winograd-23,1.4.0,active,,Winograd23,Questionnaire codes,"The codes required for Questionnaires survey completion","ValueSet/Winograd-23"
https://voicecollab.ai/fhir/CodeSystem/Winograd-24,1.4.0,active,,Winograd24,Questionnaire codes,"The codes required for Questionnaires survey completion","ValueSet/Winograd-24"
https://voicecollab.ai/fhir/CodeSystem/Winograd-25,1.4.0,active,,Winograd25,Questionnaire codes,"The codes required for Questionnaires survey completion","ValueSet/Winograd-25"
https://voicecollab.ai/fhir/CodeSystem/Winograd-26,1.4.0,active,,Winograd26,Questionnaire codes,"The codes required for Questionnaires survey completion","ValueSet/Winograd-26"
https://voicecollab.ai/fhir/CodeSystem/Winograd-27,1.4.0,active,,Winograd27,Questionnaire codes,"The codes required for Questionnaires survey completion","ValueSet/Winograd-27"
https://voicecollab.ai/fhir/CodeSystem/Winograd-28,1.4.0,active,,Winograd28,Questionnaire codes,"The codes required for Questionnaires survey completion","ValueSet/Winograd-28"
https://voicecollab.ai/fhir/CodeSystem/Winograd-29,1.4.0,active,,Winograd29,Questionnaire codes,"The codes required for Questionnaires survey completion","ValueSet/Winograd-29"
https://voicecollab.ai/fhir/CodeSystem/Winograd-3,1.4.0,active,,Winograd3,Questionnaire codes,"The codes required for Questionnaires survey completion","ValueSet/Winograd-3"
https://voicecollab.ai/fhir/CodeSystem/Winograd-30,1.4.0,active,,Winograd30,Questionnaire codes,"The codes required for Questionnaires survey completion","ValueSet/Winograd-30"
https://voicecollab.ai/fhir/CodeSystem/Winograd-31,1.4.0,active,,Winograd31,Questionnaire codes,"The codes required for Questionnaires survey completion","ValueSet/Winograd-31"
https://voicecollab.ai/fhir/CodeSystem/Winograd-32,1.4.0,active,,Winograd32,Questionnaire codes,"The codes required for Questionnaires survey completion","ValueSet/Winograd-32"
https://voicecollab.ai/fhir/CodeSystem/Winograd-33,1.4.0,active,,Winograd33,Questionnaire codes,"The codes required for Questionnaires survey completion","ValueSet/Winograd-33"
https://voicecollab.ai/fhir/CodeSystem/Winograd-34,1.4.0,active,,Winograd34,Questionnaire codes,"The codes required for Questionnaires survey completion","ValueSet/Winograd-34"
https://voicecollab.ai/fhir/CodeSystem/Winograd-35,1.4.0,active,,Winograd35,Questionnaire codes,"The codes required for Questionnaires survey completion","ValueSet/Winograd-35"
https://voicecollab.ai/fhir/CodeSystem/Winograd-36,1.4.0,active,,Winograd36,Questionnaire codes,"The codes required for Questionnaires survey completion","ValueSet/Winograd-36"
https://voicecollab.ai/fhir/CodeSystem/Winograd-37,1.4.0,active,,Winograd37,Questionnaire codes,"The codes required for Questionnaires survey completion","ValueSet/Winograd-37"
https://voicecollab.ai/fhir/CodeSystem/Winograd-38,1.4.0,active,,Winograd38,Questionnaire codes,"The codes required for Questionnaires survey completion","ValueSet/Winograd-38"
https://voicecollab.ai/fhir/CodeSystem/Winograd-39,1.4.0,active,,Winograd39,Questionnaire codes,"The codes required for Questionnaires survey completion","ValueSet/Winograd-39"
https://voicecollab.ai/fhir/CodeSystem/Winograd-4,1.4.0,active,,Winograd4,Questionnaire codes,"The codes required for Questionnaires survey completion","ValueSet/Winograd-4"
https://voicecollab.ai/fhir/CodeSystem/Winograd-40,1.4.0,active,,Winograd40,Questionnaire codes,"The codes required for Questionnaires survey completion","ValueSet/Winograd-40"
https://voicecollab.ai/fhir/CodeSystem/Winograd-41,1.4.0,active,,Winograd41,Questionnaire codes,"The codes required for Questionnaires survey completion","ValueSet/Winograd-41"
https://voicecollab.ai/fhir/CodeSystem/Winograd-42,1.4.0,active,,Winograd42,Questionnaire codes,"The codes required for Questionnaires survey completion","ValueSet/Winograd-42"
https://voicecollab.ai/fhir/CodeSystem/Winograd-43,1.4.0,active,,Winograd43,Questionnaire codes,"The codes required for Questionnaires survey completion","ValueSet/Winograd-43"
https://voicecollab.ai/fhir/CodeSystem/Winograd-44,1.4.0,active,,Winograd44,Questionnaire codes,"The codes required for Questionnaires survey completion","ValueSet/Winograd-44"
https://voicecollab.ai/fhir/CodeSystem/Winograd-45,1.4.0,active,,Winograd45,Questionnaire codes,"The codes required for Questionnaires survey completion","ValueSet/Winograd-45"
https://voicecollab.ai/fhir/CodeSystem/Winograd-46,1.4.0,active,,Winograd46,Questionnaire codes,"The codes required for Questionnaires survey completion","ValueSet/Winograd-46"
https://voicecollab.ai/fhir/CodeSystem/Winograd-47,1.4.0,active,,Winograd47,Questionnaire codes,"The codes required for Questionnaires survey completion","ValueSet/Winograd-47"
https://voicecollab.ai/fhir/CodeSystem/Winograd-48,1.4.0,active,,Winograd48,Questionnaire codes,"The codes required for Questionnaires survey completion","ValueSet/Winograd-48"
https://voicecollab.ai/fhir/CodeSystem/Winograd-49,1.4.0,active,,Winograd49,Questionnaire codes,"The codes required for Questionnaires survey completion","ValueSet/Winograd-49"
https://voicecollab.ai/fhir/CodeSystem/Winograd-5,1.4.0,active,,Winograd5,Questionnaire codes,"The codes required for Questionnaires survey completion","ValueSet/Winograd-5"
https://voicecollab.ai/fhir/CodeSystem/Winograd-50,1.4.0,active,,Winograd50,Questionnaire codes,"The codes required for Questionnaires survey completion","ValueSet/Winograd-50"
https://voicecollab.ai/fhir/CodeSystem/Winograd-51,1.4.0,active,,Winograd51,Questionnaire codes,"The codes required for Questionnaires survey completion","ValueSet/Winograd-51"
https://voicecollab.ai/fhir/CodeSystem/Winograd-52,1.4.0,active,,Winograd52,Questionnaire codes,"The codes required for Questionnaires survey completion","ValueSet/Winograd-52"
https://voicecollab.ai/fhir/CodeSystem/Winograd-53,1.4.0,active,,Winograd53,Questionnaire codes,"The codes required for Questionnaires survey completion","ValueSet/Winograd-53"
https://voicecollab.ai/fhir/CodeSystem/Winograd-54,1.4.0,active,,Winograd54,Questionnaire codes,"The codes required for Questionnaires survey completion","ValueSet/Winograd-54"
https://voicecollab.ai/fhir/CodeSystem/Winograd-55,1.4.0,active,,Winograd55,Questionnaire codes,"The codes required for Questionnaires survey completion","ValueSet/Winograd-55"
https://voicecollab.ai/fhir/CodeSystem/Winograd-56,1.4.0,active,,Winograd56,Questionnaire codes,"The codes required for Questionnaires survey completion","ValueSet/Winograd-56"
https://voicecollab.ai/fhir/CodeSystem/Winograd-57,1.4.0,active,,Winograd57,Questionnaire codes,"The codes required for Questionnaires survey completion","ValueSet/Winograd-57"
https://voicecollab.ai/fhir/CodeSystem/Winograd-58,1.4.0,active,,Winograd58,Questionnaire codes,"The codes required for Questionnaires survey completion","ValueSet/Winograd-58"
https://voicecollab.ai/fhir/CodeSystem/Winograd-59,1.4.0,active,,Winograd59,Questionnaire codes,"The codes required for Questionnaires survey completion","ValueSet/Winograd-59"
https://voicecollab.ai/fhir/CodeSystem/Winograd-6,1.4.0,active,,Winograd6,Questionnaire codes,"The codes required for Questionnaires survey completion","ValueSet/Winograd-6"
https://voicecollab.ai/fhir/CodeSystem/Winograd-60,1.4.0,active,,Winograd60,Questionnaire codes,"The codes required for Questionnaires survey completion","ValueSet/Winograd-60"
https://voicecollab.ai/fhir/CodeSystem/Winograd-61,1.4.0,active,,Winograd61,Questionnaire codes,"The codes required for Questionnaires survey completion","ValueSet/Winograd-61"
https://voicecollab.ai/fhir/CodeSystem/Winograd-62,1.4.0,active,,Winograd62,Questionnaire codes,"The codes required for Questionnaires survey completion","ValueSet/Winograd-62"
https://voicecollab.ai/fhir/CodeSystem/Winograd-63,1.4.0,active,,Winograd63,Questionnaire codes,"The codes required for Questionnaires survey completion","ValueSet/Winograd-63"
https://voicecollab.ai/fhir/CodeSystem/Winograd-64,1.4.0,active,,Winograd64,Questionnaire codes,"The codes required for Questionnaires survey completion","ValueSet/Winograd-64"
https://voicecollab.ai/fhir/CodeSystem/Winograd-65,1.4.0,active,,Winograd65,Questionnaire codes,"The codes required for Questionnaires survey completion","ValueSet/Winograd-65"
https://voicecollab.ai/fhir/CodeSystem/Winograd-66,1.4.0,active,,Winograd66,Questionnaire codes,"The codes required for Questionnaires survey completion","ValueSet/Winograd-66"
https://voicecollab.ai/fhir/CodeSystem/Winograd-67,1.4.0,active,,Winograd67,Questionnaire codes,"The codes required for Questionnaires survey completion","ValueSet/Winograd-67"
https://voicecollab.ai/fhir/CodeSystem/Winograd-68,1.4.0,active,,Winograd68,Questionnaire codes,"The codes required for Questionnaires survey completion","ValueSet/Winograd-68"
https://voicecollab.ai/fhir/CodeSystem/Winograd-69,1.4.0,active,,Winograd69,Questionnaire codes,"The codes required for Questionnaires survey completion","ValueSet/Winograd-69"
https://voicecollab.ai/fhir/CodeSystem/Winograd-7,1.4.0,active,,Winograd7,Questionnaire codes,"The codes required for Questionnaires survey completion","ValueSet/Winograd-7"
https://voicecollab.ai/fhir/CodeSystem/Winograd-70,1.4.0,active,,Winograd70,Questionnaire codes,"The codes required for Questionnaires survey completion","ValueSet/Winograd-70"
https://voicecollab.ai/fhir/CodeSystem/Winograd-71,1.4.0,active,,Winograd71,Questionnaire codes,"The codes required for Questionnaires survey completion","ValueSet/Winograd-71"
https://voicecollab.ai/fhir/CodeSystem/Winograd-72,1.4.0,active,,Winograd72,Questionnaire codes,"The codes required for Questionnaires survey completion","ValueSet/Winograd-72"
https://voicecollab.ai/fhir/CodeSystem/Winograd-73,1.4.0,active,,Winograd73,Questionnaire codes,"The codes required for Questionnaires survey completion","ValueSet/Winograd-73"
https://voicecollab.ai/fhir/CodeSystem/Winograd-74,1.4.0,active,,Winograd74,Questionnaire codes,"The codes required for Questionnaires survey completion","ValueSet/Winograd-74"
https://voicecollab.ai/fhir/CodeSystem/Winograd-75,1.4.0,active,,Winograd75,Questionnaire codes,"The codes required for Questionnaires survey completion","ValueSet/Winograd-75"
https://voicecollab.ai/fhir/CodeSystem/Winograd-76,1.4.0,active,,Winograd76,Questionnaire codes,"The codes required for Questionnaires survey completion","ValueSet/Winograd-76"
https://voicecollab.ai/fhir/CodeSystem/Winograd-77,1.4.0,active,,Winograd77,Questionnaire codes,"The codes required for Questionnaires survey completion","ValueSet/Winograd-77"
https://voicecollab.ai/fhir/CodeSystem/Winograd-78,1.4.0,active,,Winograd78,Questionnaire codes,"The codes required for Questionnaires survey completion","ValueSet/Winograd-78"
https://voicecollab.ai/fhir/CodeSystem/Winograd-79,1.4.0,active,,Winograd79,Questionnaire codes,"The codes required for Questionnaires survey completion","ValueSet/Winograd-79"
https://voicecollab.ai/fhir/CodeSystem/Winograd-8,1.4.0,active,,Winograd8,Questionnaire codes,"The codes required for Questionnaires survey completion","ValueSet/Winograd-8"
https://voicecollab.ai/fhir/CodeSystem/Winograd-80,1.4.0,active,,Winograd80,Questionnaire codes,"The codes required for Questionnaires survey completion","ValueSet/Winograd-80"
https://voicecollab.ai/fhir/CodeSystem/Winograd-81,1.4.0,active,,Winograd81,Questionnaire codes,"The codes required for Questionnaires survey completion","ValueSet/Winograd-81"
https://voicecollab.ai/fhir/CodeSystem/Winograd-82,1.4.0,active,,Winograd82,Questionnaire codes,"The codes required for Questionnaires survey completion","ValueSet/Winograd-82"
https://voicecollab.ai/fhir/CodeSystem/Winograd-83,1.4.0,active,,Winograd83,Questionnaire codes,"The codes required for Questionnaires survey completion","ValueSet/Winograd-83"
https://voicecollab.ai/fhir/CodeSystem/Winograd-84,1.4.0,active,,Winograd84,Questionnaire codes,"The codes required for Questionnaires survey completion","ValueSet/Winograd-84"
https://voicecollab.ai/fhir/CodeSystem/Winograd-85,1.4.0,active,,Winograd85,Questionnaire codes,"The codes required for Questionnaires survey completion","ValueSet/Winograd-85"
https://voicecollab.ai/fhir/CodeSystem/Winograd-86,1.4.0,active,,Winograd86,Questionnaire codes,"The codes required for Questionnaires survey completion","ValueSet/Winograd-86"
https://voicecollab.ai/fhir/CodeSystem/Winograd-87,1.4.0,active,,Winograd87,Questionnaire codes,"The codes required for Questionnaires survey completion","ValueSet/Winograd-87"
https://voicecollab.ai/fhir/CodeSystem/Winograd-88,1.4.0,active,,Winograd88,Questionnaire codes,"The codes required for Questionnaires survey completion","ValueSet/Winograd-88"
https://voicecollab.ai/fhir/CodeSystem/Winograd-89,1.4.0,active,,Winograd89,Questionnaire codes,"The codes required for Questionnaires survey completion","ValueSet/Winograd-89"
https://voicecollab.ai/fhir/CodeSystem/Winograd-9,1.4.0,active,,Winograd9,Questionnaire codes,"The codes required for Questionnaires survey completion","ValueSet/Winograd-9"
https://voicecollab.ai/fhir/CodeSystem/Winograd-90,1.4.0,active,,Winograd90,Questionnaire codes,"The codes required for Questionnaires survey completion","ValueSet/Winograd-90"
https://voicecollab.ai/fhir/CodeSystem/Winograd-91,1.4.0,active,,Winograd91,Questionnaire codes,"The codes required for Questionnaires survey completion","ValueSet/Winograd-91"
https://voicecollab.ai/fhir/CodeSystem/Winograd-92,1.4.0,active,,Winograd92,Questionnaire codes,"The codes required for Questionnaires survey completion","ValueSet/Winograd-92"
https://voicecollab.ai/fhir/CodeSystem/Winograd-93,1.4.0,active,,Winograd93,Questionnaire codes,"The codes required for Questionnaires survey completion","ValueSet/Winograd-93"
https://voicecollab.ai/fhir/CodeSystem/Winograd-94,1.4.0,active,,Winograd94,Questionnaire codes,"The codes required for Questionnaires survey completion","ValueSet/Winograd-94"
https://voicecollab.ai/fhir/CodeSystem/Winograd-95,1.4.0,active,,Winograd95,Questionnaire codes,"The codes required for Questionnaires survey completion","ValueSet/Winograd-95"
https://voicecollab.ai/fhir/CodeSystem/Winograd-96,1.4.0,active,,Winograd96,Questionnaire codes,"The codes required for Questionnaires survey completion","ValueSet/Winograd-96"
https://voicecollab.ai/fhir/CodeSystem/Winograd-97,1.4.0,active,,Winograd97,Questionnaire codes,"The codes required for Questionnaires survey completion","ValueSet/Winograd-97"
https://voicecollab.ai/fhir/CodeSystem/Winograd-98,1.4.0,active,,Winograd98,Questionnaire codes,"The codes required for Questionnaires survey completion","ValueSet/Winograd-98"
https://voicecollab.ai/fhir/CodeSystem/Winograd-99,1.4.0,active,,Winograd99,Questionnaire codes,"The codes required for Questionnaires survey completion","ValueSet/Winograd-99"
https://voicecollab.ai/fhir/CodeSystem/Yes-No-Some,1.4.0,active,,YesNoSome,Yes/No/Some Response Codes,"A set of codes representing 'Yes', 'No', and 'Some' responses for questionnaires.","ValueSet/yesnosome"
https://voicecollab.ai/fhir/CodeSystem/acoustic-task-status,1.4.0,active,,AcousticTaskStatus,Status Codes for Acoustic Tasks,"A comprehensive set of codes representing the status of Acoustic Tasks.","ValueSet/acoustic-task-status"
https://voicecollab.ai/fhir/CodeSystem/adhd,1.4.0,active,,ADHD,adhd,"The codes required for adhd questionnaire","ValueSet/adhd"
https://voicecollab.ai/fhir/CodeSystem/alcohol-consumption-amount,1.4.0,active,,AlcoholConsumptionAmount,Alcohol Consumption Frequency Codes,"This code system defines the frequency of alcohol consumption for use in questionnaires.","ValueSet/alcohol-consumption-amount"
https://voicecollab.ai/fhir/CodeSystem/alcohol-consumption-frequency,1.4.0,active,,AlcoholConsumptionFrequency,Alcohol Consumption Frequency Codes,"This code system defines the frequency of alcohol consumption for use in questionnaires.","ValueSet/alcohol-consumption-frequency"
https://voicecollab.ai/fhir/CodeSystem/checked-unchecked,1.4.0,active,,CheckedUnchecked,Enrollment Status Codes for Questionnaires,"This code system defines the status codes used to indicate the enrollment condition in questionnaires.","ValueSet/checked-unchecked"
https://voicecollab.ai/fhir/CodeSystem/child-education,1.4.0,active,,ChildEducation,Child Education Level Code System,"A comprehensive code system for identifying the highest level of education attained by a child, used in questionnaire contexts.","ValueSet/Highest-Education"
https://voicecollab.ai/fhir/CodeSystem/comments,1.4.0,active,,Comments,Comments,"The codes required for Diagnosis questionnaire","ValueSet/comments"
https://voicecollab.ai/fhir/CodeSystem/consent-aggreement,1.4.0,active,,ConsentAgreement,Codes for Consent,"This code system is designed for consent questionnaire.","ValueSet/consent-agreement"
https://voicecollab.ai/fhir/CodeSystem/consent-signing,1.4.0,active,,ConsentSigning,Codes for Consent signing,"This code system is designed for consent questionnaire.","ValueSet/consent-signing"
https://voicecollab.ai/fhir/CodeSystem/consent-status,1.4.0,active,,ConsentStatus,Consent Status Codes,"Code system representing various statuses of patient consent","ValueSet/consent-status"
https://voicecollab.ai/fhir/CodeSystem/consent-usf-question,1.4.0,active,,ConsentUsfQuestion,Consent Usf Question,"The codes required for Diagnosis questionnaire","ValueSet/consent-usf-question"
https://voicecollab.ai/fhir/CodeSystem/decline-reason,1.4.0,active,,DeclineReason,Reasons for Declining Participation Codes,"This code system specifies the various reasons an individual might decline participation in a study, as used in questionnaire enrollment.","ValueSet/decline-reason"
https://voicecollab.ai/fhir/CodeSystem/degree,1.4.0,active,,Degree,Degree,"The codes required for Diagnosis questionnaire","ValueSet/degree"
https://voicecollab.ai/fhir/CodeSystem/difficulty-breathing,1.4.0,active,,DifficultyBreathing,Questionnaire codes for difficulty breahing,"The codes required for Questionnaires","ValueSet/difficulty-breathing"
https://voicecollab.ai/fhir/CodeSystem/disability-status,1.4.0,active,,DisabilityStatus,Disability Status Code System,"A comprehensive code system for categorizing disability status in a questionnaire format.","ValueSet/disability-status"
https://voicecollab.ai/fhir/CodeSystem/disability-type,1.4.0,active,,DisabilityType,Disability Classification Codes,"A comprehensive set of codes representing different types of disabilities for use in questionnaires.","ValueSet/disability-type"
https://voicecollab.ai/fhir/CodeSystem/dsm5,1.4.0,active,,DSM5,Diagnostic and Statistical Manual of Mental Disorders (DSM-5) Code System,"This code system is designed for the DSM-5 questionnaire, providing severity codes for mental health conditions.","ValueSet/dsm5"
https://voicecollab.ai/fhir/CodeSystem/dsm5-phobia,1.4.0,active,,DSM5Phobia,dsm5 q5,"The codes required for dsm5 phobia questionnaire","ValueSet/dsm5-phobia"
https://voicecollab.ai/fhir/CodeSystem/dsm5-q1,1.4.0,active,,DSM5Q1,dsm5 q1,"The codes required for dsm5 q1 questionnaire","ValueSet/dsm5-q1"
https://voicecollab.ai/fhir/CodeSystem/dsm5-q2,1.4.0,active,,DSM5Q2,dsm5 q2,"The codes required for dsm5 q2 questionnaire","ValueSet/dsm5-q2"
https://voicecollab.ai/fhir/CodeSystem/dsm5-q3,1.4.0,active,,DSM5Q3,dsm5 q3,"The codes required for dsm5 q3 questionnaire","ValueSet/dsm5-q3"
https://voicecollab.ai/fhir/CodeSystem/dsm5-q4,1.4.0,active,,DSM5Q4,dsm5 q4,"The codes required for dsm5 q4 questionnaire","ValueSet/dsm5-q4"
https://voicecollab.ai/fhir/CodeSystem/dsm5-q5,1.4.0,active,,DSM5Q5,dsm5 q5,"The codes required for dsm5 q5 questionnaire","ValueSet/dsm5-q5"
https://voicecollab.ai/fhir/CodeSystem/dysnpea-index,1.4.0,active,,DysnpeaIndex,Codes for Dysnpea Index,"This code system is designed for dysnpea index questionnaire.","ValueSet/dysnpea-index"
https://voicecollab.ai/fhir/CodeSystem/education-level,1.4.0,active,,EducationLevel,Education Level Code System,"A comprehensive code system for identifying the highest level of education attained by a child, used in questionnaire contexts.","ValueSet/EducationLevel"
https://voicecollab.ai/fhir/CodeSystem/eligible-studies,1.4.0,active,,EligibleStudies,Eligibility Criteria for Study Enrollment,"A comprehensive set of codes representing different study fields for questionnaire enrollment.","ValueSet/eligible-studies"
https://voicecollab.ai/fhir/CodeSystem/enroll,1.4.0,active,,Enroll,Eligibility Status Codes for Study Enrollment,"This code system defines the possible status codes for study enrollment eligibility in a questionnaire.","ValueSet/enroll"
https://voicecollab.ai/fhir/CodeSystem/enrollment-complete,1.4.0,active,,EnrollmentComplete,Enrollment Status Codes,"The set of codes representing the status of a Questionnaire enrollment","ValueSet/enrollment-complete"
https://voicecollab.ai/fhir/CodeSystem/enrollment-institution,1.4.0,active,,EnrollmentInstitution,Institution Enrollment Codes,"Specific codes representing different institutions for questionnaire enrollment.","ValueSet/enrollment-institution"
https://voicecollab.ai/fhir/CodeSystem/enrollment-select-language,1.4.0,active,,EnrollmentSelectLanguage,Language Selection Codes for Enrollment Questionnaire,"This code system defines the language options available for the enrollment questionnaire.","ValueSet/select-language"
https://voicecollab.ai/fhir/CodeSystem/ent-history,1.4.0,active,,ENTHistory,Ear, Nose, and Throat (ENT) History Codes,"This code system encompasses the complete set of codes used for documenting patient's ear, nose, and throat (ENT) history in questionnaires.","ValueSet/ent-history"
https://voicecollab.ai/fhir/CodeSystem/etiology,1.4.0,active,,Etiology,etiology,"The codes required for Diagnosis questionnaire","ValueSet/etiology"
https://voicecollab.ai/fhir/CodeSystem/financial-assistance,1.4.0,active,,FinancialAssistance,Financial Aid Programs Questionnaire Codes,"Existence of a financial aid program.","ValueSet/financial-assistance"
https://voicecollab.ai/fhir/CodeSystem/fluent-language,1.4.0,active,,FluentLanguage,Fluent Language Identification Codes,"A set of codes identifying languages for questionnaire enrollment purposes.","ValueSet/fluent-language"
https://voicecollab.ai/fhir/CodeSystem/frequency-of-smoking,1.4.0,active,,SmokingTimes,Frequency of Smoking Codes for Questionnaires,"This code system includes specific codes used in questionnaires to assess the frequency of a respondent's smoking habits.","ValueSet/smoking-times"
https://voicecollab.ai/fhir/CodeSystem/gender-identity,1.4.0,active,,GenderIdentity,Comprehensive Gender Identity Codes,"This code system provides a comprehensive list of gender identity codes for use in demographic questionnaires.","ValueSet/gender-identity"
https://voicecollab.ai/fhir/CodeSystem/glottic-gap,1.4.0,active,,GlotticGap,Tumor invading RLN ,"The codes required for Diagnosis questionnaire","ValueSet/glottic-gap"
https://voicecollab.ai/fhir/CodeSystem/household-makeup,1.4.0,active,,HouseholdMakeup,Household Composition Classification Codes,"A comprehensive set of codes defining different household compositions.","ValueSet/household-makeup"
https://voicecollab.ai/fhir/CodeSystem/household-status,1.4.0,active,,HouseholdStatus,Residential Status Code System,"A comprehensive code system defining various residential statuses.","ValueSet/household-status"
https://voicecollab.ai/fhir/CodeSystem/iatrogenic,1.4.0,active,,Iatrogenic,iatrogenic,"The codes required for Diagnosis questionnaire","ValueSet/iatrogenic"
https://voicecollab.ai/fhir/CodeSystem/immigration-status,1.4.0,active,,ImmigrationStatus,Immigration Status Classification Codes,"A comprehensive set of codes representing different immigration statuses.","ValueSet/immigration-status"
https://voicecollab.ai/fhir/CodeSystem/left-right,1.4.0,active,,LeftRight,leftRight,"The codes required for Diagnosis questionnaire","ValueSet/left-right"
https://voicecollab.ai/fhir/CodeSystem/leicester-cough,1.4.0,active,,LeicesterCough,Codes for Leicester Cough,"This code system is designed for leicester cough questionnaire.","ValueSet/leicester-cough"
https://voicecollab.ai/fhir/CodeSystem/marital-status,1.4.0,active,,MaritalStatus,Marital Status Classification Codes,"A comprehensive set of codes representing different marital statuses for use in questionnaires.","ValueSet/marital-status"
https://voicecollab.ai/fhir/CodeSystem/medication,1.4.0,active,,Medication,Comprehensive Medication Code System,"This code system encompasses a broad range of medications used in questionnaires, including antibiotics, antihistamines, cocaine, diuretics, hormones, inhaled corticosteroids for asthma, pain medications, psychotropic medications, tricyclic antidepressants, vitamins, and others.","ValueSet/medication"
https://voicecollab.ai/fhir/CodeSystem/menstruation-menopause-status,1.4.0,active,,MenstruationMenopauseStatus,Menstruation and Menopause Status Codes,"This code system defines the possible responses for a questionnaire regarding menstruation and menopause status.","ValueSet/menstruation-menopause-status"
https://voicecollab.ai/fhir/CodeSystem/neuro-consent,1.4.0,active,,NeuroConsent,Questionnaire codes for neuro consent,"The codes required for neuro consent","ValueSet/neuro-consent"
https://voicecollab.ai/fhir/CodeSystem/neuro-participation-consent,1.4.0,active,,NeuroParticipationConsent,Questionnaire codes for neuro consent,"The codes required for neuro consent","ValueSet/neuro-participation-consent"
https://voicecollab.ai/fhir/CodeSystem/neurological-history,1.4.0,active,,NeurologicalHistory,Neurological History Questionnaire Codes,"A comprehensive set of codes used for identifying and categorizing neurological conditions in a questionnaire.","ValueSet/neurological-history"
https://voicecollab.ai/fhir/CodeSystem/peds-enrollment,1.4.0,active,,PedsEnrollment,Pediatric Enrollment,"The codes required for Pediatric enrollment pre-question questionnaire","ValueSet/peds-enrollment"
https://voicecollab.ai/fhir/CodeSystem/peds-language-fluency,1.4.0,active,,PedsLanguageFluency,Pediatric Enrollment,"The codes required for Pediatric enrollment pre-question questionnaire","ValueSet/peds-language-fluency"
https://voicecollab.ai/fhir/CodeSystem/peds-medical-history,1.4.0,active,,PedsMedicalHistory,Questionnaire codes,"The codes required for Questionnaires survey completion","ValueSet/peds-medical-history"
https://voicecollab.ai/fhir/CodeSystem/peds-reason-to-decline,1.4.0,active,,PedsReasonToDecline,Questionnaire codes for peds reason to decline,"The codes required for Questionnaires","ValueSet/peds-reason-to-decline"
https://voicecollab.ai/fhir/CodeSystem/peds-who-completed-survey,1.4.0,active,,PedsWhoCompletedSurvey,Questionnaire codes,"The codes required for Questionnaires survey completion","ValueSet/peds-who-completed-survey"
https://voicecollab.ai/fhir/CodeSystem/permission-to-share-with-doctor,1.4.0,active,,PermissionToShareWithDoctor,Questionnaire codes for neuro consent,"The codes required for neuro consent","ValueSet/permission-to-share-with-doctor"
https://voicecollab.ai/fhir/CodeSystem/permission-to-share-with-family,1.4.0,active,,PermissionToShareWithFamily,Questionnaire codes for neuro consent,"The codes required for neuro consent","ValueSet/permission-to-share-with-family"
https://voicecollab.ai/fhir/CodeSystem/perspiration-frequency,1.4.0,active,,PerspirationFrequency,Perspiration Frequency Codes for Questionnaires,"This code system includes specific codes for indicating the frequency of perspiration in questionnaire responses.","ValueSet/perspiration-frequency"
https://voicecollab.ai/fhir/CodeSystem/psc-17,1.4.0,active,,PSC17,Pediatric Symptom Checklist (PSC-17),"The codes required for Pediatric Symptom Checklist (PSC-17) questionnaire","ValueSet/psc-17"
https://voicecollab.ai/fhir/CodeSystem/psychiatric-history,1.4.0,active,,PsychiatricHistory,Psychiatric History Classification Codes,"A comprehensive set of codes representing various psychiatric conditions, used in psychiatric history questionnaires.","ValueSet/psychiatric-history"
https://voicecollab.ai/fhir/CodeSystem/ptsd,1.4.0,active,,PTSD,ptsd,"The codes required for ptsd questionnaire","ValueSet/ptsd"
https://voicecollab.ai/fhir/CodeSystem/reading-ability,1.4.0,active,,ReadingAbility,Reading Proficiency Levels,"A comprehensive set of codes representing different levels of reading proficiency for questionnaire respondents.","ValueSet/reading-ability"
https://voicecollab.ai/fhir/CodeSystem/recording,1.4.0,active,,Recording,Recording Version Codes,"A comprehensive set of codes representing different versions of recordings.","ValueSet/recording"
https://voicecollab.ai/fhir/CodeSystem/seasonal-allergies,1.4.0,active,,SeasonalAlergies,Codes for Confounders Season Allergies,"This code system is designed for confounders questionnaire.","ValueSet/seasonal-allergies"
https://voicecollab.ai/fhir/CodeSystem/session,1.4.0,active,,Session,Session Status Codes,"A comprehensive set of codes representing the status of a session.","ValueSet/session"
https://voicecollab.ai/fhir/CodeSystem/smoking-status,1.4.0,active,,SmokingStatus,Smoking Status Codes for Questionnaires,"This code system defines the necessary codes for identifying smoking status in health questionnaires.","ValueSet/smoking-status"
https://voicecollab.ai/fhir/CodeSystem/surgery-sub-category,1.4.0,active,,SurgerySubCategory,surgery sub-category,"The codes required for Diagnosis questionnaire","ValueSet/surgery-sub-category"
https://voicecollab.ai/fhir/CodeSystem/survey-options,1.4.0,active,,SurveyOptions,PHQ9 and GAD7 Survey Response Codes,"This code system defines the response options for PHQ9 and GAD7 questionnaires.","ValueSet/survey-options"
https://voicecollab.ai/fhir/CodeSystem/thyroplasty,1.4.0,active,,Thyroplasty,Thyroplasty ,"The codes required for Diagnosis questionnaire","ValueSet/thyroplasty"
https://voicecollab.ai/fhir/CodeSystem/transportation-type,1.4.0,active,,TransportationType,Transportation Mode Classification,"A comprehensive code system categorizing various modes of transportation.","ValueSet/transportation-type"
https://voicecollab.ai/fhir/CodeSystem/treatment,1.4.0,active,,Treatment,treatment,"The codes required for Diagnosis questionnaire","ValueSet/treatment"
https://voicecollab.ai/fhir/CodeSystem/tumor-rln,1.4.0,active,,TumorRLN,Tumor invading RLN ,"The codes required for Diagnosis questionnaire","ValueSet/tumor-rln"
https://voicecollab.ai/fhir/CodeSystem/urge-to-cough,1.4.0,active,,UrgeToCough,Codes for Urge to Cough,"This code system is designed for urge to cough questionnaire.","ValueSet/urge-to-cough"
https://voicecollab.ai/fhir/CodeSystem/vocal-fold-injection-augmentation,1.4.0,active,,VocalFoldInjectionAugmentation,Vocal Fold Injection Augmentation,"The codes required for Diagnosis questionnaire","ValueSet/vocal-fold-injection-augmentation"
https://voicecollab.ai/fhir/CodeSystem/vocal-profession,1.4.0,active,,VocalProfessionCodes,Vocal Profession Codes,"A comprehensive set of codes representing various professions that involve significant vocal activity.","ValueSet/vocal-profession"
https://voicecollab.ai/fhir/CodeSystem/voice-handicap-index,1.4.0,active,,VoiceHandicapIndex,Voice Handicap Index Assessment Codes,"A comprehensive set of codes used for the Voice Handicap Index assessment.","ValueSet/voice-handicap-index"
https://voicecollab.ai/fhir/CodeSystem/whodas,1.4.0,active,,WHODAS,WHODAS Questionnaire Code System,"A comprehensive code system for categorizing responses in WHODAS Questionnaires.","ValueSet/whodas"
https://voicecollab.ai/fhir/CodeSystem/yes-no-not-certain,1.4.0,active,,YesNoNotCertain,YesNoNotCertain,"The codes required for Diagnosis questionnaire","ValueSet/yes-no-not-certain"
urn:ietf:bcp:47,2.0.1,active,"2.16.840.1.113883.6.121",Ietf3066,Tags for the Identification of Languages,"Older value from OID registry.  Superceded; see recommendations in BCP-47.","ValueSet/simple-language"
urn:iso:std:iso:3166,1.0.0,active,"1.0.3166.1",ISO3166Part1,ISO 3166-1 Codes for the representation of names of countries and their subdivisions — Part 1: Country code,"ISO 3166-1 establishes codes that represent the current names of countries, dependencies, and other areas of particular geopolitical interest, on the basis of country names obtained from the United Nations.","ValueSet/v3-Country"
