<?xml version="1.0" encoding="UTF-8"?>

<CodeSystem xmlns="http://hl7.org/fhir">
  <id value="employment-status"/>
  <text>
    <status value="generated"/><div xmlns="http://www.w3.org/1999/xhtml"><p>This code system <code>https://voicecollab.ai/fhir/CodeSystem/employment-status</code> defines the following codes:</p><table class="codes"><tr><td style="white-space:nowrap"><b>Code</b></td><td><b>Display</b></td></tr><tr><td style="white-space:nowrap">EF<a name="employment-status-EF"> </a></td><td>Employed, freelance </td></tr><tr><td style="white-space:nowrap">EFT<a name="employment-status-EFT"> </a></td><td>Employed, full time</td></tr><tr><td style="white-space:nowrap">EPT<a name="employment-status-EPT"> </a></td><td>Employed, part time</td></tr><tr><td style="white-space:nowrap">EMPTJ<a name="employment-status-EMPTJ"> </a></td><td>Employed, multiple part time jobs</td></tr><tr><td style="white-space:nowrap">S<a name="employment-status-S"> </a></td><td>Student</td></tr><tr><td style="white-space:nowrap">SE<a name="employment-status-SE"> </a></td><td>Self-employed</td></tr><tr><td style="white-space:nowrap">R<a name="employment-status-R"> </a></td><td>Retired</td></tr><tr><td style="white-space:nowrap">U<a name="employment-status-U"> </a></td><td>Unemployed</td></tr><tr><td style="white-space:nowrap">O<a name="employment-status-O"> </a></td><td>Other, please specify</td></tr></table></div>
  </text>
  <url value="https://voicecollab.ai/fhir/CodeSystem/employment-status"/>
  <version value="0.1.0"/>
  <name value="EmploymentStatus"/>
  <title value="Questionnaire codes Employment Status"/>
  <status value="active"/>
  <date value="2023-05-11"/>
  <publisher value="KinD Lab"/>
  <contact>
    <name value="KinD Lab"/>
    <telecom>
      <system value="url"/>
      <value value="http://fhir.kindlab.sickkids.ca"/>
    </telecom>
  </contact>
  <description value="The codes required for Questionnaire's Employment Status"/>
  <caseSensitive value="true"/>
  <content value="complete"/>
  <count value="9"/>
  <concept>
    <code value="EF"/>
    <display value="Employed, freelance "/>
  </concept>
  <concept>
    <code value="EFT"/>
    <display value="Employed, full time"/>
  </concept>
  <concept>
    <code value="EPT"/>
    <display value="Employed, part time"/>
  </concept>
  <concept>
    <code value="EMPTJ"/>
    <display value="Employed, multiple part time jobs"/>
  </concept>
  <concept>
    <code value="S"/>
    <display value="Student"/>
  </concept>
  <concept>
    <code value="SE"/>
    <display value="Self-employed"/>
  </concept>
  <concept>
    <code value="R"/>
    <display value="Retired"/>
  </concept>
  <concept>
    <code value="U"/>
    <display value="Unemployed"/>
  </concept>
  <concept>
    <code value="O"/>
    <display value="Other, please specify"/>
  </concept>
</CodeSystem>