<?xml version="1.0" encoding="UTF-8"?>

<CodeSystem xmlns="http://hl7.org/fhir">
  <id value="dsm5"/>
  <text>
    <status value="generated"/><div xmlns="http://www.w3.org/1999/xhtml"><p>This code system <code>https://voicecollab.ai/fhir/CodeSystem/dsm5</code> defines the following codes:</p><table class="codes"><tr><td style="white-space:nowrap"><b>Code</b></td><td><b>Display</b></td></tr><tr><td style="white-space:nowrap">1<a name="dsm5-1"> </a></td><td>None (Not at all)</td></tr><tr><td style="white-space:nowrap">2<a name="dsm5-2"> </a></td><td>Slight (Rare, less than a day or two)</td></tr><tr><td style="white-space:nowrap">3<a name="dsm5-3"> </a></td><td>Mild (Several days)</td></tr><tr><td style="white-space:nowrap">4<a name="dsm5-4"> </a></td><td>Moderate (More than half the dayd)</td></tr><tr><td style="white-space:nowrap">5<a name="dsm5-5"> </a></td><td>Severe (Nearly every day)</td></tr></table></div>
  </text>
  <url value="https://voicecollab.ai/fhir/CodeSystem/dsm5"/>
  <version value="0.1.0"/>
  <name value="DSM5"/>
  <title value="dsm5"/>
  <status value="active"/>
  <date value="2023-06-19"/>
  <publisher value="KinD Lab"/>
  <contact>
    <name value="KinD Lab"/>
    <telecom>
      <system value="url"/>
      <value value="http://fhir.kindlab.sickkids.ca"/>
    </telecom>
  </contact>
  <description value="The codes required for dsm5 questionnaire"/>
  <caseSensitive value="true"/>
  <content value="complete"/>
  <count value="5"/>
  <concept>
    <code value="1"/>
    <display value="None (Not at all)"/>
  </concept>
  <concept>
    <code value="2"/>
    <display value="Slight (Rare, less than a day or two)"/>
  </concept>
  <concept>
    <code value="3"/>
    <display value="Mild (Several days)"/>
  </concept>
  <concept>
    <code value="4"/>
    <display value="Moderate (More than half the dayd)"/>
  </concept>
  <concept>
    <code value="5"/>
    <display value="Severe (Nearly every day)"/>
  </concept>
</CodeSystem>