<?xml version="1.0" encoding="UTF-8"?>

<PlanDefinition xmlns="http://hl7.org/fhir">
  <id value="VbaiPlanDefinitionNeurologyExample"/>
  <meta>
    <profile value="https://voicecollab.ai/fhir/StructureDefinition/vbai-plan-definition"/>
  </meta>
  <text>
    <status value="generated"/><div xmlns="http://www.w3.org/1999/xhtml"><p><b>Generated Narrative: PlanDefinition</b><a name="VbaiPlanDefinitionNeurologyExample"> </a></p><div style="display: inline-block; background-color: #d9e0e7; padding: 6px; margin: 4px; border: 1px solid #8da1b4; border-radius: 5px; line-height: 60%"><p style="margin-bottom: 0px">Resource PlanDefinition &quot;VbaiPlanDefinitionNeurologyExample&quot; </p><p style="margin-bottom: 0px">Profile: <a href="StructureDefinition-vbai-plan-definition.html">Vbai Plan Definition</a></p></div><p><b>url</b>: <code>https://voicecollab.ai/fhir/PlanDefinition/VbaiPlanDefinitionNeurologyExample</code></p><p><b>version</b>: 0.1.0</p><p><b>title</b>: Neurology Cohort Protocol</p><p><b>status</b>: active</p><p><b>date</b>: 2023-04-28</p><p><b>publisher</b>: KinD Lab</p><p><b>contact</b>: KinD Lab: <a href="http://fhir.kindlab.sickkids.ca">http://fhir.kindlab.sickkids.ca</a></p><p><b>description</b>: This is a plandefinition for Neurology cohort protocol</p><blockquote><p><b>action</b></p><p><b>prefix</b>: 1.1 - 1.8</p><p><b>title</b>: Required task across all chorts</p><p><b>description</b>: List of tasks and actions done across all 5 cohorts</p><p><b>priority</b>: routine</p><p><b>definition</b>: <a href="PlanDefinition-VbaiPlanDefinitionExample.html">Cohort Protocol</a></p></blockquote><blockquote><p><b>action</b></p><p><b>prefix</b>: B</p><p><b>title</b>: Part B Neurology Disorders</p><p><b>description</b>: Acoustic Tasks specific to Neuro cohort ​</p><p><b>priority</b>: routine</p><h3>Actions</h3><table class="grid"><tr><td>-</td><td><b>Prefix</b></td><td><b>Title</b></td><td><b>Description</b></td></tr><tr><td>*</td><td>B.1 Task 1</td><td>Montreal Cognitive Assessment (MoCA Test)</td><td> </td></tr><tr><td>*</td><td>B.1 Task 2</td><td>Word-colour Stroop:</td><td>You will be shown a word (one of 5 colour words - red, green, blue, brown, purple; such as ‘blue’, or a baseline stimulus, ‘oooo’), which is displayed in a congruent or incongruent colour (one of 5 colour stimuli). You have to name the colour in which the word is displayed. (no time limit) </td></tr><tr><td>*</td><td>B.1 Task 3</td><td>Productive vocabulary link:</td><td>You will be shown a target word. You will have to provide a definition for it (no time limit).</td></tr><tr><td>*</td><td>B.1 Task 4</td><td>Random item generation / semantic fluency link:</td><td>You will have to speak a series of (I) random, non-repeating letters or numbers, or (ii) items from a given category (e.g., cities, animals, etc.), with the goal of maximizing the number of items. (time limit: 60 seconds). </td></tr><tr><td>*</td><td>B.1 Task 5</td><td>Winograd schemas link</td><td>Read each sentence, and answer the question by selecting one of the options:
    
The scientists are studying three species of fish that have recently been found living in the Indian Ocean. They began two years ago. Who or what began two years ago? 

    - The Scientists

    - The fish

Fred watched TV while George went out to buy groceries. After an hour he got up. Who got up?

    - Fred

    - George

Joan made sure to thank Susan for all the help she had received. Who had received help?

    - Joan

    - Susan

Joe’s uncle can still beat him at tennis, even though he is 30 years older. Who is older?

    - Joe

    - Joe’s uncle

The delivery truck zoomed by the school bus because it was going so fast. What was going so fast?

    - The bus

    - The truck</td></tr><tr><td>*</td><td>B.1 Task 6</td><td>Montreal Cognitive Assessment (MoCA Test)</td><td> </td></tr></table></blockquote><blockquote><p><b>action</b></p><p><b>prefix</b>: B.3</p><p><b>title</b>: B Validated questionnaires specific to neuro cohort</p><p><b>priority</b>: routine</p><h3>Actions</h3><table class="grid"><tr><td>-</td><td><b>Prefix</b></td><td><b>Title</b></td><td><b>Description</b></td><td><b>Priority</b></td></tr><tr><td>*</td><td>B.3.1</td><td>Incidental findings Questionnaire</td><td>Administer Incidental Findings Questionnaire</td><td>routine</td></tr><tr><td>*</td><td>B.3.2</td><td>Genome sequencing Outcomes measure survey</td><td>Administer Genome sequencing Outcomes measure survey</td><td>routine</td></tr></table></blockquote></div>
  </text>
  <url value="https://voicecollab.ai/fhir/PlanDefinition/VbaiPlanDefinitionNeurologyExample"/>
  <version value="0.1.0"/>
  <title value="Neurology Cohort Protocol"/>
  <status value="active"/>
  <date value="2023-04-28"/>
  <publisher value="KinD Lab"/>
  <contact>
    <name value="KinD Lab"/>
    <telecom>
      <system value="url"/>
      <value value="http://fhir.kindlab.sickkids.ca"/>
    </telecom>
  </contact>
  <description value="This is a plandefinition for Neurology cohort protocol"/>
  <action>
    <prefix value="1.1 - 1.8"/>
    <title value="Required task across all chorts"/>
    <description value="List of tasks and actions done across all 5 cohorts"/>
    <priority value="routine"/>
    <definitionUri value="https://voicecollab.ai/fhir/PlanDefinition/VbaiPlanDefinitionExample"/>
  </action>
  <action>
    <prefix value="B"/>
    <title value="Part B Neurology Disorders"/>
    <description value="Acoustic Tasks specific to Neuro cohort ​"/>
    <priority value="routine"/>
    <action>
      <prefix value="B.1 Task 1"/>
      <title value="Montreal Cognitive Assessment (MoCA Test)"/>
    </action>
    <action>
      <prefix value="B.1 Task 2"/>
      <title value="Word-colour Stroop:"/>
      <description value="You will be shown a word (one of 5 colour words - red, green, blue, brown, purple; such as ‘blue’, or a baseline stimulus, ‘oooo’), which is displayed in a congruent or incongruent colour (one of 5 colour stimuli). You have to name the colour in which the word is displayed. (no time limit) "/>
    </action>
    <action>
      <prefix value="B.1 Task 3"/>
      <title value="Productive vocabulary link:"/>
      <description value="You will be shown a target word. You will have to provide a definition for it (no time limit)."/>
    </action>
    <action>
      <prefix value="B.1 Task 4"/>
      <title value="Random item generation / semantic fluency link:"/>
      <description value="You will have to speak a series of (I) random, non-repeating letters or numbers, or (ii) items from a given category (e.g., cities, animals, etc.), with the goal of maximizing the number of items. (time limit: 60 seconds). "/>
    </action>
    <action>
      <prefix value="B.1 Task 5"/>
      <title value="Winograd schemas link"/>
      <description value="Read each sentence, and answer the question by selecting one of the options:&#xA;    &#xA;The scientists are studying three species of fish that have recently been found living in the Indian Ocean. They began two years ago. Who or what began two years ago? &#xA;&#xA;    - The Scientists&#xA;&#xA;    - The fish&#xA;&#xA;Fred watched TV while George went out to buy groceries. After an hour he got up. Who got up?&#xA;&#xA;    - Fred&#xA;&#xA;    - George&#xA;&#xA;Joan made sure to thank Susan for all the help she had received. Who had received help?&#xA;&#xA;    - Joan&#xA;&#xA;    - Susan&#xA;&#xA;Joe’s uncle can still beat him at tennis, even though he is 30 years older. Who is older?&#xA;&#xA;    - Joe&#xA;&#xA;    - Joe’s uncle&#xA;&#xA;The delivery truck zoomed by the school bus because it was going so fast. What was going so fast?&#xA;&#xA;    - The bus&#xA;&#xA;    - The truck"/>
    </action>
    <action>
      <prefix value="B.1 Task 6"/>
      <title value="Montreal Cognitive Assessment (MoCA Test)"/>
    </action>
  </action>
  <action>
    <prefix value="B.3"/>
    <title value="B Validated questionnaires specific to neuro cohort"/>
    <priority value="routine"/>
    <action>
      <prefix value="B.3.1"/>
      <title value="Incidental findings Questionnaire"/>
      <description value="Administer Incidental Findings Questionnaire"/>
      <priority value="routine"/>
    </action>
    <action>
      <prefix value="B.3.2"/>
      <title value="Genome sequencing Outcomes measure survey"/>
      <description value="Administer Genome sequencing Outcomes measure survey"/>
      <priority value="routine"/>
    </action>
  </action>
</PlanDefinition>