<?xml version="1.0" encoding="UTF-8"?>

<ValueSet xmlns="http://hl7.org/fhir">
  <id value="dsm5-q3"/>
  <text>
    <status value="generated"/><div xmlns="http://www.w3.org/1999/xhtml"><ul><li>Include all codes defined in <a href="CodeSystem-dsm5-q3.html"><code>https://voicecollab.ai/fhir/CodeSystem/dsm5-q3</code></a></li></ul></div>
  </text>
  <url value="https://voicecollab.ai/fhir/ValueSet/dsm5-q3"/>
  <version value="0.1.0"/>
  <name value="DSM5Q3"/>
  <title value="DSM5 Q3"/>
  <status value="active"/>
  <date value="2023-06-21"/>
  <publisher value="KinD Lab"/>
  <contact>
    <name value="KinD Lab"/>
    <telecom>
      <system value="url"/>
      <value value="http://fhir.kindlab.sickkids.ca"/>
    </telecom>
  </contact>
  <description value="The Codes used by DSM5 Q3"/>
  <compose>
    <include>
      <system value="https://voicecollab.ai/fhir/CodeSystem/dsm5-q3"/>
    </include>
  </compose>
</ValueSet>