<?xml version="1.0" encoding="UTF-8"?>

<CodeSystem xmlns="http://hl7.org/fhir">
  <id value="mimic-services"/>
  <language value="en"/>
  <text>
    <status value="generated"/><div xmlns="http://www.w3.org/1999/xhtml" xml:lang="en" lang="en"><p>This  code system <code>http://mimic.mit.edu/fhir/mimic/CodeSystem/mimic-services</code> defines the following codes:</p><table class="codes"><tr><td style="white-space:nowrap"><b>Code</b></td></tr><tr><td style="white-space:nowrap">TRAUM<a name="mimic-services-TRAUM"> </a></td></tr><tr><td style="white-space:nowrap">DENT<a name="mimic-services-DENT"> </a></td></tr><tr><td style="white-space:nowrap">CSURG<a name="mimic-services-CSURG"> </a></td></tr><tr><td style="white-space:nowrap">CMED<a name="mimic-services-CMED"> </a></td></tr><tr><td style="white-space:nowrap">ORTHO<a name="mimic-services-ORTHO"> </a></td></tr><tr><td style="white-space:nowrap">ENT<a name="mimic-services-ENT"> </a></td></tr><tr><td style="white-space:nowrap">GU<a name="mimic-services-GU"> </a></td></tr><tr><td style="white-space:nowrap">NMED<a name="mimic-services-NMED"> </a></td></tr><tr><td style="white-space:nowrap">SURG<a name="mimic-services-SURG"> </a></td></tr><tr><td style="white-space:nowrap">TSURG<a name="mimic-services-TSURG"> </a></td></tr><tr><td style="white-space:nowrap">GYN<a name="mimic-services-GYN"> </a></td></tr><tr><td style="white-space:nowrap">VSURG<a name="mimic-services-VSURG"> </a></td></tr><tr><td style="white-space:nowrap">MED<a name="mimic-services-MED"> </a></td></tr><tr><td style="white-space:nowrap">NSURG<a name="mimic-services-NSURG"> </a></td></tr><tr><td style="white-space:nowrap">PSYCH<a name="mimic-services-PSYCH"> </a></td></tr><tr><td style="white-space:nowrap">OBS<a name="mimic-services-OBS"> </a></td></tr><tr><td style="white-space:nowrap">OMED<a name="mimic-services-OMED"> </a></td></tr><tr><td style="white-space:nowrap">EYE<a name="mimic-services-EYE"> </a></td></tr><tr><td style="white-space:nowrap">PSURG<a name="mimic-services-PSURG"> </a></td></tr></table></div>
  </text>
  <url value="http://mimic.mit.edu/fhir/mimic/CodeSystem/mimic-services"/>
  <version value="1.3.0"/>
  <name value="MimicServices"/>
  <title value="MimicServices"/>
  <status value="draft"/>
  <date value="2022-09-21T13:59:43-04:00"/>
  <publisher value="KinD Lab"/>
  <contact>
    <name value="KinD Lab"/>
    <telecom>
      <system value="url"/>
      <value value="http://fhir.kindlab.sickkids.ca"/>
    </telecom>
  </contact>
  <description value="The hospital services for MIMIC"/>
  <valueSet value="http://mimic.mit.edu/fhir/mimic/ValueSet/mimic-services"/>
  <content value="complete"/>
  <concept>
    <code value="TRAUM"/>
  </concept>
  <concept>
    <code value="DENT"/>
  </concept>
  <concept>
    <code value="CSURG"/>
  </concept>
  <concept>
    <code value="CMED"/>
  </concept>
  <concept>
    <code value="ORTHO"/>
  </concept>
  <concept>
    <code value="ENT"/>
  </concept>
  <concept>
    <code value="GU"/>
  </concept>
  <concept>
    <code value="NMED"/>
  </concept>
  <concept>
    <code value="SURG"/>
  </concept>
  <concept>
    <code value="TSURG"/>
  </concept>
  <concept>
    <code value="GYN"/>
  </concept>
  <concept>
    <code value="VSURG"/>
  </concept>
  <concept>
    <code value="MED"/>
  </concept>
  <concept>
    <code value="NSURG"/>
  </concept>
  <concept>
    <code value="PSYCH"/>
  </concept>
  <concept>
    <code value="OBS"/>
  </concept>
  <concept>
    <code value="OMED"/>
  </concept>
  <concept>
    <code value="EYE"/>
  </concept>
  <concept>
    <code value="PSURG"/>
  </concept>
</CodeSystem>