<?xml version="1.0" encoding="UTF-8"?>

<CodeSystem xmlns="http://hl7.org/fhir">
  <id value="mimic-lab-priority"/>
  <language value="en"/>
  <text>
    <status value="generated"/><div xmlns="http://www.w3.org/1999/xhtml" xml:lang="en" lang="en"><p>This  code system <code>http://mimic.mit.edu/fhir/mimic/CodeSystem/mimic-lab-priority</code> defines the following codes:</p><table class="codes"><tr><td style="white-space:nowrap"><b>Code</b></td></tr><tr><td style="white-space:nowrap">ROUTINE<a name="mimic-lab-priority-ROUTINE"> </a></td></tr><tr><td style="white-space:nowrap">STAT<a name="mimic-lab-priority-STAT"> </a></td></tr></table></div>
  </text>
  <url value="http://mimic.mit.edu/fhir/mimic/CodeSystem/mimic-lab-priority"/>
  <version value="1.3.0"/>
  <name value="MimicLabPriority"/>
  <title value="MimicLabPriority"/>
  <status value="draft"/>
  <date value="2022-09-21T13:59:43-04:00"/>
  <publisher value="KinD Lab"/>
  <contact>
    <name value="KinD Lab"/>
    <telecom>
      <system value="url"/>
      <value value="http://fhir.kindlab.sickkids.ca"/>
    </telecom>
  </contact>
  <description value="The priority of the lab item in MIMIC"/>
  <valueSet value="http://mimic.mit.edu/fhir/mimic/ValueSet/mimic-lab-priority"/>
  <content value="complete"/>
  <concept>
    <code value="ROUTINE"/>
  </concept>
  <concept>
    <code value="STAT"/>
  </concept>
</CodeSystem>