<?xml version="1.0" encoding="UTF-8"?>

<CodeSystem xmlns="http://hl7.org/fhir">
  <id value="mimic-medication-method"/>
  <language value="en"/>
  <text>
    <status value="generated"/><div xmlns="http://www.w3.org/1999/xhtml" xml:lang="en" lang="en"><p>This  code system <code>http://mimic.mit.edu/fhir/mimic/CodeSystem/mimic-medication-method</code> defines the following codes:</p><table class="codes"><tr><td style="white-space:nowrap"><b>Code</b></td></tr><tr><td style="white-space:nowrap">Hold Dose<a name="mimic-medication-method-HoldDose"> </a></td></tr><tr><td style="white-space:nowrap">Partial Administered<a name="mimic-medication-method-PartialAdministered"> </a></td></tr><tr><td style="white-space:nowrap">Assessed<a name="mimic-medication-method-Assessed"> </a></td></tr><tr><td style="white-space:nowrap">Delayed Applied<a name="mimic-medication-method-DelayedApplied"> </a></td></tr><tr><td style="white-space:nowrap">in Other Location<a name="mimic-medication-method-inOtherLocation"> </a></td></tr><tr><td style="white-space:nowrap">Delayed Assessed<a name="mimic-medication-method-DelayedAssessed"> </a></td></tr><tr><td style="white-space:nowrap">Not Assessed<a name="mimic-medication-method-NotAssessed"> </a></td></tr><tr><td style="white-space:nowrap">Administered in Other Location<a name="mimic-medication-method-AdministeredinOtherLocation"> </a></td></tr><tr><td style="white-space:nowrap">Delayed<a name="mimic-medication-method-Delayed"> </a></td></tr><tr><td style="white-space:nowrap">Started<a name="mimic-medication-method-Started"> </a></td></tr><tr><td style="white-space:nowrap">Removed - Unscheduled<a name="mimic-medication-method-Removed-Unscheduled"> </a></td></tr><tr><td style="white-space:nowrap">Delayed Started<a name="mimic-medication-method-DelayedStarted"> </a></td></tr><tr><td style="white-space:nowrap">Not Given per Sliding Scale in Other Location<a name="mimic-medication-method-NotGivenperSlidingScaleinOtherLocation"> </a></td></tr><tr><td style="white-space:nowrap">Not Started<a name="mimic-medication-method-NotStarted"> </a></td></tr><tr><td style="white-space:nowrap">Not Given per Sliding Scale<a name="mimic-medication-method-NotGivenperSlidingScale"> </a></td></tr><tr><td style="white-space:nowrap">Partial<a name="mimic-medication-method-Partial"> </a></td></tr><tr><td style="white-space:nowrap">Stopped - Unscheduled in Other Location<a name="mimic-medication-method-Stopped-UnscheduledinOtherLocation"> </a></td></tr><tr><td style="white-space:nowrap">Restarted<a name="mimic-medication-method-Restarted"> </a></td></tr><tr><td style="white-space:nowrap">Started in Other Location<a name="mimic-medication-method-StartedinOtherLocation"> </a></td></tr><tr><td style="white-space:nowrap">Delayed Not Assessed<a name="mimic-medication-method-DelayedNotAssessed"> </a></td></tr><tr><td style="white-space:nowrap">Removed in Other Location<a name="mimic-medication-method-RemovedinOtherLocation"> </a></td></tr><tr><td style="white-space:nowrap">Infusion Reconciliation<a name="mimic-medication-method-InfusionReconciliation"> </a></td></tr><tr><td style="white-space:nowrap">Read in Other Location<a name="mimic-medication-method-ReadinOtherLocation"> </a></td></tr><tr><td style="white-space:nowrap">Not Confirmed<a name="mimic-medication-method-NotConfirmed"> </a></td></tr><tr><td style="white-space:nowrap">Delayed Not Stopped<a name="mimic-medication-method-DelayedNotStopped"> </a></td></tr><tr><td style="white-space:nowrap">TPN Rate Not Changed<a name="mimic-medication-method-TPNRateNotChanged"> </a></td></tr><tr><td style="white-space:nowrap">Confirmed in Other Location<a name="mimic-medication-method-ConfirmedinOtherLocation"> </a></td></tr><tr><td style="white-space:nowrap">Delayed Not Started<a name="mimic-medication-method-DelayedNotStarted"> </a></td></tr><tr><td style="white-space:nowrap">Stopped - Unscheduled<a name="mimic-medication-method-Stopped-Unscheduled"> </a></td></tr><tr><td style="white-space:nowrap">Confirmed<a name="mimic-medication-method-Confirmed"> </a></td></tr><tr><td style="white-space:nowrap">Stopped<a name="mimic-medication-method-Stopped"> </a></td></tr><tr><td style="white-space:nowrap">Not Flushed<a name="mimic-medication-method-NotFlushed"> </a></td></tr><tr><td style="white-space:nowrap">Rate Change in Other Location<a name="mimic-medication-method-RateChangeinOtherLocation"> </a></td></tr><tr><td style="white-space:nowrap">Delayed Rate Change<a name="mimic-medication-method-DelayedRateChange"> </a></td></tr><tr><td style="white-space:nowrap">Applied in Other Location<a name="mimic-medication-method-AppliedinOtherLocation"> </a></td></tr><tr><td style="white-space:nowrap">Administered<a name="mimic-medication-method-Administered"> </a></td></tr><tr><td style="white-space:nowrap">Delayed Not Flushed<a name="mimic-medication-method-DelayedNotFlushed"> </a></td></tr><tr><td style="white-space:nowrap">Not Given<a name="mimic-medication-method-NotGiven"> </a></td></tr><tr><td style="white-space:nowrap">Not Started per Sliding Scale<a name="mimic-medication-method-NotStartedperSlidingScale"> </a></td></tr><tr><td style="white-space:nowrap">Administered Bolus from IV Drip<a name="mimic-medication-method-AdministeredBolusfromIVDrip"> </a></td></tr><tr><td style="white-space:nowrap">Rate Change<a name="mimic-medication-method-RateChange"> </a></td></tr><tr><td style="white-space:nowrap">Not Stopped per Sliding Scale<a name="mimic-medication-method-NotStoppedperSlidingScale"> </a></td></tr><tr><td style="white-space:nowrap">Delayed Not Removed<a name="mimic-medication-method-DelayedNotRemoved"> </a></td></tr><tr><td style="white-space:nowrap">Assessed in Other Location<a name="mimic-medication-method-AssessedinOtherLocation"> </a></td></tr><tr><td style="white-space:nowrap">Restarted in Other Location<a name="mimic-medication-method-RestartedinOtherLocation"> </a></td></tr><tr><td style="white-space:nowrap">Delayed Flushed<a name="mimic-medication-method-DelayedFlushed"> </a></td></tr><tr><td style="white-space:nowrap">Delayed Stopped<a name="mimic-medication-method-DelayedStopped"> </a></td></tr><tr><td style="white-space:nowrap">Delayed Administered<a name="mimic-medication-method-DelayedAdministered"> </a></td></tr><tr><td style="white-space:nowrap">Removed<a name="mimic-medication-method-Removed"> </a></td></tr><tr><td style="white-space:nowrap">Delayed Stopped As Directed<a name="mimic-medication-method-DelayedStoppedAsDirected"> </a></td></tr><tr><td style="white-space:nowrap">Stopped in Other Location<a name="mimic-medication-method-StoppedinOtherLocation"> </a></td></tr><tr><td style="white-space:nowrap">Flushed in Other Location<a name="mimic-medication-method-FlushedinOtherLocation"> </a></td></tr><tr><td style="white-space:nowrap">Not Stopped<a name="mimic-medication-method-NotStopped"> </a></td></tr><tr><td style="white-space:nowrap">Delayed Not Applied<a name="mimic-medication-method-DelayedNotApplied"> </a></td></tr><tr><td style="white-space:nowrap">Delayed Confirmed<a name="mimic-medication-method-DelayedConfirmed"> </a></td></tr><tr><td style="white-space:nowrap">Not Removed<a name="mimic-medication-method-NotRemoved"> </a></td></tr><tr><td style="white-space:nowrap">Delayed Not Confirmed<a name="mimic-medication-method-DelayedNotConfirmed"> </a></td></tr><tr><td style="white-space:nowrap">Not Applied<a name="mimic-medication-method-NotApplied"> </a></td></tr><tr><td style="white-space:nowrap">Flushed<a name="mimic-medication-method-Flushed"> </a></td></tr><tr><td style="white-space:nowrap">Not Read<a name="mimic-medication-method-NotRead"> </a></td></tr><tr><td style="white-space:nowrap">Removed Existing / Applied New in Other Location<a name="mimic-medication-method-RemovedExisting.47AppliedNewinOtherLocation"> </a></td></tr><tr><td style="white-space:nowrap">Removed Existing / Applied New<a name="mimic-medication-method-RemovedExisting.47AppliedNew"> </a></td></tr><tr><td style="white-space:nowrap">Infusion Reconciliation Not Done<a name="mimic-medication-method-InfusionReconciliationNotDone"> </a></td></tr><tr><td style="white-space:nowrap">Read<a name="mimic-medication-method-Read"> </a></td></tr><tr><td style="white-space:nowrap">Infusion Reconciliation in Other Location<a name="mimic-medication-method-InfusionReconciliationinOtherLocation"> </a></td></tr><tr><td style="white-space:nowrap">Delayed Removed<a name="mimic-medication-method-DelayedRemoved"> </a></td></tr><tr><td style="white-space:nowrap">Stopped As Directed<a name="mimic-medication-method-StoppedAsDirected"> </a></td></tr><tr><td style="white-space:nowrap">Delayed Restarted<a name="mimic-medication-method-DelayedRestarted"> </a></td></tr><tr><td style="white-space:nowrap">Applied<a name="mimic-medication-method-Applied"> </a></td></tr><tr><td style="white-space:nowrap">Documented in O.R. Holding<a name="mimic-medication-method-DocumentedinO.46R.46Holding"> </a></td></tr></table></div>
  </text>
  <url value="http://mimic.mit.edu/fhir/mimic/CodeSystem/mimic-medication-method"/>
  <version value="1.3.0"/>
  <name value="MimicMedicationMethod"/>
  <title value="MimicMedicationMethod"/>
  <status value="draft"/>
  <date value="2022-09-21T13:59:43-04:00"/>
  <publisher value="KinD Lab"/>
  <contact>
    <name value="KinD Lab"/>
    <telecom>
      <system value="url"/>
      <value value="http://fhir.kindlab.sickkids.ca"/>
    </telecom>
  </contact>
  <description value="The medication delivery method for MIMIC"/>
  <valueSet value="http://mimic.mit.edu/fhir/mimic/ValueSet/mimic-medication-method"/>
  <content value="complete"/>
  <concept>
    <code value="Hold Dose"/>
  </concept>
  <concept>
    <code value="Partial Administered"/>
  </concept>
  <concept>
    <code value="Assessed"/>
  </concept>
  <concept>
    <code value="Delayed Applied"/>
  </concept>
  <concept>
    <code value="in Other Location"/>
  </concept>
  <concept>
    <code value="Delayed Assessed"/>
  </concept>
  <concept>
    <code value="Not Assessed"/>
  </concept>
  <concept>
    <code value="Administered in Other Location"/>
  </concept>
  <concept>
    <code value="Delayed"/>
  </concept>
  <concept>
    <code value="Started"/>
  </concept>
  <concept>
    <code value="Removed - Unscheduled"/>
  </concept>
  <concept>
    <code value="Delayed Started"/>
  </concept>
  <concept>
    <code value="Not Given per Sliding Scale in Other Location"/>
  </concept>
  <concept>
    <code value="Not Started"/>
  </concept>
  <concept>
    <code value="Not Given per Sliding Scale"/>
  </concept>
  <concept>
    <code value="Partial"/>
  </concept>
  <concept>
    <code value="Stopped - Unscheduled in Other Location"/>
  </concept>
  <concept>
    <code value="Restarted"/>
  </concept>
  <concept>
    <code value="Started in Other Location"/>
  </concept>
  <concept>
    <code value="Delayed Not Assessed"/>
  </concept>
  <concept>
    <code value="Removed in Other Location"/>
  </concept>
  <concept>
    <code value="Infusion Reconciliation"/>
  </concept>
  <concept>
    <code value="Read in Other Location"/>
  </concept>
  <concept>
    <code value="Not Confirmed"/>
  </concept>
  <concept>
    <code value="Delayed Not Stopped"/>
  </concept>
  <concept>
    <code value="TPN Rate Not Changed"/>
  </concept>
  <concept>
    <code value="Confirmed in Other Location"/>
  </concept>
  <concept>
    <code value="Delayed Not Started"/>
  </concept>
  <concept>
    <code value="Stopped - Unscheduled"/>
  </concept>
  <concept>
    <code value="Confirmed"/>
  </concept>
  <concept>
    <code value="Stopped"/>
  </concept>
  <concept>
    <code value="Not Flushed"/>
  </concept>
  <concept>
    <code value="Rate Change in Other Location"/>
  </concept>
  <concept>
    <code value="Delayed Rate Change"/>
  </concept>
  <concept>
    <code value="Applied in Other Location"/>
  </concept>
  <concept>
    <code value="Administered"/>
  </concept>
  <concept>
    <code value="Delayed Not Flushed"/>
  </concept>
  <concept>
    <code value="Not Given"/>
  </concept>
  <concept>
    <code value="Not Started per Sliding Scale"/>
  </concept>
  <concept>
    <code value="Administered Bolus from IV Drip"/>
  </concept>
  <concept>
    <code value="Rate Change"/>
  </concept>
  <concept>
    <code value="Not Stopped per Sliding Scale"/>
  </concept>
  <concept>
    <code value="Delayed Not Removed"/>
  </concept>
  <concept>
    <code value="Assessed in Other Location"/>
  </concept>
  <concept>
    <code value="Restarted in Other Location"/>
  </concept>
  <concept>
    <code value="Delayed Flushed"/>
  </concept>
  <concept>
    <code value="Delayed Stopped"/>
  </concept>
  <concept>
    <code value="Delayed Administered"/>
  </concept>
  <concept>
    <code value="Removed"/>
  </concept>
  <concept>
    <code value="Delayed Stopped As Directed"/>
  </concept>
  <concept>
    <code value="Stopped in Other Location"/>
  </concept>
  <concept>
    <code value="Flushed in Other Location"/>
  </concept>
  <concept>
    <code value="Not Stopped"/>
  </concept>
  <concept>
    <code value="Delayed Not Applied"/>
  </concept>
  <concept>
    <code value="Delayed Confirmed"/>
  </concept>
  <concept>
    <code value="Not Removed"/>
  </concept>
  <concept>
    <code value="Delayed Not Confirmed"/>
  </concept>
  <concept>
    <code value="Not Applied"/>
  </concept>
  <concept>
    <code value="Flushed"/>
  </concept>
  <concept>
    <code value="Not Read"/>
  </concept>
  <concept>
    <code value="Removed Existing / Applied New in Other Location"/>
  </concept>
  <concept>
    <code value="Removed Existing / Applied New"/>
  </concept>
  <concept>
    <code value="Infusion Reconciliation Not Done"/>
  </concept>
  <concept>
    <code value="Read"/>
  </concept>
  <concept>
    <code value="Infusion Reconciliation in Other Location"/>
  </concept>
  <concept>
    <code value="Delayed Removed"/>
  </concept>
  <concept>
    <code value="Stopped As Directed"/>
  </concept>
  <concept>
    <code value="Delayed Restarted"/>
  </concept>
  <concept>
    <code value="Applied"/>
  </concept>
  <concept>
    <code value="Documented in O.R. Holding"/>
  </concept>
</CodeSystem>