<?xml version="1.0" encoding="UTF-8"?>

<CodeSystem xmlns="http://hl7.org/fhir">
  <id value="mimic-observation-category"/>
  <language value="en"/>
  <text>
    <status value="generated"/><div xmlns="http://www.w3.org/1999/xhtml" xml:lang="en" lang="en"><p>This  code system <code>http://mimic.mit.edu/fhir/mimic/CodeSystem/mimic-observation-category</code> defines the following codes:</p><table class="codes"><tr><td style="white-space:nowrap"><b>Code</b></td></tr><tr><td style="white-space:nowrap">Scores - APACHE II<a name="mimic-observation-category-Scores-APACHEII"> </a></td></tr><tr><td style="white-space:nowrap">6-Cultures<a name="mimic-observation-category-6-Cultures"> </a></td></tr><tr><td style="white-space:nowrap">4-Procedures<a name="mimic-observation-category-4-Procedures"> </a></td></tr><tr><td style="white-space:nowrap">PA Line Insertion<a name="mimic-observation-category-PALineInsertion"> </a></td></tr><tr><td style="white-space:nowrap">Thoracentesis<a name="mimic-observation-category-Thoracentesis"> </a></td></tr><tr><td style="white-space:nowrap">Restraint/Support Systems<a name="mimic-observation-category-Restraint.47SupportSystems"> </a></td></tr><tr><td style="white-space:nowrap">Research Enrollment Note<a name="mimic-observation-category-ResearchEnrollmentNote"> </a></td></tr><tr><td style="white-space:nowrap">Scores - APACHE IV (2)<a name="mimic-observation-category-Scores-APACHEIV.402.41"> </a></td></tr><tr><td style="white-space:nowrap">Impella<a name="mimic-observation-category-Impella"> </a></td></tr><tr><td style="white-space:nowrap">GI/GU<a name="mimic-observation-category-GI.47GU"> </a></td></tr><tr><td style="white-space:nowrap">Lumbar Puncture<a name="mimic-observation-category-LumbarPuncture"> </a></td></tr><tr><td style="white-space:nowrap">Pulmonary<a name="mimic-observation-category-Pulmonary"> </a></td></tr><tr><td style="white-space:nowrap">Swallow Evaluation<a name="mimic-observation-category-SwallowEvaluation"> </a></td></tr><tr><td style="white-space:nowrap">Dialysis<a name="mimic-observation-category-Dialysis"> </a></td></tr><tr><td style="white-space:nowrap">OT Notes<a name="mimic-observation-category-OTNotes"> </a></td></tr><tr><td style="white-space:nowrap">Output<a name="mimic-observation-category-Output"> </a></td></tr><tr><td style="white-space:nowrap">Family Mtg Note<a name="mimic-observation-category-FamilyMtgNote"> </a></td></tr><tr><td style="white-space:nowrap">7-Communication<a name="mimic-observation-category-7-Communication"> </a></td></tr><tr><td style="white-space:nowrap">Respiratory<a name="mimic-observation-category-Respiratory"> </a></td></tr><tr><td style="white-space:nowrap">Access Lines - Peripheral<a name="mimic-observation-category-AccessLines-Peripheral"> </a></td></tr><tr><td style="white-space:nowrap">ADT<a name="mimic-observation-category-ADT"> </a></td></tr><tr><td style="white-space:nowrap">Medications<a name="mimic-observation-category-Medications"> </a></td></tr><tr><td style="white-space:nowrap">Drains<a name="mimic-observation-category-Drains"> </a></td></tr><tr><td style="white-space:nowrap">Cardiovascular<a name="mimic-observation-category-Cardiovascular"> </a></td></tr><tr><td style="white-space:nowrap">RNTriggerNote<a name="mimic-observation-category-RNTriggerNote"> </a></td></tr><tr><td style="white-space:nowrap">Skin - Impairment<a name="mimic-observation-category-Skin-Impairment"> </a></td></tr><tr><td style="white-space:nowrap">Cardiovascular (Pacer Data)<a name="mimic-observation-category-Cardiovascular.40PacerData.41"> </a></td></tr><tr><td style="white-space:nowrap">Intubation<a name="mimic-observation-category-Intubation"> </a></td></tr><tr><td style="white-space:nowrap">Centrimag<a name="mimic-observation-category-Centrimag"> </a></td></tr><tr><td style="white-space:nowrap">Toxicology<a name="mimic-observation-category-Toxicology"> </a></td></tr><tr><td style="white-space:nowrap">Hemodynamics<a name="mimic-observation-category-Hemodynamics"> </a></td></tr><tr><td style="white-space:nowrap">Nutrition - Enteral<a name="mimic-observation-category-Nutrition-Enteral"> </a></td></tr><tr><td style="white-space:nowrap">Ingredients - general (Not In Use)<a name="mimic-observation-category-Ingredients-general.40NotInUse.41"> </a></td></tr><tr><td style="white-space:nowrap">Triggers Note<a name="mimic-observation-category-TriggersNote"> </a></td></tr><tr><td style="white-space:nowrap">ApacheII Parameters<a name="mimic-observation-category-ApacheIIParameters"> </a></td></tr><tr><td style="white-space:nowrap">Tandem Heart<a name="mimic-observation-category-TandemHeart"> </a></td></tr><tr><td style="white-space:nowrap">ZIntake<a name="mimic-observation-category-ZIntake"> </a></td></tr><tr><td style="white-space:nowrap">MD Progress Note<a name="mimic-observation-category-MDProgressNote"> </a></td></tr><tr><td style="white-space:nowrap">Case Management<a name="mimic-observation-category-CaseManagement"> </a></td></tr><tr><td style="white-space:nowrap">Fluids/Intake<a name="mimic-observation-category-Fluids.47Intake"> </a></td></tr><tr><td style="white-space:nowrap">Antibiotics<a name="mimic-observation-category-Antibiotics"> </a></td></tr><tr><td style="white-space:nowrap">Alarms<a name="mimic-observation-category-Alarms"> </a></td></tr><tr><td style="white-space:nowrap">Neurological<a name="mimic-observation-category-Neurological"> </a></td></tr><tr><td style="white-space:nowrap">Fluids - Other (Not In Use)<a name="mimic-observation-category-Fluids-Other.40NotInUse.41"> </a></td></tr><tr><td style="white-space:nowrap">Access Lines - Invasive<a name="mimic-observation-category-AccessLines-Invasive"> </a></td></tr><tr><td style="white-space:nowrap">ApacheIV Parameters<a name="mimic-observation-category-ApacheIVParameters"> </a></td></tr><tr><td style="white-space:nowrap">Durable VAD<a name="mimic-observation-category-DurableVAD"> </a></td></tr><tr><td style="white-space:nowrap">ECMO<a name="mimic-observation-category-ECMO"> </a></td></tr><tr><td style="white-space:nowrap">Bronchoscopy<a name="mimic-observation-category-Bronchoscopy"> </a></td></tr><tr><td style="white-space:nowrap">Paracentesis<a name="mimic-observation-category-Paracentesis"> </a></td></tr><tr><td style="white-space:nowrap">3-Significant Events<a name="mimic-observation-category-3-SignificantEvents"> </a></td></tr><tr><td style="white-space:nowrap">IABP<a name="mimic-observation-category-IABP"> </a></td></tr><tr><td style="white-space:nowrap">RDOS<a name="mimic-observation-category-RDOS"> </a></td></tr><tr><td style="white-space:nowrap">1-Intubation/Extubation<a name="mimic-observation-category-1-Intubation.47Extubation"> </a></td></tr><tr><td style="white-space:nowrap">NICOM<a name="mimic-observation-category-NICOM"> </a></td></tr><tr><td style="white-space:nowrap">Routine Vital Signs<a name="mimic-observation-category-RoutineVitalSigns"> </a></td></tr><tr><td style="white-space:nowrap">Heartware<a name="mimic-observation-category-Heartware"> </a></td></tr><tr><td style="white-space:nowrap">Pain/Sedation<a name="mimic-observation-category-Pain.47Sedation"> </a></td></tr><tr><td style="white-space:nowrap">Generic Proc Note<a name="mimic-observation-category-GenericProcNote"> </a></td></tr><tr><td style="white-space:nowrap">Cardiovascular (Pulses)<a name="mimic-observation-category-Cardiovascular.40Pulses.41"> </a></td></tr><tr><td style="white-space:nowrap">2-Ventilation<a name="mimic-observation-category-2-Ventilation"> </a></td></tr><tr><td style="white-space:nowrap">Adm History/FHPA<a name="mimic-observation-category-AdmHistory.47FHPA"> </a></td></tr><tr><td style="white-space:nowrap">CVL Insertion<a name="mimic-observation-category-CVLInsertion"> </a></td></tr><tr><td style="white-space:nowrap">Nutrition - Supplements<a name="mimic-observation-category-Nutrition-Supplements"> </a></td></tr><tr><td style="white-space:nowrap">PiCCO<a name="mimic-observation-category-PiCCO"> </a></td></tr><tr><td style="white-space:nowrap">Treatments<a name="mimic-observation-category-Treatments"> </a></td></tr><tr><td style="white-space:nowrap">PICC Line Insertion<a name="mimic-observation-category-PICCLineInsertion"> </a></td></tr><tr><td style="white-space:nowrap">Pastoral Care Note<a name="mimic-observation-category-PastoralCareNote"> </a></td></tr><tr><td style="white-space:nowrap">Skin - Incisions<a name="mimic-observation-category-Skin-Incisions"> </a></td></tr><tr><td style="white-space:nowrap">Scores - APACHE IV<a name="mimic-observation-category-Scores-APACHEIV"> </a></td></tr><tr><td style="white-space:nowrap">Labs<a name="mimic-observation-category-Labs"> </a></td></tr><tr><td style="white-space:nowrap">Skin - Assessment<a name="mimic-observation-category-Skin-Assessment"> </a></td></tr><tr><td style="white-space:nowrap">Blood Products/Colloids<a name="mimic-observation-category-BloodProducts.47Colloids"> </a></td></tr><tr><td style="white-space:nowrap">SBNET<a name="mimic-observation-category-SBNET"> </a></td></tr><tr><td style="white-space:nowrap">Arterial Line Insertion<a name="mimic-observation-category-ArterialLineInsertion"> </a></td></tr><tr><td style="white-space:nowrap">Care Plans<a name="mimic-observation-category-CarePlans"> </a></td></tr><tr><td style="white-space:nowrap">5-Imaging<a name="mimic-observation-category-5-Imaging"> </a></td></tr><tr><td style="white-space:nowrap">Ingredients<a name="mimic-observation-category-Ingredients"> </a></td></tr><tr><td style="white-space:nowrap">General<a name="mimic-observation-category-General"> </a></td></tr><tr><td style="white-space:nowrap">OB-GYN<a name="mimic-observation-category-OB-GYN"> </a></td></tr><tr><td style="white-space:nowrap">Nutrition - Parenteral<a name="mimic-observation-category-Nutrition-Parenteral"> </a></td></tr></table></div>
  </text>
  <url value="http://mimic.mit.edu/fhir/mimic/CodeSystem/mimic-observation-category"/>
  <version value="1.3.0"/>
  <name value="MimicObservationCategory"/>
  <title value="MimicObservationCategory"/>
  <status value="draft"/>
  <date value="2022-09-21T13:59:43-04:00"/>
  <publisher value="KinD Lab"/>
  <contact>
    <name value="KinD Lab"/>
    <telecom>
      <system value="url"/>
      <value value="http://fhir.kindlab.sickkids.ca"/>
    </telecom>
  </contact>
  <description value="The observation category codes for MIMIC"/>
  <valueSet value="http://mimic.mit.edu/fhir/mimic/ValueSet/mimic-observation-category"/>
  <content value="complete"/>
  <concept>
    <code value="Scores - APACHE II"/>
  </concept>
  <concept>
    <code value="6-Cultures"/>
  </concept>
  <concept>
    <code value="4-Procedures"/>
  </concept>
  <concept>
    <code value="PA Line Insertion"/>
  </concept>
  <concept>
    <code value="Thoracentesis"/>
  </concept>
  <concept>
    <code value="Restraint/Support Systems"/>
  </concept>
  <concept>
    <code value="Research Enrollment Note"/>
  </concept>
  <concept>
    <code value="Scores - APACHE IV (2)"/>
  </concept>
  <concept>
    <code value="Impella"/>
  </concept>
  <concept>
    <code value="GI/GU"/>
  </concept>
  <concept>
    <code value="Lumbar Puncture"/>
  </concept>
  <concept>
    <code value="Pulmonary"/>
  </concept>
  <concept>
    <code value="Swallow Evaluation"/>
  </concept>
  <concept>
    <code value="Dialysis"/>
  </concept>
  <concept>
    <code value="OT Notes"/>
  </concept>
  <concept>
    <code value="Output"/>
  </concept>
  <concept>
    <code value="Family Mtg Note"/>
  </concept>
  <concept>
    <code value="7-Communication"/>
  </concept>
  <concept>
    <code value="Respiratory"/>
  </concept>
  <concept>
    <code value="Access Lines - Peripheral"/>
  </concept>
  <concept>
    <code value="ADT"/>
  </concept>
  <concept>
    <code value="Medications"/>
  </concept>
  <concept>
    <code value="Drains"/>
  </concept>
  <concept>
    <code value="Cardiovascular"/>
  </concept>
  <concept>
    <code value="RNTriggerNote"/>
  </concept>
  <concept>
    <code value="Skin - Impairment"/>
  </concept>
  <concept>
    <code value="Cardiovascular (Pacer Data)"/>
  </concept>
  <concept>
    <code value="Intubation"/>
  </concept>
  <concept>
    <code value="Centrimag"/>
  </concept>
  <concept>
    <code value="Toxicology"/>
  </concept>
  <concept>
    <code value="Hemodynamics"/>
  </concept>
  <concept>
    <code value="Nutrition - Enteral"/>
  </concept>
  <concept>
    <code value="Ingredients - general (Not In Use)"/>
  </concept>
  <concept>
    <code value="Triggers Note"/>
  </concept>
  <concept>
    <code value="ApacheII Parameters"/>
  </concept>
  <concept>
    <code value="Tandem Heart"/>
  </concept>
  <concept>
    <code value="ZIntake"/>
  </concept>
  <concept>
    <code value="MD Progress Note"/>
  </concept>
  <concept>
    <code value="Case Management"/>
  </concept>
  <concept>
    <code value="Fluids/Intake"/>
  </concept>
  <concept>
    <code value="Antibiotics"/>
  </concept>
  <concept>
    <code value="Alarms"/>
  </concept>
  <concept>
    <code value="Neurological"/>
  </concept>
  <concept>
    <code value="Fluids - Other (Not In Use)"/>
  </concept>
  <concept>
    <code value="Access Lines - Invasive"/>
  </concept>
  <concept>
    <code value="ApacheIV Parameters"/>
  </concept>
  <concept>
    <code value="Durable VAD"/>
  </concept>
  <concept>
    <code value="ECMO"/>
  </concept>
  <concept>
    <code value="Bronchoscopy"/>
  </concept>
  <concept>
    <code value="Paracentesis"/>
  </concept>
  <concept>
    <code value="3-Significant Events"/>
  </concept>
  <concept>
    <code value="IABP"/>
  </concept>
  <concept>
    <code value="RDOS"/>
  </concept>
  <concept>
    <code value="1-Intubation/Extubation"/>
  </concept>
  <concept>
    <code value="NICOM"/>
  </concept>
  <concept>
    <code value="Routine Vital Signs"/>
  </concept>
  <concept>
    <code value="Heartware"/>
  </concept>
  <concept>
    <code value="Pain/Sedation"/>
  </concept>
  <concept>
    <code value="Generic Proc Note"/>
  </concept>
  <concept>
    <code value="Cardiovascular (Pulses)"/>
  </concept>
  <concept>
    <code value="2-Ventilation"/>
  </concept>
  <concept>
    <code value="Adm History/FHPA"/>
  </concept>
  <concept>
    <code value="CVL Insertion"/>
  </concept>
  <concept>
    <code value="Nutrition - Supplements"/>
  </concept>
  <concept>
    <code value="PiCCO"/>
  </concept>
  <concept>
    <code value="Treatments"/>
  </concept>
  <concept>
    <code value="PICC Line Insertion"/>
  </concept>
  <concept>
    <code value="Pastoral Care Note"/>
  </concept>
  <concept>
    <code value="Skin - Incisions"/>
  </concept>
  <concept>
    <code value="Scores - APACHE IV"/>
  </concept>
  <concept>
    <code value="Labs"/>
  </concept>
  <concept>
    <code value="Skin - Assessment"/>
  </concept>
  <concept>
    <code value="Blood Products/Colloids"/>
  </concept>
  <concept>
    <code value="SBNET"/>
  </concept>
  <concept>
    <code value="Arterial Line Insertion"/>
  </concept>
  <concept>
    <code value="Care Plans"/>
  </concept>
  <concept>
    <code value="5-Imaging"/>
  </concept>
  <concept>
    <code value="Ingredients"/>
  </concept>
  <concept>
    <code value="General"/>
  </concept>
  <concept>
    <code value="OB-GYN"/>
  </concept>
  <concept>
    <code value="Nutrition - Parenteral"/>
  </concept>
</CodeSystem>