<?xml version="1.0" encoding="UTF-8"?>

<CodeSystem xmlns="http://hl7.org/fhir">
  <id value="mimic-admit-source"/>
  <language value="en"/>
  <text>
    <status value="generated"/><div xmlns="http://www.w3.org/1999/xhtml" xml:lang="en" lang="en"><p>This  code system <code>http://mimic.mit.edu/fhir/mimic/CodeSystem/mimic-admit-source</code> defines the following codes:</p><table class="codes"><tr><td style="white-space:nowrap"><b>Code</b></td></tr><tr><td style="white-space:nowrap">AMBULATORY SURGERY TRANSFER<a name="mimic-admit-source-AMBULATORYSURGERYTRANSFER"> </a></td></tr><tr><td style="white-space:nowrap">TRANSFER FROM SKILLED NURSING FACILITY<a name="mimic-admit-source-TRANSFERFROMSKILLEDNURSINGFACILITY"> </a></td></tr><tr><td style="white-space:nowrap">OTHER<a name="mimic-admit-source-OTHER"> </a></td></tr><tr><td style="white-space:nowrap">HELICOPTER<a name="mimic-admit-source-HELICOPTER"> </a></td></tr><tr><td style="white-space:nowrap">INTERNAL TRANSFER TO OR FROM PSYCH<a name="mimic-admit-source-INTERNALTRANSFERTOORFROMPSYCH"> </a></td></tr><tr><td style="white-space:nowrap">EMERGENCY ROOM<a name="mimic-admit-source-EMERGENCYROOM"> </a></td></tr><tr><td style="white-space:nowrap">PACU<a name="mimic-admit-source-PACU"> </a></td></tr><tr><td style="white-space:nowrap">AMBULANCE<a name="mimic-admit-source-AMBULANCE"> </a></td></tr><tr><td style="white-space:nowrap">CLINIC REFERRAL<a name="mimic-admit-source-CLINICREFERRAL"> </a></td></tr><tr><td style="white-space:nowrap">PROCEDURE SITE<a name="mimic-admit-source-PROCEDURESITE"> </a></td></tr><tr><td style="white-space:nowrap">UNKNOWN<a name="mimic-admit-source-UNKNOWN"> </a></td></tr><tr><td style="white-space:nowrap">WALK-IN/SELF REFERRAL<a name="mimic-admit-source-WALK-IN.47SELFREFERRAL"> </a></td></tr><tr><td style="white-space:nowrap">WALK IN<a name="mimic-admit-source-WALKIN"> </a></td></tr><tr><td style="white-space:nowrap">PHYSICIAN REFERRAL<a name="mimic-admit-source-PHYSICIANREFERRAL"> </a></td></tr><tr><td style="white-space:nowrap">INFORMATION NOT AVAILABLE<a name="mimic-admit-source-INFORMATIONNOTAVAILABLE"> </a></td></tr><tr><td style="white-space:nowrap">TRANSFER FROM HOSPITAL<a name="mimic-admit-source-TRANSFERFROMHOSPITAL"> </a></td></tr></table></div>
  </text>
  <url value="http://mimic.mit.edu/fhir/mimic/CodeSystem/mimic-admit-source"/>
  <version value="1.3.0"/>
  <name value="MimicAdmitSource"/>
  <title value="MimicAdmitSource"/>
  <status value="draft"/>
  <date value="2022-09-21T13:59:43-04:00"/>
  <publisher value="KinD Lab"/>
  <contact>
    <name value="KinD Lab"/>
    <telecom>
      <system value="url"/>
      <value value="http://fhir.kindlab.sickkids.ca"/>
    </telecom>
  </contact>
  <description value="The admission source for MIMIC"/>
  <valueSet value="http://mimic.mit.edu/fhir/mimic/ValueSet/mimic-admit-source"/>
  <content value="complete"/>
  <concept>
    <code value="AMBULATORY SURGERY TRANSFER"/>
  </concept>
  <concept>
    <code value="TRANSFER FROM SKILLED NURSING FACILITY"/>
  </concept>
  <concept>
    <code value="OTHER"/>
  </concept>
  <concept>
    <code value="HELICOPTER"/>
  </concept>
  <concept>
    <code value="INTERNAL TRANSFER TO OR FROM PSYCH"/>
  </concept>
  <concept>
    <code value="EMERGENCY ROOM"/>
  </concept>
  <concept>
    <code value="PACU"/>
  </concept>
  <concept>
    <code value="AMBULANCE"/>
  </concept>
  <concept>
    <code value="CLINIC REFERRAL"/>
  </concept>
  <concept>
    <code value="PROCEDURE SITE"/>
  </concept>
  <concept>
    <code value="UNKNOWN"/>
  </concept>
  <concept>
    <code value="WALK-IN/SELF REFERRAL"/>
  </concept>
  <concept>
    <code value="WALK IN"/>
  </concept>
  <concept>
    <code value="PHYSICIAN REFERRAL"/>
  </concept>
  <concept>
    <code value="INFORMATION NOT AVAILABLE"/>
  </concept>
  <concept>
    <code value="TRANSFER FROM HOSPITAL"/>
  </concept>
</CodeSystem>