<?xml version="1.0" encoding="UTF-8"?>

<CodeSystem xmlns="http://hl7.org/fhir">
  <id value="mimic-medadmin-category-icu"/>
  <language value="en"/>
  <text>
    <status value="generated"/><div xmlns="http://www.w3.org/1999/xhtml" xml:lang="en" lang="en"><p>This  code system <code>http://mimic.mit.edu/fhir/mimic/CodeSystem/mimic-medadmin-category-icu</code> defines the following codes:</p><table class="codes"><tr><td style="white-space:nowrap"><b>Code</b></td></tr><tr><td style="white-space:nowrap">12-Parenteral Nutrition<a name="mimic-medadmin-category-icu-12-ParenteralNutrition"> </a></td></tr><tr><td style="white-space:nowrap">10-Prophylaxis (IV)<a name="mimic-medadmin-category-icu-10-Prophylaxis.40IV.41"> </a></td></tr><tr><td style="white-space:nowrap">15-Supplements<a name="mimic-medadmin-category-icu-15-Supplements"> </a></td></tr><tr><td style="white-space:nowrap">16-Pre Admission/Non-ICU<a name="mimic-medadmin-category-icu-16-PreAdmission.47Non-ICU"> </a></td></tr><tr><td style="white-space:nowrap">13-Enteral Nutrition<a name="mimic-medadmin-category-icu-13-EnteralNutrition"> </a></td></tr><tr><td style="white-space:nowrap">04-Fluids (Colloids)<a name="mimic-medadmin-category-icu-04-Fluids.40Colloids.41"> </a></td></tr><tr><td style="white-space:nowrap">14-Oral/Gastric Intake<a name="mimic-medadmin-category-icu-14-Oral.47GastricIntake"> </a></td></tr><tr><td style="white-space:nowrap">08-Antibiotics (IV)<a name="mimic-medadmin-category-icu-08-Antibiotics.40IV.41"> </a></td></tr><tr><td style="white-space:nowrap">07-Blood Products<a name="mimic-medadmin-category-icu-07-BloodProducts"> </a></td></tr><tr><td style="white-space:nowrap">09-Antibiotics (Non IV)<a name="mimic-medadmin-category-icu-09-Antibiotics.40NonIV.41"> </a></td></tr><tr><td style="white-space:nowrap">06-Insulin (Non IV)<a name="mimic-medadmin-category-icu-06-Insulin.40NonIV.41"> </a></td></tr><tr><td style="white-space:nowrap">03-IV Fluid Bolus<a name="mimic-medadmin-category-icu-03-IVFluidBolus"> </a></td></tr><tr><td style="white-space:nowrap">02-Fluids (Crystalloids)<a name="mimic-medadmin-category-icu-02-Fluids.40Crystalloids.41"> </a></td></tr><tr><td style="white-space:nowrap">11-Prophylaxis (Non IV)<a name="mimic-medadmin-category-icu-11-Prophylaxis.40NonIV.41"> </a></td></tr><tr><td style="white-space:nowrap">05-Med Bolus<a name="mimic-medadmin-category-icu-05-MedBolus"> </a></td></tr><tr><td style="white-space:nowrap">01-Drips<a name="mimic-medadmin-category-icu-01-Drips"> </a></td></tr></table></div>
  </text>
  <url value="http://mimic.mit.edu/fhir/mimic/CodeSystem/mimic-medadmin-category-icu"/>
  <version value="1.3.0"/>
  <name value="MimicMedadminCategoryIcu"/>
  <title value="MimicMedadminCategoryIcu"/>
  <status value="draft"/>
  <date value="2022-09-21T13:59:43-04:00"/>
  <publisher value="KinD Lab"/>
  <contact>
    <name value="KinD Lab"/>
    <telecom>
      <system value="url"/>
      <value value="http://fhir.kindlab.sickkids.ca"/>
    </telecom>
  </contact>
  <description value="The medication administration category for the ICU for MIMIC"/>
  <valueSet value="http://mimic.mit.edu/fhir/mimic/ValueSet/mimic-medadmin-category-icu"/>
  <content value="complete"/>
  <concept>
    <code value="12-Parenteral Nutrition"/>
  </concept>
  <concept>
    <code value="10-Prophylaxis (IV)"/>
  </concept>
  <concept>
    <code value="15-Supplements"/>
  </concept>
  <concept>
    <code value="16-Pre Admission/Non-ICU"/>
  </concept>
  <concept>
    <code value="13-Enteral Nutrition"/>
  </concept>
  <concept>
    <code value="04-Fluids (Colloids)"/>
  </concept>
  <concept>
    <code value="14-Oral/Gastric Intake"/>
  </concept>
  <concept>
    <code value="08-Antibiotics (IV)"/>
  </concept>
  <concept>
    <code value="07-Blood Products"/>
  </concept>
  <concept>
    <code value="09-Antibiotics (Non IV)"/>
  </concept>
  <concept>
    <code value="06-Insulin (Non IV)"/>
  </concept>
  <concept>
    <code value="03-IV Fluid Bolus"/>
  </concept>
  <concept>
    <code value="02-Fluids (Crystalloids)"/>
  </concept>
  <concept>
    <code value="11-Prophylaxis (Non IV)"/>
  </concept>
  <concept>
    <code value="05-Med Bolus"/>
  </concept>
  <concept>
    <code value="01-Drips"/>
  </concept>
</CodeSystem>