<?xml version="1.0" encoding="UTF-8"?>

<MedicationAdministration xmlns="http://hl7.org/fhir">
  <id value="ExampleMimicMedicationAdministrationICU"/>
  <meta>
    <profile value="http://mimic.mit.edu/fhir/mimic/StructureDefinition/mimic-medication-administration-icu"/>
  </meta>
  <text>
    <status value="generated"/><div xmlns="http://www.w3.org/1999/xhtml"><p><b>Generated Narrative: MedicationAdministration</b><a name="ExampleMimicMedicationAdministrationICU"> </a></p><div style="display: inline-block; background-color: #d9e0e7; padding: 6px; margin: 4px; border: 1px solid #8da1b4; border-radius: 5px; line-height: 60%"><p style="margin-bottom: 0px">Resource MedicationAdministration &quot;ExampleMimicMedicationAdministrationICU&quot; </p><p style="margin-bottom: 0px">Profile: <a href="StructureDefinition-mimic-medication-administration-icu.html">MIMIC Medication Administration ICU</a></p></div><p><b>status</b>: completed</p><p><b>category</b>: 08-Antibiotics (IV) <span style="background: LightGoldenRodYellow; margin: 4px; border: 1px solid khaki"> (<a href="CodeSystem-mimic-medadmin-category-icu.html">MimicMedadminCategoryIcu</a>#08-Antibiotics (IV))</span></p><p><b>medication</b>: Dextrose 5% <span style="background: LightGoldenRodYellow; margin: 4px; border: 1px solid khaki"> (<a href="CodeSystem-mimic-medication-icu.html">MimicMedicationIcu</a>#220949)</span></p><p><b>subject</b>: <a href="Patient-ExampleMimicPatient.html">Patient/ExampleMimicPatient</a> &quot; PATIENT_10000032&quot;</p><p><b>context</b>: <a href="Encounter-ExampleMimicEncounter.html">Encounter/ExampleMimicEncounter</a></p><p><b>effective</b>: 2201-11-11 08:55:00-0500</p><h3>Dosages</h3><table class="grid"><tr><td style="display: none">-</td><td><b>Method</b></td><td><b>Dose</b></td></tr><tr><td style="display: none">*</td><td>Drug Push <span style="background: LightGoldenRodYellow; margin: 4px; border: 1px solid khaki"> (<a href="CodeSystem-mimic-medication-method-icu.html">MimicMedicationMethodIcu</a>#Drug Push)</span></td><td>100 ml<span style="background: LightGoldenRodYellow"> (Details: http://mimic.mit.edu/fhir/mimic/CodeSystem/mimic-units code ml = 'ml')</span></td></tr></table></div>
  </text>
  <status value="completed"/>
  <category>
    <coding>
      <system value="http://mimic.mit.edu/fhir/mimic/CodeSystem/mimic-medadmin-category-icu"/>
      <code value="08-Antibiotics (IV)"/>
    </coding>
  </category>
  <medicationCodeableConcept>
    <coding>
      <system value="http://mimic.mit.edu/fhir/mimic/CodeSystem/mimic-medication-icu"/>
      <code value="220949"/>
      <display value="Dextrose 5%"/>
    </coding>
  </medicationCodeableConcept>
  <subject>
    <reference value="Patient/ExampleMimicPatient"/>
  </subject>
  <context>
    <reference value="Encounter/ExampleMimicEncounter"/>
  </context>
  <effectiveDateTime value="2201-11-11T08:55:00-05:00"/>
  <dosage>
    <method>
      <coding>
        <system value="http://mimic.mit.edu/fhir/mimic/CodeSystem/mimic-medication-method-icu"/>
        <code value="Drug Push"/>
      </coding>
    </method>
    <dose>
      <value value="100"/>
      <unit value="ml"/>
      <system value="http://mimic.mit.edu/fhir/mimic/CodeSystem/mimic-units"/>
      <code value="ml"/>
    </dose>
  </dosage>
</MedicationAdministration>