<?xml version="1.0" encoding="UTF-8"?>

<Procedure xmlns="http://hl7.org/fhir">
  <id value="ExampleMimicProcedure"/>
  <meta>
    <profile value="http://mimic.mit.edu/fhir/mimic/StructureDefinition/mimic-procedure"/>
  </meta>
  <text>
    <status value="generated"/><div xmlns="http://www.w3.org/1999/xhtml"><p><b>Generated Narrative: Procedure</b><a name="ExampleMimicProcedure"> </a></p><div style="display: inline-block; background-color: #d9e0e7; padding: 6px; margin: 4px; border: 1px solid #8da1b4; border-radius: 5px; line-height: 60%"><p style="margin-bottom: 0px">Resource Procedure &quot;ExampleMimicProcedure&quot; </p><p style="margin-bottom: 0px">Profile: <a href="StructureDefinition-mimic-procedure.html">MIMIC Procedure</a></p></div><p><b>status</b>: completed</p><p><b>code</b>: Parenteral infusion of concentrated nutritional substances <span style="background: LightGoldenRodYellow; margin: 4px; border: 1px solid khaki"> (<a href="CodeSystem-mimic-procedure-icd9.html">MimicProcedureIcd9</a>#9915)</span></p><p><b>subject</b>: <a href="Patient-ExampleMimicPatient.html">Patient/ExampleMimicPatient</a> &quot; PATIENT_10000032&quot;</p><p><b>encounter</b>: <a href="Encounter-ExampleMimicEncounter.html">Encounter/ExampleMimicEncounter</a></p><p><b>performed</b>: 2136-04-11 00:00:00-0400</p></div>
  </text>
  <status value="completed"/>
  <code>
    <coding>
      <system value="http://mimic.mit.edu/fhir/mimic/CodeSystem/mimic-procedure-icd9"/>
      <code value="9915"/>
      <display value="Parenteral infusion of concentrated nutritional substances"/>
    </coding>
  </code>
  <subject>
    <reference value="Patient/ExampleMimicPatient"/>
  </subject>
  <encounter>
    <reference value="Encounter/ExampleMimicEncounter"/>
  </encounter>
  <performedDateTime value="2136-04-11T00:00:00-04:00"/>
</Procedure>