<?xml version="1.0" encoding="UTF-8"?>

<ValueSet xmlns="http://hl7.org/fhir">
  <id value="mimic-specimen-type"/>
  <language value="en"/>
  <text>
    <status value="generated"/><div xmlns="http://www.w3.org/1999/xhtml" xml:lang="en" lang="en"><p>This value set includes codes based on the following rules:</p><ul><li>Include all codes defined in <a href="CodeSystem-mimic-lab-fluid.html"><code>http://mimic.mit.edu/fhir/mimic/CodeSystem/mimic-lab-fluid</code></a></li><li>Include all codes defined in <a href="CodeSystem-mimic-spec-type-desc.html"><code>http://mimic.mit.edu/fhir/mimic/CodeSystem/mimic-spec-type-desc</code></a></li></ul></div>
  </text>
  <url value="http://mimic.mit.edu/fhir/mimic/ValueSet/mimic-specimen-type"/>
  <version value="1.3.0"/>
  <name value="MimicSpecimenType"/>
  <title value="MimicSpecimenType"/>
  <status value="draft"/>
  <date value="2022-09-21T13:59:43-04:00"/>
  <publisher value="KinD Lab"/>
  <contact>
    <name value="KinD Lab"/>
    <telecom>
      <system value="url"/>
      <value value="http://fhir.kindlab.sickkids.ca"/>
    </telecom>
  </contact>
  <description value="The specimen type codes for both lab and micro specimen for MIMIC"/>
  <compose>
    <include>
      <system value="http://mimic.mit.edu/fhir/mimic/CodeSystem/mimic-lab-fluid"/>
    </include>
    <include>
      <system value="http://mimic.mit.edu/fhir/mimic/CodeSystem/mimic-spec-type-desc"/>
    </include>
  </compose>
</ValueSet>