<?xml version="1.0" encoding="UTF-8"?>

<CodeSystem xmlns="http://hl7.org/fhir">
  <id value="types-of-smoking"/>
  <text>
    <status value="generated"/><div xmlns="http://www.w3.org/1999/xhtml"><p>This case-sensitive code system <code>https://voicecollab.ai/fhir/CodeSystem/types-of-smoking</code> defines the following codes:</p><table class="codes"><tr><td style="white-space:nowrap"><b>Code</b></td><td><b>Display</b></td></tr><tr><td style="white-space:nowrap">T<a name="types-of-smoking-T"> </a></td><td>Tobacco cigarettes</td></tr><tr><td style="white-space:nowrap">C<a name="types-of-smoking-C"> </a></td><td>Cannabis joints, bong, pipe</td></tr><tr><td style="white-space:nowrap">V<a name="types-of-smoking-V"> </a></td><td>Vapes</td></tr><tr><td style="white-space:nowrap">EC<a name="types-of-smoking-EC"> </a></td><td>e-cigarettes</td></tr><tr><td style="white-space:nowrap">H<a name="types-of-smoking-H"> </a></td><td>Hookah</td></tr><tr><td style="white-space:nowrap">P<a name="types-of-smoking-P"> </a></td><td>Pipes</td></tr><tr><td style="white-space:nowrap">O<a name="types-of-smoking-O"> </a></td><td>Other, please specify</td></tr></table></div>
  </text>
  <url value="https://voicecollab.ai/fhir/CodeSystem/types-of-smoking"/>
  <version value="1.5.1"/>
  <name value="SmokingTypes"/>
  <title value="Classification of Smoking Methods"/>
  <status value="active"/>
  <date value="2023-05-15"/>
  <publisher value="KinD Lab"/>
  <contact>
    <name value="KinD Lab"/>
    <telecom>
      <system value="url"/>
      <value value="http://fhir.kindlab.sickkids.ca"/>
    </telecom>
  </contact>
  <description value="This code system categorizes the various methods of smoking for use in questionnaires."/>
  <caseSensitive value="true"/>
  <content value="complete"/>
  <count value="7"/>
  <concept>
    <code value="T"/>
    <display value="Tobacco cigarettes"/>
  </concept>
  <concept>
    <code value="C"/>
    <display value="Cannabis joints, bong, pipe"/>
  </concept>
  <concept>
    <code value="V"/>
    <display value="Vapes"/>
  </concept>
  <concept>
    <code value="EC"/>
    <display value="e-cigarettes"/>
  </concept>
  <concept>
    <code value="H"/>
    <display value="Hookah"/>
  </concept>
  <concept>
    <code value="P"/>
    <display value="Pipes"/>
  </concept>
  <concept>
    <code value="O"/>
    <display value="Other, please specify"/>
  </concept>
</CodeSystem>