<?xml version="1.0" encoding="UTF-8"?>

<CodeSystem xmlns="http://hl7.org/fhir">
  <id value="gender-identity"/>
  <text>
    <status value="generated"/><div xmlns="http://www.w3.org/1999/xhtml"><p>This case-sensitive code system <code>https://voicecollab.ai/fhir/CodeSystem/gender-identity</code> defines the following codes:</p><table class="codes"><tr><td style="white-space:nowrap"><b>Code</b></td><td><b>Display</b></td><td><b>Definition</b></td></tr><tr><td style="white-space:nowrap">CM<a name="gender-identity-CM"> </a></td><td>Cis Man</td><td>Identifies as a cisgender man.</td></tr><tr><td style="white-space:nowrap">CF<a name="gender-identity-CF"> </a></td><td>Cis Woman</td><td>Identifies as a cisgender woman.</td></tr><tr><td style="white-space:nowrap">TM<a name="gender-identity-TM"> </a></td><td>Transgender male/Transman/Female-to-male</td><td>Identifies as a transgender male, transman, or female-to-male.</td></tr><tr><td style="white-space:nowrap">TF<a name="gender-identity-TF"> </a></td><td>Transgender female/Transwoman/Male-tofemale</td><td>Identifies as a transgender female, transwoman, or male-to-female.</td></tr><tr><td style="white-space:nowrap">GQ<a name="gender-identity-GQ"> </a></td><td>Genderqueer/Non-binary</td><td>Identifies as genderqueer or non-binary.</td></tr><tr><td style="white-space:nowrap">DC<a name="gender-identity-DC"> </a></td><td>Decline to Answer</td><td>Chose not to disclose gender identity.</td></tr><tr><td style="white-space:nowrap">UN<a name="gender-identity-UN"> </a></td><td>Unknown</td><td>Gender identity is not known.</td></tr></table></div>
  </text>
  <url value="https://voicecollab.ai/fhir/CodeSystem/gender-identity"/>
  <version value="1.5.1"/>
  <name value="GenderIdentity"/>
  <title value="Comprehensive Gender Identity Codes"/>
  <status value="active"/>
  <date value="2023-05-11"/>
  <publisher value="KinD Lab"/>
  <contact>
    <name value="KinD Lab"/>
    <telecom>
      <system value="url"/>
      <value value="http://fhir.kindlab.sickkids.ca"/>
    </telecom>
  </contact>
  <description value="This code system provides a comprehensive list of gender identity codes for use in demographic questionnaires."/>
  <caseSensitive value="true"/>
  <content value="complete"/>
  <count value="7"/>
  <concept>
    <code value="CM"/>
    <display value="Cis Man"/>
    <definition value="Identifies as a cisgender man."/>
  </concept>
  <concept>
    <code value="CF"/>
    <display value="Cis Woman"/>
    <definition value="Identifies as a cisgender woman."/>
  </concept>
  <concept>
    <code value="TM"/>
    <display value="Transgender male/Transman/Female-to-male"/>
    <definition value="Identifies as a transgender male, transman, or female-to-male."/>
  </concept>
  <concept>
    <code value="TF"/>
    <display value="Transgender female/Transwoman/Male-tofemale"/>
    <definition value="Identifies as a transgender female, transwoman, or male-to-female."/>
  </concept>
  <concept>
    <code value="GQ"/>
    <display value="Genderqueer/Non-binary"/>
    <definition value="Identifies as genderqueer or non-binary."/>
  </concept>
  <concept>
    <code value="DC"/>
    <display value="Decline to Answer"/>
    <definition value="Chose not to disclose gender identity."/>
  </concept>
  <concept>
    <code value="UN"/>
    <display value="Unknown"/>
    <definition value="Gender identity is not known."/>
  </concept>
</CodeSystem>