<?xml version="1.0" encoding="UTF-8"?>

<CodeSystem xmlns="http://hl7.org/fhir">
  <id value="fluent-language"/>
  <text>
    <status value="generated"/><div xmlns="http://www.w3.org/1999/xhtml"><p>This case-sensitive code system <code>https://voicecollab.ai/fhir/CodeSystem/fluent-language</code> defines the following codes:</p><table class="codes"><tr><td style="white-space:nowrap"><b>Code</b></td><td><b>Display</b></td></tr><tr><td style="white-space:nowrap">N<a name="fluent-language-N"> </a></td><td>None</td></tr><tr><td style="white-space:nowrap">EN<a name="fluent-language-EN"> </a></td><td>English</td></tr><tr><td style="white-space:nowrap">FR<a name="fluent-language-FR"> </a></td><td>French</td></tr><tr><td style="white-space:nowrap">SP<a name="fluent-language-SP"> </a></td><td>Spanish</td></tr><tr><td style="white-space:nowrap">O<a name="fluent-language-O"> </a></td><td>Other, Please Specify</td></tr></table></div>
  </text>
  <url value="https://voicecollab.ai/fhir/CodeSystem/fluent-language"/>
  <version value="1.5.1"/>
  <name value="FluentLanguage"/>
  <title value="Fluent Language Identification Codes"/>
  <status value="active"/>
  <date value="2023-06-07"/>
  <publisher value="KinD Lab"/>
  <contact>
    <name value="KinD Lab"/>
    <telecom>
      <system value="url"/>
      <value value="http://fhir.kindlab.sickkids.ca"/>
    </telecom>
  </contact>
  <description value="A set of codes identifying languages for questionnaire enrollment purposes."/>
  <caseSensitive value="true"/>
  <content value="complete"/>
  <count value="5"/>
  <concept>
    <code value="N"/>
    <display value="None"/>
  </concept>
  <concept>
    <code value="EN"/>
    <display value="English"/>
  </concept>
  <concept>
    <code value="FR"/>
    <display value="French"/>
  </concept>
  <concept>
    <code value="SP"/>
    <display value="Spanish"/>
  </concept>
  <concept>
    <code value="O"/>
    <display value="Other, Please Specify"/>
  </concept>
</CodeSystem>