<?xml version="1.0" encoding="UTF-8"?>

<CodeSystem xmlns="http://hl7.org/fhir">
  <id value="disability-type"/>
  <text>
    <status value="generated"/><div xmlns="http://www.w3.org/1999/xhtml"><p>This case-sensitive code system <code>https://voicecollab.ai/fhir/CodeSystem/disability-type</code> defines the following codes:</p><table class="codes"><tr><td style="white-space:nowrap"><b>Code</b></td><td><b>Display</b></td></tr><tr><td style="white-space:nowrap">V<a name="disability-type-V"> </a></td><td>Vision</td></tr><tr><td style="white-space:nowrap">M<a name="disability-type-M"> </a></td><td>Movement</td></tr><tr><td style="white-space:nowrap">T<a name="disability-type-T"> </a></td><td>Thinking</td></tr><tr><td style="white-space:nowrap">R<a name="disability-type-R"> </a></td><td>Remembering</td></tr><tr><td style="white-space:nowrap">L<a name="disability-type-L"> </a></td><td>Learning</td></tr><tr><td style="white-space:nowrap">C<a name="disability-type-C"> </a></td><td>Communicating</td></tr><tr><td style="white-space:nowrap">H<a name="disability-type-H"> </a></td><td>Hearing</td></tr><tr><td style="white-space:nowrap">MH<a name="disability-type-MH"> </a></td><td>Mental Health</td></tr><tr><td style="white-space:nowrap">SR<a name="disability-type-SR"> </a></td><td>Social Relationships</td></tr></table></div>
  </text>
  <url value="https://voicecollab.ai/fhir/CodeSystem/disability-type"/>
  <version value="1.5.1"/>
  <name value="DisabilityType"/>
  <title value="Disability Classification Codes"/>
  <status value="active"/>
  <date value="2023-05-11"/>
  <publisher value="KinD Lab"/>
  <contact>
    <name value="KinD Lab"/>
    <telecom>
      <system value="url"/>
      <value value="http://fhir.kindlab.sickkids.ca"/>
    </telecom>
  </contact>
  <description value="A comprehensive set of codes representing different types of disabilities for use in questionnaires."/>
  <caseSensitive value="true"/>
  <content value="complete"/>
  <count value="9"/>
  <concept>
    <code value="V"/>
    <display value="Vision"/>
  </concept>
  <concept>
    <code value="M"/>
    <display value="Movement"/>
  </concept>
  <concept>
    <code value="T"/>
    <display value="Thinking"/>
  </concept>
  <concept>
    <code value="R"/>
    <display value="Remembering"/>
  </concept>
  <concept>
    <code value="L"/>
    <display value="Learning"/>
  </concept>
  <concept>
    <code value="C"/>
    <display value="Communicating"/>
  </concept>
  <concept>
    <code value="H"/>
    <display value="Hearing"/>
  </concept>
  <concept>
    <code value="MH"/>
    <display value="Mental Health"/>
  </concept>
  <concept>
    <code value="SR"/>
    <display value="Social Relationships"/>
  </concept>
</CodeSystem>