<?xml version="1.0" encoding="UTF-8"?>

<CodeSystem xmlns="http://hl7.org/fhir">
  <id value="checked-unchecked"/>
  <text>
    <status value="generated"/><div xmlns="http://www.w3.org/1999/xhtml"><p>This case-sensitive code system <code>https://voicecollab.ai/fhir/CodeSystem/checked-unchecked</code> defines the following codes:</p><table class="codes"><tr><td style="white-space:nowrap"><b>Code</b></td><td><b>Display</b></td></tr><tr><td style="white-space:nowrap">C<a name="checked-unchecked-C"> </a></td><td>Checked</td></tr><tr><td style="white-space:nowrap">UC<a name="checked-unchecked-UC"> </a></td><td>Unchecked</td></tr></table></div>
  </text>
  <url value="https://voicecollab.ai/fhir/CodeSystem/checked-unchecked"/>
  <version value="1.5.1"/>
  <name value="CheckedUnchecked"/>
  <title value="Enrollment Status Codes for Questionnaires"/>
  <status value="active"/>
  <date value="2023-06-07"/>
  <publisher value="KinD Lab"/>
  <contact>
    <name value="KinD Lab"/>
    <telecom>
      <system value="url"/>
      <value value="http://fhir.kindlab.sickkids.ca"/>
    </telecom>
  </contact>
  <description value="This code system defines the status codes used to indicate the enrollment condition in questionnaires."/>
  <caseSensitive value="true"/>
  <content value="complete"/>
  <count value="2"/>
  <concept>
    <code value="C"/>
    <display value="Checked"/>
  </concept>
  <concept>
    <code value="UC"/>
    <display value="Unchecked"/>
  </concept>
</CodeSystem>