<?xml version="1.0" encoding="UTF-8"?>

<CodeSystem xmlns="http://hl7.org/fhir">
  <id value="seasonal-allergies"/>
  <text>
    <status value="generated"/><div xmlns="http://www.w3.org/1999/xhtml"><p>This case-sensitive code system <code>https://voicecollab.ai/fhir/CodeSystem/seasonal-allergies</code> defines the following codes:</p><table class="codes"><tr><td style="white-space:nowrap"><b>Code</b></td><td><b>Display</b></td></tr><tr><td style="white-space:nowrap">1<a name="seasonal-allergies-1"> </a></td><td>Nasal Congestion</td></tr><tr><td style="white-space:nowrap">2<a name="seasonal-allergies-2"> </a></td><td>Cough</td></tr><tr><td style="white-space:nowrap">3<a name="seasonal-allergies-3"> </a></td><td>Shortness of Breath</td></tr><tr><td style="white-space:nowrap">4<a name="seasonal-allergies-4"> </a></td><td>Sore Throat</td></tr><tr><td style="white-space:nowrap">5<a name="seasonal-allergies-5"> </a></td><td>Other</td></tr></table></div>
  </text>
  <url value="https://voicecollab.ai/fhir/CodeSystem/seasonal-allergies"/>
  <version value="1.5.1"/>
  <name value="SeasonalAlergies"/>
  <title value="Codes for Confounders Season Allergies"/>
  <status value="active"/>
  <date value="2023-09-06"/>
  <publisher value="KinD Lab"/>
  <contact>
    <name value="KinD Lab"/>
    <telecom>
      <system value="url"/>
      <value value="http://fhir.kindlab.sickkids.ca"/>
    </telecom>
  </contact>
  <description value="This code system is designed for confounders questionnaire."/>
  <caseSensitive value="true"/>
  <content value="complete"/>
  <count value="5"/>
  <concept>
    <code value="1"/>
    <display value="Nasal Congestion"/>
  </concept>
  <concept>
    <code value="2"/>
    <display value="Cough"/>
  </concept>
  <concept>
    <code value="3"/>
    <display value="Shortness of Breath"/>
  </concept>
  <concept>
    <code value="4"/>
    <display value="Sore Throat"/>
  </concept>
  <concept>
    <code value="5"/>
    <display value="Other"/>
  </concept>
</CodeSystem>