<?xml version="1.0" encoding="UTF-8"?>

<CodeSystem xmlns="http://hl7.org/fhir">
  <id value="ent-history"/>
  <text>
    <status value="generated"/><div xmlns="http://www.w3.org/1999/xhtml"><p>This case-sensitive code system <code>https://voicecollab.ai/fhir/CodeSystem/ent-history</code> defines the following codes:</p><table class="codes"><tr><td style="white-space:nowrap"><b>Code</b></td><td><b>Display</b></td></tr><tr><td style="white-space:nowrap">CEI<a name="ent-history-CEI"> </a></td><td>Chronic ear infection</td></tr><tr><td style="white-space:nowrap">CR<a name="ent-history-CR"> </a></td><td>Chronic rhinosinusitis</td></tr><tr><td style="white-space:nowrap">CI<a name="ent-history-CI"> </a></td><td>Cochlear implant</td></tr><tr><td style="white-space:nowrap">CT<a name="ent-history-CT"> </a></td><td>Cancer: throat</td></tr><tr><td style="white-space:nowrap">DY<a name="ent-history-DY"> </a></td><td>Dysphagia (difficulty swallowing)</td></tr><tr><td style="white-space:nowrap">FS<a name="ent-history-FS"> </a></td><td>Frequent sinusitis</td></tr><tr><td style="white-space:nowrap">HL<a name="ent-history-HL"> </a></td><td>Hearing loss</td></tr><tr><td style="white-space:nowrap">M<a name="ent-history-M"> </a></td><td>Migraine</td></tr><tr><td style="white-space:nowrap">PCL<a name="ent-history-PCL"> </a></td><td>Pre-cancerous lesion (e.g., laryngeal leukoplakia or keratosis)</td></tr><tr><td style="white-space:nowrap">RAH<a name="ent-history-RAH"> </a></td><td>Radiation around head, neck, or ears</td></tr><tr><td style="white-space:nowrap">R<a name="ent-history-R"> </a></td><td>Reflux (heartburn)</td></tr><tr><td style="white-space:nowrap">RE<a name="ent-history-RE"> </a></td><td>Reinke's edema, polypoid corditis, or smoker's larynx</td></tr><tr><td style="white-space:nowrap">SA<a name="ent-history-SA"> </a></td><td>Seasonal allergies</td></tr><tr><td style="white-space:nowrap">SS<a name="ent-history-SS"> </a></td><td>Sjogren's syndrome</td></tr><tr><td style="white-space:nowrap">TD<a name="ent-history-TD"> </a></td><td>Thyroid disease</td></tr><tr><td style="white-space:nowrap">VI<a name="ent-history-VI"> </a></td><td>Velopharyngeal insufficiency</td></tr><tr><td style="white-space:nowrap">VFP<a name="ent-history-VFP"> </a></td><td>Vocal fold polyp, nodule, or cyst</td></tr><tr><td style="white-space:nowrap">VH<a name="ent-history-VH"> </a></td><td>Vocal hemorrhage or bleed</td></tr><tr><td style="white-space:nowrap">VTD<a name="ent-history-VTD"> </a></td><td>Voice/throat disorder</td></tr><tr><td style="white-space:nowrap">CES<a name="ent-history-CES"> </a></td><td>Chronic ear surgery (e.g. mastoid)</td></tr><tr><td style="white-space:nowrap">ET<a name="ent-history-ET"> </a></td><td>Ear tubes</td></tr><tr><td style="white-space:nowrap">SINS<a name="ent-history-SINS"> </a></td><td>Sinus Surgery</td></tr><tr><td style="white-space:nowrap">SR<a name="ent-history-SR"> </a></td><td>Septoplasty/Rhinoplasty</td></tr><tr><td style="white-space:nowrap">SLS<a name="ent-history-SLS"> </a></td><td>Sleep surgery</td></tr><tr><td style="white-space:nowrap">TS<a name="ent-history-TS"> </a></td><td>Throat surgery</td></tr><tr><td style="white-space:nowrap">THS<a name="ent-history-THS"> </a></td><td>Thyroid surgery</td></tr><tr><td style="white-space:nowrap">TA<a name="ent-history-TA"> </a></td><td>Tonsillectomy/Adenoidectomy</td></tr><tr><td style="white-space:nowrap">DP<a name="ent-history-DP"> </a></td><td>Dental problem</td></tr><tr><td style="white-space:nowrap">ED<a name="ent-history-ED"> </a></td><td>Ear discharge</td></tr><tr><td style="white-space:nowrap">EP<a name="ent-history-EP"> </a></td><td>Ear pain</td></tr><tr><td style="white-space:nowrap">NC<a name="ent-history-NC"> </a></td><td>Nasal Congestion/runny nose</td></tr><tr><td style="white-space:nowrap">NB<a name="ent-history-NB"> </a></td><td>Nosebleeds</td></tr><tr><td style="white-space:nowrap">PWT<a name="ent-history-PWT"> </a></td><td>Pain while talking or singing</td></tr><tr><td style="white-space:nowrap">PND<a name="ent-history-PND"> </a></td><td>Post-nasal drip</td></tr><tr><td style="white-space:nowrap">SP<a name="ent-history-SP"> </a></td><td>Sinus pressure</td></tr><tr><td style="white-space:nowrap">ST<a name="ent-history-ST"> </a></td><td>Sore Throat</td></tr><tr><td style="white-space:nowrap">T<a name="ent-history-T"> </a></td><td>Tinnitus</td></tr><tr><td style="white-space:nowrap">TVT<a name="ent-history-TVT"> </a></td><td>Tremors: vocal tremors</td></tr><tr><td style="white-space:nowrap">VC<a name="ent-history-VC"> </a></td><td>Voice change</td></tr><tr><td style="white-space:nowrap">A<a name="ent-history-A"> </a></td><td>Asmtha</td></tr><tr><td style="white-space:nowrap">COPD<a name="ent-history-COPD"> </a></td><td>Chronic Obstructive Pulmonary Disease (COPD)</td></tr><tr><td style="white-space:nowrap">CC<a name="ent-history-CC"> </a></td><td>Chronic cough</td></tr><tr><td style="white-space:nowrap">NBRE<a name="ent-history-NBRE"> </a></td><td>Noisy breathing</td></tr><tr><td style="white-space:nowrap">SOB<a name="ent-history-SOB"> </a></td><td>Shortness of breath</td></tr><tr><td style="white-space:nowrap">CA<a name="ent-history-CA"> </a></td><td>Craniofacial abnormalities</td></tr><tr><td style="white-space:nowrap">CUA<a name="ent-history-CUA"> </a></td><td>Cushingoid appearance</td></tr><tr><td style="white-space:nowrap">CWD<a name="ent-history-CWD"> </a></td><td>Chest wall deformities (scars, deformities)</td></tr><tr><td style="white-space:nowrap">APR<a name="ent-history-APR"> </a></td><td>Apraxia</td></tr><tr><td style="white-space:nowrap">CRA<a name="ent-history-CRA"> </a></td><td>Craniofacial abnormalities</td></tr><tr><td style="white-space:nowrap">DYS<a name="ent-history-DYS"> </a></td><td>Dysarthria</td></tr><tr><td style="white-space:nowrap">HOAR<a name="ent-history-HOAR"> </a></td><td>Hoarseness </td></tr><tr><td style="white-space:nowrap">L<a name="ent-history-L"> </a></td><td>Lisping</td></tr><tr><td style="white-space:nowrap">SD<a name="ent-history-SD"> </a></td><td>Spasmodic Dysphonia</td></tr><tr><td style="white-space:nowrap">STU<a name="ent-history-STU"> </a></td><td>Stuttering</td></tr><tr><td style="white-space:nowrap">VCPAR<a name="ent-history-VCPAR"> </a></td><td>Vocal Fold Paralysis</td></tr><tr><td style="white-space:nowrap">Apha<a name="ent-history-Apha"> </a></td><td>Aphasia</td></tr><tr><td style="white-space:nowrap">DYSL<a name="ent-history-DYSL"> </a></td><td>Dyslexia</td></tr><tr><td style="white-space:nowrap">ADHD<a name="ent-history-ADHD"> </a></td><td>ADHD</td></tr><tr><td style="white-space:nowrap">DYSC<a name="ent-history-DYSC"> </a></td><td>Dyscalculia</td></tr><tr><td style="white-space:nowrap">DYSG<a name="ent-history-DYSG"> </a></td><td>Dysgraphia</td></tr><tr><td style="white-space:nowrap">DYSP<a name="ent-history-DYSP"> </a></td><td>Dyspraxia</td></tr><tr><td style="white-space:nowrap">PNTD<a name="ent-history-PNTD"> </a></td><td>Prefer not to disclose </td></tr><tr><td style="white-space:nowrap">O<a name="ent-history-O"> </a></td><td>Other</td></tr><tr><td style="white-space:nowrap">N<a name="ent-history-N"> </a></td><td>None</td></tr></table></div>
  </text>
  <url value="https://voicecollab.ai/fhir/CodeSystem/ent-history"/>
  <version value="1.5.1"/>
  <name value="ENTHistory"/>
  <title value="Ear, Nose, and Throat (ENT) History Codes"/>
  <status value="active"/>
  <date value="2023-05-15"/>
  <publisher value="KinD Lab"/>
  <contact>
    <name value="KinD Lab"/>
    <telecom>
      <system value="url"/>
      <value value="http://fhir.kindlab.sickkids.ca"/>
    </telecom>
  </contact>
  <description value="This code system encompasses the complete set of codes used for documenting patient's ear, nose, and throat (ENT) history in questionnaires."/>
  <caseSensitive value="true"/>
  <content value="complete"/>
  <count value="64"/>
  <concept>
    <code value="CEI"/>
    <display value="Chronic ear infection"/>
  </concept>
  <concept>
    <code value="CR"/>
    <display value="Chronic rhinosinusitis"/>
  </concept>
  <concept>
    <code value="CI"/>
    <display value="Cochlear implant"/>
  </concept>
  <concept>
    <code value="CT"/>
    <display value="Cancer: throat"/>
  </concept>
  <concept>
    <code value="DY"/>
    <display value="Dysphagia (difficulty swallowing)"/>
  </concept>
  <concept>
    <code value="FS"/>
    <display value="Frequent sinusitis"/>
  </concept>
  <concept>
    <code value="HL"/>
    <display value="Hearing loss"/>
  </concept>
  <concept>
    <code value="M"/>
    <display value="Migraine"/>
  </concept>
  <concept>
    <code value="PCL"/>
    <display value="Pre-cancerous lesion (e.g., laryngeal leukoplakia or keratosis)"/>
  </concept>
  <concept>
    <code value="RAH"/>
    <display value="Radiation around head, neck, or ears"/>
  </concept>
  <concept>
    <code value="R"/>
    <display value="Reflux (heartburn)"/>
  </concept>
  <concept>
    <code value="RE"/>
    <display value="Reinke's edema, polypoid corditis, or smoker's larynx"/>
  </concept>
  <concept>
    <code value="SA"/>
    <display value="Seasonal allergies"/>
  </concept>
  <concept>
    <code value="SS"/>
    <display value="Sjogren's syndrome"/>
  </concept>
  <concept>
    <code value="TD"/>
    <display value="Thyroid disease"/>
  </concept>
  <concept>
    <code value="VI"/>
    <display value="Velopharyngeal insufficiency"/>
  </concept>
  <concept>
    <code value="VFP"/>
    <display value="Vocal fold polyp, nodule, or cyst"/>
  </concept>
  <concept>
    <code value="VH"/>
    <display value="Vocal hemorrhage or bleed"/>
  </concept>
  <concept>
    <code value="VTD"/>
    <display value="Voice/throat disorder"/>
  </concept>
  <concept>
    <code value="CES"/>
    <display value="Chronic ear surgery (e.g. mastoid)"/>
  </concept>
  <concept>
    <code value="ET"/>
    <display value="Ear tubes"/>
  </concept>
  <concept>
    <code value="SINS"/>
    <display value="Sinus Surgery"/>
  </concept>
  <concept>
    <code value="SR"/>
    <display value="Septoplasty/Rhinoplasty"/>
  </concept>
  <concept>
    <code value="SLS"/>
    <display value="Sleep surgery"/>
  </concept>
  <concept>
    <code value="TS"/>
    <display value="Throat surgery"/>
  </concept>
  <concept>
    <code value="THS"/>
    <display value="Thyroid surgery"/>
  </concept>
  <concept>
    <code value="TA"/>
    <display value="Tonsillectomy/Adenoidectomy"/>
  </concept>
  <concept>
    <code value="DP"/>
    <display value="Dental problem"/>
  </concept>
  <concept>
    <code value="ED"/>
    <display value="Ear discharge"/>
  </concept>
  <concept>
    <code value="EP"/>
    <display value="Ear pain"/>
  </concept>
  <concept>
    <code value="NC"/>
    <display value="Nasal Congestion/runny nose"/>
  </concept>
  <concept>
    <code value="NB"/>
    <display value="Nosebleeds"/>
  </concept>
  <concept>
    <code value="PWT"/>
    <display value="Pain while talking or singing"/>
  </concept>
  <concept>
    <code value="PND"/>
    <display value="Post-nasal drip"/>
  </concept>
  <concept>
    <code value="SP"/>
    <display value="Sinus pressure"/>
  </concept>
  <concept>
    <code value="ST"/>
    <display value="Sore Throat"/>
  </concept>
  <concept>
    <code value="T"/>
    <display value="Tinnitus"/>
  </concept>
  <concept>
    <code value="TVT"/>
    <display value="Tremors: vocal tremors"/>
  </concept>
  <concept>
    <code value="VC"/>
    <display value="Voice change"/>
  </concept>
  <concept>
    <code value="A"/>
    <display value="Asmtha"/>
  </concept>
  <concept>
    <code value="COPD"/>
    <display value="Chronic Obstructive Pulmonary Disease (COPD)"/>
  </concept>
  <concept>
    <code value="CC"/>
    <display value="Chronic cough"/>
  </concept>
  <concept>
    <code value="NBRE"/>
    <display value="Noisy breathing"/>
  </concept>
  <concept>
    <code value="SOB"/>
    <display value="Shortness of breath"/>
  </concept>
  <concept>
    <code value="CA"/>
    <display value="Craniofacial abnormalities"/>
  </concept>
  <concept>
    <code value="CUA"/>
    <display value="Cushingoid appearance"/>
  </concept>
  <concept>
    <code value="CWD"/>
    <display value="Chest wall deformities (scars, deformities)"/>
  </concept>
  <concept>
    <code value="APR"/>
    <display value="Apraxia"/>
  </concept>
  <concept>
    <code value="CRA"/>
    <display value="Craniofacial abnormalities"/>
  </concept>
  <concept>
    <code value="DYS"/>
    <display value="Dysarthria"/>
  </concept>
  <concept>
    <code value="HOAR"/>
    <display value="Hoarseness "/>
  </concept>
  <concept>
    <code value="L"/>
    <display value="Lisping"/>
  </concept>
  <concept>
    <code value="SD"/>
    <display value="Spasmodic Dysphonia"/>
  </concept>
  <concept>
    <code value="STU"/>
    <display value="Stuttering"/>
  </concept>
  <concept>
    <code value="VCPAR"/>
    <display value="Vocal Fold Paralysis"/>
  </concept>
  <concept>
    <code value="Apha"/>
    <display value="Aphasia"/>
  </concept>
  <concept>
    <code value="DYSL"/>
    <display value="Dyslexia"/>
  </concept>
  <concept>
    <code value="ADHD"/>
    <display value="ADHD"/>
  </concept>
  <concept>
    <code value="DYSC"/>
    <display value="Dyscalculia"/>
  </concept>
  <concept>
    <code value="DYSG"/>
    <display value="Dysgraphia"/>
  </concept>
  <concept>
    <code value="DYSP"/>
    <display value="Dyspraxia"/>
  </concept>
  <concept>
    <code value="PNTD"/>
    <display value="Prefer not to disclose "/>
  </concept>
  <concept>
    <code value="O"/>
    <display value="Other"/>
  </concept>
  <concept>
    <code value="N"/>
    <display value="None"/>
  </concept>
</CodeSystem>