<?xml version="1.0" encoding="UTF-8"?>

<CodeSystem xmlns="http://hl7.org/fhir">
  <id value="winograd-q5"/>
  <text>
    <status value="generated"/><div xmlns="http://www.w3.org/1999/xhtml"><p>This case-sensitive code system <code>https://voicecollab.ai/fhir/CodeSystem/winograd-q5</code> defines the following codes:</p><table class="codes"><tr><td style="white-space:nowrap"><b>Code</b></td><td><b>Display</b></td></tr><tr><td style="white-space:nowrap">B<a name="winograd-q5-B"> </a></td><td>The Bus</td></tr><tr><td style="white-space:nowrap">T<a name="winograd-q5-T"> </a></td><td>The Truck</td></tr></table></div>
  </text>
  <url value="https://voicecollab.ai/fhir/CodeSystem/winograd-q5"/>
  <version value="1.5.1"/>
  <name value="WinogradQ5"/>
  <title value="Questionnaire codes for Winograd schema Question 5"/>
  <status value="active"/>
  <date value="2023-08-04"/>
  <publisher value="KinD Lab"/>
  <contact>
    <name value="KinD Lab"/>
    <telecom>
      <system value="url"/>
      <value value="http://fhir.kindlab.sickkids.ca"/>
    </telecom>
  </contact>
  <description value="The codes required for Winograd Questionnaires Question 5"/>
  <caseSensitive value="true"/>
  <content value="complete"/>
  <count value="2"/>
  <concept>
    <code value="B"/>
    <display value="The Bus"/>
  </concept>
  <concept>
    <code value="T"/>
    <display value="The Truck"/>
  </concept>
</CodeSystem>