<?xml version="1.0" encoding="UTF-8"?>

<CodeSystem xmlns="http://hl7.org/fhir">
  <id value="medication"/>
  <text>
    <status value="generated"/><div xmlns="http://www.w3.org/1999/xhtml"><p>This case-sensitive code system <code>https://voicecollab.ai/fhir/CodeSystem/medication</code> defines the following codes:</p><table class="codes"><tr><td style="white-space:nowrap"><b>Code</b></td><td><b>Display</b></td></tr><tr><td style="white-space:nowrap">AB<a name="medication-AB"> </a></td><td>Antibiotics</td></tr><tr><td style="white-space:nowrap">AH<a name="medication-AH"> </a></td><td>Antihistamines</td></tr><tr><td style="white-space:nowrap">C<a name="medication-C"> </a></td><td>Cocaine use</td></tr><tr><td style="white-space:nowrap">D<a name="medication-D"> </a></td><td>Diuretics</td></tr><tr><td style="white-space:nowrap">H<a name="medication-H"> </a></td><td>Hormone use - oral contraceptives</td></tr><tr><td style="white-space:nowrap">ICA<a name="medication-ICA"> </a></td><td>Inhaled corticosteroids for asthma</td></tr><tr><td style="white-space:nowrap">PK<a name="medication-PK"> </a></td><td>Pain medications</td></tr><tr><td style="white-space:nowrap">P<a name="medication-P"> </a></td><td>Psychotropic medications</td></tr><tr><td style="white-space:nowrap">TA<a name="medication-TA"> </a></td><td>Tricyclic antidepressants</td></tr><tr><td style="white-space:nowrap">V<a name="medication-V"> </a></td><td>Vitamins</td></tr><tr><td style="white-space:nowrap">O<a name="medication-O"> </a></td><td>Other</td></tr></table></div>
  </text>
  <url value="https://voicecollab.ai/fhir/CodeSystem/medication"/>
  <version value="1.5.1"/>
  <name value="Medication"/>
  <title value="Comprehensive Medication Code System"/>
  <status value="active"/>
  <date value="2023-05-15"/>
  <publisher value="KinD Lab"/>
  <contact>
    <name value="KinD Lab"/>
    <telecom>
      <system value="url"/>
      <value value="http://fhir.kindlab.sickkids.ca"/>
    </telecom>
  </contact>
  <description value="This code system encompasses a broad range of medications used in questionnaires, including antibiotics, antihistamines, cocaine, diuretics, hormones, inhaled corticosteroids for asthma, pain medications, psychotropic medications, tricyclic antidepressants, vitamins, and others."/>
  <caseSensitive value="true"/>
  <content value="complete"/>
  <count value="11"/>
  <concept>
    <code value="AB"/>
    <display value="Antibiotics"/>
  </concept>
  <concept>
    <code value="AH"/>
    <display value="Antihistamines"/>
  </concept>
  <concept>
    <code value="C"/>
    <display value="Cocaine use"/>
  </concept>
  <concept>
    <code value="D"/>
    <display value="Diuretics"/>
  </concept>
  <concept>
    <code value="H"/>
    <display value="Hormone use - oral contraceptives"/>
  </concept>
  <concept>
    <code value="ICA"/>
    <display value="Inhaled corticosteroids for asthma"/>
  </concept>
  <concept>
    <code value="PK"/>
    <display value="Pain medications"/>
  </concept>
  <concept>
    <code value="P"/>
    <display value="Psychotropic medications"/>
  </concept>
  <concept>
    <code value="TA"/>
    <display value="Tricyclic antidepressants"/>
  </concept>
  <concept>
    <code value="V"/>
    <display value="Vitamins"/>
  </concept>
  <concept>
    <code value="O"/>
    <display value="Other"/>
  </concept>
</CodeSystem>