<?xml version="1.0" encoding="UTF-8"?>

<CodeSystem xmlns="http://hl7.org/fhir">
  <id value="adhd"/>
  <text>
    <status value="generated"/><div xmlns="http://www.w3.org/1999/xhtml"><p>This case-sensitive code system <code>https://voicecollab.ai/fhir/CodeSystem/adhd</code> defines the following codes:</p><table class="codes"><tr><td style="white-space:nowrap"><b>Code</b></td><td><b>Display</b></td></tr><tr><td style="white-space:nowrap">1<a name="adhd-1"> </a></td><td>Never</td></tr><tr><td style="white-space:nowrap">2<a name="adhd-2"> </a></td><td>Rarely</td></tr><tr><td style="white-space:nowrap">3<a name="adhd-3"> </a></td><td>Sometimes</td></tr><tr><td style="white-space:nowrap">4<a name="adhd-4"> </a></td><td>Often</td></tr><tr><td style="white-space:nowrap">5<a name="adhd-5"> </a></td><td>Very Often</td></tr></table></div>
  </text>
  <url value="https://voicecollab.ai/fhir/CodeSystem/adhd"/>
  <version value="1.5.1"/>
  <name value="ADHD"/>
  <title value="adhd"/>
  <status value="active"/>
  <date value="2023-06-19"/>
  <publisher value="KinD Lab"/>
  <contact>
    <name value="KinD Lab"/>
    <telecom>
      <system value="url"/>
      <value value="http://fhir.kindlab.sickkids.ca"/>
    </telecom>
  </contact>
  <description value="The codes required for adhd questionnaire"/>
  <caseSensitive value="true"/>
  <content value="complete"/>
  <count value="5"/>
  <concept>
    <code value="1"/>
    <display value="Never"/>
  </concept>
  <concept>
    <code value="2"/>
    <display value="Rarely"/>
  </concept>
  <concept>
    <code value="3"/>
    <display value="Sometimes"/>
  </concept>
  <concept>
    <code value="4"/>
    <display value="Often"/>
  </concept>
  <concept>
    <code value="5"/>
    <display value="Very Often"/>
  </concept>
</CodeSystem>