<?xml version="1.0" encoding="UTF-8"?>

<CodeSystem xmlns="http://hl7.org/fhir">
  <id value="vocal-profession"/>
  <text>
    <status value="generated"/><div xmlns="http://www.w3.org/1999/xhtml"><p>This case-sensitive code system <code>https://voicecollab.ai/fhir/CodeSystem/vocal-profession</code> defines the following codes:</p><table class="codes"><tr><td style="white-space:nowrap"><b>Code</b></td><td><b>Display</b></td></tr><tr><td style="white-space:nowrap">B<a name="vocal-profession-B"> </a></td><td>Bartender</td></tr><tr><td style="white-space:nowrap">WR<a name="vocal-profession-WR"> </a></td><td>Waiter, receptionist</td></tr><tr><td style="white-space:nowrap">S<a name="vocal-profession-S"> </a></td><td>Speaking (secretary, call center, attorney, salesperson)</td></tr><tr><td style="white-space:nowrap">K<a name="vocal-profession-K"> </a></td><td>K-12 Teacher </td></tr><tr><td style="white-space:nowrap">SI<a name="vocal-profession-SI"> </a></td><td>Singer</td></tr><tr><td style="white-space:nowrap">C<a name="vocal-profession-C"> </a></td><td>Chearleading</td></tr><tr><td style="white-space:nowrap">N<a name="vocal-profession-N"> </a></td><td>None</td></tr><tr><td style="white-space:nowrap">O<a name="vocal-profession-O"> </a></td><td>Other, Please Specify</td></tr></table></div>
  </text>
  <url value="https://voicecollab.ai/fhir/CodeSystem/vocal-profession"/>
  <version value="1.5.1"/>
  <name value="VocalProfessionCodes"/>
  <title value="Vocal Profession Codes"/>
  <status value="active"/>
  <date value="2023-05-15"/>
  <publisher value="KinD Lab"/>
  <contact>
    <name value="KinD Lab"/>
    <telecom>
      <system value="url"/>
      <value value="http://fhir.kindlab.sickkids.ca"/>
    </telecom>
  </contact>
  <description value="A comprehensive set of codes representing various professions that involve significant vocal activity."/>
  <caseSensitive value="true"/>
  <content value="complete"/>
  <count value="8"/>
  <concept>
    <code value="B"/>
    <display value="Bartender"/>
  </concept>
  <concept>
    <code value="WR"/>
    <display value="Waiter, receptionist"/>
  </concept>
  <concept>
    <code value="S"/>
    <display value="Speaking (secretary, call center, attorney, salesperson)"/>
  </concept>
  <concept>
    <code value="K"/>
    <display value="K-12 Teacher "/>
  </concept>
  <concept>
    <code value="SI"/>
    <display value="Singer"/>
  </concept>
  <concept>
    <code value="C"/>
    <display value="Chearleading"/>
  </concept>
  <concept>
    <code value="N"/>
    <display value="None"/>
  </concept>
  <concept>
    <code value="O"/>
    <display value="Other, Please Specify"/>
  </concept>
</CodeSystem>