<?xml version="1.0" encoding="UTF-8"?>

<CodeSystem xmlns="http://hl7.org/fhir">
  <id value="urge-to-cough"/>
  <text>
    <status value="generated"/><div xmlns="http://www.w3.org/1999/xhtml"><p>This case-sensitive code system <code>https://voicecollab.ai/fhir/CodeSystem/urge-to-cough</code> defines the following codes:</p><table class="codes"><tr><td style="white-space:nowrap"><b>Code</b></td><td><b>Display</b></td></tr><tr><td style="white-space:nowrap">1<a name="urge-to-cough-1"> </a></td><td>No need to cough</td></tr><tr><td style="white-space:nowrap">1.5<a name="urge-to-cough-1.465"> </a></td><td>Just noticeable urge to cough</td></tr><tr><td style="white-space:nowrap">2<a name="urge-to-cough-2"> </a></td><td>Slight urge to cough</td></tr><tr><td style="white-space:nowrap">3<a name="urge-to-cough-3"> </a></td><td>Slight-to-moderate urge to cough</td></tr><tr><td style="white-space:nowrap">4<a name="urge-to-cough-4"> </a></td><td>Moderate urge to cough</td></tr><tr><td style="white-space:nowrap">5<a name="urge-to-cough-5"> </a></td><td>Moderate-to-strong urge to cough</td></tr><tr><td style="white-space:nowrap">6<a name="urge-to-cough-6"> </a></td><td>Strong urge to cough</td></tr><tr><td style="white-space:nowrap">7<a name="urge-to-cough-7"> </a></td><td>Strong-to-severe urge to cough</td></tr><tr><td style="white-space:nowrap">8<a name="urge-to-cough-8"> </a></td><td>Severe urge to cough</td></tr><tr><td style="white-space:nowrap">9<a name="urge-to-cough-9"> </a></td><td>Severe-to-maximum urge to cough</td></tr><tr><td style="white-space:nowrap">10<a name="urge-to-cough-10"> </a></td><td>Maximum urge to cough</td></tr></table></div>
  </text>
  <url value="https://voicecollab.ai/fhir/CodeSystem/urge-to-cough"/>
  <version value="1.5.1"/>
  <name value="UrgeToCough"/>
  <title value="Codes for Urge to Cough"/>
  <status value="active"/>
  <date value="2023-10-02"/>
  <publisher value="KinD Lab"/>
  <contact>
    <name value="KinD Lab"/>
    <telecom>
      <system value="url"/>
      <value value="http://fhir.kindlab.sickkids.ca"/>
    </telecom>
  </contact>
  <description value="This code system is designed for urge to cough questionnaire."/>
  <caseSensitive value="true"/>
  <content value="complete"/>
  <count value="11"/>
  <concept>
    <code value="1"/>
    <display value="No need to cough"/>
  </concept>
  <concept>
    <code value="1.5"/>
    <display value="Just noticeable urge to cough"/>
  </concept>
  <concept>
    <code value="2"/>
    <display value="Slight urge to cough"/>
  </concept>
  <concept>
    <code value="3"/>
    <display value="Slight-to-moderate urge to cough"/>
  </concept>
  <concept>
    <code value="4"/>
    <display value="Moderate urge to cough"/>
  </concept>
  <concept>
    <code value="5"/>
    <display value="Moderate-to-strong urge to cough"/>
  </concept>
  <concept>
    <code value="6"/>
    <display value="Strong urge to cough"/>
  </concept>
  <concept>
    <code value="7"/>
    <display value="Strong-to-severe urge to cough"/>
  </concept>
  <concept>
    <code value="8"/>
    <display value="Severe urge to cough"/>
  </concept>
  <concept>
    <code value="9"/>
    <display value="Severe-to-maximum urge to cough"/>
  </concept>
  <concept>
    <code value="10"/>
    <display value="Maximum urge to cough"/>
  </concept>
</CodeSystem>