<?xml version="1.0" encoding="UTF-8"?>

<CodeSystem xmlns="http://hl7.org/fhir">
  <id value="enroll"/>
  <text>
    <status value="generated"/><div xmlns="http://www.w3.org/1999/xhtml"><p>This case-sensitive code system <code>https://voicecollab.ai/fhir/CodeSystem/enroll</code> defines the following codes:</p><table class="codes"><tr><td style="white-space:nowrap"><b>Code</b></td><td><b>Display</b></td></tr><tr><td style="white-space:nowrap">E<a name="enroll-E"> </a></td><td>Enroll</td></tr><tr><td style="white-space:nowrap">D<a name="enroll-D"> </a></td><td>Decline</td></tr></table></div>
  </text>
  <url value="https://voicecollab.ai/fhir/CodeSystem/enroll"/>
  <version value="1.5.1"/>
  <name value="Enroll"/>
  <title value="Eligibility Status Codes for Study Enrollment"/>
  <status value="active"/>
  <date value="2023-06-07"/>
  <publisher value="KinD Lab"/>
  <contact>
    <name value="KinD Lab"/>
    <telecom>
      <system value="url"/>
      <value value="http://fhir.kindlab.sickkids.ca"/>
    </telecom>
  </contact>
  <description value="This code system defines the possible status codes for study enrollment eligibility in a questionnaire."/>
  <caseSensitive value="true"/>
  <content value="complete"/>
  <count value="2"/>
  <concept>
    <code value="E"/>
    <display value="Enroll"/>
  </concept>
  <concept>
    <code value="D"/>
    <display value="Decline"/>
  </concept>
</CodeSystem>