<?xml version="1.0" encoding="UTF-8"?>

<CodeSystem xmlns="http://hl7.org/fhir">
  <id value="surgery-sub-category"/>
  <text>
    <status value="generated"/><div xmlns="http://www.w3.org/1999/xhtml"><p>This case-sensitive code system <code>https://voicecollab.ai/fhir/CodeSystem/surgery-sub-category</code> defines the following codes:</p><table class="codes"><tr><td style="white-space:nowrap"><b>Code</b></td><td><b>Display</b></td></tr><tr><td style="white-space:nowrap">1<a name="surgery-sub-category-1"> </a></td><td>Thyroplasty</td></tr><tr><td style="white-space:nowrap">2<a name="surgery-sub-category-2"> </a></td><td>Vocal fold injection augmentation</td></tr></table></div>
  </text>
  <url value="https://voicecollab.ai/fhir/CodeSystem/surgery-sub-category"/>
  <version value="1.5.1"/>
  <name value="SurgerySubCategory"/>
  <title value="surgery sub-category"/>
  <status value="active"/>
  <date value="2023-06-19"/>
  <publisher value="KinD Lab"/>
  <contact>
    <name value="KinD Lab"/>
    <telecom>
      <system value="url"/>
      <value value="http://fhir.kindlab.sickkids.ca"/>
    </telecom>
  </contact>
  <description value="The codes required for Diagnosis questionnaire"/>
  <caseSensitive value="true"/>
  <content value="complete"/>
  <count value="2"/>
  <concept>
    <code value="1"/>
    <display value="Thyroplasty"/>
  </concept>
  <concept>
    <code value="2"/>
    <display value="Vocal fold injection augmentation"/>
  </concept>
</CodeSystem>