<?xml version="1.0" encoding="UTF-8"?>

<CodeSystem xmlns="http://hl7.org/fhir">
  <id value="child-education"/>
  <text>
    <status value="generated"/><div xmlns="http://www.w3.org/1999/xhtml"><p>This case-sensitive code system <code>https://voicecollab.ai/fhir/CodeSystem/child-education</code> defines the following codes:</p><table class="codes"><tr><td style="white-space:nowrap"><b>Code</b></td><td><b>Display</b></td><td><b>Definition</b></td></tr><tr><td style="white-space:nowrap">NFE<a name="child-education-NFE"> </a></td><td>No Formal Education</td><td>The child has not received any formal education.</td></tr><tr><td style="white-space:nowrap">PS<a name="child-education-PS"> </a></td><td>Pre-school</td><td>The child's highest level of education is pre-school.</td></tr><tr><td style="white-space:nowrap">K<a name="child-education-K"> </a></td><td>Kindergarten</td><td>The child's highest level of education is kindergarten.</td></tr><tr><td style="white-space:nowrap">SE<a name="child-education-SE"> </a></td><td>Some elementary school education</td><td>The child has some elementary school education.</td></tr><tr><td style="white-space:nowrap">G1<a name="child-education-G1"> </a></td><td>Grade 1</td><td>The child's highest level of education is Grade 1.</td></tr><tr><td style="white-space:nowrap">G2<a name="child-education-G2"> </a></td><td>Grade 2</td><td>The child's highest level of education is Grade 2.</td></tr><tr><td style="white-space:nowrap">G3<a name="child-education-G3"> </a></td><td>Grade 3</td><td>The child's highest level of education is Grade 3.</td></tr><tr><td style="white-space:nowrap">G4<a name="child-education-G4"> </a></td><td>Grade 4</td><td>The child's highest level of education is Grade 4.</td></tr><tr><td style="white-space:nowrap">G5<a name="child-education-G5"> </a></td><td>Grade 5</td><td>The child's highest level of education is Grade 5.</td></tr><tr><td style="white-space:nowrap">G6<a name="child-education-G6"> </a></td><td>Grade 6</td><td>The child's highest level of education is Grade 6.</td></tr><tr><td style="white-space:nowrap">G7<a name="child-education-G7"> </a></td><td>Grade 7</td><td>The child's highest level of education is Grade 7.</td></tr><tr><td style="white-space:nowrap">G8<a name="child-education-G8"> </a></td><td>Grade 8</td><td>The child's highest level of education is Grade 8.</td></tr><tr><td style="white-space:nowrap">G9<a name="child-education-G9"> </a></td><td>Grade 9</td><td>The child's highest level of education is Grade 9.</td></tr><tr><td style="white-space:nowrap">G10<a name="child-education-G10"> </a></td><td>Grade 10</td><td>The child's highest level of education is Grade 10.</td></tr><tr><td style="white-space:nowrap">G11<a name="child-education-G11"> </a></td><td>Grade 11</td><td>The child's highest level of education is Grade 11.</td></tr><tr><td style="white-space:nowrap">G12<a name="child-education-G12"> </a></td><td>Grade 12</td><td>The child's highest level of education is Grade 12.</td></tr></table></div>
  </text>
  <url value="https://voicecollab.ai/fhir/CodeSystem/child-education"/>
  <version value="1.5.1"/>
  <name value="ChildEducation"/>
  <title value="Child Education Level Code System"/>
  <status value="active"/>
  <date value="2023-05-11"/>
  <publisher value="KinD Lab"/>
  <contact>
    <name value="KinD Lab"/>
    <telecom>
      <system value="url"/>
      <value value="http://fhir.kindlab.sickkids.ca"/>
    </telecom>
  </contact>
  <description value="A comprehensive code system for identifying the highest level of education attained by a child, used in questionnaire contexts."/>
  <caseSensitive value="true"/>
  <content value="complete"/>
  <count value="16"/>
  <concept>
    <code value="NFE"/>
    <display value="No Formal Education"/>
    <definition value="The child has not received any formal education."/>
  </concept>
  <concept>
    <code value="PS"/>
    <display value="Pre-school"/>
    <definition value="The child's highest level of education is pre-school."/>
  </concept>
  <concept>
    <code value="K"/>
    <display value="Kindergarten"/>
    <definition value="The child's highest level of education is kindergarten."/>
  </concept>
  <concept>
    <code value="SE"/>
    <display value="Some elementary school education"/>
    <definition value="The child has some elementary school education."/>
  </concept>
  <concept>
    <code value="G1"/>
    <display value="Grade 1"/>
    <definition value="The child's highest level of education is Grade 1."/>
  </concept>
  <concept>
    <code value="G2"/>
    <display value="Grade 2"/>
    <definition value="The child's highest level of education is Grade 2."/>
  </concept>
  <concept>
    <code value="G3"/>
    <display value="Grade 3"/>
    <definition value="The child's highest level of education is Grade 3."/>
  </concept>
  <concept>
    <code value="G4"/>
    <display value="Grade 4"/>
    <definition value="The child's highest level of education is Grade 4."/>
  </concept>
  <concept>
    <code value="G5"/>
    <display value="Grade 5"/>
    <definition value="The child's highest level of education is Grade 5."/>
  </concept>
  <concept>
    <code value="G6"/>
    <display value="Grade 6"/>
    <definition value="The child's highest level of education is Grade 6."/>
  </concept>
  <concept>
    <code value="G7"/>
    <display value="Grade 7"/>
    <definition value="The child's highest level of education is Grade 7."/>
  </concept>
  <concept>
    <code value="G8"/>
    <display value="Grade 8"/>
    <definition value="The child's highest level of education is Grade 8."/>
  </concept>
  <concept>
    <code value="G9"/>
    <display value="Grade 9"/>
    <definition value="The child's highest level of education is Grade 9."/>
  </concept>
  <concept>
    <code value="G10"/>
    <display value="Grade 10"/>
    <definition value="The child's highest level of education is Grade 10."/>
  </concept>
  <concept>
    <code value="G11"/>
    <display value="Grade 11"/>
    <definition value="The child's highest level of education is Grade 11."/>
  </concept>
  <concept>
    <code value="G12"/>
    <display value="Grade 12"/>
    <definition value="The child's highest level of education is Grade 12."/>
  </concept>
</CodeSystem>