<?xml version="1.0" encoding="UTF-8"?>

<CodeSystem xmlns="http://hl7.org/fhir">
  <id value="dysnpea-index"/>
  <text>
    <status value="generated"/><div xmlns="http://www.w3.org/1999/xhtml"><p>This case-sensitive code system <code>https://voicecollab.ai/fhir/CodeSystem/dysnpea-index</code> defines the following codes:</p><table class="codes"><tr><td style="white-space:nowrap"><b>Code</b></td><td><b>Display</b></td></tr><tr><td style="white-space:nowrap">0<a name="dysnpea-index-0"> </a></td><td>Never</td></tr><tr><td style="white-space:nowrap">1<a name="dysnpea-index-1"> </a></td><td>Almost Never</td></tr><tr><td style="white-space:nowrap">2<a name="dysnpea-index-2"> </a></td><td>Sometimes</td></tr><tr><td style="white-space:nowrap">3<a name="dysnpea-index-3"> </a></td><td>Almost Always</td></tr><tr><td style="white-space:nowrap">4<a name="dysnpea-index-4"> </a></td><td>Always</td></tr></table></div>
  </text>
  <url value="https://voicecollab.ai/fhir/CodeSystem/dysnpea-index"/>
  <version value="1.5.1"/>
  <name value="DysnpeaIndex"/>
  <title value="Codes for Dysnpea Index"/>
  <status value="active"/>
  <date value="2023-10-02"/>
  <publisher value="KinD Lab"/>
  <contact>
    <name value="KinD Lab"/>
    <telecom>
      <system value="url"/>
      <value value="http://fhir.kindlab.sickkids.ca"/>
    </telecom>
  </contact>
  <description value="This code system is designed for dysnpea index questionnaire."/>
  <caseSensitive value="true"/>
  <content value="complete"/>
  <count value="5"/>
  <concept>
    <code value="0"/>
    <display value="Never"/>
  </concept>
  <concept>
    <code value="1"/>
    <display value="Almost Never"/>
  </concept>
  <concept>
    <code value="2"/>
    <display value="Sometimes"/>
  </concept>
  <concept>
    <code value="3"/>
    <display value="Almost Always"/>
  </concept>
  <concept>
    <code value="4"/>
    <display value="Always"/>
  </concept>
</CodeSystem>