<?xml version="1.0" encoding="UTF-8"?>

<CodeSystem xmlns="http://hl7.org/fhir">
  <id value="recording"/>
  <text>
    <status value="generated"/><div xmlns="http://www.w3.org/1999/xhtml"><p>This case-sensitive code system <code>https://voicecollab.ai/fhir/CodeSystem/recording</code> defines the following code:</p><table class="codes"><tr><td style="white-space:nowrap"><b>Code</b></td><td><b>Display</b></td></tr><tr><td style="white-space:nowrap">V1<a name="recording-V1"> </a></td><td>v1.0.0</td></tr></table></div>
  </text>
  <url value="https://voicecollab.ai/fhir/CodeSystem/recording"/>
  <version value="1.5.1"/>
  <name value="Recording"/>
  <title value="Recording Version Codes"/>
  <status value="active"/>
  <date value="2023-06-15"/>
  <publisher value="KinD Lab"/>
  <contact>
    <name value="KinD Lab"/>
    <telecom>
      <system value="url"/>
      <value value="http://fhir.kindlab.sickkids.ca"/>
    </telecom>
  </contact>
  <description value="A comprehensive set of codes representing different versions of recordings."/>
  <caseSensitive value="true"/>
  <content value="complete"/>
  <count value="1"/>
  <concept>
    <code value="V1"/>
    <display value="v1.0.0"/>
  </concept>
</CodeSystem>