<?xml version="1.0" encoding="UTF-8"?>

<CodeSystem xmlns="http://hl7.org/fhir">
  <id value="peds-medical-history"/>
  <text>
    <status value="generated"/><div xmlns="http://www.w3.org/1999/xhtml"><p>This case-sensitive code system <code>https://voicecollab.ai/fhir/CodeSystem/peds-medical-history</code> defines the following codes:</p><table class="codes"><tr><td style="white-space:nowrap"><b>Code</b></td><td><b>Display</b></td></tr><tr><td style="white-space:nowrap">None<a name="peds-medical-history-None"> </a></td><td>None</td></tr><tr><td style="white-space:nowrap">ASD<a name="peds-medical-history-ASD"> </a></td><td>Autism Spectrum Disorder</td></tr><tr><td style="white-space:nowrap">CF<a name="peds-medical-history-CF"> </a></td><td>Cystic Fibrosis</td></tr><tr><td style="white-space:nowrap">CA<a name="peds-medical-history-CA"> </a></td><td>Craniofacial anomalies (such as cleft lip or palate)</td></tr><tr><td style="white-space:nowrap">SLD<a name="peds-medical-history-SLD"> </a></td><td>Speech and Language Delay</td></tr><tr><td style="white-space:nowrap">A<a name="peds-medical-history-A"> </a></td><td>Asthma</td></tr><tr><td style="white-space:nowrap">HL<a name="peds-medical-history-HL"> </a></td><td>Hearing Losss</td></tr><tr><td style="white-space:nowrap">RRP<a name="peds-medical-history-RRP"> </a></td><td>Recurrent laryngeal papilloma</td></tr><tr><td style="white-space:nowrap">VCD<a name="peds-medical-history-VCD"> </a></td><td>Vocal Cord Dysfunction</td></tr><tr><td style="white-space:nowrap">OSA<a name="peds-medical-history-OSA"> </a></td><td>Obstructive Sleep Apnea</td></tr><tr><td style="white-space:nowrap">SEA<a name="peds-medical-history-SEA"> </a></td><td>Seasonal or Environmental Allergies</td></tr><tr><td style="white-space:nowrap">O<a name="peds-medical-history-O"> </a></td><td>Other, Please Specify</td></tr></table></div>
  </text>
  <url value="https://voicecollab.ai/fhir/CodeSystem/peds-medical-history"/>
  <version value="1.5.1"/>
  <name value="PedsMedicalHistory"/>
  <title value="Questionnaire codes"/>
  <status value="active"/>
  <date value="2023-08-02"/>
  <publisher value="KinD Lab"/>
  <contact>
    <name value="KinD Lab"/>
    <telecom>
      <system value="url"/>
      <value value="http://fhir.kindlab.sickkids.ca"/>
    </telecom>
  </contact>
  <description value="The codes required for Questionnaires survey completion"/>
  <caseSensitive value="true"/>
  <content value="complete"/>
  <count value="12"/>
  <concept>
    <code value="None"/>
    <display value="None"/>
  </concept>
  <concept>
    <code value="ASD"/>
    <display value="Autism Spectrum Disorder"/>
  </concept>
  <concept>
    <code value="CF"/>
    <display value="Cystic Fibrosis"/>
  </concept>
  <concept>
    <code value="CA"/>
    <display value="Craniofacial anomalies (such as cleft lip or palate)"/>
  </concept>
  <concept>
    <code value="SLD"/>
    <display value="Speech and Language Delay"/>
  </concept>
  <concept>
    <code value="A"/>
    <display value="Asthma"/>
  </concept>
  <concept>
    <code value="HL"/>
    <display value="Hearing Losss"/>
  </concept>
  <concept>
    <code value="RRP"/>
    <display value="Recurrent laryngeal papilloma"/>
  </concept>
  <concept>
    <code value="VCD"/>
    <display value="Vocal Cord Dysfunction"/>
  </concept>
  <concept>
    <code value="OSA"/>
    <display value="Obstructive Sleep Apnea"/>
  </concept>
  <concept>
    <code value="SEA"/>
    <display value="Seasonal or Environmental Allergies"/>
  </concept>
  <concept>
    <code value="O"/>
    <display value="Other, Please Specify"/>
  </concept>
</CodeSystem>