<?xml version="1.0" encoding="UTF-8"?>

<CodeSystem xmlns="http://hl7.org/fhir">
  <id value="survey-options"/>
  <text>
    <status value="generated"/><div xmlns="http://www.w3.org/1999/xhtml"><p>This case-sensitive code system <code>https://voicecollab.ai/fhir/CodeSystem/survey-options</code> defines the following codes:</p><table class="codes"><tr><td style="white-space:nowrap"><b>Code</b></td><td><b>Display</b></td></tr><tr><td style="white-space:nowrap">N<a name="survey-options-N"> </a></td><td>Not at all</td></tr><tr><td style="white-space:nowrap">S<a name="survey-options-S"> </a></td><td>Several days</td></tr><tr><td style="white-space:nowrap">MH<a name="survey-options-MH"> </a></td><td>More than half the days</td></tr><tr><td style="white-space:nowrap">NE<a name="survey-options-NE"> </a></td><td>Nearly everyday</td></tr></table></div>
  </text>
  <url value="https://voicecollab.ai/fhir/CodeSystem/survey-options"/>
  <version value="1.5.1"/>
  <name value="SurveyOptions"/>
  <title value="PHQ9 and GAD7 Survey Response Codes"/>
  <status value="active"/>
  <date value="2023-05-11"/>
  <publisher value="KinD Lab"/>
  <contact>
    <name value="KinD Lab"/>
    <telecom>
      <system value="url"/>
      <value value="http://fhir.kindlab.sickkids.ca"/>
    </telecom>
  </contact>
  <description value="This code system defines the response options for PHQ9 and GAD7 questionnaires."/>
  <caseSensitive value="true"/>
  <content value="complete"/>
  <count value="4"/>
  <concept>
    <code value="N"/>
    <display value="Not at all"/>
  </concept>
  <concept>
    <code value="S"/>
    <display value="Several days"/>
  </concept>
  <concept>
    <code value="MH"/>
    <display value="More than half the days"/>
  </concept>
  <concept>
    <code value="NE"/>
    <display value="Nearly everyday"/>
  </concept>
</CodeSystem>