<?xml version="1.0" encoding="UTF-8"?>

<CodeSystem xmlns="http://hl7.org/fhir">
  <id value="alcohol-consumption-amount"/>
  <text>
    <status value="generated"/><div xmlns="http://www.w3.org/1999/xhtml"><p>This case-sensitive code system <code>https://voicecollab.ai/fhir/CodeSystem/alcohol-consumption-amount</code> defines the following codes:</p><table class="codes"><tr><td style="white-space:nowrap"><b>Code</b></td><td><b>Display</b></td></tr><tr><td style="white-space:nowrap">TF<a name="alcohol-consumption-amount-TF"> </a></td><td>3 to 4</td></tr><tr><td style="white-space:nowrap">FS<a name="alcohol-consumption-amount-FS"> </a></td><td>5 to 6</td></tr><tr><td style="white-space:nowrap">SN<a name="alcohol-consumption-amount-SN"> </a></td><td>7 to 9</td></tr><tr><td style="white-space:nowrap">TM<a name="alcohol-consumption-amount-TM"> </a></td><td>10 to more</td></tr></table></div>
  </text>
  <url value="https://voicecollab.ai/fhir/CodeSystem/alcohol-consumption-amount"/>
  <version value="1.5.1"/>
  <name value="AlcoholConsumptionAmount"/>
  <title value="Alcohol Consumption Frequency Codes"/>
  <status value="active"/>
  <date value="2023-05-15"/>
  <publisher value="KinD Lab"/>
  <contact>
    <name value="KinD Lab"/>
    <telecom>
      <system value="url"/>
      <value value="http://fhir.kindlab.sickkids.ca"/>
    </telecom>
  </contact>
  <description value="This code system defines the frequency of alcohol consumption for use in questionnaires."/>
  <caseSensitive value="true"/>
  <content value="complete"/>
  <count value="4"/>
  <concept>
    <code value="TF"/>
    <display value="3 to 4"/>
  </concept>
  <concept>
    <code value="FS"/>
    <display value="5 to 6"/>
  </concept>
  <concept>
    <code value="SN"/>
    <display value="7 to 9"/>
  </concept>
  <concept>
    <code value="TM"/>
    <display value="10 to more"/>
  </concept>
</CodeSystem>