<?xml version="1.0" encoding="UTF-8"?>

<CodeSystem xmlns="http://hl7.org/fhir">
  <id value="glottic-gap"/>
  <text>
    <status value="generated"/><div xmlns="http://www.w3.org/1999/xhtml"><p>This case-sensitive code system <code>https://voicecollab.ai/fhir/CodeSystem/glottic-gap</code> defines the following codes:</p><table class="codes"><tr><td style="white-space:nowrap"><b>Code</b></td><td><b>Display</b></td></tr><tr><td style="white-space:nowrap">1<a name="glottic-gap-1"> </a></td><td>Small</td></tr><tr><td style="white-space:nowrap">2<a name="glottic-gap-2"> </a></td><td>Moderate</td></tr><tr><td style="white-space:nowrap">3<a name="glottic-gap-3"> </a></td><td>Large</td></tr></table></div>
  </text>
  <url value="https://voicecollab.ai/fhir/CodeSystem/glottic-gap"/>
  <version value="1.5.1"/>
  <name value="GlotticGap"/>
  <title value="Tumor invading RLN "/>
  <status value="active"/>
  <date value="2023-06-19"/>
  <publisher value="KinD Lab"/>
  <contact>
    <name value="KinD Lab"/>
    <telecom>
      <system value="url"/>
      <value value="http://fhir.kindlab.sickkids.ca"/>
    </telecom>
  </contact>
  <description value="The codes required for Diagnosis questionnaire"/>
  <caseSensitive value="true"/>
  <content value="complete"/>
  <count value="3"/>
  <concept>
    <code value="1"/>
    <display value="Small"/>
  </concept>
  <concept>
    <code value="2"/>
    <display value="Moderate"/>
  </concept>
  <concept>
    <code value="3"/>
    <display value="Large"/>
  </concept>
</CodeSystem>