<?xml version="1.0" encoding="UTF-8"?>

<CodeSystem xmlns="http://hl7.org/fhir">
  <id value="education-level"/>
  <text>
    <status value="generated"/><div xmlns="http://www.w3.org/1999/xhtml"><p>This case-sensitive code system <code>https://voicecollab.ai/fhir/CodeSystem/education-level</code> defines the following codes:</p><table class="codes"><tr><td style="white-space:nowrap"><b>Code</b></td><td><b>Display</b></td><td><b>Definition</b></td></tr><tr><td style="white-space:nowrap">NFE<a name="education-level-NFE"> </a></td><td>No Formal Education</td><td>The child has not received any formal education.</td></tr><tr><td style="white-space:nowrap">P<a name="education-level-P"> </a></td><td>Prefer Not to Answer</td><td/></tr><tr><td style="white-space:nowrap">O<a name="education-level-O"> </a></td><td>Other</td><td/></tr></table></div>
  </text>
  <url value="https://voicecollab.ai/fhir/CodeSystem/education-level"/>
  <version value="1.5.1"/>
  <name value="EducationLevel"/>
  <title value="Education Level Code System"/>
  <status value="active"/>
  <date value="2023-09-01"/>
  <publisher value="KinD Lab"/>
  <contact>
    <name value="KinD Lab"/>
    <telecom>
      <system value="url"/>
      <value value="http://fhir.kindlab.sickkids.ca"/>
    </telecom>
  </contact>
  <description value="A comprehensive code system for identifying the highest level of education attained by a child, used in questionnaire contexts."/>
  <caseSensitive value="true"/>
  <content value="complete"/>
  <count value="3"/>
  <concept>
    <code value="NFE"/>
    <display value="No Formal Education"/>
    <definition value="The child has not received any formal education."/>
  </concept>
  <concept>
    <code value="P"/>
    <display value="Prefer Not to Answer"/>
  </concept>
  <concept>
    <code value="O"/>
    <display value="Other"/>
  </concept>
</CodeSystem>