<?xml version="1.0" encoding="UTF-8"?>

<CodeSystem xmlns="http://hl7.org/fhir">
  <id value="dsm5-q2"/>
  <text>
    <status value="generated"/><div xmlns="http://www.w3.org/1999/xhtml"><p>This case-sensitive code system <code>https://voicecollab.ai/fhir/CodeSystem/dsm5-q2</code> defines the following codes:</p><table class="codes"><tr><td style="white-space:nowrap"><b>Code</b></td><td><b>Display</b></td></tr><tr><td style="white-space:nowrap">1<a name="dsm5-q2-1"> </a></td><td>I do not feel more self-confident than usual.</td></tr><tr><td style="white-space:nowrap">2<a name="dsm5-q2-2"> </a></td><td>I occasionally feel more self-confident thanusual.</td></tr><tr><td style="white-space:nowrap">3<a name="dsm5-q2-3"> </a></td><td>I often feel more self-confident than usual</td></tr><tr><td style="white-space:nowrap">4<a name="dsm5-q2-4"> </a></td><td>I frequently feel more self-confident than usual.</td></tr><tr><td style="white-space:nowrap">5<a name="dsm5-q2-5"> </a></td><td>I feel extremely self-confident all of the time.</td></tr></table></div>
  </text>
  <url value="https://voicecollab.ai/fhir/CodeSystem/dsm5-q2"/>
  <version value="1.5.1"/>
  <name value="DSM5Q2"/>
  <title value="dsm5 q2"/>
  <status value="active"/>
  <date value="2023-06-21"/>
  <publisher value="KinD Lab"/>
  <contact>
    <name value="KinD Lab"/>
    <telecom>
      <system value="url"/>
      <value value="http://fhir.kindlab.sickkids.ca"/>
    </telecom>
  </contact>
  <description value="The codes required for dsm5 q2 questionnaire"/>
  <caseSensitive value="true"/>
  <content value="complete"/>
  <count value="5"/>
  <concept>
    <code value="1"/>
    <display value="I do not feel more self-confident than usual."/>
  </concept>
  <concept>
    <code value="2"/>
    <display value="I occasionally feel more self-confident thanusual."/>
  </concept>
  <concept>
    <code value="3"/>
    <display value="I often feel more self-confident than usual"/>
  </concept>
  <concept>
    <code value="4"/>
    <display value="I frequently feel more self-confident than usual."/>
  </concept>
  <concept>
    <code value="5"/>
    <display value="I feel extremely self-confident all of the time."/>
  </concept>
</CodeSystem>