<?xml version="1.0" encoding="UTF-8"?>

<CodeSystem xmlns="http://hl7.org/fhir">
  <id value="whodas"/>
  <text>
    <status value="generated"/><div xmlns="http://www.w3.org/1999/xhtml"><p>This case-sensitive code system <code>https://voicecollab.ai/fhir/CodeSystem/whodas</code> defines the following codes:</p><table class="codes"><tr><td style="white-space:nowrap"><b>Code</b></td><td><b>Display</b></td></tr><tr><td style="white-space:nowrap">N<a name="whodas-N"> </a></td><td>None</td></tr><tr><td style="white-space:nowrap">MI<a name="whodas-MI"> </a></td><td>Mild</td></tr><tr><td style="white-space:nowrap">MO<a name="whodas-MO"> </a></td><td>Moderate</td></tr><tr><td style="white-space:nowrap">S<a name="whodas-S"> </a></td><td>Severe</td></tr><tr><td style="white-space:nowrap">EC<a name="whodas-EC"> </a></td><td>Extreme or cannot do</td></tr></table></div>
  </text>
  <url value="https://voicecollab.ai/fhir/CodeSystem/whodas"/>
  <version value="1.5.1"/>
  <name value="WHODAS"/>
  <title value="WHODAS Questionnaire Code System"/>
  <status value="active"/>
  <date value="2023-05-15"/>
  <publisher value="KinD Lab"/>
  <contact>
    <name value="KinD Lab"/>
    <telecom>
      <system value="url"/>
      <value value="http://fhir.kindlab.sickkids.ca"/>
    </telecom>
  </contact>
  <description value="A comprehensive code system for categorizing responses in WHODAS Questionnaires."/>
  <caseSensitive value="true"/>
  <content value="complete"/>
  <count value="5"/>
  <concept>
    <code value="N"/>
    <display value="None"/>
  </concept>
  <concept>
    <code value="MI"/>
    <display value="Mild"/>
  </concept>
  <concept>
    <code value="MO"/>
    <display value="Moderate"/>
  </concept>
  <concept>
    <code value="S"/>
    <display value="Severe"/>
  </concept>
  <concept>
    <code value="EC"/>
    <display value="Extreme or cannot do"/>
  </concept>
</CodeSystem>