<?xml version="1.0" encoding="UTF-8"?>

<CodeSystem xmlns="http://hl7.org/fhir">
  <id value="marital-status"/>
  <text>
    <status value="generated"/><div xmlns="http://www.w3.org/1999/xhtml"><p>This case-sensitive code system <code>https://voicecollab.ai/fhir/CodeSystem/marital-status</code> defines the following codes:</p><table class="codes"><tr><td style="white-space:nowrap"><b>Code</b></td><td><b>Display</b></td></tr><tr><td style="white-space:nowrap">D<a name="marital-status-D"> </a></td><td>Divorced</td></tr><tr><td style="white-space:nowrap">RL<a name="marital-status-RL"> </a></td><td>In a relationship, not married, living with partner (Domestic Partner)</td></tr><tr><td style="white-space:nowrap">RNL<a name="marital-status-RNL"> </a></td><td>In a relationship, not married, not living with partner</td></tr><tr><td style="white-space:nowrap">M<a name="marital-status-M"> </a></td><td>Married</td></tr><tr><td style="white-space:nowrap">SD<a name="marital-status-SD"> </a></td><td>Legally Separated</td></tr><tr><td style="white-space:nowrap">S<a name="marital-status-S"> </a></td><td>Never Married</td></tr><tr><td style="white-space:nowrap">W<a name="marital-status-W"> </a></td><td>Widowed</td></tr><tr><td style="white-space:nowrap">A<a name="marital-status-A"> </a></td><td>Annuled</td></tr><tr><td style="white-space:nowrap">I<a name="marital-status-I"> </a></td><td>Interlocutory</td></tr><tr><td style="white-space:nowrap">P<a name="marital-status-P"> </a></td><td>Polygamous</td></tr></table></div>
  </text>
  <url value="https://voicecollab.ai/fhir/CodeSystem/marital-status"/>
  <version value="1.5.1"/>
  <name value="MaritalStatus"/>
  <title value="Marital Status Classification Codes"/>
  <status value="active"/>
  <date value="2023-05-11"/>
  <publisher value="KinD Lab"/>
  <contact>
    <name value="KinD Lab"/>
    <telecom>
      <system value="url"/>
      <value value="http://fhir.kindlab.sickkids.ca"/>
    </telecom>
  </contact>
  <description value="A comprehensive set of codes representing different marital statuses for use in questionnaires."/>
  <caseSensitive value="true"/>
  <content value="complete"/>
  <count value="10"/>
  <concept>
    <code value="D"/>
    <display value="Divorced"/>
  </concept>
  <concept>
    <code value="RL"/>
    <display value="In a relationship, not married, living with partner (Domestic Partner)"/>
  </concept>
  <concept>
    <code value="RNL"/>
    <display value="In a relationship, not married, not living with partner"/>
  </concept>
  <concept>
    <code value="M"/>
    <display value="Married"/>
  </concept>
  <concept>
    <code value="SD"/>
    <display value="Legally Separated"/>
  </concept>
  <concept>
    <code value="S"/>
    <display value="Never Married"/>
  </concept>
  <concept>
    <code value="W"/>
    <display value="Widowed"/>
  </concept>
  <concept>
    <code value="A"/>
    <display value="Annuled"/>
  </concept>
  <concept>
    <code value="I"/>
    <display value="Interlocutory"/>
  </concept>
  <concept>
    <code value="P"/>
    <display value="Polygamous"/>
  </concept>
</CodeSystem>