<?xml version="1.0" encoding="UTF-8"?>

<CodeSystem xmlns="http://hl7.org/fhir">
  <id value="household-makeup"/>
  <text>
    <status value="generated"/><div xmlns="http://www.w3.org/1999/xhtml"><p>This case-sensitive code system <code>https://voicecollab.ai/fhir/CodeSystem/household-makeup</code> defines the following codes:</p><table class="codes"><tr><td style="white-space:nowrap"><b>Code</b></td><td><b>Display</b></td></tr><tr><td style="white-space:nowrap">A<a name="household-makeup-A"> </a></td><td>I live alone</td></tr><tr><td style="white-space:nowrap">S<a name="household-makeup-S"> </a></td><td>Spouse/partner/significant other</td></tr><tr><td style="white-space:nowrap">C<a name="household-makeup-C"> </a></td><td>One or more children</td></tr><tr><td style="white-space:nowrap">P<a name="household-makeup-P"> </a></td><td>One or more parent</td></tr><tr><td style="white-space:nowrap">GP<a name="household-makeup-GP"> </a></td><td>One or more grandparent</td></tr><tr><td style="white-space:nowrap">O<a name="household-makeup-O"> </a></td><td>Other, please specify</td></tr></table></div>
  </text>
  <url value="https://voicecollab.ai/fhir/CodeSystem/household-makeup"/>
  <version value="1.5.1"/>
  <name value="HouseholdMakeup"/>
  <title value="Household Composition Classification Codes"/>
  <status value="active"/>
  <date value="2023-05-11"/>
  <publisher value="KinD Lab"/>
  <contact>
    <name value="KinD Lab"/>
    <telecom>
      <system value="url"/>
      <value value="http://fhir.kindlab.sickkids.ca"/>
    </telecom>
  </contact>
  <description value="A comprehensive set of codes defining different household compositions."/>
  <caseSensitive value="true"/>
  <content value="complete"/>
  <count value="6"/>
  <concept>
    <code value="A"/>
    <display value="I live alone"/>
  </concept>
  <concept>
    <code value="S"/>
    <display value="Spouse/partner/significant other"/>
  </concept>
  <concept>
    <code value="C"/>
    <display value="One or more children"/>
  </concept>
  <concept>
    <code value="P"/>
    <display value="One or more parent"/>
  </concept>
  <concept>
    <code value="GP"/>
    <display value="One or more grandparent"/>
  </concept>
  <concept>
    <code value="O"/>
    <display value="Other, please specify"/>
  </concept>
</CodeSystem>