<?xml version="1.0" encoding="UTF-8"?>

<CodeSystem xmlns="http://hl7.org/fhir">
  <id value="permission-to-share-with-doctor"/>
  <text>
    <status value="generated"/><div xmlns="http://www.w3.org/1999/xhtml"><p>This case-sensitive code system <code>https://voicecollab.ai/fhir/CodeSystem/permission-to-share-with-doctor</code> defines the following codes:</p><table class="codes"><tr><td style="white-space:nowrap"><b>Code</b></td><td><b>Display</b></td></tr><tr><td style="white-space:nowrap">1<a name="permission-to-share-with-doctor-1"> </a></td><td>I give permission to share my research test results with the referring doctor or my family physician.</td></tr><tr><td style="white-space:nowrap">2<a name="permission-to-share-with-doctor-2"> </a></td><td>I do not give permission to share my research test results with the referring doctor or my family physician.</td></tr></table></div>
  </text>
  <url value="https://voicecollab.ai/fhir/CodeSystem/permission-to-share-with-doctor"/>
  <version value="1.5.1"/>
  <name value="PermissionToShareWithDoctor"/>
  <title value="Questionnaire codes for neuro consent"/>
  <status value="active"/>
  <date value="2023-08-21"/>
  <publisher value="KinD Lab"/>
  <contact>
    <name value="KinD Lab"/>
    <telecom>
      <system value="url"/>
      <value value="http://fhir.kindlab.sickkids.ca"/>
    </telecom>
  </contact>
  <description value="The codes required for neuro consent"/>
  <caseSensitive value="true"/>
  <content value="complete"/>
  <count value="2"/>
  <concept>
    <code value="1"/>
    <display value="I give permission to share my research test results with the referring doctor or my family physician."/>
  </concept>
  <concept>
    <code value="2"/>
    <display value="I do not give permission to share my research test results with the referring doctor or my family physician."/>
  </concept>
</CodeSystem>