<?xml version="1.0" encoding="UTF-8"?>

<CodeSystem xmlns="http://hl7.org/fhir">
  <id value="financial-assistance"/>
  <text>
    <status value="generated"/><div xmlns="http://www.w3.org/1999/xhtml"><p>This case-sensitive code system <code>https://voicecollab.ai/fhir/CodeSystem/financial-assistance</code> defines the following codes:</p><table class="codes"><tr><td style="white-space:nowrap"><b>Code</b></td><td><b>Display</b></td></tr><tr><td style="white-space:nowrap">SSI<a name="financial-assistance-SSI"> </a></td><td>Supplemental Security Income (SSI)</td></tr><tr><td style="white-space:nowrap">SNAP<a name="financial-assistance-SNAP"> </a></td><td>Supplemental Nutrition Assistance Program (SNAP)</td></tr><tr><td style="white-space:nowrap">WIC<a name="financial-assistance-WIC"> </a></td><td>Special Supplemental Nutrition Program for Women, Infants, and Children (WIC)</td></tr><tr><td style="white-space:nowrap">TANFGA<a name="financial-assistance-TANFGA"> </a></td><td>Temporary Assistance for Needy Families (TANF), including Pass through Child Support General Assistance (GA) </td></tr></table></div>
  </text>
  <url value="https://voicecollab.ai/fhir/CodeSystem/financial-assistance"/>
  <version value="1.5.1"/>
  <name value="FinancialAssistance"/>
  <title value="Financial Aid Programs Questionnaire Codes"/>
  <status value="active"/>
  <date value="2023-05-11"/>
  <publisher value="KinD Lab"/>
  <contact>
    <name value="KinD Lab"/>
    <telecom>
      <system value="url"/>
      <value value="http://fhir.kindlab.sickkids.ca"/>
    </telecom>
  </contact>
  <description value="Existence of a financial aid program."/>
  <caseSensitive value="true"/>
  <content value="complete"/>
  <count value="4"/>
  <concept>
    <code value="SSI"/>
    <display value="Supplemental Security Income (SSI)"/>
  </concept>
  <concept>
    <code value="SNAP"/>
    <display value="Supplemental Nutrition Assistance Program (SNAP)"/>
  </concept>
  <concept>
    <code value="WIC"/>
    <display value="Special Supplemental Nutrition Program for Women, Infants, and Children (WIC)"/>
  </concept>
  <concept>
    <code value="TANFGA"/>
    <display value="Temporary Assistance for Needy Families (TANF), including Pass through Child Support General Assistance (GA) "/>
  </concept>
</CodeSystem>