<?xml version="1.0" encoding="UTF-8"?>

<CodeSystem xmlns="http://hl7.org/fhir">
  <id value="menstruation-menopause-status"/>
  <text>
    <status value="generated"/><div xmlns="http://www.w3.org/1999/xhtml"><p>This case-sensitive code system <code>https://voicecollab.ai/fhir/CodeSystem/menstruation-menopause-status</code> defines the following codes:</p><table class="codes"><tr><td style="white-space:nowrap"><b>Code</b></td><td><b>Display</b></td></tr><tr><td style="white-space:nowrap">N<a name="menstruation-menopause-status-N"> </a></td><td>Does not apply</td></tr><tr><td style="white-space:nowrap">Y<a name="menstruation-menopause-status-Y"> </a></td><td>Yes</td></tr><tr><td style="white-space:nowrap">M<a name="menstruation-menopause-status-M"> </a></td><td>I have gone through menopause</td></tr><tr><td style="white-space:nowrap">O<a name="menstruation-menopause-status-O"> </a></td><td>Other, Please Specify</td></tr></table></div>
  </text>
  <url value="https://voicecollab.ai/fhir/CodeSystem/menstruation-menopause-status"/>
  <version value="1.5.1"/>
  <name value="MenstruationMenopauseStatus"/>
  <title value="Menstruation and Menopause Status Codes"/>
  <status value="active"/>
  <date value="2023-05-15"/>
  <publisher value="KinD Lab"/>
  <contact>
    <name value="KinD Lab"/>
    <telecom>
      <system value="url"/>
      <value value="http://fhir.kindlab.sickkids.ca"/>
    </telecom>
  </contact>
  <description value="This code system defines the possible responses for a questionnaire regarding menstruation and menopause status."/>
  <caseSensitive value="true"/>
  <content value="complete"/>
  <count value="4"/>
  <concept>
    <code value="N"/>
    <display value="Does not apply"/>
  </concept>
  <concept>
    <code value="Y"/>
    <display value="Yes"/>
  </concept>
  <concept>
    <code value="M"/>
    <display value="I have gone through menopause"/>
  </concept>
  <concept>
    <code value="O"/>
    <display value="Other, Please Specify"/>
  </concept>
</CodeSystem>