<?xml version="1.0" encoding="UTF-8"?>

<CodeSystem xmlns="http://hl7.org/fhir">
  <id value="etiology"/>
  <text>
    <status value="generated"/><div xmlns="http://www.w3.org/1999/xhtml"><p>This case-sensitive code system <code>https://voicecollab.ai/fhir/CodeSystem/etiology</code> defines the following codes:</p><table class="codes"><tr><td style="white-space:nowrap"><b>Code</b></td><td><b>Display</b></td></tr><tr><td style="white-space:nowrap">1<a name="etiology-1"> </a></td><td>Idiopathic</td></tr><tr><td style="white-space:nowrap">2<a name="etiology-2"> </a></td><td>Latrogenic (surgery/intubation)</td></tr><tr><td style="white-space:nowrap">3<a name="etiology-3"> </a></td><td>Tumor invading RLN</td></tr><tr><td style="white-space:nowrap">4<a name="etiology-4"> </a></td><td>Radiation</td></tr></table></div>
  </text>
  <url value="https://voicecollab.ai/fhir/CodeSystem/etiology"/>
  <version value="1.5.1"/>
  <name value="Etiology"/>
  <title value="etiology"/>
  <status value="active"/>
  <date value="2023-06-19"/>
  <publisher value="KinD Lab"/>
  <contact>
    <name value="KinD Lab"/>
    <telecom>
      <system value="url"/>
      <value value="http://fhir.kindlab.sickkids.ca"/>
    </telecom>
  </contact>
  <description value="The codes required for Diagnosis questionnaire"/>
  <caseSensitive value="true"/>
  <content value="complete"/>
  <count value="4"/>
  <concept>
    <code value="1"/>
    <display value="Idiopathic"/>
  </concept>
  <concept>
    <code value="2"/>
    <display value="Latrogenic (surgery/intubation)"/>
  </concept>
  <concept>
    <code value="3"/>
    <display value="Tumor invading RLN"/>
  </concept>
  <concept>
    <code value="4"/>
    <display value="Radiation"/>
  </concept>
</CodeSystem>