<?xml version="1.0" encoding="UTF-8"?>

<Patient xmlns="http://hl7.org/fhir">
  <id value="VbaiPatientExample"/>
  <meta>
    <profile value="https://voicecollab.ai/fhir/StructureDefinition/vbai-patient"/>
  </meta>
  <text>
    <status value="generated"/><div xmlns="http://www.w3.org/1999/xhtml"><p style="border: 1px #661aff solid; background-color: #e6e6ff; padding: 10px;"><b>James Smith </b> male, DoB: 1999-04-01 ( <code>http://voicecollab.ai/identifier/patient-id</code>/123456)</p><hr/><table class="grid"><tr><td style="background-color: #f3f5da" title="Ways to contact the Patient">Contact Detail:</td><td colspan="3">100 Main St Metropolis Il 44130 USA </td></tr></table></div>
  </text>
  <identifier>
    <system value="http://voicecollab.ai/identifier/patient-id"/>
    <value value="123456"/>
  </identifier>
  <name>
    <family value="Smith"/>
    <given value="James"/>
  </name>
  <gender value="male"/>
  <birthDate value="1999-04-01"/>
  <address>
    <line value="100 Main St"/>
    <city value="Metropolis"/>
    <state value="Il"/>
    <postalCode value="44130"/>
    <country value="USA"/>
  </address>
</Patient>