<?xml version="1.0" encoding="UTF-8"?>

<PlanDefinition xmlns="http://hl7.org/fhir">
  <id value="VbaiPlanDefinitionAcousticTasksNeuroExample"/>
  <meta>
    <profile value="https://voicecollab.ai/fhir/StructureDefinition/vbai-plan-definition"/>
  </meta>
  <text>
    <status value="generated"/><div xmlns="http://www.w3.org/1999/xhtml"><p><b>Generated Narrative: PlanDefinition</b><a name="VbaiPlanDefinitionAcousticTasksNeuroExample"> </a></p><div style="display: inline-block; background-color: #d9e0e7; padding: 6px; margin: 4px; border: 1px solid #8da1b4; border-radius: 5px; line-height: 60%"><p style="margin-bottom: 0px">Resource PlanDefinition &quot;VbaiPlanDefinitionAcousticTasksNeuroExample&quot; </p><p style="margin-bottom: 0px">Profile: <a href="StructureDefinition-vbai-plan-definition.html">Vbai Plan Definition</a></p></div><p><b>url</b>: <code>https://voicecollab.ai/fhir/PlanDefinition/VbaiPlanDefinitionAcousticTasksNeuroExample</code></p><p><b>version</b>: 1.5.1</p><p><b>title</b>: Acoustic Tasks Neuro Cohort Protocol</p><p><b>status</b>: active</p><p><b>date</b>: 2023-07-31</p><p><b>publisher</b>: KinD Lab</p><p><b>contact</b>: KinD Lab: <a href="http://fhir.kindlab.sickkids.ca">http://fhir.kindlab.sickkids.ca</a></p><p><b>description</b>: This is a plandefinition for Acoustic Tasks Neuro cohort protocol</p><blockquote><p><b>action</b></p><p><b>prefix</b>: 1.8 Task 1</p><p><b>title</b>: Montreal Cognitive Assessment (MoCA Test)</p><p><b>description</b>: Have participant complete MoCA Test</p><p><b>definition</b>: <a href="Questionnaire-MOCA.html">MoCA Questionnaire</a></p></blockquote><blockquote><p><b>action</b></p><p><b>prefix</b>: 1.8 Task 2</p><p><b>title</b>: Word-colour Stroop:</p><p><b>description</b>: You will be shown a word (one of 5 colour words - red, green, blue, brown, purple; such as ‘blue’, or a baseline stimulus, ‘oooo’), which is displayed in a congruent or incongruent colour (one of 5 colour stimuli). You have to name the colour in which the word is displayed. (no time limit) </p><p><b>definition</b>: <a href="Questionnaire-Stroop.html">Stroop Questionniare for Neuro Cohort</a></p></blockquote><blockquote><p><b>action</b></p><p><b>prefix</b>: 1.8 Task 3</p><p><b>title</b>: Productive vocabulary link:</p><p><b>description</b>: You will be shown a target word. You will have to provide a definition for it (no time limit).</p><p><b>definition</b>: <a href="Questionnaire-Vocabulary.html">Vocabulary Questionniare</a></p></blockquote><blockquote><p><b>action</b></p><p><b>prefix</b>: 1.8 Task 4</p><p><b>title</b>: Random item generation / semantic fluency link:</p><p><b>description</b>: You will have to speak a series of (I) random, non-repeating letters or numbers, or (ii) items from a given category (e.g., cities, animals, etc.), with the goal of maximizing the number of items. (time limit: 60 seconds). </p><p><b>definition</b>: <a href="Questionnaire-Words.html">Random Item Generation Questionniare</a></p></blockquote><blockquote><p><b>action</b></p><p><b>prefix</b>: 1.8 Task 5</p><p><b>title</b>: Winograd schemas link</p><p><b>description</b>: Read each sentence, and answer the question by selecting one of the options</p><p><b>definition</b>: <a href="Questionnaire-WinogradSchema.html">Winograd Questionnaire</a></p></blockquote></div>
  </text>
  <url value="https://voicecollab.ai/fhir/PlanDefinition/VbaiPlanDefinitionAcousticTasksNeuroExample"/>
  <version value="1.5.1"/>
  <title value="Acoustic Tasks Neuro Cohort Protocol"/>
  <status value="active"/>
  <date value="2023-07-31"/>
  <publisher value="KinD Lab"/>
  <contact>
    <name value="KinD Lab"/>
    <telecom>
      <system value="url"/>
      <value value="http://fhir.kindlab.sickkids.ca"/>
    </telecom>
  </contact>
  <description value="This is a plandefinition for Acoustic Tasks Neuro cohort protocol"/>
  <action>
    <prefix value="1.8 Task 1"/>
    <title value="Montreal Cognitive Assessment (MoCA Test)"/>
    <description value="Have participant complete MoCA Test"/>
    <definitionCanonical value="https://voicecollab.ai/fhir/Questionnaire/MOCA"/>
  </action>
  <action>
    <prefix value="1.8 Task 2"/>
    <title value="Word-colour Stroop:"/>
    <description value="You will be shown a word (one of 5 colour words - red, green, blue, brown, purple; such as ‘blue’, or a baseline stimulus, ‘oooo’), which is displayed in a congruent or incongruent colour (one of 5 colour stimuli). You have to name the colour in which the word is displayed. (no time limit) "/>
    <definitionCanonical value="https://voicecollab.ai/fhir/Questionnaire/Stroop"/>
  </action>
  <action>
    <prefix value="1.8 Task 3"/>
    <title value="Productive vocabulary link:"/>
    <description value="You will be shown a target word. You will have to provide a definition for it (no time limit)."/>
    <definitionCanonical value="https://voicecollab.ai/fhir/Questionnaire/Vocabulary"/>
  </action>
  <action>
    <prefix value="1.8 Task 4"/>
    <title value="Random item generation / semantic fluency link:"/>
    <description value="You will have to speak a series of (I) random, non-repeating letters or numbers, or (ii) items from a given category (e.g., cities, animals, etc.), with the goal of maximizing the number of items. (time limit: 60 seconds). "/>
    <definitionCanonical value="https://voicecollab.ai/fhir/Questionnaire/Words"/>
  </action>
  <action>
    <prefix value="1.8 Task 5"/>
    <title value="Winograd schemas link"/>
    <description value="Read each sentence, and answer the question by selecting one of the options"/>
    <definitionCanonical value="https://voicecollab.ai/fhir/Questionnaire/WinogradSchema"/>
  </action>
</PlanDefinition>