<?xml version="1.0" encoding="UTF-8"?>

<PlanDefinition xmlns="http://hl7.org/fhir">
  <id value="CohortProtocolExampleNeuro"/>
  <meta>
    <profile value="https://voicecollab.ai/fhir/StructureDefinition/vbai-cohort-protocol"/>
  </meta>
  <text>
    <status value="generated"/><div xmlns="http://www.w3.org/1999/xhtml"><p><b>Generated Narrative: PlanDefinition</b><a name="CohortProtocolExampleNeuro"> </a></p><div style="display: inline-block; background-color: #d9e0e7; padding: 6px; margin: 4px; border: 1px solid #8da1b4; border-radius: 5px; line-height: 60%"><p style="margin-bottom: 0px">Resource PlanDefinition &quot;CohortProtocolExampleNeuro&quot; </p><p style="margin-bottom: 0px">Profile: <a href="StructureDefinition-vbai-cohort-protocol.html">A general template for VBAI protocols</a></p></div><p><b>url</b>: <code>https://voicecollab.ai/fhir/PlanDefinition/CohortProtocolExampleNeuro</code></p><p><b>version</b>: 1.5.1</p><p><b>title</b>: Neuro Cohort Protocol</p><p><b>status</b>: active</p><p><b>date</b>: 2023-07-31</p><p><b>publisher</b>: KinD Lab</p><p><b>contact</b>: KinD Lab: <a href="http://fhir.kindlab.sickkids.ca">http://fhir.kindlab.sickkids.ca</a></p><p><b>description</b>: This is a plandefinition for Neuro cohort protocol</p><blockquote><p><b>action</b></p><p><b>prefix</b>: 1.1</p><p><b>title</b>: Eligibility</p><p><b>description</b>: List of eligibility questions</p><p><b>priority</b>: routine</p><p><b>definition</b>: <a href="PlanDefinition-VbaiAdultPlanDefinitionEligibilityExample.html">Adult Eligibility PlanDefinition</a></p></blockquote><blockquote><p><b>action</b></p><p><b>prefix</b>: 1.2</p><p><b>title</b>: Consent/Assent</p><p><b>description</b>: Retieve consent/assent from participant</p><p><b>priority</b>: routine</p><p><b>definition</b>: <a href="PlanDefinition-VbaiPlanDefinitionNeuroConsentExample.html">Neuro Consent</a></p></blockquote><blockquote><p><b>action</b></p><p><b>prefix</b>: 1.3</p><p><b>title</b>: Demographics</p><p><b>description</b>: have Participant complete demographics</p><p><b>priority</b>: routine</p><p><b>definition</b>: <a href="Questionnaire-VbaiQuestionnaireDemographicExample.html">Demographic Surveys</a></p></blockquote><blockquote><p><b>action</b></p><p><b>prefix</b>: 1.4</p><p><b>title</b>: Voice Impacting Q's</p><p><b>description</b>: Administer Voice Impacting Questions</p><p><b>priority</b>: routine</p><p><b>definition</b>: <a href="Questionnaire-VocalFoldParalysis.html">Vocal Fold Paralysis</a></p></blockquote><blockquote><p><b>action</b></p><p><b>prefix</b>: 1.5</p><p><b>title</b>: Acoustic Tasks</p><p><b>description</b>: Perform Acoustic Tasks</p><p><b>priority</b>: routine</p><p><b>definition</b>: <a href="Questionnaire-GeneralAcousticTasksQuestionnaire.html">General Acoustic Tasks</a></p></blockquote><blockquote><p><b>action</b></p><p><b>prefix</b>: 1.6</p><p><b>title</b>: Confounders</p><p><b>description</b>: Retrieve Confounders</p><p><b>priority</b>: routine</p><p><b>definition</b>: <a href="Questionnaire-VbaiQuestionnaireConfoundersExample.html">Confounder Surveys</a></p></blockquote><blockquote><p><b>action</b></p><p><b>prefix</b>: 1.7</p><p><b>title</b>: Questionnaires</p><p><b>description</b>: Administier Validated Questionnaires</p><p><b>priority</b>: routine</p><p><b>definition</b>: <a href="PlanDefinition-VbaiPlanDefinitionGeneralQuestionnaireExample.html">General Questionnaire PlanDefinition</a></p></blockquote><blockquote><p><b>action</b></p><p><b>prefix</b>: 1.8</p><p><b>title</b>: Cohort specific acoustic tasks</p><p><b>description</b>: Administer cohort specific acoustic tasks</p><p><b>priority</b>: routine</p><p><b>definition</b>: <a href="PlanDefinition-VbaiPlanDefinitionAcousticTasksNeuroExample.html">Acoustic Tasks Neuro Cohort Protocol</a></p></blockquote><blockquote><p><b>action</b></p><p><b>prefix</b>: 1.9</p><p><b>title</b>: Cohort specific confounders</p><p><b>description</b>: Administer cohort specific confounders</p><p><b>priority</b>: routine</p><p><b>definition</b>: <a href="PlanDefinition-VbaiPlanDefinitionCohortSpecificConfoundersExample.html">Cohort Specific Confounders PlanDefintion</a></p></blockquote><blockquote><p><b>action</b></p><p><b>prefix</b>: 1.10</p><p><b>title</b>: Cohort specific Questionnaires</p><p><b>description</b>: Administer cohort specific questionnaires</p><p><b>priority</b>: routine</p><p><b>definition</b>: <a href="PlanDefinition-VbaiPlanDefinitionQuestionnaireNeuroExample.html">Questionnaire Neuro Cohort Protocol</a></p></blockquote><blockquote><p><b>action</b></p><p><b>prefix</b>: 1.11</p><p><b>title</b>: Clinician input</p><p><b>description</b>: Have Clinican give their input</p><p><b>priority</b>: routine</p><p><b>definition</b>: <a href="PlanDefinition-VbaiPlanDefinitionClinicianInputExample.html">ClinicianInput PlanDefinition</a></p></blockquote><blockquote><p><b>action</b></p><p><b>prefix</b>: 1.12</p><p><b>title</b>: Feedback</p><p><b>description</b>: Recieve Feedback</p><p><b>priority</b>: routine</p><p><b>definition</b>: <a href="Questionnaire-FeedbackQuestionnaire.html">Feedback Questionnaire</a></p></blockquote></div>
  </text>
  <url value="https://voicecollab.ai/fhir/PlanDefinition/CohortProtocolExampleNeuro"/>
  <version value="1.5.1"/>
  <title value="Neuro Cohort Protocol"/>
  <status value="active"/>
  <date value="2023-07-31"/>
  <publisher value="KinD Lab"/>
  <contact>
    <name value="KinD Lab"/>
    <telecom>
      <system value="url"/>
      <value value="http://fhir.kindlab.sickkids.ca"/>
    </telecom>
  </contact>
  <description value="This is a plandefinition for Neuro cohort protocol"/>
  <action>
    <prefix value="1.1"/>
    <title value="Eligibility"/>
    <description value="List of eligibility questions"/>
    <priority value="routine"/>
    <definitionCanonical value="https://voicecollab.ai/fhir/PlanDefinition/VbaiAdultPlanDefinitionEligibilityExample"/>
  </action>
  <action>
    <prefix value="1.2"/>
    <title value="Consent/Assent"/>
    <description value="Retieve consent/assent from participant"/>
    <priority value="routine"/>
    <definitionCanonical value="https://voicecollab.ai/fhir/PlanDefinition/VbaiPlanDefinitionNeuroConsentExample"/>
  </action>
  <action>
    <prefix value="1.3"/>
    <title value="Demographics"/>
    <description value="have Participant complete demographics"/>
    <priority value="routine"/>
    <definitionCanonical value="https://voicecollab.ai/fhir/Questionnaire/VbaiQuestionnaireDemographicExample"/>
  </action>
  <action>
    <prefix value="1.4"/>
    <title value="Voice Impacting Q's"/>
    <description value="Administer Voice Impacting Questions"/>
    <priority value="routine"/>
    <definitionCanonical value="https://voicecollab.ai/fhir/Questionnaire/VocalFoldParalysis"/>
  </action>
  <action>
    <prefix value="1.5"/>
    <title value="Acoustic Tasks"/>
    <description value="Perform Acoustic Tasks"/>
    <priority value="routine"/>
    <definitionCanonical value="https://voicecollab.ai/fhir/Questionnaire/GeneralAcousticTasksQuestionnaire"/>
  </action>
  <action>
    <prefix value="1.6"/>
    <title value="Confounders"/>
    <description value="Retrieve Confounders"/>
    <priority value="routine"/>
    <definitionCanonical value="https://voicecollab.ai/fhir/Questionnaire/VbaiQuestionnaireConfoundersExample"/>
  </action>
  <action>
    <prefix value="1.7"/>
    <title value="Questionnaires"/>
    <description value="Administier Validated Questionnaires"/>
    <priority value="routine"/>
    <definitionCanonical value="https://voicecollab.ai/fhir/PlanDefinition/VbaiPlanDefinitionGeneralQuestionnaireExample"/>
  </action>
  <action>
    <prefix value="1.8"/>
    <title value="Cohort specific acoustic tasks"/>
    <description value="Administer cohort specific acoustic tasks"/>
    <priority value="routine"/>
    <definitionCanonical value="https://voicecollab.ai/fhir/PlanDefinition/VbaiPlanDefinitionAcousticTasksNeuroExample"/>
  </action>
  <action>
    <prefix value="1.9"/>
    <title value="Cohort specific confounders"/>
    <description value="Administer cohort specific confounders"/>
    <priority value="routine"/>
    <definitionCanonical value="https://voicecollab.ai/fhir/PlanDefinition/VbaiPlanDefinitionCohortSpecificConfoundersExample"/>
  </action>
  <action>
    <prefix value="1.10"/>
    <title value="Cohort specific Questionnaires"/>
    <description value="Administer cohort specific questionnaires"/>
    <priority value="routine"/>
    <definitionCanonical value="https://voicecollab.ai/fhir/PlanDefinition/VbaiPlanDefinitionQuestionnaireNeuroExample"/>
  </action>
  <action>
    <prefix value="1.11"/>
    <title value="Clinician input"/>
    <description value="Have Clinican give their input"/>
    <priority value="routine"/>
    <definitionCanonical value="https://voicecollab.ai/fhir/PlanDefinition/VbaiPlanDefinitionClinicianInputExample"/>
  </action>
  <action>
    <prefix value="1.12"/>
    <title value="Feedback"/>
    <description value="Recieve Feedback"/>
    <priority value="routine"/>
    <definitionCanonical value="https://voicecollab.ai/fhir/Questionnaire/FeedbackQuestionnaire"/>
  </action>
</PlanDefinition>