<?xml version="1.0" encoding="UTF-8"?>

<PlanDefinition xmlns="http://hl7.org/fhir">
  <id value="VbaiPedsPlanDefinitionEligibilityExample"/>
  <meta>
    <profile value="https://voicecollab.ai/fhir/StructureDefinition/vbai-plan-definition"/>
  </meta>
  <text>
    <status value="generated"/><div xmlns="http://www.w3.org/1999/xhtml"><p><b>Generated Narrative: PlanDefinition</b><a name="VbaiPedsPlanDefinitionEligibilityExample"> </a></p><div style="display: inline-block; background-color: #d9e0e7; padding: 6px; margin: 4px; border: 1px solid #8da1b4; border-radius: 5px; line-height: 60%"><p style="margin-bottom: 0px">Resource PlanDefinition &quot;VbaiPedsPlanDefinitionEligibilityExample&quot; </p><p style="margin-bottom: 0px">Profile: <a href="StructureDefinition-vbai-plan-definition.html">Vbai Plan Definition</a></p></div><p><b>url</b>: <code>https://voicecollab.ai/fhir/PlanDefinition/VbaiPedsPlanDefinitionEligibilityExample</code></p><p><b>version</b>: 1.5.1</p><p><b>title</b>: Peds Eligibility PlanDefinition</p><p><b>status</b>: active</p><p><b>date</b>: 2023-07-27</p><p><b>publisher</b>: KinD Lab</p><p><b>contact</b>: KinD Lab: <a href="http://fhir.kindlab.sickkids.ca">http://fhir.kindlab.sickkids.ca</a></p><p><b>description</b>: This is a plandefinition for Peds Eligibility</p><blockquote><p><b>action</b></p><p><b>prefix</b>: 1.0.0</p><p><b>title</b>: Peds Eligibility Questionnaire</p><p><b>description</b>: Have participant complete Eligibility questionnaire</p><p><b>priority</b>: routine</p><h3>Participants</h3><table class="grid"><tr><td style="display: none">-</td><td><b>Type</b></td></tr><tr><td style="display: none">*</td><td>patient</td></tr></table><p><b>definition</b>: <a href="Questionnaire-PedsEligibilityQuestionnaire.html">Peds Eligibility Questionnaire</a></p></blockquote></div>
  </text>
  <url value="https://voicecollab.ai/fhir/PlanDefinition/VbaiPedsPlanDefinitionEligibilityExample"/>
  <version value="1.5.1"/>
  <title value="Peds Eligibility PlanDefinition"/>
  <status value="active"/>
  <date value="2023-07-27"/>
  <publisher value="KinD Lab"/>
  <contact>
    <name value="KinD Lab"/>
    <telecom>
      <system value="url"/>
      <value value="http://fhir.kindlab.sickkids.ca"/>
    </telecom>
  </contact>
  <description value="This is a plandefinition for Peds Eligibility"/>
  <action>
    <prefix value="1.0.0"/>
    <title value="Peds Eligibility Questionnaire"/>
    <description value="Have participant complete Eligibility questionnaire"/>
    <priority value="routine"/>
    <participant>
      <type value="patient"/>
    </participant>
    <definitionUri value="https://voicecollab.ai/fhir/Questionnaire/PedsEligibilityQuestionnaire"/>
  </action>
</PlanDefinition>