<?xml version="1.0" encoding="UTF-8"?>

<PlanDefinition xmlns="http://hl7.org/fhir">
  <id value="VbaiPlanDefinitionGeneralQuestionnaireExample"/>
  <meta>
    <profile value="https://voicecollab.ai/fhir/StructureDefinition/vbai-plan-definition"/>
  </meta>
  <text>
    <status value="generated"/><div xmlns="http://www.w3.org/1999/xhtml"><p><b>Generated Narrative: PlanDefinition</b><a name="VbaiPlanDefinitionGeneralQuestionnaireExample"> </a></p><div style="display: inline-block; background-color: #d9e0e7; padding: 6px; margin: 4px; border: 1px solid #8da1b4; border-radius: 5px; line-height: 60%"><p style="margin-bottom: 0px">Resource PlanDefinition &quot;VbaiPlanDefinitionGeneralQuestionnaireExample&quot; </p><p style="margin-bottom: 0px">Profile: <a href="StructureDefinition-vbai-plan-definition.html">Vbai Plan Definition</a></p></div><p><b>url</b>: <code>https://voicecollab.ai/fhir/PlanDefinition/VbaiPlanDefinitionGeneralQuestionnaireExample</code></p><p><b>version</b>: 1.5.1</p><p><b>title</b>: General Questionnaire PlanDefinition</p><p><b>status</b>: active</p><p><b>date</b>: 2023-07-28</p><p><b>publisher</b>: KinD Lab</p><p><b>contact</b>: KinD Lab: <a href="http://fhir.kindlab.sickkids.ca">http://fhir.kindlab.sickkids.ca</a></p><p><b>description</b>: This is a plandefinition for GeneralQuestionnaire</p><blockquote><p><b>action</b></p><p><b>prefix</b>: 1.7.1</p><p><b>title</b>: Questionnaires Used Across All Cohorts</p><p><b>description</b>: Questionnaires used Across All Cohorts</p><p><b>priority</b>: routine</p><h3>Actions</h3><table class="grid"><tr><td style="display: none">-</td><td><b>Prefix</b></td><td><b>Title</b></td><td><b>Description</b></td><td><b>Priority</b></td><td><b>Definition[x]</b></td></tr><tr><td style="display: none">*</td><td>1.7.1.1</td><td>GAD-7</td><td>Administer GAD-7 Questionnaire</td><td>routine</td><td><a href="Questionnaire-GAD7schema.html">GAD7_schema</a></td></tr><tr><td style="display: none">*</td><td>1.7.1.2</td><td>PHQ-9</td><td>Administer PHQ9 Questionnaire</td><td>routine</td><td><a href="Questionnaire-PHQ9schema.html">PHQ9_schema</a></td></tr><tr><td style="display: none">*</td><td>1.7.1.3</td><td>Voice Perception Questionniare</td><td>Administer Voice Perception Questionnaire</td><td>routine</td><td><a href="Questionnaire-VoicePerception.html">Voice Perception</a></td></tr><tr><td style="display: none">*</td><td>1.7.1.4</td><td>VHI-10</td><td>Have patient complete VHI-10 Questionnaire</td><td>routine</td><td><a href="Questionnaire-VHI10.html">VHI-10</a></td></tr></table></blockquote></div>
  </text>
  <url value="https://voicecollab.ai/fhir/PlanDefinition/VbaiPlanDefinitionGeneralQuestionnaireExample"/>
  <version value="1.5.1"/>
  <title value="General Questionnaire PlanDefinition"/>
  <status value="active"/>
  <date value="2023-07-28"/>
  <publisher value="KinD Lab"/>
  <contact>
    <name value="KinD Lab"/>
    <telecom>
      <system value="url"/>
      <value value="http://fhir.kindlab.sickkids.ca"/>
    </telecom>
  </contact>
  <description value="This is a plandefinition for GeneralQuestionnaire"/>
  <action>
    <prefix value="1.7.1"/>
    <title value="Questionnaires Used Across All Cohorts"/>
    <description value="Questionnaires used Across All Cohorts"/>
    <priority value="routine"/>
    <action>
      <prefix value="1.7.1.1"/>
      <title value="GAD-7"/>
      <description value="Administer GAD-7 Questionnaire"/>
      <priority value="routine"/>
      <definitionUri value="https://voicecollab.ai/fhir/Questionnaire/GAD7schema"/>
    </action>
    <action>
      <prefix value="1.7.1.2"/>
      <title value="PHQ-9"/>
      <description value="Administer PHQ9 Questionnaire"/>
      <priority value="routine"/>
      <definitionUri value="https://voicecollab.ai/fhir/Questionnaire/PHQ9schema"/>
    </action>
    <action>
      <prefix value="1.7.1.3"/>
      <title value="Voice Perception Questionniare"/>
      <description value="Administer Voice Perception Questionnaire"/>
      <priority value="routine"/>
      <definitionUri value="https://voicecollab.ai/fhir/Questionnaire/VoicePerception"/>
    </action>
    <action>
      <prefix value="1.7.1.4"/>
      <title value="VHI-10"/>
      <description value="Have patient complete VHI-10 Questionnaire"/>
      <priority value="routine"/>
      <definitionUri value="https://voicecollab.ai/fhir/Questionnaire/VHI10"/>
    </action>
  </action>
</PlanDefinition>