<?xml version="1.0" encoding="UTF-8"?>

<ValueSet xmlns="http://hl7.org/fhir">
  <id value="vocal-fold-injection-augmentation"/>
  <text>
    <status value="generated"/><div xmlns="http://www.w3.org/1999/xhtml"><ul><li>Include all codes defined in <a href="CodeSystem-vocal-fold-injection-augmentation.html"><code>https://voicecollab.ai/fhir/CodeSystem/vocal-fold-injection-augmentation</code></a></li></ul></div>
  </text>
  <url value="https://voicecollab.ai/fhir/ValueSet/vocal-fold-injection-augmentation"/>
  <version value="1.5.1"/>
  <name value="VocalFoldInjectionAugmentation"/>
  <title value="Vocal Fold Injection Augmentation"/>
  <status value="active"/>
  <date value="2023-06-20"/>
  <publisher value="KinD Lab"/>
  <contact>
    <name value="KinD Lab"/>
    <telecom>
      <system value="url"/>
      <value value="http://fhir.kindlab.sickkids.ca"/>
    </telecom>
  </contact>
  <description value="The Codes used by Diagnosis"/>
  <compose>
    <include>
      <system value="https://voicecollab.ai/fhir/CodeSystem/vocal-fold-injection-augmentation"/>
    </include>
  </compose>
</ValueSet>