<?xml version="1.0" encoding="UTF-8"?>

<ValueSet xmlns="http://hl7.org/fhir">
  <id value="disability-type"/>
  <text>
    <status value="generated"/><div xmlns="http://www.w3.org/1999/xhtml"><ul><li>Include all codes defined in <a href="CodeSystem-disability-type.html"><code>https://voicecollab.ai/fhir/CodeSystem/disability-type</code></a></li></ul></div>
  </text>
  <url value="https://voicecollab.ai/fhir/ValueSet/disability-type"/>
  <version value="1.5.1"/>
  <name value="DisabilityType"/>
  <title value="Disability Type"/>
  <status value="draft"/>
  <experimental value="true"/>
  <date value="2024-02-07T17:12:27+00:00"/>
  <publisher value="KinD Lab"/>
  <contact>
    <name value="KinD Lab"/>
    <telecom>
      <system value="url"/>
      <value value="http://fhir.kindlab.sickkids.ca"/>
    </telecom>
  </contact>
  <description value="Valueset for capturing disability status"/>
  <compose>
    <include>
      <system value="https://voicecollab.ai/fhir/CodeSystem/disability-type"/>
    </include>
  </compose>
</ValueSet>