<?xml version="1.0" encoding="UTF-8"?>

<ValueSet xmlns="http://hl7.org/fhir">
  <id value="urge-to-cough"/>
  <text>
    <status value="generated"/><div xmlns="http://www.w3.org/1999/xhtml"><ul><li>Include all codes defined in <a href="CodeSystem-urge-to-cough.html"><code>https://voicecollab.ai/fhir/CodeSystem/urge-to-cough</code></a></li></ul></div>
  </text>
  <url value="https://voicecollab.ai/fhir/ValueSet/urge-to-cough"/>
  <version value="1.5.1"/>
  <name value="UrgeToCough"/>
  <title value="Urge to Cough ValueSet"/>
  <status value="active"/>
  <date value="2023-07-19"/>
  <publisher value="KinD Lab"/>
  <contact>
    <name value="KinD Lab"/>
    <telecom>
      <system value="url"/>
      <value value="http://fhir.kindlab.sickkids.ca"/>
    </telecom>
  </contact>
  <description value="The Codes used by Urge to Cough Questionnaire"/>
  <compose>
    <include>
      <system value="https://voicecollab.ai/fhir/CodeSystem/urge-to-cough"/>
    </include>
  </compose>
</ValueSet>