<?xml version="1.0" encoding="UTF-8"?>

<ValueSet xmlns="http://hl7.org/fhir">
  <id value="decline-reason"/>
  <text>
    <status value="generated"/><div xmlns="http://www.w3.org/1999/xhtml"><ul><li>Include all codes defined in <a href="CodeSystem-decline-reason.html"><code>https://voicecollab.ai/fhir/CodeSystem/decline-reason</code></a></li></ul></div>
  </text>
  <url value="https://voicecollab.ai/fhir/ValueSet/decline-reason"/>
  <version value="1.5.1"/>
  <name value="DeclineReason"/>
  <title value="Decline Reason ValueSet"/>
  <status value="active"/>
  <date value="2023-06-06"/>
  <publisher value="KinD Lab"/>
  <contact>
    <name value="KinD Lab"/>
    <telecom>
      <system value="url"/>
      <value value="http://fhir.kindlab.sickkids.ca"/>
    </telecom>
  </contact>
  <description value="The Codes used by enrollment questionnaire"/>
  <compose>
    <include>
      <system value="https://voicecollab.ai/fhir/CodeSystem/decline-reason"/>
    </include>
  </compose>
</ValueSet>