<?xml version="1.0" encoding="UTF-8"?>

<ValueSet xmlns="http://hl7.org/fhir">
  <id value="recording"/>
  <text>
    <status value="generated"/><div xmlns="http://www.w3.org/1999/xhtml"><ul><li>Include all codes defined in <a href="CodeSystem-recording.html"><code>https://voicecollab.ai/fhir/CodeSystem/recording</code></a></li></ul></div>
  </text>
  <url value="https://voicecollab.ai/fhir/ValueSet/recording"/>
  <version value="1.5.1"/>
  <name value="Recording"/>
  <title value="recordig ValueSet"/>
  <status value="active"/>
  <date value="2023-06-16"/>
  <publisher value="KinD Lab"/>
  <contact>
    <name value="KinD Lab"/>
    <telecom>
      <system value="url"/>
      <value value="http://fhir.kindlab.sickkids.ca"/>
    </telecom>
  </contact>
  <description value="The Codes used by recording"/>
  <compose>
    <include>
      <system value="https://voicecollab.ai/fhir/CodeSystem/recording"/>
    </include>
  </compose>
</ValueSet>