<?xml version="1.0" encoding="UTF-8"?>

<ValueSet xmlns="http://hl7.org/fhir">
  <id value="voice-handicap-index"/>
  <text>
    <status value="generated"/><div xmlns="http://www.w3.org/1999/xhtml"><ul><li>Include all codes defined in <a href="CodeSystem-voice-handicap-index.html"><code>https://voicecollab.ai/fhir/CodeSystem/voice-handicap-index</code></a></li></ul></div>
  </text>
  <url value="https://voicecollab.ai/fhir/ValueSet/voice-handicap-index"/>
  <version value="1.5.1"/>
  <name value="VoiceHandicapIndex"/>
  <title value="Voice Handicap Index ValueSet"/>
  <status value="active"/>
  <date value="2023-06-19"/>
  <publisher value="KinD Lab"/>
  <contact>
    <name value="KinD Lab"/>
    <telecom>
      <system value="url"/>
      <value value="http://fhir.kindlab.sickkids.ca"/>
    </telecom>
  </contact>
  <description value="The Codes used by Voice Handicap Index"/>
  <compose>
    <include>
      <system value="https://voicecollab.ai/fhir/CodeSystem/voice-handicap-index"/>
    </include>
  </compose>
</ValueSet>