<?xml version="1.0" encoding="UTF-8"?>

<CodeSystem xmlns="http://hl7.org/fhir">
  <id value="mimic-medication-site"/>
  <language value="en"/>
  <text>
    <status value="generated"/><div xmlns="http://www.w3.org/1999/xhtml" xml:lang="en" lang="en"><p>This  code system <code>http://mimic.mit.edu/fhir/mimic/CodeSystem/mimic-medication-site</code> defines the following codes:</p><table class="codes"><tr><td style="white-space:nowrap"><b>Code</b></td></tr><tr><td style="white-space:nowrap">___<a name="mimic-medication-site-___"> </a></td></tr><tr><td style="white-space:nowrap">a<a name="mimic-medication-site-a"> </a></td></tr><tr><td style="white-space:nowrap">ab<a name="mimic-medication-site-ab"> </a></td></tr><tr><td style="white-space:nowrap">ABD<a name="mimic-medication-site-ABD"> </a></td></tr><tr><td style="white-space:nowrap">Abd<a name="mimic-medication-site-Abd"> </a></td></tr><tr><td style="white-space:nowrap">abd<a name="mimic-medication-site-abd"> </a></td></tr><tr><td style="white-space:nowrap">abd.<a name="mimic-medication-site-abd.46"> </a></td></tr><tr><td style="white-space:nowrap">abd and back<a name="mimic-medication-site-abdandback"> </a></td></tr><tr><td style="white-space:nowrap">abd/back<a name="mimic-medication-site-abd.47back"> </a></td></tr><tr><td style="white-space:nowrap">ABDOMEN<a name="mimic-medication-site-ABDOMEN"> </a></td></tr><tr><td style="white-space:nowrap">Abdomen<a name="mimic-medication-site-Abdomen"> </a></td></tr><tr><td style="white-space:nowrap">abdomen<a name="mimic-medication-site-abdomen"> </a></td></tr><tr><td style="white-space:nowrap">abdomen and back<a name="mimic-medication-site-abdomenandback"> </a></td></tr><tr><td style="white-space:nowrap">abdomen/back<a name="mimic-medication-site-abdomen.47back"> </a></td></tr><tr><td style="white-space:nowrap">above knee<a name="mimic-medication-site-aboveknee"> </a></td></tr><tr><td style="white-space:nowrap">Ankle<a name="mimic-medication-site-Ankle"> </a></td></tr><tr><td style="white-space:nowrap">ankle<a name="mimic-medication-site-ankle"> </a></td></tr><tr><td style="white-space:nowrap">ant chest<a name="mimic-medication-site-antchest"> </a></td></tr><tr><td style="white-space:nowrap">anterior chest<a name="mimic-medication-site-anteriorchest"> </a></td></tr><tr><td style="white-space:nowrap">anterior shoulder<a name="mimic-medication-site-anteriorshoulder"> </a></td></tr><tr><td style="white-space:nowrap">anterior thigh<a name="mimic-medication-site-anteriorthigh"> </a></td></tr><tr><td style="white-space:nowrap">ARM<a name="mimic-medication-site-ARM"> </a></td></tr><tr><td style="white-space:nowrap">Arm<a name="mimic-medication-site-Arm"> </a></td></tr><tr><td style="white-space:nowrap">arm<a name="mimic-medication-site-arm"> </a></td></tr><tr><td style="white-space:nowrap">arm,<a name="mimic-medication-site-arm.44"> </a></td></tr><tr><td style="white-space:nowrap">arm/shoulder<a name="mimic-medication-site-arm.47shoulder"> </a></td></tr><tr><td style="white-space:nowrap">arn<a name="mimic-medication-site-arn"> </a></td></tr><tr><td style="white-space:nowrap">axilla<a name="mimic-medication-site-axilla"> </a></td></tr><tr><td style="white-space:nowrap">axillary<a name="mimic-medication-site-axillary"> </a></td></tr><tr><td style="white-space:nowrap">BACK<a name="mimic-medication-site-BACK"> </a></td></tr><tr><td style="white-space:nowrap">Back<a name="mimic-medication-site-Back"> </a></td></tr><tr><td style="white-space:nowrap">bACK<a name="mimic-medication-site-bACK"> </a></td></tr><tr><td style="white-space:nowrap">baCK<a name="mimic-medication-site-baCK"> </a></td></tr><tr><td style="white-space:nowrap">b ack<a name="mimic-medication-site-back"> </a></td></tr><tr><td style="white-space:nowrap">back<a name="mimic-medication-site-back"> </a></td></tr><tr><td style="white-space:nowrap">back/abdomen<a name="mimic-medication-site-back.47abdomen"> </a></td></tr><tr><td style="white-space:nowrap">back and abdomen<a name="mimic-medication-site-backandabdomen"> </a></td></tr><tr><td style="white-space:nowrap">back and neck<a name="mimic-medication-site-backandneck"> </a></td></tr><tr><td style="white-space:nowrap">back/flank<a name="mimic-medication-site-back.47flank"> </a></td></tr><tr><td style="white-space:nowrap">back/hip<a name="mimic-medication-site-back.47hip"> </a></td></tr><tr><td style="white-space:nowrap">back lower<a name="mimic-medication-site-backlower"> </a></td></tr><tr><td style="white-space:nowrap">back neck<a name="mimic-medication-site-backneck"> </a></td></tr><tr><td style="white-space:nowrap">back/neck<a name="mimic-medication-site-back.47neck"> </a></td></tr><tr><td style="white-space:nowrap">back of arm<a name="mimic-medication-site-backofarm"> </a></td></tr><tr><td style="white-space:nowrap">back of ear<a name="mimic-medication-site-backofear"> </a></td></tr><tr><td style="white-space:nowrap">back of neck<a name="mimic-medication-site-backofneck"> </a></td></tr><tr><td style="white-space:nowrap">back of shoulder<a name="mimic-medication-site-backofshoulder"> </a></td></tr><tr><td style="white-space:nowrap">back of thigh<a name="mimic-medication-site-backofthigh"> </a></td></tr><tr><td style="white-space:nowrap">back/ribs<a name="mimic-medication-site-back.47ribs"> </a></td></tr><tr><td style="white-space:nowrap">back shoulder<a name="mimic-medication-site-backshoulder"> </a></td></tr><tr><td style="white-space:nowrap">back/shoulder<a name="mimic-medication-site-back.47shoulder"> </a></td></tr><tr><td style="white-space:nowrap">back/side<a name="mimic-medication-site-back.47side"> </a></td></tr><tr><td style="white-space:nowrap">bacl<a name="mimic-medication-site-bacl"> </a></td></tr><tr><td style="white-space:nowrap">bak<a name="mimic-medication-site-bak"> </a></td></tr><tr><td style="white-space:nowrap">bCK<a name="mimic-medication-site-bCK"> </a></td></tr><tr><td style="white-space:nowrap">bck<a name="mimic-medication-site-bck"> </a></td></tr><tr><td style="white-space:nowrap">Behind ear<a name="mimic-medication-site-Behindear"> </a></td></tr><tr><td style="white-space:nowrap">behind ear<a name="mimic-medication-site-behindear"> </a></td></tr><tr><td style="white-space:nowrap">behind left ear<a name="mimic-medication-site-behindleftear"> </a></td></tr><tr><td style="white-space:nowrap">behind R ear<a name="mimic-medication-site-behindRear"> </a></td></tr><tr><td style="white-space:nowrap">behind right ear<a name="mimic-medication-site-behindrightear"> </a></td></tr><tr><td style="white-space:nowrap">behind the ear<a name="mimic-medication-site-behindtheear"> </a></td></tr><tr><td style="white-space:nowrap">belly<a name="mimic-medication-site-belly"> </a></td></tr><tr><td style="white-space:nowrap">Bicep<a name="mimic-medication-site-Bicep"> </a></td></tr><tr><td style="white-space:nowrap">bicep<a name="mimic-medication-site-bicep"> </a></td></tr><tr><td style="white-space:nowrap">bicept<a name="mimic-medication-site-bicept"> </a></td></tr><tr><td style="white-space:nowrap">bilat chest<a name="mimic-medication-site-bilatchest"> </a></td></tr><tr><td style="white-space:nowrap">bilateral feet<a name="mimic-medication-site-bilateralfeet"> </a></td></tr><tr><td style="white-space:nowrap">bilateral hips<a name="mimic-medication-site-bilateralhips"> </a></td></tr><tr><td style="white-space:nowrap">Bilateral knees<a name="mimic-medication-site-Bilateralknees"> </a></td></tr><tr><td style="white-space:nowrap">bilateral knees<a name="mimic-medication-site-bilateralknees"> </a></td></tr><tr><td style="white-space:nowrap">bilateral legs<a name="mimic-medication-site-bilaterallegs"> </a></td></tr><tr><td style="white-space:nowrap">bilateral shoulders<a name="mimic-medication-site-bilateralshoulders"> </a></td></tr><tr><td style="white-space:nowrap">bilateral thighs<a name="mimic-medication-site-bilateralthighs"> </a></td></tr><tr><td style="white-space:nowrap">bilat feet<a name="mimic-medication-site-bilatfeet"> </a></td></tr><tr><td style="white-space:nowrap">bilat hips<a name="mimic-medication-site-bilathips"> </a></td></tr><tr><td style="white-space:nowrap">bilat knees<a name="mimic-medication-site-bilatknees"> </a></td></tr><tr><td style="white-space:nowrap">bilat legs<a name="mimic-medication-site-bilatlegs"> </a></td></tr><tr><td style="white-space:nowrap">bilat shoulders<a name="mimic-medication-site-bilatshoulders"> </a></td></tr><tr><td style="white-space:nowrap">BLE<a name="mimic-medication-site-BLE"> </a></td></tr><tr><td style="white-space:nowrap">b/l knees<a name="mimic-medication-site-b.47lknees"> </a></td></tr><tr><td style="white-space:nowrap">both knees<a name="mimic-medication-site-bothknees"> </a></td></tr><tr><td style="white-space:nowrap">both shoulders<a name="mimic-medication-site-bothshoulders"> </a></td></tr><tr><td style="white-space:nowrap">bottom<a name="mimic-medication-site-bottom"> </a></td></tr><tr><td style="white-space:nowrap">breast<a name="mimic-medication-site-breast"> </a></td></tr><tr><td style="white-space:nowrap">butt<a name="mimic-medication-site-butt"> </a></td></tr><tr><td style="white-space:nowrap">Buttock<a name="mimic-medication-site-Buttock"> </a></td></tr><tr><td style="white-space:nowrap">buttock<a name="mimic-medication-site-buttock"> </a></td></tr><tr><td style="white-space:nowrap">Buttocks<a name="mimic-medication-site-Buttocks"> </a></td></tr><tr><td style="white-space:nowrap">buttocks<a name="mimic-medication-site-buttocks"> </a></td></tr><tr><td style="white-space:nowrap">Calf<a name="mimic-medication-site-Calf"> </a></td></tr><tr><td style="white-space:nowrap">calf<a name="mimic-medication-site-calf"> </a></td></tr><tr><td style="white-space:nowrap">center<a name="mimic-medication-site-center"> </a></td></tr><tr><td style="white-space:nowrap">center back<a name="mimic-medication-site-centerback"> </a></td></tr><tr><td style="white-space:nowrap">center lower back<a name="mimic-medication-site-centerlowerback"> </a></td></tr><tr><td style="white-space:nowrap">cervical spine<a name="mimic-medication-site-cervicalspine"> </a></td></tr><tr><td style="white-space:nowrap">CHEST<a name="mimic-medication-site-CHEST"> </a></td></tr><tr><td style="white-space:nowrap">Chest<a name="mimic-medication-site-Chest"> </a></td></tr><tr><td style="white-space:nowrap">chest<a name="mimic-medication-site-chest"> </a></td></tr><tr><td style="white-space:nowrap">chest and back<a name="mimic-medication-site-chestandback"> </a></td></tr><tr><td style="white-space:nowrap">chest/back<a name="mimic-medication-site-chest.47back"> </a></td></tr><tr><td style="white-space:nowrap">chest/flank<a name="mimic-medication-site-chest.47flank"> </a></td></tr><tr><td style="white-space:nowrap">chest/ribs<a name="mimic-medication-site-chest.47ribs"> </a></td></tr><tr><td style="white-space:nowrap">chest/shoulder<a name="mimic-medication-site-chest.47shoulder"> </a></td></tr><tr><td style="white-space:nowrap">chest/side<a name="mimic-medication-site-chest.47side"> </a></td></tr><tr><td style="white-space:nowrap">chest tube site<a name="mimic-medication-site-chesttubesite"> </a></td></tr><tr><td style="white-space:nowrap">Chest wall<a name="mimic-medication-site-Chestwall"> </a></td></tr><tr><td style="white-space:nowrap">chest wall<a name="mimic-medication-site-chestwall"> </a></td></tr><tr><td style="white-space:nowrap">clavicle<a name="mimic-medication-site-clavicle"> </a></td></tr><tr><td style="white-space:nowrap">coccyx<a name="mimic-medication-site-coccyx"> </a></td></tr><tr><td style="white-space:nowrap">CT<a name="mimic-medication-site-CT"> </a></td></tr><tr><td style="white-space:nowrap">CT site<a name="mimic-medication-site-CTsite"> </a></td></tr><tr><td style="white-space:nowrap">ct site<a name="mimic-medication-site-ctsite"> </a></td></tr><tr><td style="white-space:nowrap">CW<a name="mimic-medication-site-CW"> </a></td></tr><tr><td style="white-space:nowrap">cw<a name="mimic-medication-site-cw"> </a></td></tr><tr><td style="white-space:nowrap">Delt<a name="mimic-medication-site-Delt"> </a></td></tr><tr><td style="white-space:nowrap">delt<a name="mimic-medication-site-delt"> </a></td></tr><tr><td style="white-space:nowrap">deltiod<a name="mimic-medication-site-deltiod"> </a></td></tr><tr><td style="white-space:nowrap">DELTOID<a name="mimic-medication-site-DELTOID"> </a></td></tr><tr><td style="white-space:nowrap">Deltoid<a name="mimic-medication-site-Deltoid"> </a></td></tr><tr><td style="white-space:nowrap">deltoid<a name="mimic-medication-site-deltoid"> </a></td></tr><tr><td style="white-space:nowrap">Deltoid area<a name="mimic-medication-site-Deltoidarea"> </a></td></tr><tr><td style="white-space:nowrap">deltoid area<a name="mimic-medication-site-deltoidarea"> </a></td></tr><tr><td style="white-space:nowrap">dorsal foot<a name="mimic-medication-site-dorsalfoot"> </a></td></tr><tr><td style="white-space:nowrap">drain site<a name="mimic-medication-site-drainsite"> </a></td></tr><tr><td style="white-space:nowrap">EAR<a name="mimic-medication-site-EAR"> </a></td></tr><tr><td style="white-space:nowrap">Ear<a name="mimic-medication-site-Ear"> </a></td></tr><tr><td style="white-space:nowrap">ear<a name="mimic-medication-site-ear"> </a></td></tr><tr><td style="white-space:nowrap">elbow<a name="mimic-medication-site-elbow"> </a></td></tr><tr><td style="white-space:nowrap">epigastric<a name="mimic-medication-site-epigastric"> </a></td></tr><tr><td style="white-space:nowrap">FA<a name="mimic-medication-site-FA"> </a></td></tr><tr><td style="white-space:nowrap">feet<a name="mimic-medication-site-feet"> </a></td></tr><tr><td style="white-space:nowrap">femur<a name="mimic-medication-site-femur"> </a></td></tr><tr><td style="white-space:nowrap">FLANK<a name="mimic-medication-site-FLANK"> </a></td></tr><tr><td style="white-space:nowrap">Flank<a name="mimic-medication-site-Flank"> </a></td></tr><tr><td style="white-space:nowrap">flank<a name="mimic-medication-site-flank"> </a></td></tr><tr><td style="white-space:nowrap">flank area<a name="mimic-medication-site-flankarea"> </a></td></tr><tr><td style="white-space:nowrap">flank/back<a name="mimic-medication-site-flank.47back"> </a></td></tr><tr><td style="white-space:nowrap">flank/chest<a name="mimic-medication-site-flank.47chest"> </a></td></tr><tr><td style="white-space:nowrap">FOOT<a name="mimic-medication-site-FOOT"> </a></td></tr><tr><td style="white-space:nowrap">Foot<a name="mimic-medication-site-Foot"> </a></td></tr><tr><td style="white-space:nowrap">foot<a name="mimic-medication-site-foot"> </a></td></tr><tr><td style="white-space:nowrap">Forearm<a name="mimic-medication-site-Forearm"> </a></td></tr><tr><td style="white-space:nowrap">forearm<a name="mimic-medication-site-forearm"> </a></td></tr><tr><td style="white-space:nowrap">glute<a name="mimic-medication-site-glute"> </a></td></tr><tr><td style="white-space:nowrap">gluteal<a name="mimic-medication-site-gluteal"> </a></td></tr><tr><td style="white-space:nowrap">gluteus<a name="mimic-medication-site-gluteus"> </a></td></tr><tr><td style="white-space:nowrap">Groin<a name="mimic-medication-site-Groin"> </a></td></tr><tr><td style="white-space:nowrap">groin<a name="mimic-medication-site-groin"> </a></td></tr><tr><td style="white-space:nowrap">hand<a name="mimic-medication-site-hand"> </a></td></tr><tr><td style="white-space:nowrap">hands<a name="mimic-medication-site-hands"> </a></td></tr><tr><td style="white-space:nowrap">heel<a name="mimic-medication-site-heel"> </a></td></tr><tr><td style="white-space:nowrap">heels<a name="mimic-medication-site-heels"> </a></td></tr><tr><td style="white-space:nowrap">HIP<a name="mimic-medication-site-HIP"> </a></td></tr><tr><td style="white-space:nowrap">Hip<a name="mimic-medication-site-Hip"> </a></td></tr><tr><td style="white-space:nowrap">hip<a name="mimic-medication-site-hip"> </a></td></tr><tr><td style="white-space:nowrap">hip and thigh<a name="mimic-medication-site-hipandthigh"> </a></td></tr><tr><td style="white-space:nowrap">hip/back<a name="mimic-medication-site-hip.47back"> </a></td></tr><tr><td style="white-space:nowrap">hip/buttock<a name="mimic-medication-site-hip.47buttock"> </a></td></tr><tr><td style="white-space:nowrap">hips<a name="mimic-medication-site-hips"> </a></td></tr><tr><td style="white-space:nowrap">hip/thigh<a name="mimic-medication-site-hip.47thigh"> </a></td></tr><tr><td style="white-space:nowrap">incision<a name="mimic-medication-site-incision"> </a></td></tr><tr><td style="white-space:nowrap">inner thigh<a name="mimic-medication-site-innerthigh"> </a></td></tr><tr><td style="white-space:nowrap">KNEE<a name="mimic-medication-site-KNEE"> </a></td></tr><tr><td style="white-space:nowrap">Knee<a name="mimic-medication-site-Knee"> </a></td></tr><tr><td style="white-space:nowrap">knee<a name="mimic-medication-site-knee"> </a></td></tr><tr><td style="white-space:nowrap">kneee<a name="mimic-medication-site-kneee"> </a></td></tr><tr><td style="white-space:nowrap">knees<a name="mimic-medication-site-knees"> </a></td></tr><tr><td style="white-space:nowrap">L arm<a name="mimic-medication-site-Larm"> </a></td></tr><tr><td style="white-space:nowrap">lateral<a name="mimic-medication-site-lateral"> </a></td></tr><tr><td style="white-space:nowrap">lateral abdomen<a name="mimic-medication-site-lateralabdomen"> </a></td></tr><tr><td style="white-space:nowrap">lateral back<a name="mimic-medication-site-lateralback"> </a></td></tr><tr><td style="white-space:nowrap">lateral chest<a name="mimic-medication-site-lateralchest"> </a></td></tr><tr><td style="white-space:nowrap">lateral chest wall<a name="mimic-medication-site-lateralchestwall"> </a></td></tr><tr><td style="white-space:nowrap">lateral side<a name="mimic-medication-site-lateralside"> </a></td></tr><tr><td style="white-space:nowrap">lateral thigh<a name="mimic-medication-site-lateralthigh"> </a></td></tr><tr><td style="white-space:nowrap">LB<a name="mimic-medication-site-LB"> </a></td></tr><tr><td style="white-space:nowrap">lb<a name="mimic-medication-site-lb"> </a></td></tr><tr><td style="white-space:nowrap">LE<a name="mimic-medication-site-LE"> </a></td></tr><tr><td style="white-space:nowrap">le<a name="mimic-medication-site-le"> </a></td></tr><tr><td style="white-space:nowrap">left<a name="mimic-medication-site-left"> </a></td></tr><tr><td style="white-space:nowrap">left arm<a name="mimic-medication-site-leftarm"> </a></td></tr><tr><td style="white-space:nowrap">left back<a name="mimic-medication-site-leftback"> </a></td></tr><tr><td style="white-space:nowrap">left deltoid<a name="mimic-medication-site-leftdeltoid"> </a></td></tr><tr><td style="white-space:nowrap">left ear<a name="mimic-medication-site-leftear"> </a></td></tr><tr><td style="white-space:nowrap">left flank<a name="mimic-medication-site-leftflank"> </a></td></tr><tr><td style="white-space:nowrap">left hip<a name="mimic-medication-site-lefthip"> </a></td></tr><tr><td style="white-space:nowrap">left knee<a name="mimic-medication-site-leftknee"> </a></td></tr><tr><td style="white-space:nowrap">left lower back<a name="mimic-medication-site-leftlowerback"> </a></td></tr><tr><td style="white-space:nowrap">left shoulder<a name="mimic-medication-site-leftshoulder"> </a></td></tr><tr><td style="white-space:nowrap">left side<a name="mimic-medication-site-leftside"> </a></td></tr><tr><td style="white-space:nowrap">left upper arm<a name="mimic-medication-site-leftupperarm"> </a></td></tr><tr><td style="white-space:nowrap">LEG<a name="mimic-medication-site-LEG"> </a></td></tr><tr><td style="white-space:nowrap">Leg<a name="mimic-medication-site-Leg"> </a></td></tr><tr><td style="white-space:nowrap">leg<a name="mimic-medication-site-leg"> </a></td></tr><tr><td style="white-space:nowrap">legs<a name="mimic-medication-site-legs"> </a></td></tr><tr><td style="white-space:nowrap">L flank<a name="mimic-medication-site-Lflank"> </a></td></tr><tr><td style="white-space:nowrap">LLE<a name="mimic-medication-site-LLE"> </a></td></tr><tr><td style="white-space:nowrap">LLQ<a name="mimic-medication-site-LLQ"> </a></td></tr><tr><td style="white-space:nowrap">llq<a name="mimic-medication-site-llq"> </a></td></tr><tr><td style="white-space:nowrap">lolwer back<a name="mimic-medication-site-lolwerback"> </a></td></tr><tr><td style="white-space:nowrap">Low Back<a name="mimic-medication-site-LowBack"> </a></td></tr><tr><td style="white-space:nowrap">Low back<a name="mimic-medication-site-Lowback"> </a></td></tr><tr><td style="white-space:nowrap">low back<a name="mimic-medication-site-lowback"> </a></td></tr><tr><td style="white-space:nowrap">lowe back<a name="mimic-medication-site-loweback"> </a></td></tr><tr><td style="white-space:nowrap">lower<a name="mimic-medication-site-lower"> </a></td></tr><tr><td style="white-space:nowrap">lower abd<a name="mimic-medication-site-lowerabd"> </a></td></tr><tr><td style="white-space:nowrap">lower abdomen<a name="mimic-medication-site-lowerabdomen"> </a></td></tr><tr><td style="white-space:nowrap">LOWER BACK<a name="mimic-medication-site-LOWERBACK"> </a></td></tr><tr><td style="white-space:nowrap">Lower Back<a name="mimic-medication-site-LowerBack"> </a></td></tr><tr><td style="white-space:nowrap">Lower back<a name="mimic-medication-site-Lowerback"> </a></td></tr><tr><td style="white-space:nowrap">lower baCK<a name="mimic-medication-site-lowerbaCK"> </a></td></tr><tr><td style="white-space:nowrap">lower back<a name="mimic-medication-site-lowerback"> </a></td></tr><tr><td style="white-space:nowrap">lowerback<a name="mimic-medication-site-lowerback"> </a></td></tr><tr><td style="white-space:nowrap">lower back/hip<a name="mimic-medication-site-lowerback.47hip"> </a></td></tr><tr><td style="white-space:nowrap">lower chest<a name="mimic-medication-site-lowerchest"> </a></td></tr><tr><td style="white-space:nowrap">lower flank<a name="mimic-medication-site-lowerflank"> </a></td></tr><tr><td style="white-space:nowrap">lower leg<a name="mimic-medication-site-lowerleg"> </a></td></tr><tr><td style="white-space:nowrap">lower lumbar<a name="mimic-medication-site-lowerlumbar"> </a></td></tr><tr><td style="white-space:nowrap">lower quadrant<a name="mimic-medication-site-lowerquadrant"> </a></td></tr><tr><td style="white-space:nowrap">lower rib<a name="mimic-medication-site-lowerrib"> </a></td></tr><tr><td style="white-space:nowrap">lower ribs<a name="mimic-medication-site-lowerribs"> </a></td></tr><tr><td style="white-space:nowrap">lower spine<a name="mimic-medication-site-lowerspine"> </a></td></tr><tr><td style="white-space:nowrap">LQ<a name="mimic-medication-site-LQ"> </a></td></tr><tr><td style="white-space:nowrap">L shoulder<a name="mimic-medication-site-Lshoulder"> </a></td></tr><tr><td style="white-space:nowrap">LUE<a name="mimic-medication-site-LUE"> </a></td></tr><tr><td style="white-space:nowrap">lue<a name="mimic-medication-site-lue"> </a></td></tr><tr><td style="white-space:nowrap">Lumbar<a name="mimic-medication-site-Lumbar"> </a></td></tr><tr><td style="white-space:nowrap">lumbar<a name="mimic-medication-site-lumbar"> </a></td></tr><tr><td style="white-space:nowrap">lumbar area<a name="mimic-medication-site-lumbararea"> </a></td></tr><tr><td style="white-space:nowrap">lumbar back<a name="mimic-medication-site-lumbarback"> </a></td></tr><tr><td style="white-space:nowrap">lumbar spine<a name="mimic-medication-site-lumbarspine"> </a></td></tr><tr><td style="white-space:nowrap">LUQ<a name="mimic-medication-site-LUQ"> </a></td></tr><tr><td style="white-space:nowrap">mid abdomen<a name="mimic-medication-site-midabdomen"> </a></td></tr><tr><td style="white-space:nowrap">Mid back<a name="mimic-medication-site-Midback"> </a></td></tr><tr><td style="white-space:nowrap">mid back<a name="mimic-medication-site-midback"> </a></td></tr><tr><td style="white-space:nowrap">mid-back<a name="mimic-medication-site-mid-back"> </a></td></tr><tr><td style="white-space:nowrap">midback<a name="mimic-medication-site-midback"> </a></td></tr><tr><td style="white-space:nowrap">middle<a name="mimic-medication-site-middle"> </a></td></tr><tr><td style="white-space:nowrap">middle back<a name="mimic-medication-site-middleback"> </a></td></tr><tr><td style="white-space:nowrap">middle lower back<a name="mimic-medication-site-middlelowerback"> </a></td></tr><tr><td style="white-space:nowrap">mid lower back<a name="mimic-medication-site-midlowerback"> </a></td></tr><tr><td style="white-space:nowrap">NECK<a name="mimic-medication-site-NECK"> </a></td></tr><tr><td style="white-space:nowrap">Neck<a name="mimic-medication-site-Neck"> </a></td></tr><tr><td style="white-space:nowrap">neck<a name="mimic-medication-site-neck"> </a></td></tr><tr><td style="white-space:nowrap">neck and back<a name="mimic-medication-site-neckandback"> </a></td></tr><tr><td style="white-space:nowrap">neck/back<a name="mimic-medication-site-neck.47back"> </a></td></tr><tr><td style="white-space:nowrap">neck/shoulder<a name="mimic-medication-site-neck.47shoulder"> </a></td></tr><tr><td style="white-space:nowrap">outer thigh<a name="mimic-medication-site-outerthigh"> </a></td></tr><tr><td style="white-space:nowrap">parasternal<a name="mimic-medication-site-parasternal"> </a></td></tr><tr><td style="white-space:nowrap">post ear<a name="mimic-medication-site-postear"> </a></td></tr><tr><td style="white-space:nowrap">posterior back<a name="mimic-medication-site-posteriorback"> </a></td></tr><tr><td style="white-space:nowrap">posterior chest<a name="mimic-medication-site-posteriorchest"> </a></td></tr><tr><td style="white-space:nowrap">posterior ear<a name="mimic-medication-site-posteriorear"> </a></td></tr><tr><td style="white-space:nowrap">posterior hip<a name="mimic-medication-site-posteriorhip"> </a></td></tr><tr><td style="white-space:nowrap">posterior knee<a name="mimic-medication-site-posteriorknee"> </a></td></tr><tr><td style="white-space:nowrap">posterior neck<a name="mimic-medication-site-posteriorneck"> </a></td></tr><tr><td style="white-space:nowrap">posterior ribs<a name="mimic-medication-site-posteriorribs"> </a></td></tr><tr><td style="white-space:nowrap">posterior shoulder<a name="mimic-medication-site-posteriorshoulder"> </a></td></tr><tr><td style="white-space:nowrap">posterior thigh<a name="mimic-medication-site-posteriorthigh"> </a></td></tr><tr><td style="white-space:nowrap">post neck<a name="mimic-medication-site-postneck"> </a></td></tr><tr><td style="white-space:nowrap">post shoulder<a name="mimic-medication-site-postshoulder"> </a></td></tr><tr><td style="white-space:nowrap">R arm<a name="mimic-medication-site-Rarm"> </a></td></tr><tr><td style="white-space:nowrap">r arm<a name="mimic-medication-site-rarm"> </a></td></tr><tr><td style="white-space:nowrap">R hip<a name="mimic-medication-site-Rhip"> </a></td></tr><tr><td style="white-space:nowrap">RIB<a name="mimic-medication-site-RIB"> </a></td></tr><tr><td style="white-space:nowrap">Rib<a name="mimic-medication-site-Rib"> </a></td></tr><tr><td style="white-space:nowrap">rib<a name="mimic-medication-site-rib"> </a></td></tr><tr><td style="white-space:nowrap">rib area<a name="mimic-medication-site-ribarea"> </a></td></tr><tr><td style="white-space:nowrap">Rib cage<a name="mimic-medication-site-Ribcage"> </a></td></tr><tr><td style="white-space:nowrap">rib cage<a name="mimic-medication-site-ribcage"> </a></td></tr><tr><td style="white-space:nowrap">ribcage<a name="mimic-medication-site-ribcage"> </a></td></tr><tr><td style="white-space:nowrap">RIBS<a name="mimic-medication-site-RIBS"> </a></td></tr><tr><td style="white-space:nowrap">Ribs<a name="mimic-medication-site-Ribs"> </a></td></tr><tr><td style="white-space:nowrap">ribs<a name="mimic-medication-site-ribs"> </a></td></tr><tr><td style="white-space:nowrap">right<a name="mimic-medication-site-right"> </a></td></tr><tr><td style="white-space:nowrap">right arm<a name="mimic-medication-site-rightarm"> </a></td></tr><tr><td style="white-space:nowrap">right back<a name="mimic-medication-site-rightback"> </a></td></tr><tr><td style="white-space:nowrap">right flank<a name="mimic-medication-site-rightflank"> </a></td></tr><tr><td style="white-space:nowrap">right hip<a name="mimic-medication-site-righthip"> </a></td></tr><tr><td style="white-space:nowrap">right knee<a name="mimic-medication-site-rightknee"> </a></td></tr><tr><td style="white-space:nowrap">right lower back<a name="mimic-medication-site-rightlowerback"> </a></td></tr><tr><td style="white-space:nowrap">right shoulder<a name="mimic-medication-site-rightshoulder"> </a></td></tr><tr><td style="white-space:nowrap">RLE<a name="mimic-medication-site-RLE"> </a></td></tr><tr><td style="white-space:nowrap">R lower back<a name="mimic-medication-site-Rlowerback"> </a></td></tr><tr><td style="white-space:nowrap">RLQ<a name="mimic-medication-site-RLQ"> </a></td></tr><tr><td style="white-space:nowrap">rlq<a name="mimic-medication-site-rlq"> </a></td></tr><tr><td style="white-space:nowrap">RLQ abdomen<a name="mimic-medication-site-RLQabdomen"> </a></td></tr><tr><td style="white-space:nowrap">R shoulder<a name="mimic-medication-site-Rshoulder"> </a></td></tr><tr><td style="white-space:nowrap">r shoulder<a name="mimic-medication-site-rshoulder"> </a></td></tr><tr><td style="white-space:nowrap">RUA<a name="mimic-medication-site-RUA"> </a></td></tr><tr><td style="white-space:nowrap">RUE<a name="mimic-medication-site-RUE"> </a></td></tr><tr><td style="white-space:nowrap">rue<a name="mimic-medication-site-rue"> </a></td></tr><tr><td style="white-space:nowrap">RUQ<a name="mimic-medication-site-RUQ"> </a></td></tr><tr><td style="white-space:nowrap">ruq<a name="mimic-medication-site-ruq"> </a></td></tr><tr><td style="white-space:nowrap">RUQ abd<a name="mimic-medication-site-RUQabd"> </a></td></tr><tr><td style="white-space:nowrap">RUQ abdomen<a name="mimic-medication-site-RUQabdomen"> </a></td></tr><tr><td style="white-space:nowrap">sacral<a name="mimic-medication-site-sacral"> </a></td></tr><tr><td style="white-space:nowrap">sacrum<a name="mimic-medication-site-sacrum"> </a></td></tr><tr><td style="white-space:nowrap">Scapula<a name="mimic-medication-site-Scapula"> </a></td></tr><tr><td style="white-space:nowrap">scapula<a name="mimic-medication-site-scapula"> </a></td></tr><tr><td style="white-space:nowrap">scapular<a name="mimic-medication-site-scapular"> </a></td></tr><tr><td style="white-space:nowrap">schoulder<a name="mimic-medication-site-schoulder"> </a></td></tr><tr><td style="white-space:nowrap">sh<a name="mimic-medication-site-sh"> </a></td></tr><tr><td style="white-space:nowrap">shin<a name="mimic-medication-site-shin"> </a></td></tr><tr><td style="white-space:nowrap">shld<a name="mimic-medication-site-shld"> </a></td></tr><tr><td style="white-space:nowrap">shldr<a name="mimic-medication-site-shldr"> </a></td></tr><tr><td style="white-space:nowrap">sholder<a name="mimic-medication-site-sholder"> </a></td></tr><tr><td style="white-space:nowrap">shouder<a name="mimic-medication-site-shouder"> </a></td></tr><tr><td style="white-space:nowrap">shoudler<a name="mimic-medication-site-shoudler"> </a></td></tr><tr><td style="white-space:nowrap">shouilder<a name="mimic-medication-site-shouilder"> </a></td></tr><tr><td style="white-space:nowrap">shoukder<a name="mimic-medication-site-shoukder"> </a></td></tr><tr><td style="white-space:nowrap">shouklder<a name="mimic-medication-site-shouklder"> </a></td></tr><tr><td style="white-space:nowrap">SHOULDER<a name="mimic-medication-site-SHOULDER"> </a></td></tr><tr><td style="white-space:nowrap">Shoulder<a name="mimic-medication-site-Shoulder"> </a></td></tr><tr><td style="white-space:nowrap">shoulder<a name="mimic-medication-site-shoulder"> </a></td></tr><tr><td style="white-space:nowrap">shoulder.<a name="mimic-medication-site-shoulder.46"> </a></td></tr><tr><td style="white-space:nowrap">shoulder and back<a name="mimic-medication-site-shoulderandback"> </a></td></tr><tr><td style="white-space:nowrap">shoulder and hip<a name="mimic-medication-site-shoulderandhip"> </a></td></tr><tr><td style="white-space:nowrap">shoulder/arm<a name="mimic-medication-site-shoulder.47arm"> </a></td></tr><tr><td style="white-space:nowrap">shoulder/back<a name="mimic-medication-site-shoulder.47back"> </a></td></tr><tr><td style="white-space:nowrap">shoulder blade<a name="mimic-medication-site-shoulderblade"> </a></td></tr><tr><td style="white-space:nowrap">shoulder blades<a name="mimic-medication-site-shoulderblades"> </a></td></tr><tr><td style="white-space:nowrap">shoulder/chest<a name="mimic-medication-site-shoulder.47chest"> </a></td></tr><tr><td style="white-space:nowrap">shoulder/neck<a name="mimic-medication-site-shoulder.47neck"> </a></td></tr><tr><td style="white-space:nowrap">shoulders<a name="mimic-medication-site-shoulders"> </a></td></tr><tr><td style="white-space:nowrap">shouldert<a name="mimic-medication-site-shouldert"> </a></td></tr><tr><td style="white-space:nowrap">shoulder/upper back<a name="mimic-medication-site-shoulder.47upperback"> </a></td></tr><tr><td style="white-space:nowrap">shouler<a name="mimic-medication-site-shouler"> </a></td></tr><tr><td style="white-space:nowrap">Side<a name="mimic-medication-site-Side"> </a></td></tr><tr><td style="white-space:nowrap">side<a name="mimic-medication-site-side"> </a></td></tr><tr><td style="white-space:nowrap">side/back<a name="mimic-medication-site-side.47back"> </a></td></tr><tr><td style="white-space:nowrap">spine<a name="mimic-medication-site-spine"> </a></td></tr><tr><td style="white-space:nowrap">sternal<a name="mimic-medication-site-sternal"> </a></td></tr><tr><td style="white-space:nowrap">sternal incision<a name="mimic-medication-site-sternalincision"> </a></td></tr><tr><td style="white-space:nowrap">Sternum<a name="mimic-medication-site-Sternum"> </a></td></tr><tr><td style="white-space:nowrap">sternum<a name="mimic-medication-site-sternum"> </a></td></tr><tr><td style="white-space:nowrap">stomach<a name="mimic-medication-site-stomach"> </a></td></tr><tr><td style="white-space:nowrap">stomach and back<a name="mimic-medication-site-stomachandback"> </a></td></tr><tr><td style="white-space:nowrap">stump<a name="mimic-medication-site-stump"> </a></td></tr><tr><td style="white-space:nowrap">tailbone<a name="mimic-medication-site-tailbone"> </a></td></tr><tr><td style="white-space:nowrap">Thigh<a name="mimic-medication-site-Thigh"> </a></td></tr><tr><td style="white-space:nowrap">thigh<a name="mimic-medication-site-thigh"> </a></td></tr><tr><td style="white-space:nowrap">thoracic<a name="mimic-medication-site-thoracic"> </a></td></tr><tr><td style="white-space:nowrap">thoracotomy<a name="mimic-medication-site-thoracotomy"> </a></td></tr><tr><td style="white-space:nowrap">thoracotomy site<a name="mimic-medication-site-thoracotomysite"> </a></td></tr><tr><td style="white-space:nowrap">thorax<a name="mimic-medication-site-thorax"> </a></td></tr><tr><td style="white-space:nowrap">top of foot<a name="mimic-medication-site-topoffoot"> </a></td></tr><tr><td style="white-space:nowrap">torso<a name="mimic-medication-site-torso"> </a></td></tr><tr><td style="white-space:nowrap">trap<a name="mimic-medication-site-trap"> </a></td></tr><tr><td style="white-space:nowrap">trunk<a name="mimic-medication-site-trunk"> </a></td></tr><tr><td style="white-space:nowrap">UA<a name="mimic-medication-site-UA"> </a></td></tr><tr><td style="white-space:nowrap">UE<a name="mimic-medication-site-UE"> </a></td></tr><tr><td style="white-space:nowrap">ue<a name="mimic-medication-site-ue"> </a></td></tr><tr><td style="white-space:nowrap">underarm<a name="mimic-medication-site-underarm"> </a></td></tr><tr><td style="white-space:nowrap">under breast<a name="mimic-medication-site-underbreast"> </a></td></tr><tr><td style="white-space:nowrap">under ear<a name="mimic-medication-site-underear"> </a></td></tr><tr><td style="white-space:nowrap">upper<a name="mimic-medication-site-upper"> </a></td></tr><tr><td style="white-space:nowrap">upper abd<a name="mimic-medication-site-upperabd"> </a></td></tr><tr><td style="white-space:nowrap">upper abdomen<a name="mimic-medication-site-upperabdomen"> </a></td></tr><tr><td style="white-space:nowrap">upper and lower back<a name="mimic-medication-site-upperandlowerback"> </a></td></tr><tr><td style="white-space:nowrap">Upper Arm<a name="mimic-medication-site-UpperArm"> </a></td></tr><tr><td style="white-space:nowrap">Upper arm<a name="mimic-medication-site-Upperarm"> </a></td></tr><tr><td style="white-space:nowrap">upper arm<a name="mimic-medication-site-upperarm"> </a></td></tr><tr><td style="white-space:nowrap">Upper Back<a name="mimic-medication-site-UpperBack"> </a></td></tr><tr><td style="white-space:nowrap">Upper back<a name="mimic-medication-site-Upperback"> </a></td></tr><tr><td style="white-space:nowrap">upper back<a name="mimic-medication-site-upperback"> </a></td></tr><tr><td style="white-space:nowrap">upper back/neck<a name="mimic-medication-site-upperback.47neck"> </a></td></tr><tr><td style="white-space:nowrap">upper back/shoulder<a name="mimic-medication-site-upperback.47shoulder"> </a></td></tr><tr><td style="white-space:nowrap">upper chest<a name="mimic-medication-site-upperchest"> </a></td></tr><tr><td style="white-space:nowrap">upper extremity<a name="mimic-medication-site-upperextremity"> </a></td></tr><tr><td style="white-space:nowrap">upper leg<a name="mimic-medication-site-upperleg"> </a></td></tr><tr><td style="white-space:nowrap">upper quad<a name="mimic-medication-site-upperquad"> </a></td></tr><tr><td style="white-space:nowrap">upper quadrant<a name="mimic-medication-site-upperquadrant"> </a></td></tr><tr><td style="white-space:nowrap">upper shoulder<a name="mimic-medication-site-uppershoulder"> </a></td></tr><tr><td style="white-space:nowrap">Upper thigh<a name="mimic-medication-site-Upperthigh"> </a></td></tr><tr><td style="white-space:nowrap">upper thigh<a name="mimic-medication-site-upperthigh"> </a></td></tr><tr><td style="white-space:nowrap">UQ<a name="mimic-medication-site-UQ"> </a></td></tr><tr><td style="white-space:nowrap">wrist<a name="mimic-medication-site-wrist"> </a></td></tr></table></div>
  </text>
  <url value="http://mimic.mit.edu/fhir/mimic/CodeSystem/mimic-medication-site"/>
  <version value="1.3.0"/>
  <name value="MimicMedicationSite"/>
  <title value="MimicMedicationSite"/>
  <status value="draft"/>
  <date value="2022-09-21T13:59:43-04:00"/>
  <publisher value="KinD Lab"/>
  <contact>
    <name value="KinD Lab"/>
    <telecom>
      <system value="url"/>
      <value value="http://fhir.kindlab.sickkids.ca"/>
    </telecom>
  </contact>
  <description value="The medication site for administration in MIMIC"/>
  <valueSet value="http://mimic.mit.edu/fhir/mimic/ValueSet/mimic-medication-site"/>
  <content value="complete"/>
  <concept>
    <code value="___"/>
  </concept>
  <concept>
    <code value="a"/>
  </concept>
  <concept>
    <code value="ab"/>
  </concept>
  <concept>
    <code value="ABD"/>
  </concept>
  <concept>
    <code value="Abd"/>
  </concept>
  <concept>
    <code value="abd"/>
  </concept>
  <concept>
    <code value="abd."/>
  </concept>
  <concept>
    <code value="abd and back"/>
  </concept>
  <concept>
    <code value="abd/back"/>
  </concept>
  <concept>
    <code value="ABDOMEN"/>
  </concept>
  <concept>
    <code value="Abdomen"/>
  </concept>
  <concept>
    <code value="abdomen"/>
  </concept>
  <concept>
    <code value="abdomen and back"/>
  </concept>
  <concept>
    <code value="abdomen/back"/>
  </concept>
  <concept>
    <code value="above knee"/>
  </concept>
  <concept>
    <code value="Ankle"/>
  </concept>
  <concept>
    <code value="ankle"/>
  </concept>
  <concept>
    <code value="ant chest"/>
  </concept>
  <concept>
    <code value="anterior chest"/>
  </concept>
  <concept>
    <code value="anterior shoulder"/>
  </concept>
  <concept>
    <code value="anterior thigh"/>
  </concept>
  <concept>
    <code value="ARM"/>
  </concept>
  <concept>
    <code value="Arm"/>
  </concept>
  <concept>
    <code value="arm"/>
  </concept>
  <concept>
    <code value="arm,"/>
  </concept>
  <concept>
    <code value="arm/shoulder"/>
  </concept>
  <concept>
    <code value="arn"/>
  </concept>
  <concept>
    <code value="axilla"/>
  </concept>
  <concept>
    <code value="axillary"/>
  </concept>
  <concept>
    <code value="BACK"/>
  </concept>
  <concept>
    <code value="Back"/>
  </concept>
  <concept>
    <code value="bACK"/>
  </concept>
  <concept>
    <code value="baCK"/>
  </concept>
  <concept>
    <code value="b ack"/>
  </concept>
  <concept>
    <code value="back"/>
  </concept>
  <concept>
    <code value="back/abdomen"/>
  </concept>
  <concept>
    <code value="back and abdomen"/>
  </concept>
  <concept>
    <code value="back and neck"/>
  </concept>
  <concept>
    <code value="back/flank"/>
  </concept>
  <concept>
    <code value="back/hip"/>
  </concept>
  <concept>
    <code value="back lower"/>
  </concept>
  <concept>
    <code value="back neck"/>
  </concept>
  <concept>
    <code value="back/neck"/>
  </concept>
  <concept>
    <code value="back of arm"/>
  </concept>
  <concept>
    <code value="back of ear"/>
  </concept>
  <concept>
    <code value="back of neck"/>
  </concept>
  <concept>
    <code value="back of shoulder"/>
  </concept>
  <concept>
    <code value="back of thigh"/>
  </concept>
  <concept>
    <code value="back/ribs"/>
  </concept>
  <concept>
    <code value="back shoulder"/>
  </concept>
  <concept>
    <code value="back/shoulder"/>
  </concept>
  <concept>
    <code value="back/side"/>
  </concept>
  <concept>
    <code value="bacl"/>
  </concept>
  <concept>
    <code value="bak"/>
  </concept>
  <concept>
    <code value="bCK"/>
  </concept>
  <concept>
    <code value="bck"/>
  </concept>
  <concept>
    <code value="Behind ear"/>
  </concept>
  <concept>
    <code value="behind ear"/>
  </concept>
  <concept>
    <code value="behind left ear"/>
  </concept>
  <concept>
    <code value="behind R ear"/>
  </concept>
  <concept>
    <code value="behind right ear"/>
  </concept>
  <concept>
    <code value="behind the ear"/>
  </concept>
  <concept>
    <code value="belly"/>
  </concept>
  <concept>
    <code value="Bicep"/>
  </concept>
  <concept>
    <code value="bicep"/>
  </concept>
  <concept>
    <code value="bicept"/>
  </concept>
  <concept>
    <code value="bilat chest"/>
  </concept>
  <concept>
    <code value="bilateral feet"/>
  </concept>
  <concept>
    <code value="bilateral hips"/>
  </concept>
  <concept>
    <code value="Bilateral knees"/>
  </concept>
  <concept>
    <code value="bilateral knees"/>
  </concept>
  <concept>
    <code value="bilateral legs"/>
  </concept>
  <concept>
    <code value="bilateral shoulders"/>
  </concept>
  <concept>
    <code value="bilateral thighs"/>
  </concept>
  <concept>
    <code value="bilat feet"/>
  </concept>
  <concept>
    <code value="bilat hips"/>
  </concept>
  <concept>
    <code value="bilat knees"/>
  </concept>
  <concept>
    <code value="bilat legs"/>
  </concept>
  <concept>
    <code value="bilat shoulders"/>
  </concept>
  <concept>
    <code value="BLE"/>
  </concept>
  <concept>
    <code value="b/l knees"/>
  </concept>
  <concept>
    <code value="both knees"/>
  </concept>
  <concept>
    <code value="both shoulders"/>
  </concept>
  <concept>
    <code value="bottom"/>
  </concept>
  <concept>
    <code value="breast"/>
  </concept>
  <concept>
    <code value="butt"/>
  </concept>
  <concept>
    <code value="Buttock"/>
  </concept>
  <concept>
    <code value="buttock"/>
  </concept>
  <concept>
    <code value="Buttocks"/>
  </concept>
  <concept>
    <code value="buttocks"/>
  </concept>
  <concept>
    <code value="Calf"/>
  </concept>
  <concept>
    <code value="calf"/>
  </concept>
  <concept>
    <code value="center"/>
  </concept>
  <concept>
    <code value="center back"/>
  </concept>
  <concept>
    <code value="center lower back"/>
  </concept>
  <concept>
    <code value="cervical spine"/>
  </concept>
  <concept>
    <code value="CHEST"/>
  </concept>
  <concept>
    <code value="Chest"/>
  </concept>
  <concept>
    <code value="chest"/>
  </concept>
  <concept>
    <code value="chest and back"/>
  </concept>
  <concept>
    <code value="chest/back"/>
  </concept>
  <concept>
    <code value="chest/flank"/>
  </concept>
  <concept>
    <code value="chest/ribs"/>
  </concept>
  <concept>
    <code value="chest/shoulder"/>
  </concept>
  <concept>
    <code value="chest/side"/>
  </concept>
  <concept>
    <code value="chest tube site"/>
  </concept>
  <concept>
    <code value="Chest wall"/>
  </concept>
  <concept>
    <code value="chest wall"/>
  </concept>
  <concept>
    <code value="clavicle"/>
  </concept>
  <concept>
    <code value="coccyx"/>
  </concept>
  <concept>
    <code value="CT"/>
  </concept>
  <concept>
    <code value="CT site"/>
  </concept>
  <concept>
    <code value="ct site"/>
  </concept>
  <concept>
    <code value="CW"/>
  </concept>
  <concept>
    <code value="cw"/>
  </concept>
  <concept>
    <code value="Delt"/>
  </concept>
  <concept>
    <code value="delt"/>
  </concept>
  <concept>
    <code value="deltiod"/>
  </concept>
  <concept>
    <code value="DELTOID"/>
  </concept>
  <concept>
    <code value="Deltoid"/>
  </concept>
  <concept>
    <code value="deltoid"/>
  </concept>
  <concept>
    <code value="Deltoid area"/>
  </concept>
  <concept>
    <code value="deltoid area"/>
  </concept>
  <concept>
    <code value="dorsal foot"/>
  </concept>
  <concept>
    <code value="drain site"/>
  </concept>
  <concept>
    <code value="EAR"/>
  </concept>
  <concept>
    <code value="Ear"/>
  </concept>
  <concept>
    <code value="ear"/>
  </concept>
  <concept>
    <code value="elbow"/>
  </concept>
  <concept>
    <code value="epigastric"/>
  </concept>
  <concept>
    <code value="FA"/>
  </concept>
  <concept>
    <code value="feet"/>
  </concept>
  <concept>
    <code value="femur"/>
  </concept>
  <concept>
    <code value="FLANK"/>
  </concept>
  <concept>
    <code value="Flank"/>
  </concept>
  <concept>
    <code value="flank"/>
  </concept>
  <concept>
    <code value="flank area"/>
  </concept>
  <concept>
    <code value="flank/back"/>
  </concept>
  <concept>
    <code value="flank/chest"/>
  </concept>
  <concept>
    <code value="FOOT"/>
  </concept>
  <concept>
    <code value="Foot"/>
  </concept>
  <concept>
    <code value="foot"/>
  </concept>
  <concept>
    <code value="Forearm"/>
  </concept>
  <concept>
    <code value="forearm"/>
  </concept>
  <concept>
    <code value="glute"/>
  </concept>
  <concept>
    <code value="gluteal"/>
  </concept>
  <concept>
    <code value="gluteus"/>
  </concept>
  <concept>
    <code value="Groin"/>
  </concept>
  <concept>
    <code value="groin"/>
  </concept>
  <concept>
    <code value="hand"/>
  </concept>
  <concept>
    <code value="hands"/>
  </concept>
  <concept>
    <code value="heel"/>
  </concept>
  <concept>
    <code value="heels"/>
  </concept>
  <concept>
    <code value="HIP"/>
  </concept>
  <concept>
    <code value="Hip"/>
  </concept>
  <concept>
    <code value="hip"/>
  </concept>
  <concept>
    <code value="hip and thigh"/>
  </concept>
  <concept>
    <code value="hip/back"/>
  </concept>
  <concept>
    <code value="hip/buttock"/>
  </concept>
  <concept>
    <code value="hips"/>
  </concept>
  <concept>
    <code value="hip/thigh"/>
  </concept>
  <concept>
    <code value="incision"/>
  </concept>
  <concept>
    <code value="inner thigh"/>
  </concept>
  <concept>
    <code value="KNEE"/>
  </concept>
  <concept>
    <code value="Knee"/>
  </concept>
  <concept>
    <code value="knee"/>
  </concept>
  <concept>
    <code value="kneee"/>
  </concept>
  <concept>
    <code value="knees"/>
  </concept>
  <concept>
    <code value="L arm"/>
  </concept>
  <concept>
    <code value="lateral"/>
  </concept>
  <concept>
    <code value="lateral abdomen"/>
  </concept>
  <concept>
    <code value="lateral back"/>
  </concept>
  <concept>
    <code value="lateral chest"/>
  </concept>
  <concept>
    <code value="lateral chest wall"/>
  </concept>
  <concept>
    <code value="lateral side"/>
  </concept>
  <concept>
    <code value="lateral thigh"/>
  </concept>
  <concept>
    <code value="LB"/>
  </concept>
  <concept>
    <code value="lb"/>
  </concept>
  <concept>
    <code value="LE"/>
  </concept>
  <concept>
    <code value="le"/>
  </concept>
  <concept>
    <code value="left"/>
  </concept>
  <concept>
    <code value="left arm"/>
  </concept>
  <concept>
    <code value="left back"/>
  </concept>
  <concept>
    <code value="left deltoid"/>
  </concept>
  <concept>
    <code value="left ear"/>
  </concept>
  <concept>
    <code value="left flank"/>
  </concept>
  <concept>
    <code value="left hip"/>
  </concept>
  <concept>
    <code value="left knee"/>
  </concept>
  <concept>
    <code value="left lower back"/>
  </concept>
  <concept>
    <code value="left shoulder"/>
  </concept>
  <concept>
    <code value="left side"/>
  </concept>
  <concept>
    <code value="left upper arm"/>
  </concept>
  <concept>
    <code value="LEG"/>
  </concept>
  <concept>
    <code value="Leg"/>
  </concept>
  <concept>
    <code value="leg"/>
  </concept>
  <concept>
    <code value="legs"/>
  </concept>
  <concept>
    <code value="L flank"/>
  </concept>
  <concept>
    <code value="LLE"/>
  </concept>
  <concept>
    <code value="LLQ"/>
  </concept>
  <concept>
    <code value="llq"/>
  </concept>
  <concept>
    <code value="lolwer back"/>
  </concept>
  <concept>
    <code value="Low Back"/>
  </concept>
  <concept>
    <code value="Low back"/>
  </concept>
  <concept>
    <code value="low back"/>
  </concept>
  <concept>
    <code value="lowe back"/>
  </concept>
  <concept>
    <code value="lower"/>
  </concept>
  <concept>
    <code value="lower abd"/>
  </concept>
  <concept>
    <code value="lower abdomen"/>
  </concept>
  <concept>
    <code value="LOWER BACK"/>
  </concept>
  <concept>
    <code value="Lower Back"/>
  </concept>
  <concept>
    <code value="Lower back"/>
  </concept>
  <concept>
    <code value="lower baCK"/>
  </concept>
  <concept>
    <code value="lower back"/>
  </concept>
  <concept>
    <code value="lowerback"/>
  </concept>
  <concept>
    <code value="lower back/hip"/>
  </concept>
  <concept>
    <code value="lower chest"/>
  </concept>
  <concept>
    <code value="lower flank"/>
  </concept>
  <concept>
    <code value="lower leg"/>
  </concept>
  <concept>
    <code value="lower lumbar"/>
  </concept>
  <concept>
    <code value="lower quadrant"/>
  </concept>
  <concept>
    <code value="lower rib"/>
  </concept>
  <concept>
    <code value="lower ribs"/>
  </concept>
  <concept>
    <code value="lower spine"/>
  </concept>
  <concept>
    <code value="LQ"/>
  </concept>
  <concept>
    <code value="L shoulder"/>
  </concept>
  <concept>
    <code value="LUE"/>
  </concept>
  <concept>
    <code value="lue"/>
  </concept>
  <concept>
    <code value="Lumbar"/>
  </concept>
  <concept>
    <code value="lumbar"/>
  </concept>
  <concept>
    <code value="lumbar area"/>
  </concept>
  <concept>
    <code value="lumbar back"/>
  </concept>
  <concept>
    <code value="lumbar spine"/>
  </concept>
  <concept>
    <code value="LUQ"/>
  </concept>
  <concept>
    <code value="mid abdomen"/>
  </concept>
  <concept>
    <code value="Mid back"/>
  </concept>
  <concept>
    <code value="mid back"/>
  </concept>
  <concept>
    <code value="mid-back"/>
  </concept>
  <concept>
    <code value="midback"/>
  </concept>
  <concept>
    <code value="middle"/>
  </concept>
  <concept>
    <code value="middle back"/>
  </concept>
  <concept>
    <code value="middle lower back"/>
  </concept>
  <concept>
    <code value="mid lower back"/>
  </concept>
  <concept>
    <code value="NECK"/>
  </concept>
  <concept>
    <code value="Neck"/>
  </concept>
  <concept>
    <code value="neck"/>
  </concept>
  <concept>
    <code value="neck and back"/>
  </concept>
  <concept>
    <code value="neck/back"/>
  </concept>
  <concept>
    <code value="neck/shoulder"/>
  </concept>
  <concept>
    <code value="outer thigh"/>
  </concept>
  <concept>
    <code value="parasternal"/>
  </concept>
  <concept>
    <code value="post ear"/>
  </concept>
  <concept>
    <code value="posterior back"/>
  </concept>
  <concept>
    <code value="posterior chest"/>
  </concept>
  <concept>
    <code value="posterior ear"/>
  </concept>
  <concept>
    <code value="posterior hip"/>
  </concept>
  <concept>
    <code value="posterior knee"/>
  </concept>
  <concept>
    <code value="posterior neck"/>
  </concept>
  <concept>
    <code value="posterior ribs"/>
  </concept>
  <concept>
    <code value="posterior shoulder"/>
  </concept>
  <concept>
    <code value="posterior thigh"/>
  </concept>
  <concept>
    <code value="post neck"/>
  </concept>
  <concept>
    <code value="post shoulder"/>
  </concept>
  <concept>
    <code value="R arm"/>
  </concept>
  <concept>
    <code value="r arm"/>
  </concept>
  <concept>
    <code value="R hip"/>
  </concept>
  <concept>
    <code value="RIB"/>
  </concept>
  <concept>
    <code value="Rib"/>
  </concept>
  <concept>
    <code value="rib"/>
  </concept>
  <concept>
    <code value="rib area"/>
  </concept>
  <concept>
    <code value="Rib cage"/>
  </concept>
  <concept>
    <code value="rib cage"/>
  </concept>
  <concept>
    <code value="ribcage"/>
  </concept>
  <concept>
    <code value="RIBS"/>
  </concept>
  <concept>
    <code value="Ribs"/>
  </concept>
  <concept>
    <code value="ribs"/>
  </concept>
  <concept>
    <code value="right"/>
  </concept>
  <concept>
    <code value="right arm"/>
  </concept>
  <concept>
    <code value="right back"/>
  </concept>
  <concept>
    <code value="right flank"/>
  </concept>
  <concept>
    <code value="right hip"/>
  </concept>
  <concept>
    <code value="right knee"/>
  </concept>
  <concept>
    <code value="right lower back"/>
  </concept>
  <concept>
    <code value="right shoulder"/>
  </concept>
  <concept>
    <code value="RLE"/>
  </concept>
  <concept>
    <code value="R lower back"/>
  </concept>
  <concept>
    <code value="RLQ"/>
  </concept>
  <concept>
    <code value="rlq"/>
  </concept>
  <concept>
    <code value="RLQ abdomen"/>
  </concept>
  <concept>
    <code value="R shoulder"/>
  </concept>
  <concept>
    <code value="r shoulder"/>
  </concept>
  <concept>
    <code value="RUA"/>
  </concept>
  <concept>
    <code value="RUE"/>
  </concept>
  <concept>
    <code value="rue"/>
  </concept>
  <concept>
    <code value="RUQ"/>
  </concept>
  <concept>
    <code value="ruq"/>
  </concept>
  <concept>
    <code value="RUQ abd"/>
  </concept>
  <concept>
    <code value="RUQ abdomen"/>
  </concept>
  <concept>
    <code value="sacral"/>
  </concept>
  <concept>
    <code value="sacrum"/>
  </concept>
  <concept>
    <code value="Scapula"/>
  </concept>
  <concept>
    <code value="scapula"/>
  </concept>
  <concept>
    <code value="scapular"/>
  </concept>
  <concept>
    <code value="schoulder"/>
  </concept>
  <concept>
    <code value="sh"/>
  </concept>
  <concept>
    <code value="shin"/>
  </concept>
  <concept>
    <code value="shld"/>
  </concept>
  <concept>
    <code value="shldr"/>
  </concept>
  <concept>
    <code value="sholder"/>
  </concept>
  <concept>
    <code value="shouder"/>
  </concept>
  <concept>
    <code value="shoudler"/>
  </concept>
  <concept>
    <code value="shouilder"/>
  </concept>
  <concept>
    <code value="shoukder"/>
  </concept>
  <concept>
    <code value="shouklder"/>
  </concept>
  <concept>
    <code value="SHOULDER"/>
  </concept>
  <concept>
    <code value="Shoulder"/>
  </concept>
  <concept>
    <code value="shoulder"/>
  </concept>
  <concept>
    <code value="shoulder."/>
  </concept>
  <concept>
    <code value="shoulder and back"/>
  </concept>
  <concept>
    <code value="shoulder and hip"/>
  </concept>
  <concept>
    <code value="shoulder/arm"/>
  </concept>
  <concept>
    <code value="shoulder/back"/>
  </concept>
  <concept>
    <code value="shoulder blade"/>
  </concept>
  <concept>
    <code value="shoulder blades"/>
  </concept>
  <concept>
    <code value="shoulder/chest"/>
  </concept>
  <concept>
    <code value="shoulder/neck"/>
  </concept>
  <concept>
    <code value="shoulders"/>
  </concept>
  <concept>
    <code value="shouldert"/>
  </concept>
  <concept>
    <code value="shoulder/upper back"/>
  </concept>
  <concept>
    <code value="shouler"/>
  </concept>
  <concept>
    <code value="Side"/>
  </concept>
  <concept>
    <code value="side"/>
  </concept>
  <concept>
    <code value="side/back"/>
  </concept>
  <concept>
    <code value="spine"/>
  </concept>
  <concept>
    <code value="sternal"/>
  </concept>
  <concept>
    <code value="sternal incision"/>
  </concept>
  <concept>
    <code value="Sternum"/>
  </concept>
  <concept>
    <code value="sternum"/>
  </concept>
  <concept>
    <code value="stomach"/>
  </concept>
  <concept>
    <code value="stomach and back"/>
  </concept>
  <concept>
    <code value="stump"/>
  </concept>
  <concept>
    <code value="tailbone"/>
  </concept>
  <concept>
    <code value="Thigh"/>
  </concept>
  <concept>
    <code value="thigh"/>
  </concept>
  <concept>
    <code value="thoracic"/>
  </concept>
  <concept>
    <code value="thoracotomy"/>
  </concept>
  <concept>
    <code value="thoracotomy site"/>
  </concept>
  <concept>
    <code value="thorax"/>
  </concept>
  <concept>
    <code value="top of foot"/>
  </concept>
  <concept>
    <code value="torso"/>
  </concept>
  <concept>
    <code value="trap"/>
  </concept>
  <concept>
    <code value="trunk"/>
  </concept>
  <concept>
    <code value="UA"/>
  </concept>
  <concept>
    <code value="UE"/>
  </concept>
  <concept>
    <code value="ue"/>
  </concept>
  <concept>
    <code value="underarm"/>
  </concept>
  <concept>
    <code value="under breast"/>
  </concept>
  <concept>
    <code value="under ear"/>
  </concept>
  <concept>
    <code value="upper"/>
  </concept>
  <concept>
    <code value="upper abd"/>
  </concept>
  <concept>
    <code value="upper abdomen"/>
  </concept>
  <concept>
    <code value="upper and lower back"/>
  </concept>
  <concept>
    <code value="Upper Arm"/>
  </concept>
  <concept>
    <code value="Upper arm"/>
  </concept>
  <concept>
    <code value="upper arm"/>
  </concept>
  <concept>
    <code value="Upper Back"/>
  </concept>
  <concept>
    <code value="Upper back"/>
  </concept>
  <concept>
    <code value="upper back"/>
  </concept>
  <concept>
    <code value="upper back/neck"/>
  </concept>
  <concept>
    <code value="upper back/shoulder"/>
  </concept>
  <concept>
    <code value="upper chest"/>
  </concept>
  <concept>
    <code value="upper extremity"/>
  </concept>
  <concept>
    <code value="upper leg"/>
  </concept>
  <concept>
    <code value="upper quad"/>
  </concept>
  <concept>
    <code value="upper quadrant"/>
  </concept>
  <concept>
    <code value="upper shoulder"/>
  </concept>
  <concept>
    <code value="Upper thigh"/>
  </concept>
  <concept>
    <code value="upper thigh"/>
  </concept>
  <concept>
    <code value="UQ"/>
  </concept>
  <concept>
    <code value="wrist"/>
  </concept>
</CodeSystem>