<?xml version="1.0" encoding="UTF-8"?>

<Condition xmlns="http://hl7.org/fhir">
  <id value="ExampleMimicConditionED"/>
  <meta>
    <profile value="http://mimic.mit.edu/fhir/mimic/StructureDefinition/mimic-condition"/>
  </meta>
  <text>
    <status value="generated"/><div xmlns="http://www.w3.org/1999/xhtml"><p><b>Generated Narrative: Condition</b><a name="ExampleMimicConditionED"> </a></p><div style="display: inline-block; background-color: #d9e0e7; padding: 6px; margin: 4px; border: 1px solid #8da1b4; border-radius: 5px; line-height: 60%"><p style="margin-bottom: 0px">Resource Condition &quot;ExampleMimicConditionED&quot; </p><p style="margin-bottom: 0px">Profile: <a href="StructureDefinition-mimic-condition.html">MIMIC Condition</a></p></div><p><b>category</b>: Encounter Diagnosis <span style="background: LightGoldenRodYellow; margin: 4px; border: 1px solid khaki"> (<a href="http://terminology.hl7.org/5.3.0/CodeSystem-condition-category.html">Condition Category Codes</a>#encounter-diagnosis)</span></p><p><b>code</b>: Acute myeloid leukemia, without mention of having achieved remission <span style="background: LightGoldenRodYellow; margin: 4px; border: 1px solid khaki"> (<a href="CodeSystem-mimic-diagnosis-icd9.html">MimicDiagnosisIcd9</a>#20500)</span></p><p><b>subject</b>: <a href="Patient-ExampleMimicPatientED.html">Patient/ExampleMimicPatientED</a> &quot;&quot;</p><p><b>encounter</b>: <a href="Encounter-ExampleMimicEncounterED.html">Encounter/ExampleMimicEncounterED</a></p></div>
  </text>
  <category>
    <coding>
      <system value="http://terminology.hl7.org/CodeSystem/condition-category"/>
      <code value="encounter-diagnosis"/>
      <display value="Encounter Diagnosis"/>
    </coding>
  </category>
  <code>
    <coding>
      <system value="http://mimic.mit.edu/fhir/mimic/CodeSystem/mimic-diagnosis-icd9"/>
      <code value="20500"/>
      <display value="Acute myeloid leukemia, without mention of having achieved remission"/>
    </coding>
  </code>
  <subject>
    <reference value="Patient/ExampleMimicPatientED"/>
  </subject>
  <encounter>
    <reference value="Encounter/ExampleMimicEncounterED"/>
  </encounter>
</Condition>