<?xml version="1.0" encoding="UTF-8"?>

<Observation xmlns="http://hl7.org/fhir">
  <id value="ExampleMimicObservationChartevents"/>
  <meta>
    <profile value="http://mimic.mit.edu/fhir/mimic/StructureDefinition/mimic-observation-chartevents"/>
  </meta>
  <text>
    <status value="generated"/><div xmlns="http://www.w3.org/1999/xhtml"><p><b>Generated Narrative: Observation</b><a name="ExampleMimicObservationChartevents"> </a></p><div style="display: inline-block; background-color: #d9e0e7; padding: 6px; margin: 4px; border: 1px solid #8da1b4; border-radius: 5px; line-height: 60%"><p style="margin-bottom: 0px">Resource Observation &quot;ExampleMimicObservationChartevents&quot; </p><p style="margin-bottom: 0px">Profile: <a href="StructureDefinition-mimic-observation-chartevents.html">MIMIC Observation Chartevents</a></p></div><p><b>status</b>: final</p><p><b>category</b>: Care Plans <span style="background: LightGoldenRodYellow; margin: 4px; border: 1px solid khaki"> (<a href="CodeSystem-mimic-observation-category.html">MimicObservationCategory</a>#Care Plans)</span></p><p><b>code</b>: Safety Restraints NCP - Interventions <span style="background: LightGoldenRodYellow; margin: 4px; border: 1px solid khaki"> (<a href="CodeSystem-mimic-chartevents-d-items.html">MimicCharteventsDItems</a>#228988)</span></p><p><b>subject</b>: <a href="Patient-ExampleMimicPatient.html">Patient/ExampleMimicPatient</a> &quot; PATIENT_10000032&quot;</p><p><b>encounter</b>: <a href="Encounter-ExampleMimicEncounter.html">Encounter/ExampleMimicEncounter</a></p><p><b>effective</b>: 2175-03-25 13:52:00-0400</p><p><b>issued</b>: Mar. 25, 2175, 1:55:00 p.m.</p><p><b>value</b>: Clear patient's environment of safety hazards (conceal tubing, cords, etc. and overdress IVs)</p></div>
  </text>
  <status value="final"/>
  <category>
    <coding>
      <system value="http://mimic.mit.edu/fhir/mimic/CodeSystem/mimic-observation-category"/>
      <code value="Care Plans"/>
    </coding>
  </category>
  <code>
    <coding>
      <system value="http://mimic.mit.edu/fhir/mimic/CodeSystem/mimic-chartevents-d-items"/>
      <code value="228988"/>
      <display value="Safety Restraints NCP - Interventions"/>
    </coding>
  </code>
  <subject>
    <reference value="Patient/ExampleMimicPatient"/>
  </subject>
  <encounter>
    <reference value="Encounter/ExampleMimicEncounter"/>
  </encounter>
  <effectiveDateTime value="2175-03-25T13:52:00-04:00"/>
  <issued value="2175-03-25T13:55:00-04:00"/>
  <valueString value="Clear patient's environment of safety hazards (conceal tubing, cords, etc. and overdress IVs)"/>
</Observation>