{
  "resourceType" : "ValueSet",
  "id" : "mimic-encounter-type",
  "language" : "en",
  "text" : {
    "status" : "generated",
    "div" : "<div xmlns=\"http://www.w3.org/1999/xhtml\" xml:lang=\"en\" lang=\"en\"><p>This value set includes codes based on the following rules:</p><ul><li>Include all codes defined in <a href=\"CodeSystem-mimic-hcpcs-cd.html\"><code>http://mimic.mit.edu/fhir/mimic/CodeSystem/mimic-hcpcs-cd</code></a></li><li>Include these codes as defined in <a href=\"http://www.snomed.org/\"><code>http://snomed.info/sct</code></a><table class=\"none\"><tr><td style=\"white-space:nowrap\"><b>Code</b></td><td><b>Display</b></td></tr><tr><td><a href=\"http://snomed.info/id/308335008\">308335008</a></td><td>Patient encounter procedure</td></tr></table></li></ul></div>"
  },
  "url" : "http://mimic.mit.edu/fhir/mimic/ValueSet/mimic-encounter-type",
  "version" : "1.3.0",
  "name" : "MimicEncounterType",
  "title" : "MimicEncounterType",
  "status" : "draft",
  "date" : "2022-09-21T13:59:43-04:00",
  "publisher" : "KinD Lab",
  "contact" : [{
    "name" : "KinD Lab",
    "telecom" : [{
      "system" : "url",
      "value" : "http://fhir.kindlab.sickkids.ca"
    }]
  }],
  "description" : "The encounter type for MIMIC",
  "compose" : {
    "include" : [{
      "system" : "http://mimic.mit.edu/fhir/mimic/CodeSystem/mimic-hcpcs-cd"
    },
    {
      "system" : "http://snomed.info/sct",
      "concept" : [{
        "code" : "308335008",
        "display" : "Patient encounter procedure"
      }]
    }]
  }
}