<?xml version="1.0" encoding="UTF-8"?>

<CodeSystem xmlns="http://hl7.org/fhir">
  <id value="left-right"/>
  <text>
    <status value="generated"/><div xmlns="http://www.w3.org/1999/xhtml"><p>This code system <code>https://voicecollab.ai/fhir/CodeSystem/left-right</code> defines the following codes:</p><table class="codes"><tr><td style="white-space:nowrap"><b>Code</b></td><td><b>Display</b></td></tr><tr><td style="white-space:nowrap">L<a name="left-right-L"> </a></td><td>Left</td></tr><tr><td style="white-space:nowrap">R<a name="left-right-R"> </a></td><td>Right</td></tr></table></div>
  </text>
  <url value="https://voicecollab.ai/fhir/CodeSystem/left-right"/>
  <version value="1.0.0"/>
  <name value="LeftRight"/>
  <title value="leftRight"/>
  <status value="active"/>
  <date value="2023-06-19"/>
  <publisher value="KinD Lab"/>
  <contact>
    <name value="KinD Lab"/>
    <telecom>
      <system value="url"/>
      <value value="http://fhir.kindlab.sickkids.ca"/>
    </telecom>
  </contact>
  <description value="The codes required for Diagnosis questionnaire"/>
  <caseSensitive value="true"/>
  <content value="complete"/>
  <count value="2"/>
  <concept>
    <code value="L"/>
    <display value="Left"/>
  </concept>
  <concept>
    <code value="R"/>
    <display value="Right"/>
  </concept>
</CodeSystem>