<?xml version="1.0" encoding="UTF-8"?>

<CodeSystem xmlns="http://hl7.org/fhir">
  <id value="Winograd-72"/>
  <text>
    <status value="generated"/><div xmlns="http://www.w3.org/1999/xhtml">Placeholder</div>
  </text>
  <url value="https://voicecollab.ai/fhir/CodeSystem/Winograd-72"/>
  <version value="1.0.0"/>
  <name value="Winograd72"/>
  <title value="Questionnaire codes"/>
  <status value="active"/>
  <date value="2023-08-28"/>
  <publisher value="KinD Lab"/>
  <contact>
    <name value="KinD Lab"/>
    <telecom>
      <system value="url"/>
      <value value="http://fhir.kindlab.sickkids.ca"/>
    </telecom>
  </contact>
  <description value="The codes required for Questionnaires survey completion"/>
  <caseSensitive value="true"/>
  <content value="complete"/>
  <count value="2"/>
  <concept>
    <code value="1"/>
    <display value=" The cloud"/>
  </concept>
  <concept>
    <code value="2"/>
    <display value="the sun."/>
  </concept>
</CodeSystem>