<?xml version="1.0" encoding="UTF-8"?>

<CodeSystem xmlns="http://hl7.org/fhir">
  <id value="alcohol-consumption-frequency"/>
  <text>
    <status value="generated"/><div xmlns="http://www.w3.org/1999/xhtml"><p>This case-sensitive code system <code>https://voicecollab.ai/fhir/CodeSystem/alcohol-consumption-frequency</code> defines the following codes:</p><table class="codes"><tr><td style="white-space:nowrap"><b>Code</b></td><td><b>Display</b></td></tr><tr><td style="white-space:nowrap">N<a name="alcohol-consumption-frequency-N"> </a></td><td>Never</td></tr><tr><td style="white-space:nowrap">M<a name="alcohol-consumption-frequency-M"> </a></td><td>Monthly or less</td></tr><tr><td style="white-space:nowrap">TFM<a name="alcohol-consumption-frequency-TFM"> </a></td><td>2-4 times a month</td></tr><tr><td style="white-space:nowrap">TTW<a name="alcohol-consumption-frequency-TTW"> </a></td><td>2-3 times a week</td></tr><tr><td style="white-space:nowrap">FM<a name="alcohol-consumption-frequency-FM"> </a></td><td>4 or more times a week</td></tr></table></div>
  </text>
  <url value="https://voicecollab.ai/fhir/CodeSystem/alcohol-consumption-frequency"/>
  <version value="1.0.0"/>
  <name value="AlcoholConsumptionFrequency"/>
  <title value="Alcohol Consumption Frequency Codes"/>
  <status value="active"/>
  <date value="2023-05-15"/>
  <publisher value="KinD Lab"/>
  <contact>
    <name value="KinD Lab"/>
    <telecom>
      <system value="url"/>
      <value value="http://fhir.kindlab.sickkids.ca"/>
    </telecom>
  </contact>
  <description value="This code system defines the frequency of alcohol consumption for use in questionnaires."/>
  <caseSensitive value="true"/>
  <content value="complete"/>
  <count value="5"/>
  <concept>
    <code value="N"/>
    <display value="Never"/>
  </concept>
  <concept>
    <code value="M"/>
    <display value="Monthly or less"/>
  </concept>
  <concept>
    <code value="TFM"/>
    <display value="2-4 times a month"/>
  </concept>
  <concept>
    <code value="TTW"/>
    <display value="2-3 times a week"/>
  </concept>
  <concept>
    <code value="FM"/>
    <display value="4 or more times a week"/>
  </concept>
</CodeSystem>