<?xml version="1.0" encoding="UTF-8"?>

<CodeSystem xmlns="http://hl7.org/fhir">
  <id value="smoking"/>
  <text>
    <status value="generated"/><div xmlns="http://www.w3.org/1999/xhtml"><p>This code system <code>https://voicecollab.ai/fhir/CodeSystem/smoking</code> defines the following codes:</p><table class="codes"><tr><td style="white-space:nowrap"><b>Code</b></td><td><b>Display</b></td></tr><tr><td style="white-space:nowrap">N<a name="smoking-N"> </a></td><td>I've never smoked regularly</td></tr><tr><td style="white-space:nowrap">U<a name="smoking-U"> </a></td><td>I used to smoke</td></tr><tr><td style="white-space:nowrap">C<a name="smoking-C"> </a></td><td>I currently smoke</td></tr></table></div>
  </text>
  <url value="https://voicecollab.ai/fhir/CodeSystem/smoking"/>
  <version value="0.1.0"/>
  <name value="Smoking"/>
  <title value="Questionnaire smoking codes"/>
  <status value="active"/>
  <date value="2023-05-15"/>
  <publisher value="KinD Lab"/>
  <contact>
    <name value="KinD Lab"/>
    <telecom>
      <system value="url"/>
      <value value="http://fhir.kindlab.sickkids.ca"/>
    </telecom>
  </contact>
  <description value="The codes required for Questionnaire Cofounders"/>
  <caseSensitive value="true"/>
  <content value="complete"/>
  <count value="3"/>
  <concept>
    <code value="N"/>
    <display value="I've never smoked regularly"/>
  </concept>
  <concept>
    <code value="U"/>
    <display value="I used to smoke"/>
  </concept>
  <concept>
    <code value="C"/>
    <display value="I currently smoke"/>
  </concept>
</CodeSystem>