<?xml version="1.0" encoding="UTF-8"?>

<CodeSystem xmlns="http://hl7.org/fhir">
  <id value="household-makeup"/>
  <text>
    <status value="generated"/><div xmlns="http://www.w3.org/1999/xhtml">Placeholder</div>
  </text>
  <url value="https://voicecollab.ai/fhir/CodeSystem/household-makeup"/>
  <version value="1.0.0"/>
  <name value="HouseholdMakeup"/>
  <title value="Household Composition Classification Codes"/>
  <status value="active"/>
  <date value="2023-05-11"/>
  <publisher value="KinD Lab"/>
  <contact>
    <name value="KinD Lab"/>
    <telecom>
      <system value="url"/>
      <value value="http://fhir.kindlab.sickkids.ca"/>
    </telecom>
  </contact>
  <description value="A comprehensive set of codes defining different household compositions."/>
  <caseSensitive value="true"/>
  <content value="complete"/>
  <count value="6"/>
  <concept>
    <code value="A"/>
    <display value="I live alone"/>
  </concept>
  <concept>
    <code value="S"/>
    <display value="Spouse/partner/significant other"/>
  </concept>
  <concept>
    <code value="C"/>
    <display value="One or more children"/>
  </concept>
  <concept>
    <code value="P"/>
    <display value="One or more parent"/>
  </concept>
  <concept>
    <code value="GP"/>
    <display value="One or more grandparent"/>
  </concept>
  <concept>
    <code value="O"/>
    <display value="Other, please specify"/>
  </concept>
</CodeSystem>