<?xml version="1.0" encoding="UTF-8"?>

<CodeSystem xmlns="http://hl7.org/fhir">
  <id value="Yes-No-Some"/>
  <text>
    <status value="generated"/><div xmlns="http://www.w3.org/1999/xhtml">Placeholder</div>
  </text>
  <url value="https://voicecollab.ai/fhir/CodeSystem/Yes-No-Some"/>
  <version value="1.0.0"/>
  <name value="YesNoSome"/>
  <title value="Yes/No/Some Response Codes"/>
  <status value="active"/>
  <date value="2023-05-11"/>
  <publisher value="KinD Lab"/>
  <contact>
    <name value="KinD Lab"/>
    <telecom>
      <system value="url"/>
      <value value="http://fhir.kindlab.sickkids.ca"/>
    </telecom>
  </contact>
  <description value="A set of codes representing 'Yes', 'No', and 'Some' responses for questionnaires."/>
  <caseSensitive value="true"/>
  <content value="complete"/>
  <count value="3"/>
  <concept>
    <code value="Y"/>
    <display value="Yes"/>
    <definition value="Yes"/>
  </concept>
  <concept>
    <code value="N"/>
    <display value="No"/>
    <definition value="No"/>
  </concept>
  <concept>
    <code value="S"/>
    <display value="Some"/>
    <definition value="Some"/>
  </concept>
</CodeSystem>