<?xml version="1.0" encoding="UTF-8"?>

<CodeSystem xmlns="http://hl7.org/fhir">
  <id value="sweat"/>
  <text>
    <status value="generated"/><div xmlns="http://www.w3.org/1999/xhtml"><p>This code system <code>https://voicecollab.ai/fhir/CodeSystem/sweat</code> defines the following codes:</p><table class="codes"><tr><td style="white-space:nowrap"><b>Code</b></td><td><b>Display</b></td></tr><tr><td style="white-space:nowrap">N<a name="sweat-N"> </a></td><td>Almost Never</td></tr><tr><td style="white-space:nowrap">S<a name="sweat-S"> </a></td><td>Sometimes</td></tr><tr><td style="white-space:nowrap">O<a name="sweat-O"> </a></td><td>Often</td></tr><tr><td style="white-space:nowrap">A<a name="sweat-A"> </a></td><td>Always</td></tr></table></div>
  </text>
  <url value="https://voicecollab.ai/fhir/CodeSystem/sweat"/>
  <version value="0.1.0"/>
  <name value="Sweat"/>
  <title value="Questionnaire sweat codes"/>
  <status value="active"/>
  <date value="2023-05-15"/>
  <publisher value="KinD Lab"/>
  <contact>
    <name value="KinD Lab"/>
    <telecom>
      <system value="url"/>
      <value value="http://fhir.kindlab.sickkids.ca"/>
    </telecom>
  </contact>
  <description value="The codes required for Questionnaire Cofounders"/>
  <caseSensitive value="true"/>
  <content value="complete"/>
  <count value="4"/>
  <concept>
    <code value="N"/>
    <display value="Almost Never"/>
  </concept>
  <concept>
    <code value="S"/>
    <display value="Sometimes"/>
  </concept>
  <concept>
    <code value="O"/>
    <display value="Often"/>
  </concept>
  <concept>
    <code value="A"/>
    <display value="Always"/>
  </concept>
</CodeSystem>