<?xml version="1.0" encoding="UTF-8"?>

<CodeSystem xmlns="http://hl7.org/fhir">
  <id value="session"/>
  <text>
    <status value="generated"/><div xmlns="http://www.w3.org/1999/xhtml">Placeholder</div>
  </text>
  <url value="https://voicecollab.ai/fhir/CodeSystem/session"/>
  <version value="1.0.0"/>
  <name value="Session"/>
  <title value="Session Status Codes"/>
  <status value="active"/>
  <date value="2023-06-15"/>
  <publisher value="KinD Lab"/>
  <contact>
    <name value="KinD Lab"/>
    <telecom>
      <system value="url"/>
      <value value="http://fhir.kindlab.sickkids.ca"/>
    </telecom>
  </contact>
  <description value="A comprehensive set of codes representing the status of a session."/>
  <caseSensitive value="true"/>
  <content value="complete"/>
  <count value="2"/>
  <concept>
    <code value="IPR"/>
    <display value="In Progress"/>
  </concept>
  <concept>
    <code value="C"/>
    <display value="Completed"/>
  </concept>
</CodeSystem>