<?xml version="1.0" encoding="UTF-8"?>

<CodeSystem xmlns="http://hl7.org/fhir">
  <id value="peds-language-fluency"/>
  <text>
    <status value="generated"/><div xmlns="http://www.w3.org/1999/xhtml"><p>This case-sensitive code system <code>https://voicecollab.ai/fhir/CodeSystem/peds-language-fluency</code> defines the following codes:</p><table class="codes"><tr><td style="white-space:nowrap"><b>Code</b></td><td><b>Display</b></td></tr><tr><td style="white-space:nowrap">English<a name="peds-language-fluency-English"> </a></td><td>English</td></tr><tr><td style="white-space:nowrap">Spanish<a name="peds-language-fluency-Spanish"> </a></td><td>Spanish</td></tr><tr><td style="white-space:nowrap">HaitianCreole<a name="peds-language-fluency-HaitianCreole"> </a></td><td>Haitian Creole</td></tr><tr><td style="white-space:nowrap">Mandarin<a name="peds-language-fluency-Mandarin"> </a></td><td>Mandarin</td></tr><tr><td style="white-space:nowrap">Vietnamese<a name="peds-language-fluency-Vietnamese"> </a></td><td>Vietnamese</td></tr><tr><td style="white-space:nowrap">Cantonese<a name="peds-language-fluency-Cantonese"> </a></td><td>Cantonese</td></tr><tr><td style="white-space:nowrap">CapeVerdeanCreole<a name="peds-language-fluency-CapeVerdeanCreole"> </a></td><td>Cape Verdean Creole</td></tr><tr><td style="white-space:nowrap">Russian<a name="peds-language-fluency-Russian"> </a></td><td>Russian</td></tr><tr><td style="white-space:nowrap">Arabic<a name="peds-language-fluency-Arabic"> </a></td><td>Arabic</td></tr><tr><td style="white-space:nowrap">Portuguese<a name="peds-language-fluency-Portuguese"> </a></td><td>Portuguese</td></tr><tr><td style="white-space:nowrap">French<a name="peds-language-fluency-French"> </a></td><td>French</td></tr><tr><td style="white-space:nowrap">Other<a name="peds-language-fluency-Other"> </a></td><td>Other Please write</td></tr></table></div>
  </text>
  <url value="https://voicecollab.ai/fhir/CodeSystem/peds-language-fluency"/>
  <version value="1.4.0"/>
  <name value="PedsLanguageFluency"/>
  <title value="Pediatric Enrollment"/>
  <status value="active"/>
  <date value="2023-08-02"/>
  <publisher value="KinD Lab"/>
  <contact>
    <name value="KinD Lab"/>
    <telecom>
      <system value="url"/>
      <value value="http://fhir.kindlab.sickkids.ca"/>
    </telecom>
  </contact>
  <description value="The codes required for Pediatric enrollment pre-question questionnaire"/>
  <caseSensitive value="true"/>
  <content value="complete"/>
  <count value="12"/>
  <concept>
    <code value="English"/>
    <display value="English"/>
  </concept>
  <concept>
    <code value="Spanish"/>
    <display value="Spanish"/>
  </concept>
  <concept>
    <code value="HaitianCreole"/>
    <display value="Haitian Creole"/>
  </concept>
  <concept>
    <code value="Mandarin"/>
    <display value="Mandarin"/>
  </concept>
  <concept>
    <code value="Vietnamese"/>
    <display value="Vietnamese"/>
  </concept>
  <concept>
    <code value="Cantonese"/>
    <display value="Cantonese"/>
  </concept>
  <concept>
    <code value="CapeVerdeanCreole"/>
    <display value="Cape Verdean Creole"/>
  </concept>
  <concept>
    <code value="Russian"/>
    <display value="Russian"/>
  </concept>
  <concept>
    <code value="Arabic"/>
    <display value="Arabic"/>
  </concept>
  <concept>
    <code value="Portuguese"/>
    <display value="Portuguese"/>
  </concept>
  <concept>
    <code value="French"/>
    <display value="French"/>
  </concept>
  <concept>
    <code value="Other"/>
    <display value="Other Please write"/>
  </concept>
</CodeSystem>