<?xml version="1.0" encoding="UTF-8"?>

<CodeSystem xmlns="http://hl7.org/fhir">
  <id value="leicester-cough"/>
  <text>
    <status value="generated"/><div xmlns="http://www.w3.org/1999/xhtml"><p>This case-sensitive code system <code>https://voicecollab.ai/fhir/CodeSystem/leicester-cough</code> defines the following codes:</p><table class="codes"><tr><td style="white-space:nowrap"><b>Code</b></td><td><b>Display</b></td></tr><tr><td style="white-space:nowrap">1<a name="leicester-cough-1"> </a></td><td>None of the time</td></tr><tr><td style="white-space:nowrap">2<a name="leicester-cough-2"> </a></td><td>Hardly any of the time</td></tr><tr><td style="white-space:nowrap">3<a name="leicester-cough-3"> </a></td><td>A little of the time</td></tr><tr><td style="white-space:nowrap">4<a name="leicester-cough-4"> </a></td><td>Some of the time</td></tr><tr><td style="white-space:nowrap">5<a name="leicester-cough-5"> </a></td><td>A good bit of the time</td></tr><tr><td style="white-space:nowrap">6<a name="leicester-cough-6"> </a></td><td>Most of the time</td></tr><tr><td style="white-space:nowrap">7<a name="leicester-cough-7"> </a></td><td>All of the time</td></tr></table></div>
  </text>
  <url value="https://voicecollab.ai/fhir/CodeSystem/leicester-cough"/>
  <version value="1.4.0"/>
  <name value="LeicesterCough"/>
  <title value="Codes for Leicester Cough"/>
  <status value="active"/>
  <date value="2023-10-02"/>
  <publisher value="KinD Lab"/>
  <contact>
    <name value="KinD Lab"/>
    <telecom>
      <system value="url"/>
      <value value="http://fhir.kindlab.sickkids.ca"/>
    </telecom>
  </contact>
  <description value="This code system is designed for leicester cough questionnaire."/>
  <caseSensitive value="true"/>
  <content value="complete"/>
  <count value="7"/>
  <concept>
    <code value="1"/>
    <display value="None of the time"/>
  </concept>
  <concept>
    <code value="2"/>
    <display value="Hardly any of the time"/>
  </concept>
  <concept>
    <code value="3"/>
    <display value="A little of the time"/>
  </concept>
  <concept>
    <code value="4"/>
    <display value="Some of the time"/>
  </concept>
  <concept>
    <code value="5"/>
    <display value="A good bit of the time"/>
  </concept>
  <concept>
    <code value="6"/>
    <display value="Most of the time"/>
  </concept>
  <concept>
    <code value="7"/>
    <display value="All of the time"/>
  </concept>
</CodeSystem>