<?xml version="1.0" encoding="UTF-8"?>

<CodeSystem xmlns="http://hl7.org/fhir">
  <id value="survey-options"/>
  <text>
    <status value="generated"/><div xmlns="http://www.w3.org/1999/xhtml">Placeholder</div>
  </text>
  <url value="https://voicecollab.ai/fhir/CodeSystem/survey-options"/>
  <version value="1.0.0"/>
  <name value="SurveyOptions"/>
  <title value="PHQ9 and GAD7 Survey Response Codes"/>
  <status value="active"/>
  <date value="2023-05-11"/>
  <publisher value="KinD Lab"/>
  <contact>
    <name value="KinD Lab"/>
    <telecom>
      <system value="url"/>
      <value value="http://fhir.kindlab.sickkids.ca"/>
    </telecom>
  </contact>
  <description value="This code system defines the response options for PHQ9 and GAD7 questionnaires."/>
  <caseSensitive value="true"/>
  <content value="complete"/>
  <count value="4"/>
  <concept>
    <code value="N"/>
    <display value="Not at all"/>
  </concept>
  <concept>
    <code value="S"/>
    <display value="Several days"/>
  </concept>
  <concept>
    <code value="MH"/>
    <display value="More than half the days"/>
  </concept>
  <concept>
    <code value="NE"/>
    <display value="Nearly everyday"/>
  </concept>
</CodeSystem>