<?xml version="1.0" encoding="UTF-8"?>

<CodeSystem xmlns="http://hl7.org/fhir">
  <id value="psychiatric-history"/>
  <text>
    <status value="generated"/><div xmlns="http://www.w3.org/1999/xhtml">Placeholder</div>
  </text>
  <url value="https://voicecollab.ai/fhir/CodeSystem/psychiatric-history"/>
  <version value="1.0.0"/>
  <name value="PsychiatricHistory"/>
  <title value="Psychiatric History Classification Codes"/>
  <status value="active"/>
  <date value="2023-05-15"/>
  <publisher value="KinD Lab"/>
  <contact>
    <name value="KinD Lab"/>
    <telecom>
      <system value="url"/>
      <value value="http://fhir.kindlab.sickkids.ca"/>
    </telecom>
  </contact>
  <description value="A comprehensive set of codes representing various psychiatric conditions, used in psychiatric history questionnaires."/>
  <caseSensitive value="true"/>
  <content value="complete"/>
  <count value="21"/>
  <concept>
    <code value="C"/>
    <display value="Confused"/>
  </concept>
  <concept>
    <code value="NA"/>
    <display value="Nervous/Anxious"/>
  </concept>
  <concept>
    <code value="SD"/>
    <display value="Sleep Disturbance"/>
  </concept>
  <concept>
    <code value="A"/>
    <display value="Agoraphobia"/>
  </concept>
  <concept>
    <code value="ADHD"/>
    <display value="Attention-Deficit / Hyperactivity Disorder (ADHD)"/>
  </concept>
  <concept>
    <code value="ASD"/>
    <display value="Autism Spectrum Disorder (ASD)"/>
  </concept>
  <concept>
    <code value="BI"/>
    <display value="Bipolar Disorder"/>
  </concept>
  <concept>
    <code value="BPD"/>
    <display value="Borderline Personality Disorder (BPD)"/>
  </concept>
  <concept>
    <code value="ED"/>
    <display value="Eating Disorder (ED)"/>
  </concept>
  <concept>
    <code value="GAD"/>
    <display value="Generalized Anxiety Disorder (GAD)"/>
  </concept>
  <concept>
    <code value="IS"/>
    <display value="Insomnia / sleep disorder"/>
  </concept>
  <concept>
    <code value="MDD"/>
    <display value="Major Depressive Disorder"/>
  </concept>
  <concept>
    <code value="OCD"/>
    <display value="Obsessive-Compulsive Disorder (OCD)"/>
  </concept>
  <concept>
    <code value="PD"/>
    <display value="Panic Disorder"/>
  </concept>
  <concept>
    <code value="PTSD"/>
    <display value="Post-Traumatic Stress Disorder (PTSD)"/>
  </concept>
  <concept>
    <code value="SCH"/>
    <display value="Schizophrenia"/>
  </concept>
  <concept>
    <code value="SAD"/>
    <display value="Social Anxiety Disorder"/>
  </concept>
  <concept>
    <code value="SUD"/>
    <display value="Substance Use Disorder"/>
  </concept>
  <concept>
    <code value="PND"/>
    <display value="Prefer not to disclose"/>
  </concept>
  <concept>
    <code value="O"/>
    <display value="Other Please Specify"/>
  </concept>
  <concept>
    <code value="N"/>
    <display value="None"/>
  </concept>
</CodeSystem>