<?xml version="1.0" encoding="UTF-8"?>

<ImagingStudy xmlns="http://hl7.org/fhir">
  <id value="VbaiImagingStudyExample"/>
  <meta>
    <profile value="https://voicecollab.ai/fhir/StructureDefinition/vbai-imaging-study"/>
  </meta>
  <text>
    <status value="generated"/><div xmlns="http://www.w3.org/1999/xhtml"><p><b>Generated Narrative: ImagingStudy</b><a name="VbaiImagingStudyExample"> </a></p><div style="display: inline-block; background-color: #d9e0e7; padding: 6px; margin: 4px; border: 1px solid #8da1b4; border-radius: 5px; line-height: 60%"><p style="margin-bottom: 0px">Resource ImagingStudy &quot;VbaiImagingStudyExample&quot; </p><p style="margin-bottom: 0px">Profile: <a href="StructureDefinition-vbai-imaging-study.html">VBAI Imaging Study</a></p></div><p><b>status</b>: registered</p><p><b>modality</b>: Computed Tomography (Details: DICOM code CT = 'Computed Tomography', stated as 'null')</p><p><b>subject</b>: <a href="Patient-VbaiPatientExample.html">Patient/VbaiPatientExample</a> &quot; SMITH&quot;</p><p><b>encounter</b>: <a href="Encounter-VbaiEncounterExample.html">Encounter/VbaiEncounterExample</a></p></div>
  </text>
  <status value="registered"/>
  <modality>
    <system value="http://dicom.nema.org/resources/ontology/DCM"/>
    <code value="CT"/>
  </modality>
  <subject>
    <reference value="Patient/VbaiPatientExample"/>
  </subject>
  <encounter>
    <reference value="Encounter/VbaiEncounterExample"/>
  </encounter>
</ImagingStudy>