<?xml version="1.0" encoding="UTF-8"?>

<ImplementationGuide xmlns="http://hl7.org/fhir">
  <id value="kindlab.fhir.vbai"/>
  <text>
    <status value="extensions"/><div xmlns="http://www.w3.org/1999/xhtml"><h2>VoiceaBiomarkerforAI</h2><p>The official URL for this implementation guide is: </p><pre>https://voicecollab.ai/fhir/ImplementationGuide/kindlab.fhir.vbai</pre><div><p>Implementation Guide for Voice Biomarker for AI FHIR Profiles</p>
</div></div>
  </text>
  <url value="https://voicecollab.ai/fhir/ImplementationGuide/kindlab.fhir.vbai"/>
  <version value="2.0.0"/>
  <name value="VoiceaBiomarkerforAI"/>
  <status value="draft"/>
  <date value="2024-03-25T20:15:52+00:00"/>
  <publisher value="KinD Lab"/>
  <contact>
    <name value="KinD Lab"/>
    <telecom>
      <system value="url"/>
      <value value="http://fhir.kindlab.sickkids.ca"/>
    </telecom>
  </contact>
  <description value="Implementation Guide for Voice Biomarker for AI FHIR Profiles"/>
  <packageId value="kindlab.fhir.vbai"/>
  <license value="CC0-1.0"/>
  <fhirVersion value="4.0.1"/>
  <dependsOn id="hl7_fhir_us_core">
    <uri value="http://hl7.org/fhir/us/core/ImplementationGuide/hl7.fhir.us.core"/>
    <packageId value="hl7.fhir.us.core"/>
    <version value="5.0.1"/>
  </dependsOn>
  <dependsOn id="hl7_fhir_uv_extensions">
    <uri value="http://hl7.org/fhir/extensions/ImplementationGuide/hl7.fhir.uv.extensions"/>
    <packageId value="hl7.fhir.uv.extensions"/>
    <version value="1.0.0"/>
  </dependsOn>
  <dependsOn id="hl7_terminology">
    <uri value="http://terminology.hl7.org/ImplementationGuide/hl7.terminology"/>
    <packageId value="hl7.terminology"/>
    <version value="5.2.0"/>
  </dependsOn>
  <definition>
    <extension url="http://hl7.org/fhir/tools/StructureDefinition/ig-parameter">
      <extension url="code">
        <valueString value="copyrightyear"/>
      </extension>
      <extension url="value">
        <valueString value="2022+"/>
      </extension>
    </extension>
    <extension url="http://hl7.org/fhir/tools/StructureDefinition/ig-parameter">
      <extension url="code">
        <valueString value="releaselabel"/>
      </extension>
      <extension url="value">
        <valueString value="ci-build"/>
      </extension>
    </extension>
    <extension url="http://hl7.org/fhir/tools/StructureDefinition/ig-parameter">
      <extension url="code">
        <valueString value="autoload-resources"/>
      </extension>
      <extension url="value">
        <valueString value="true"/>
      </extension>
    </extension>
    <extension url="http://hl7.org/fhir/tools/StructureDefinition/ig-parameter">
      <extension url="code">
        <valueString value="path-liquid"/>
      </extension>
      <extension url="value">
        <valueString value="template/liquid"/>
      </extension>
    </extension>
    <extension url="http://hl7.org/fhir/tools/StructureDefinition/ig-parameter">
      <extension url="code">
        <valueString value="path-liquid"/>
      </extension>
      <extension url="value">
        <valueString value="input/liquid"/>
      </extension>
    </extension>
    <extension url="http://hl7.org/fhir/tools/StructureDefinition/ig-parameter">
      <extension url="code">
        <valueString value="path-qa"/>
      </extension>
      <extension url="value">
        <valueString value="temp/qa"/>
      </extension>
    </extension>
    <extension url="http://hl7.org/fhir/tools/StructureDefinition/ig-parameter">
      <extension url="code">
        <valueString value="path-temp"/>
      </extension>
      <extension url="value">
        <valueString value="temp/pages"/>
      </extension>
    </extension>
    <extension url="http://hl7.org/fhir/tools/StructureDefinition/ig-parameter">
      <extension url="code">
        <valueString value="path-output"/>
      </extension>
      <extension url="value">
        <valueString value="output"/>
      </extension>
    </extension>
    <extension url="http://hl7.org/fhir/tools/StructureDefinition/ig-parameter">
      <extension url="code">
        <valueString value="path-suppressed-warnings"/>
      </extension>
      <extension url="value">
        <valueString value="input/ignoreWarnings.txt"/>
      </extension>
    </extension>
    <extension url="http://hl7.org/fhir/tools/StructureDefinition/ig-parameter">
      <extension url="code">
        <valueString value="path-history"/>
      </extension>
      <extension url="value">
        <valueString value="https://voicecollab.ai/fhir/history.html"/>
      </extension>
    </extension>
    <extension url="http://hl7.org/fhir/tools/StructureDefinition/ig-parameter">
      <extension url="code">
        <valueString value="template-html"/>
      </extension>
      <extension url="value">
        <valueString value="template-page.html"/>
      </extension>
    </extension>
    <extension url="http://hl7.org/fhir/tools/StructureDefinition/ig-parameter">
      <extension url="code">
        <valueString value="template-md"/>
      </extension>
      <extension url="value">
        <valueString value="template-page-md.html"/>
      </extension>
    </extension>
    <extension url="http://hl7.org/fhir/tools/StructureDefinition/ig-parameter">
      <extension url="code">
        <valueString value="apply-contact"/>
      </extension>
      <extension url="value">
        <valueString value="true"/>
      </extension>
    </extension>
    <extension url="http://hl7.org/fhir/tools/StructureDefinition/ig-parameter">
      <extension url="code">
        <valueString value="apply-context"/>
      </extension>
      <extension url="value">
        <valueString value="true"/>
      </extension>
    </extension>
    <extension url="http://hl7.org/fhir/tools/StructureDefinition/ig-parameter">
      <extension url="code">
        <valueString value="apply-copyright"/>
      </extension>
      <extension url="value">
        <valueString value="true"/>
      </extension>
    </extension>
    <extension url="http://hl7.org/fhir/tools/StructureDefinition/ig-parameter">
      <extension url="code">
        <valueString value="apply-jurisdiction"/>
      </extension>
      <extension url="value">
        <valueString value="true"/>
      </extension>
    </extension>
    <extension url="http://hl7.org/fhir/tools/StructureDefinition/ig-parameter">
      <extension url="code">
        <valueString value="apply-license"/>
      </extension>
      <extension url="value">
        <valueString value="true"/>
      </extension>
    </extension>
    <extension url="http://hl7.org/fhir/tools/StructureDefinition/ig-parameter">
      <extension url="code">
        <valueString value="apply-publisher"/>
      </extension>
      <extension url="value">
        <valueString value="true"/>
      </extension>
    </extension>
    <extension url="http://hl7.org/fhir/tools/StructureDefinition/ig-parameter">
      <extension url="code">
        <valueString value="apply-version"/>
      </extension>
      <extension url="value">
        <valueString value="true"/>
      </extension>
    </extension>
    <extension url="http://hl7.org/fhir/tools/StructureDefinition/ig-parameter">
      <extension url="code">
        <valueString value="apply-wg"/>
      </extension>
      <extension url="value">
        <valueString value="true"/>
      </extension>
    </extension>
    <extension url="http://hl7.org/fhir/tools/StructureDefinition/ig-parameter">
      <extension url="code">
        <valueString value="active-tables"/>
      </extension>
      <extension url="value">
        <valueString value="true"/>
      </extension>
    </extension>
    <extension url="http://hl7.org/fhir/tools/StructureDefinition/ig-parameter">
      <extension url="code">
        <valueString value="fmm-definition"/>
      </extension>
      <extension url="value">
        <valueString value="http://hl7.org/fhir/versions.html#maturity"/>
      </extension>
    </extension>
    <extension url="http://hl7.org/fhir/tools/StructureDefinition/ig-parameter">
      <extension url="code">
        <valueString value="propagate-status"/>
      </extension>
      <extension url="value">
        <valueString value="true"/>
      </extension>
    </extension>
    <extension url="http://hl7.org/fhir/tools/StructureDefinition/ig-parameter">
      <extension url="code">
        <valueString value="excludelogbinaryformat"/>
      </extension>
      <extension url="value">
        <valueString value="true"/>
      </extension>
    </extension>
    <extension url="http://hl7.org/fhir/tools/StructureDefinition/ig-parameter">
      <extension url="code">
        <valueString value="tabbed-snapshots"/>
      </extension>
      <extension url="value">
        <valueString value="true"/>
      </extension>
    </extension>
    <extension url="http://hl7.org/fhir/tools/StructureDefinition/ig-internal-dependency">
      <valueCode value="hl7.fhir.uv.tools#0.1.0"/>
    </extension>
    <extension url="http://hl7.org/fhir/tools/StructureDefinition/ig-parameter">
      <extension url="code">
        <valueCode value="copyrightyear"/>
      </extension>
      <extension url="value">
        <valueString value="2022+"/>
      </extension>
    </extension>
    <extension url="http://hl7.org/fhir/tools/StructureDefinition/ig-parameter">
      <extension url="code">
        <valueCode value="releaselabel"/>
      </extension>
      <extension url="value">
        <valueString value="ci-build"/>
      </extension>
    </extension>
    <extension url="http://hl7.org/fhir/tools/StructureDefinition/ig-parameter">
      <extension url="code">
        <valueCode value="autoload-resources"/>
      </extension>
      <extension url="value">
        <valueString value="true"/>
      </extension>
    </extension>
    <extension url="http://hl7.org/fhir/tools/StructureDefinition/ig-parameter">
      <extension url="code">
        <valueCode value="path-liquid"/>
      </extension>
      <extension url="value">
        <valueString value="template/liquid"/>
      </extension>
    </extension>
    <extension url="http://hl7.org/fhir/tools/StructureDefinition/ig-parameter">
      <extension url="code">
        <valueCode value="path-liquid"/>
      </extension>
      <extension url="value">
        <valueString value="input/liquid"/>
      </extension>
    </extension>
    <extension url="http://hl7.org/fhir/tools/StructureDefinition/ig-parameter">
      <extension url="code">
        <valueCode value="path-qa"/>
      </extension>
      <extension url="value">
        <valueString value="temp/qa"/>
      </extension>
    </extension>
    <extension url="http://hl7.org/fhir/tools/StructureDefinition/ig-parameter">
      <extension url="code">
        <valueCode value="path-temp"/>
      </extension>
      <extension url="value">
        <valueString value="temp/pages"/>
      </extension>
    </extension>
    <extension url="http://hl7.org/fhir/tools/StructureDefinition/ig-parameter">
      <extension url="code">
        <valueCode value="path-output"/>
      </extension>
      <extension url="value">
        <valueString value="output"/>
      </extension>
    </extension>
    <extension url="http://hl7.org/fhir/tools/StructureDefinition/ig-parameter">
      <extension url="code">
        <valueCode value="path-suppressed-warnings"/>
      </extension>
      <extension url="value">
        <valueString value="input/ignoreWarnings.txt"/>
      </extension>
    </extension>
    <extension url="http://hl7.org/fhir/tools/StructureDefinition/ig-parameter">
      <extension url="code">
        <valueCode value="path-history"/>
      </extension>
      <extension url="value">
        <valueString value="https://voicecollab.ai/fhir/history.html"/>
      </extension>
    </extension>
    <extension url="http://hl7.org/fhir/tools/StructureDefinition/ig-parameter">
      <extension url="code">
        <valueCode value="template-html"/>
      </extension>
      <extension url="value">
        <valueString value="template-page.html"/>
      </extension>
    </extension>
    <extension url="http://hl7.org/fhir/tools/StructureDefinition/ig-parameter">
      <extension url="code">
        <valueCode value="template-md"/>
      </extension>
      <extension url="value">
        <valueString value="template-page-md.html"/>
      </extension>
    </extension>
    <extension url="http://hl7.org/fhir/tools/StructureDefinition/ig-parameter">
      <extension url="code">
        <valueCode value="apply-contact"/>
      </extension>
      <extension url="value">
        <valueString value="true"/>
      </extension>
    </extension>
    <extension url="http://hl7.org/fhir/tools/StructureDefinition/ig-parameter">
      <extension url="code">
        <valueCode value="apply-context"/>
      </extension>
      <extension url="value">
        <valueString value="true"/>
      </extension>
    </extension>
    <extension url="http://hl7.org/fhir/tools/StructureDefinition/ig-parameter">
      <extension url="code">
        <valueCode value="apply-copyright"/>
      </extension>
      <extension url="value">
        <valueString value="true"/>
      </extension>
    </extension>
    <extension url="http://hl7.org/fhir/tools/StructureDefinition/ig-parameter">
      <extension url="code">
        <valueCode value="apply-jurisdiction"/>
      </extension>
      <extension url="value">
        <valueString value="true"/>
      </extension>
    </extension>
    <extension url="http://hl7.org/fhir/tools/StructureDefinition/ig-parameter">
      <extension url="code">
        <valueCode value="apply-license"/>
      </extension>
      <extension url="value">
        <valueString value="true"/>
      </extension>
    </extension>
    <extension url="http://hl7.org/fhir/tools/StructureDefinition/ig-parameter">
      <extension url="code">
        <valueCode value="apply-publisher"/>
      </extension>
      <extension url="value">
        <valueString value="true"/>
      </extension>
    </extension>
    <extension url="http://hl7.org/fhir/tools/StructureDefinition/ig-parameter">
      <extension url="code">
        <valueCode value="apply-version"/>
      </extension>
      <extension url="value">
        <valueString value="true"/>
      </extension>
    </extension>
    <extension url="http://hl7.org/fhir/tools/StructureDefinition/ig-parameter">
      <extension url="code">
        <valueCode value="apply-wg"/>
      </extension>
      <extension url="value">
        <valueString value="true"/>
      </extension>
    </extension>
    <extension url="http://hl7.org/fhir/tools/StructureDefinition/ig-parameter">
      <extension url="code">
        <valueCode value="active-tables"/>
      </extension>
      <extension url="value">
        <valueString value="true"/>
      </extension>
    </extension>
    <extension url="http://hl7.org/fhir/tools/StructureDefinition/ig-parameter">
      <extension url="code">
        <valueCode value="fmm-definition"/>
      </extension>
      <extension url="value">
        <valueString value="http://hl7.org/fhir/versions.html#maturity"/>
      </extension>
    </extension>
    <extension url="http://hl7.org/fhir/tools/StructureDefinition/ig-parameter">
      <extension url="code">
        <valueCode value="propagate-status"/>
      </extension>
      <extension url="value">
        <valueString value="true"/>
      </extension>
    </extension>
    <extension url="http://hl7.org/fhir/tools/StructureDefinition/ig-parameter">
      <extension url="code">
        <valueCode value="excludelogbinaryformat"/>
      </extension>
      <extension url="value">
        <valueString value="true"/>
      </extension>
    </extension>
    <extension url="http://hl7.org/fhir/tools/StructureDefinition/ig-parameter">
      <extension url="code">
        <valueCode value="tabbed-snapshots"/>
      </extension>
      <extension url="value">
        <valueString value="true"/>
      </extension>
    </extension>
    <resource>
      <extension url="http://hl7.org/fhir/tools/StructureDefinition/resource-information">
        <valueString value="StructureDefinition:resource"/>
      </extension>
      <reference>
        <reference value="StructureDefinition/vbai-body-height"/>
      </reference>
      <name value="VBAI Body Height"/>
      <description value="An observation profile based on US Core Body Height Profile"/>
      <exampleBoolean value="false"/>
    </resource>
    <resource>
      <extension url="http://hl7.org/fhir/tools/StructureDefinition/resource-information">
        <valueString value="StructureDefinition:resource"/>
      </extension>
      <reference>
        <reference value="StructureDefinition/vbai-body-weight"/>
      </reference>
      <name value="VBAI Body Weight"/>
      <description value="An observation profile based on US Core Body Weight Profile."/>
      <exampleBoolean value="false"/>
    </resource>
    <resource>
      <extension url="http://hl7.org/fhir/tools/StructureDefinition/resource-information">
        <valueString value="StructureDefinition:resource"/>
      </extension>
      <reference>
        <reference value="StructureDefinition/vbai-cohort-protocol"/>
      </reference>
      <name value="A general template for VBAI protocols"/>
      <description value="This profile extends PlanDefinition to restrict the number of actions to 12, the number of high-level steps in the VBAI protocol template."/>
      <exampleBoolean value="false"/>
    </resource>
    <resource>
      <extension url="http://hl7.org/fhir/tools/StructureDefinition/resource-information">
        <valueString value="StructureDefinition:resource"/>
      </extension>
      <reference>
        <reference value="StructureDefinition/vbai-condition"/>
      </reference>
      <name value="VBAI Condition"/>
      <description value="A condition profile based on US Core Condition Encounter Diagnosis."/>
      <exampleBoolean value="false"/>
    </resource>
    <resource>
      <extension url="http://hl7.org/fhir/tools/StructureDefinition/resource-information">
        <valueString value="StructureDefinition:resource"/>
      </extension>
      <reference>
        <reference value="StructureDefinition/vbai-consent"/>
      </reference>
      <name value="VBAI Consent"/>
      <description value="A consent profile based on the base Consent resource"/>
      <exampleBoolean value="false"/>
    </resource>
    <resource>
      <extension url="http://hl7.org/fhir/tools/StructureDefinition/resource-information">
        <valueString value="StructureDefinition:resource"/>
      </extension>
      <reference>
        <reference value="StructureDefinition/vbai-encounter"/>
      </reference>
      <name value="VBAI Encounter"/>
      <description value="An encounter profile based on US Core Encounter."/>
      <exampleBoolean value="false"/>
    </resource>
    <resource>
      <extension url="http://hl7.org/fhir/tools/StructureDefinition/resource-information">
        <valueString value="StructureDefinition:resource"/>
      </extension>
      <reference>
        <reference value="StructureDefinition/vbai-imaging-media"/>
      </reference>
      <name value="VBAI Imaging Media"/>
      <description value="A imaging media profile based on the base Media resource."/>
      <exampleBoolean value="false"/>
    </resource>
    <resource>
      <extension url="http://hl7.org/fhir/tools/StructureDefinition/resource-information">
        <valueString value="StructureDefinition:resource"/>
      </extension>
      <reference>
        <reference value="StructureDefinition/vbai-imaging-study"/>
      </reference>
      <name value="VBAI Imaging Study"/>
      <description value="An imaging study profile based on the base ImagingStudy resource."/>
      <exampleBoolean value="false"/>
    </resource>
    <resource>
      <extension url="http://hl7.org/fhir/tools/StructureDefinition/resource-information">
        <valueString value="StructureDefinition:resource"/>
      </extension>
      <reference>
        <reference value="StructureDefinition/vbai-patient"/>
      </reference>
      <name value="VBAI Patient"/>
      <description value="A patient profile based on US Core Patient"/>
      <exampleBoolean value="false"/>
    </resource>
    <resource>
      <extension url="http://hl7.org/fhir/tools/StructureDefinition/resource-information">
        <valueString value="StructureDefinition:resource"/>
      </extension>
      <reference>
        <reference value="StructureDefinition/vbai-plan-definition"/>
      </reference>
      <name value="Vbai Plan Definition"/>
      <description value="An PlanDefinition profile based on the base PlanDefinition resource."/>
      <exampleBoolean value="false"/>
    </resource>
    <resource>
      <extension url="http://hl7.org/fhir/tools/StructureDefinition/resource-information">
        <valueString value="StructureDefinition:resource"/>
      </extension>
      <reference>
        <reference value="StructureDefinition/vbai-questionnaire"/>
      </reference>
      <name value="VBAI Questionnaire"/>
      <description value="A questionnaire profile based on the base Questionnaire resource"/>
      <exampleBoolean value="false"/>
    </resource>
    <resource>
      <extension url="http://hl7.org/fhir/tools/StructureDefinition/resource-information">
        <valueString value="StructureDefinition:resource"/>
      </extension>
      <reference>
        <reference value="StructureDefinition/vbai-questionnaire-response"/>
      </reference>
      <name value="VBAI Questionnaire Response"/>
      <description value="A questionnaire response profile based on the base QuestionnaireResponse resource"/>
      <exampleBoolean value="false"/>
    </resource>
    <resource>
      <extension url="http://hl7.org/fhir/tools/StructureDefinition/resource-information">
        <valueString value="StructureDefinition:resource"/>
      </extension>
      <reference>
        <reference value="StructureDefinition/vbai-vital-signs"/>
      </reference>
      <name value="VBAI Vital Signs"/>
      <description value="A observation profile based on US Core Vital Signs Profile."/>
      <exampleBoolean value="false"/>
    </resource>
    <resource>
      <extension url="http://hl7.org/fhir/tools/StructureDefinition/resource-information">
        <valueString value="StructureDefinition:resource"/>
      </extension>
      <reference>
        <reference value="StructureDefinition/vbai-waveform-device"/>
      </reference>
      <name value="VBAI Waveform Device"/>
      <description value="A device profile based on the base Device resource."/>
      <exampleBoolean value="false"/>
    </resource>
    <resource>
      <extension url="http://hl7.org/fhir/tools/StructureDefinition/resource-information">
        <valueString value="StructureDefinition:resource"/>
      </extension>
      <reference>
        <reference value="StructureDefinition/vbai-waveform-media"/>
      </reference>
      <name value="VBAI Waveform Media"/>
      <description value="A media profile based on the base Media resource. Primarily captures binary audio waveform data."/>
      <exampleBoolean value="false"/>
    </resource>
    <resource>
      <extension url="http://hl7.org/fhir/tools/StructureDefinition/resource-information">
        <valueString value="Questionnaire"/>
      </extension>
      <reference>
        <reference value="Questionnaire/MoodAcousticTasksQuestionnaire"/>
      </reference>
      <name value="MoodAcousticTasksQuestionnaire"/>
      <description value="MoodAcousticTasks Questionnaire"/>
      <exampleBoolean value="true"/>
    </resource>
    <resource>
      <extension url="http://hl7.org/fhir/tools/StructureDefinition/resource-information">
        <valueString value="Questionnaire"/>
      </extension>
      <reference>
        <reference value="Questionnaire/PedsAcousticTasksQuestionnaire"/>
      </reference>
      <name value="PedsAcousticTasksQuestionnaire"/>
      <description value="PedsAcousticTasks Questionnaire"/>
      <exampleBoolean value="true"/>
    </resource>
    <resource>
      <extension url="http://hl7.org/fhir/tools/StructureDefinition/resource-information">
        <valueString value="Questionnaire"/>
      </extension>
      <reference>
        <reference value="Questionnaire/RespiratoryAcousticTasksQuestionnaire"/>
      </reference>
      <name value="RespiratoryAcousticTasksQuestionnaire"/>
      <description value="RespiratoryAcousticTasks Questionnaire"/>
      <exampleBoolean value="true"/>
    </resource>
    <resource>
      <extension url="http://hl7.org/fhir/tools/StructureDefinition/resource-information">
        <valueString value="Questionnaire"/>
      </extension>
      <reference>
        <reference value="Questionnaire/VoiceAcousticTasksQuestionnaire"/>
      </reference>
      <name value="VoiceAcousticTasksQuestionnaire"/>
      <description value="VoiceAcousticTasks Questionnaire"/>
      <exampleBoolean value="true"/>
    </resource>
    <resource>
      <extension url="http://hl7.org/fhir/tools/StructureDefinition/resource-information">
        <valueString value="Questionnaire"/>
      </extension>
      <reference>
        <reference value="Questionnaire/acoustictaskschema"/>
      </reference>
      <name value="acoustictaskschema"/>
      <exampleCanonical value="https://voicecollab.ai/fhir/StructureDefinition/vbai-questionnaire"/>
    </resource>
    <resource>
      <extension url="http://hl7.org/fhir/tools/StructureDefinition/resource-information">
        <valueString value="Questionnaire"/>
      </extension>
      <reference>
        <reference value="Questionnaire/bridge2aieconsentaddendumbchenglishschema"/>
      </reference>
      <name value="bridge2aieconsentaddendumbchenglishschema"/>
      <exampleCanonical value="https://voicecollab.ai/fhir/StructureDefinition/vbai-questionnaire"/>
    </resource>
    <resource>
      <extension url="http://hl7.org/fhir/tools/StructureDefinition/resource-information">
        <valueString value="Questionnaire"/>
      </extension>
      <reference>
        <reference value="Questionnaire/bridge2aieconsentaddendummitenglishschema"/>
      </reference>
      <name value="bridge2aieconsentaddendummitenglishschema"/>
      <exampleCanonical value="https://voicecollab.ai/fhir/StructureDefinition/vbai-questionnaire"/>
    </resource>
    <resource>
      <extension url="http://hl7.org/fhir/tools/StructureDefinition/resource-information">
        <valueString value="Questionnaire"/>
      </extension>
      <reference>
        <reference value="Questionnaire/bridge2aieconsentaddendummitresearcherstatemeschema"/>
      </reference>
      <name value="bridge2aieconsentaddendummitresearcherstatemeschema"/>
      <exampleCanonical value="https://voicecollab.ai/fhir/StructureDefinition/vbai-questionnaire"/>
    </resource>
    <resource>
      <extension url="http://hl7.org/fhir/tools/StructureDefinition/resource-information">
        <valueString value="Questionnaire"/>
      </extension>
      <reference>
        <reference value="Questionnaire/bridge2aieconsentaddendumwcmenglishschema"/>
      </reference>
      <name value="bridge2aieconsentaddendumwcmenglishschema"/>
      <exampleCanonical value="https://voicecollab.ai/fhir/StructureDefinition/vbai-questionnaire"/>
    </resource>
    <resource>
      <extension url="http://hl7.org/fhir/tools/StructureDefinition/resource-information">
        <valueString value="Questionnaire"/>
      </extension>
      <reference>
        <reference value="Questionnaire/bridge2aieconsentaddendumwcmresearcherstatemeschema"/>
      </reference>
      <name value="bridge2aieconsentaddendumwcmresearcherstatemeschema"/>
      <exampleCanonical value="https://voicecollab.ai/fhir/StructureDefinition/vbai-questionnaire"/>
    </resource>
    <resource>
      <extension url="http://hl7.org/fhir/tools/StructureDefinition/resource-information">
        <valueString value="Questionnaire"/>
      </extension>
      <reference>
        <reference value="Questionnaire/bridge2aieconsentcombinedpdfaddendummitschema"/>
      </reference>
      <name value="bridge2aieconsentcombinedpdfaddendummitschema"/>
      <exampleCanonical value="https://voicecollab.ai/fhir/StructureDefinition/vbai-questionnaire"/>
    </resource>
    <resource>
      <extension url="http://hl7.org/fhir/tools/StructureDefinition/resource-information">
        <valueString value="Questionnaire"/>
      </extension>
      <reference>
        <reference value="Questionnaire/bridge2aieconsentcombinedpdfaddendumwcmschema"/>
      </reference>
      <name value="bridge2aieconsentcombinedpdfaddendumwcmschema"/>
      <exampleCanonical value="https://voicecollab.ai/fhir/StructureDefinition/vbai-questionnaire"/>
    </resource>
    <resource>
      <extension url="http://hl7.org/fhir/tools/StructureDefinition/resource-information">
        <valueString value="Questionnaire"/>
      </extension>
      <reference>
        <reference value="Questionnaire/bridge2aieconsentcombinedpdfmainicfusfschema"/>
      </reference>
      <name value="bridge2aieconsentcombinedpdfmainicfusfschema"/>
      <exampleCanonical value="https://voicecollab.ai/fhir/StructureDefinition/vbai-questionnaire"/>
    </resource>
    <resource>
      <extension url="http://hl7.org/fhir/tools/StructureDefinition/resource-information">
        <valueString value="Questionnaire"/>
      </extension>
      <reference>
        <reference value="Questionnaire/bridge2aieconsentmainicfusfenglishschema"/>
      </reference>
      <name value="bridge2aieconsentmainicfusfenglishschema"/>
      <exampleCanonical value="https://voicecollab.ai/fhir/StructureDefinition/vbai-questionnaire"/>
    </resource>
    <resource>
      <extension url="http://hl7.org/fhir/tools/StructureDefinition/resource-information">
        <valueString value="Questionnaire"/>
      </extension>
      <reference>
        <reference value="Questionnaire/bridge2aieconsentmainicfusfresearcherstatemeschema"/>
      </reference>
      <name value="bridge2aieconsentmainicfusfresearcherstatemeschema"/>
      <exampleCanonical value="https://voicecollab.ai/fhir/StructureDefinition/vbai-questionnaire"/>
    </resource>
    <resource>
      <extension url="http://hl7.org/fhir/tools/StructureDefinition/resource-information">
        <valueString value="Questionnaire"/>
      </extension>
      <reference>
        <reference value="Questionnaire/bridge2aipaperconsentallsitesenglishschema"/>
      </reference>
      <name value="bridge2aipaperconsentallsitesenglishschema"/>
      <exampleCanonical value="https://voicecollab.ai/fhir/StructureDefinition/vbai-questionnaire"/>
    </resource>
    <resource>
      <extension url="http://hl7.org/fhir/tools/StructureDefinition/resource-information">
        <valueString value="Questionnaire"/>
      </extension>
      <reference>
        <reference value="Questionnaire/dmoodbipolardisorderschema"/>
      </reference>
      <name value="dmoodbipolardisorderschema"/>
      <exampleCanonical value="https://voicecollab.ai/fhir/StructureDefinition/vbai-questionnaire"/>
    </resource>
    <resource>
      <extension url="http://hl7.org/fhir/tools/StructureDefinition/resource-information">
        <valueString value="Questionnaire"/>
      </extension>
      <reference>
        <reference value="Questionnaire/dmooddepressionormajordepressivedisorderschema"/>
      </reference>
      <name value="dmooddepressionormajordepressivedisorderschema"/>
      <exampleCanonical value="https://voicecollab.ai/fhir/StructureDefinition/vbai-questionnaire"/>
    </resource>
    <resource>
      <extension url="http://hl7.org/fhir/tools/StructureDefinition/resource-information">
        <valueString value="Questionnaire"/>
      </extension>
      <reference>
        <reference value="Questionnaire/dneuroalzheimersdiseasemildcognitiveimpairmeschema"/>
      </reference>
      <name value="dneuroalzheimersdiseasemildcognitiveimpairmeschema"/>
      <exampleCanonical value="https://voicecollab.ai/fhir/StructureDefinition/vbai-questionnaire"/>
    </resource>
    <resource>
      <extension url="http://hl7.org/fhir/tools/StructureDefinition/resource-information">
        <valueString value="Questionnaire"/>
      </extension>
      <reference>
        <reference value="Questionnaire/dneuroamyotrophiclateralsclerosisalsschema"/>
      </reference>
      <name value="dneuroamyotrophiclateralsclerosisalsschema"/>
      <exampleCanonical value="https://voicecollab.ai/fhir/StructureDefinition/vbai-questionnaire"/>
    </resource>
    <resource>
      <extension url="http://hl7.org/fhir/tools/StructureDefinition/resource-information">
        <valueString value="Questionnaire"/>
      </extension>
      <reference>
        <reference value="Questionnaire/dneuroparkinsonsdiseaseschema"/>
      </reference>
      <name value="dneuroparkinsonsdiseaseschema"/>
      <exampleCanonical value="https://voicecollab.ai/fhir/StructureDefinition/vbai-questionnaire"/>
    </resource>
    <resource>
      <extension url="http://hl7.org/fhir/tools/StructureDefinition/resource-information">
        <valueString value="Questionnaire"/>
      </extension>
      <reference>
        <reference value="Questionnaire/dpedshealthydevelopmentallytypicalchildrenschema"/>
      </reference>
      <name value="dpedshealthydevelopmentallytypicalchildrenschema"/>
      <exampleCanonical value="https://voicecollab.ai/fhir/StructureDefinition/vbai-questionnaire"/>
    </resource>
    <resource>
      <extension url="http://hl7.org/fhir/tools/StructureDefinition/resource-information">
        <valueString value="Questionnaire"/>
      </extension>
      <reference>
        <reference value="Questionnaire/drespairwaystenosisschema"/>
      </reference>
      <name value="drespairwaystenosisschema"/>
      <exampleCanonical value="https://voicecollab.ai/fhir/StructureDefinition/vbai-questionnaire"/>
    </resource>
    <resource>
      <extension url="http://hl7.org/fhir/tools/StructureDefinition/resource-information">
        <valueString value="Questionnaire"/>
      </extension>
      <reference>
        <reference value="Questionnaire/dvoicevocalfoldparalysisschema"/>
      </reference>
      <name value="dvoicevocalfoldparalysisschema"/>
      <exampleCanonical value="https://voicecollab.ai/fhir/StructureDefinition/vbai-questionnaire"/>
    </resource>
    <resource>
      <extension url="http://hl7.org/fhir/tools/StructureDefinition/resource-information">
        <valueString value="Questionnaire"/>
      </extension>
      <reference>
        <reference value="Questionnaire/enrollmentformschema"/>
      </reference>
      <name value="enrollmentformschema"/>
      <exampleCanonical value="https://voicecollab.ai/fhir/StructureDefinition/vbai-questionnaire"/>
    </resource>
    <resource>
      <extension url="http://hl7.org/fhir/tools/StructureDefinition/resource-information">
        <valueString value="Questionnaire"/>
      </extension>
      <reference>
        <reference value="Questionnaire/qgenericconfoundersschema"/>
      </reference>
      <name value="qgenericconfoundersschema"/>
      <exampleCanonical value="https://voicecollab.ai/fhir/StructureDefinition/vbai-questionnaire"/>
    </resource>
    <resource>
      <extension url="http://hl7.org/fhir/tools/StructureDefinition/resource-information">
        <valueString value="Questionnaire"/>
      </extension>
      <reference>
        <reference value="Questionnaire/qgenericdemographicsschema"/>
      </reference>
      <name value="qgenericdemographicsschema"/>
      <exampleCanonical value="https://voicecollab.ai/fhir/StructureDefinition/vbai-questionnaire"/>
    </resource>
    <resource>
      <extension url="http://hl7.org/fhir/tools/StructureDefinition/resource-information">
        <valueString value="Questionnaire"/>
      </extension>
      <reference>
        <reference value="Questionnaire/qgenericgad7anxietyschema"/>
      </reference>
      <name value="qgenericgad7anxietyschema"/>
      <exampleCanonical value="https://voicecollab.ai/fhir/StructureDefinition/vbai-questionnaire"/>
    </resource>
    <resource>
      <extension url="http://hl7.org/fhir/tools/StructureDefinition/resource-information">
        <valueString value="Questionnaire"/>
      </extension>
      <reference>
        <reference value="Questionnaire/qgenericpatienthealthquestionnaire9schema"/>
      </reference>
      <name value="qgenericpatienthealthquestionnaire9schema"/>
      <exampleCanonical value="https://voicecollab.ai/fhir/StructureDefinition/vbai-questionnaire"/>
    </resource>
    <resource>
      <extension url="http://hl7.org/fhir/tools/StructureDefinition/resource-information">
        <valueString value="Questionnaire"/>
      </extension>
      <reference>
        <reference value="Questionnaire/qgenericvoicehandicapindexvhi10schema"/>
      </reference>
      <name value="qgenericvoicehandicapindexvhi10schema"/>
      <exampleCanonical value="https://voicecollab.ai/fhir/StructureDefinition/vbai-questionnaire"/>
    </resource>
    <resource>
      <extension url="http://hl7.org/fhir/tools/StructureDefinition/resource-information">
        <valueString value="Questionnaire"/>
      </extension>
      <reference>
        <reference value="Questionnaire/qgenericvoiceperceptionschema"/>
      </reference>
      <name value="qgenericvoiceperceptionschema"/>
      <exampleCanonical value="https://voicecollab.ai/fhir/StructureDefinition/vbai-questionnaire"/>
    </resource>
    <resource>
      <extension url="http://hl7.org/fhir/tools/StructureDefinition/resource-information">
        <valueString value="Questionnaire"/>
      </extension>
      <reference>
        <reference value="Questionnaire/qmoodadhdadultschema"/>
      </reference>
      <name value="qmoodadhdadultschema"/>
      <exampleCanonical value="https://voicecollab.ai/fhir/StructureDefinition/vbai-questionnaire"/>
    </resource>
    <resource>
      <extension url="http://hl7.org/fhir/tools/StructureDefinition/resource-information">
        <valueString value="Questionnaire"/>
      </extension>
      <reference>
        <reference value="Questionnaire/qmoodcustomaffectscaleschema"/>
      </reference>
      <name value="qmoodcustomaffectscaleschema"/>
      <exampleCanonical value="https://voicecollab.ai/fhir/StructureDefinition/vbai-questionnaire"/>
    </resource>
    <resource>
      <extension url="http://hl7.org/fhir/tools/StructureDefinition/resource-information">
        <valueString value="Questionnaire"/>
      </extension>
      <reference>
        <reference value="Questionnaire/qmooddsm5adultschema"/>
      </reference>
      <name value="qmooddsm5adultschema"/>
      <exampleCanonical value="https://voicecollab.ai/fhir/StructureDefinition/vbai-questionnaire"/>
    </resource>
    <resource>
      <extension url="http://hl7.org/fhir/tools/StructureDefinition/resource-information">
        <valueString value="Questionnaire"/>
      </extension>
      <reference>
        <reference value="Questionnaire/qmoodpanasschema"/>
      </reference>
      <name value="qmoodpanasschema"/>
      <exampleCanonical value="https://voicecollab.ai/fhir/StructureDefinition/vbai-questionnaire"/>
    </resource>
    <resource>
      <extension url="http://hl7.org/fhir/tools/StructureDefinition/resource-information">
        <valueString value="Questionnaire"/>
      </extension>
      <reference>
        <reference value="Questionnaire/qmoodptsdadultschema"/>
      </reference>
      <name value="qmoodptsdadultschema"/>
      <exampleCanonical value="https://voicecollab.ai/fhir/StructureDefinition/vbai-questionnaire"/>
    </resource>
    <resource>
      <extension url="http://hl7.org/fhir/tools/StructureDefinition/resource-information">
        <valueString value="Questionnaire"/>
      </extension>
      <reference>
        <reference value="Questionnaire/qneuroproductivevocabularyschema"/>
      </reference>
      <name value="qneuroproductivevocabularyschema"/>
      <exampleCanonical value="https://voicecollab.ai/fhir/StructureDefinition/vbai-questionnaire"/>
    </resource>
    <resource>
      <extension url="http://hl7.org/fhir/tools/StructureDefinition/resource-information">
        <valueString value="Questionnaire"/>
      </extension>
      <reference>
        <reference value="Questionnaire/qneurorandomitemgenerationschema"/>
      </reference>
      <name value="qneurorandomitemgenerationschema"/>
      <exampleCanonical value="https://voicecollab.ai/fhir/StructureDefinition/vbai-questionnaire"/>
    </resource>
    <resource>
      <extension url="http://hl7.org/fhir/tools/StructureDefinition/resource-information">
        <valueString value="Questionnaire"/>
      </extension>
      <reference>
        <reference value="Questionnaire/qneurowinogradschemasschema"/>
      </reference>
      <name value="qneurowinogradschemasschema"/>
      <exampleCanonical value="https://voicecollab.ai/fhir/StructureDefinition/vbai-questionnaire"/>
    </resource>
    <resource>
      <extension url="http://hl7.org/fhir/tools/StructureDefinition/resource-information">
        <valueString value="Questionnaire"/>
      </extension>
      <reference>
        <reference value="Questionnaire/qneurowordcolorstroopschema"/>
      </reference>
      <name value="qneurowordcolorstroopschema"/>
      <exampleCanonical value="https://voicecollab.ai/fhir/StructureDefinition/vbai-questionnaire"/>
    </resource>
    <resource>
      <extension url="http://hl7.org/fhir/tools/StructureDefinition/resource-information">
        <valueString value="Questionnaire"/>
      </extension>
      <reference>
        <reference value="Questionnaire/qrespdyspneaindexdischema"/>
      </reference>
      <name value="qrespdyspneaindexdischema"/>
      <exampleCanonical value="https://voicecollab.ai/fhir/StructureDefinition/vbai-questionnaire"/>
    </resource>
    <resource>
      <extension url="http://hl7.org/fhir/tools/StructureDefinition/resource-information">
        <valueString value="Questionnaire"/>
      </extension>
      <reference>
        <reference value="Questionnaire/qrespleicestercoughquestionnairelcqschema"/>
      </reference>
      <name value="qrespleicestercoughquestionnairelcqschema"/>
      <exampleCanonical value="https://voicecollab.ai/fhir/StructureDefinition/vbai-questionnaire"/>
    </resource>
    <resource>
      <extension url="http://hl7.org/fhir/tools/StructureDefinition/resource-information">
        <valueString value="Questionnaire"/>
      </extension>
      <reference>
        <reference value="Questionnaire/qvoicevoiceproblemseverityschema"/>
      </reference>
      <name value="qvoicevoiceproblemseverityschema"/>
      <exampleCanonical value="https://voicecollab.ai/fhir/StructureDefinition/vbai-questionnaire"/>
    </resource>
    <resource>
      <extension url="http://hl7.org/fhir/tools/StructureDefinition/resource-information">
        <valueString value="Questionnaire"/>
      </extension>
      <reference>
        <reference value="Questionnaire/recordingschema"/>
      </reference>
      <name value="recordingschema"/>
      <exampleCanonical value="https://voicecollab.ai/fhir/StructureDefinition/vbai-questionnaire"/>
    </resource>
    <resource>
      <extension url="http://hl7.org/fhir/tools/StructureDefinition/resource-information">
        <valueString value="Questionnaire"/>
      </extension>
      <reference>
        <reference value="Questionnaire/sessionschema"/>
      </reference>
      <name value="sessionschema"/>
      <exampleCanonical value="https://voicecollab.ai/fhir/StructureDefinition/vbai-questionnaire"/>
    </resource>
    <resource>
      <extension url="http://hl7.org/fhir/tools/StructureDefinition/resource-information">
        <valueString value="Questionnaire"/>
      </extension>
      <reference>
        <reference value="Questionnaire/subjectparticipantbasicinformationschema"/>
      </reference>
      <name value="subjectparticipantbasicinformationschema"/>
      <exampleCanonical value="https://voicecollab.ai/fhir/StructureDefinition/vbai-questionnaire"/>
    </resource>
    <resource>
      <extension url="http://hl7.org/fhir/tools/StructureDefinition/resource-information">
        <valueString value="Questionnaire"/>
      </extension>
      <reference>
        <reference value="Questionnaire/subjectparticipantcontactinformationschema"/>
      </reference>
      <name value="subjectparticipantcontactinformationschema"/>
      <exampleCanonical value="https://voicecollab.ai/fhir/StructureDefinition/vbai-questionnaire"/>
    </resource>
    <resource>
      <extension url="http://hl7.org/fhir/tools/StructureDefinition/resource-information">
        <valueString value="Questionnaire"/>
      </extension>
      <reference>
        <reference value="Questionnaire/subjectparticipanteligiblestudiesschema"/>
      </reference>
      <name value="subjectparticipanteligiblestudiesschema"/>
      <exampleCanonical value="https://voicecollab.ai/fhir/StructureDefinition/vbai-questionnaire"/>
    </resource>
    <page>
      <extension url="http://hl7.org/fhir/tools/StructureDefinition/ig-page-name">
        <valueUrl value="toc.html"/>
      </extension>
      <nameUrl value="toc.html"/>
      <title value="Table of Contents"/>
      <generation value="html"/>
      <page>
        <extension url="http://hl7.org/fhir/tools/StructureDefinition/ig-page-name">
          <valueUrl value="index.html"/>
        </extension>
        <nameUrl value="index.html"/>
        <title value="Index"/>
        <generation value="markdown"/>
      </page>
      <page>
        <extension url="http://hl7.org/fhir/tools/StructureDefinition/ig-page-name">
          <valueUrl value="guidance.html"/>
        </extension>
        <nameUrl value="guidance.html"/>
        <title value="Guidance"/>
        <generation value="markdown"/>
      </page>
      <page>
        <extension url="http://hl7.org/fhir/tools/StructureDefinition/ig-page-name">
          <valueUrl value="artifacts.html"/>
        </extension>
        <nameUrl value="artifacts.html"/>
        <title value="Artifacts"/>
        <generation value="html"/>
      </page>
      <page>
        <extension url="http://hl7.org/fhir/tools/StructureDefinition/ig-page-name">
          <valueUrl value="changelog.html"/>
        </extension>
        <nameUrl value="changelog.html"/>
        <title value="Changelog"/>
        <generation value="markdown"/>
      </page>
      <page>
        <extension url="http://hl7.org/fhir/tools/StructureDefinition/ig-page-name">
          <valueUrl value="tutorial_mood.html"/>
        </extension>
        <nameUrl value="tutorial_mood.html"/>
        <title value="Tutorial Mood"/>
        <generation value="markdown"/>
      </page>
      <page>
        <extension url="http://hl7.org/fhir/tools/StructureDefinition/ig-page-name">
          <valueUrl value="tutorial_voice.html"/>
        </extension>
        <nameUrl value="tutorial_voice.html"/>
        <title value="Tutorial Voice"/>
        <generation value="markdown"/>
      </page>
      <page>
        <extension url="http://hl7.org/fhir/tools/StructureDefinition/ig-page-name">
          <valueUrl value="tutorial_peds.html"/>
        </extension>
        <nameUrl value="tutorial_peds.html"/>
        <title value="Tutorial Peds"/>
        <generation value="markdown"/>
      </page>
      <page>
        <extension url="http://hl7.org/fhir/tools/StructureDefinition/ig-page-name">
          <valueUrl value="tutorial_respiratory.html"/>
        </extension>
        <nameUrl value="tutorial_respiratory.html"/>
        <title value="Tutorial Respiratory"/>
        <generation value="markdown"/>
      </page>
      <page>
        <extension url="http://hl7.org/fhir/tools/StructureDefinition/ig-page-name">
          <valueUrl value="tutorial_neuro.html"/>
        </extension>
        <nameUrl value="tutorial_neuro.html"/>
        <title value="Tutorial Neuro"/>
        <generation value="markdown"/>
      </page>
      <page>
        <extension url="http://hl7.org/fhir/tools/StructureDefinition/ig-page-name">
          <valueUrl value="tutorial_table_of_contents.html"/>
        </extension>
        <nameUrl value="tutorial_table_of_contents.html"/>
        <title value="Tutorial Table of Contents"/>
        <generation value="markdown"/>
      </page>
      <page>
        <extension url="http://hl7.org/fhir/tools/StructureDefinition/ig-page-name">
          <valueUrl value="brief_fhir_intro.html"/>
        </extension>
        <nameUrl value="brief_fhir_intro.html"/>
        <title value="Brief Fhir Intro"/>
        <generation value="markdown"/>
      </page>
      <page>
        <extension url="http://hl7.org/fhir/tools/StructureDefinition/ig-page-name">
          <valueUrl value="protocol.html"/>
        </extension>
        <nameUrl value="protocol.html"/>
        <title value="Protocol"/>
        <generation value="markdown"/>
      </page>
    </page>
    <parameter>
      <code value="path-resource"/>
      <value value="input/capabilities"/>
    </parameter>
    <parameter>
      <code value="path-resource"/>
      <value value="input/examples"/>
    </parameter>
    <parameter>
      <code value="path-resource"/>
      <value value="input/extensions"/>
    </parameter>
    <parameter>
      <code value="path-resource"/>
      <value value="input/models"/>
    </parameter>
    <parameter>
      <code value="path-resource"/>
      <value value="input/operations"/>
    </parameter>
    <parameter>
      <code value="path-resource"/>
      <value value="input/profiles"/>
    </parameter>
    <parameter>
      <code value="path-resource"/>
      <value value="input/resources"/>
    </parameter>
    <parameter>
      <code value="path-resource"/>
      <value value="input/vocabulary"/>
    </parameter>
    <parameter>
      <code value="path-resource"/>
      <value value="input/maps"/>
    </parameter>
    <parameter>
      <code value="path-resource"/>
      <value value="input/testing"/>
    </parameter>
    <parameter>
      <code value="path-resource"/>
      <value value="input/history"/>
    </parameter>
    <parameter>
      <code value="path-resource"/>
      <value value="fsh-generated/resources"/>
    </parameter>
    <parameter>
      <code value="path-pages"/>
      <value value="template/config"/>
    </parameter>
    <parameter>
      <code value="path-pages"/>
      <value value="input/images"/>
    </parameter>
    <parameter>
      <code value="path-tx-cache"/>
      <value value="input-cache/txcache"/>
    </parameter>
  </definition>
</ImplementationGuide>