<?xml version="1.0" encoding="UTF-8"?>

<PlanDefinition xmlns="http://hl7.org/fhir">
  <id value="VbaiPlanDefinitionAcousticTasksExample"/>
  <meta>
    <profile value="https://voicecollab.ai/fhir/StructureDefinition/vbai-plan-definition"/>
  </meta>
  <text>
    <status value="generated"/><div xmlns="http://www.w3.org/1999/xhtml"><p><b>Generated Narrative: PlanDefinition</b><a name="VbaiPlanDefinitionAcousticTasksExample"> </a></p><div style="display: inline-block; background-color: #d9e0e7; padding: 6px; margin: 4px; border: 1px solid #8da1b4; border-radius: 5px; line-height: 60%"><p style="margin-bottom: 0px">Resource PlanDefinition &quot;VbaiPlanDefinitionAcousticTasksExample&quot; </p><p style="margin-bottom: 0px">Profile: <a href="StructureDefinition-vbai-plan-definition.html">Vbai Plan Definition</a></p></div><p><b>url</b>: <code>https://voicecollab.ai/fhir/PlanDefinition/VbaiPlanDefinitionAcousticTasksExample</code></p><p><b>version</b>: 1.0.0</p><p><b>title</b>: AcousticTasks PlanDefinition</p><p><b>status</b>: active</p><p><b>date</b>: 2023-07-28</p><p><b>publisher</b>: KinD Lab</p><p><b>contact</b>: KinD Lab: <a href="http://fhir.kindlab.sickkids.ca">http://fhir.kindlab.sickkids.ca</a></p><p><b>description</b>: This is a plandefinition for AcousticTasks</p><h3>Actions</h3><table class="grid"><tr><td>-</td><td><b>Prefix</b></td><td><b>Title</b></td><td><b>Description</b></td><td><b>Priority</b></td><td><b>Definition[x]</b></td></tr><tr><td>*</td><td>1.5.1</td><td>Acoustic Tasks General</td><td>Acoustic Tasks for All cohorts</td><td>routine</td><td><a href="PlanDefinition-VbaiPlanDefinitionAcousticTasksGeneralExample.html">AcousticTasksGeneral PlanDefinition</a></td></tr></table></div>
  </text>
  <url value="https://voicecollab.ai/fhir/PlanDefinition/VbaiPlanDefinitionAcousticTasksExample"/>
  <version value="1.0.0"/>
  <title value="AcousticTasks PlanDefinition"/>
  <status value="active"/>
  <date value="2023-07-28"/>
  <publisher value="KinD Lab"/>
  <contact>
    <name value="KinD Lab"/>
    <telecom>
      <system value="url"/>
      <value value="http://fhir.kindlab.sickkids.ca"/>
    </telecom>
  </contact>
  <description value="This is a plandefinition for AcousticTasks"/>
  <action>
    <prefix value="1.5.1"/>
    <title value="Acoustic Tasks General"/>
    <description value="Acoustic Tasks for All cohorts"/>
    <priority value="routine"/>
    <definitionUri value="https://voicecollab.ai/fhir/PlanDefinition/VbaiPlanDefinitionAcousticTasksGeneralExample"/>
  </action>
</PlanDefinition>