<?xml version="1.0" encoding="UTF-8"?>

<PlanDefinition xmlns="http://hl7.org/fhir">
  <id value="VbaiPlanDefinitionVoiceExample"/>
  <meta>
    <profile value="https://voicecollab.ai/fhir/StructureDefinition/vbai-plan-definition"/>
  </meta>
  <text>
    <status value="generated"/><div xmlns="http://www.w3.org/1999/xhtml"><p><b>Generated Narrative: PlanDefinition</b><a name="VbaiPlanDefinitionVoiceExample"> </a></p><div style="display: inline-block; background-color: #d9e0e7; padding: 6px; margin: 4px; border: 1px solid #8da1b4; border-radius: 5px; line-height: 60%"><p style="margin-bottom: 0px">Resource PlanDefinition &quot;VbaiPlanDefinitionVoiceExample&quot; </p><p style="margin-bottom: 0px">Profile: <a href="StructureDefinition-vbai-plan-definition.html">Vbai Plan Definition</a></p></div><p><b>url</b>: <code>https://voicecollab.ai/fhir/PlanDefinition/VbaiPlanDefinitionVoiceExample</code></p><p><b>version</b>: 0.1.0</p><p><b>title</b>: Voice Cohort Protcol</p><p><b>status</b>: active</p><p><b>date</b>: 2023-04-28</p><p><b>publisher</b>: KinD Lab</p><p><b>contact</b>: KinD Lab: <a href="http://fhir.kindlab.sickkids.ca">http://fhir.kindlab.sickkids.ca</a></p><p><b>description</b>: This is a plandefinition for Voice cohort protocol</p><blockquote><p><b>action</b></p><p><b>prefix</b>: 1.1 - 1.6</p><p><b>title</b>: Required task across all chorts</p><p><b>description</b>: List of tasks and actions done across all 5 cohorts</p><p><b>priority</b>: routine</p><p><b>definition</b>: <a href="PlanDefinition-VbaiPlanDefinitionExample.html">Cohort Protcol</a></p></blockquote><blockquote><p><b>action</b></p><p><b>prefix</b>: B</p><p><b>title</b>: Part B Voice Disorders</p><p><b>description</b>: Acoustic Tasks specific to voice cohort ​</p><p><b>priority</b>: routine</p><h3>Actions</h3><table class="grid"><tr><td>-</td><td><b>Prefix</b></td><td><b>Title</b></td><td><b>Description</b></td></tr><tr><td>*</td><td>B.1 Task 1</td><td>Task 1: Caterpillar passage     Read the following passage using your normal voice:
    Caterpillar passage: Do you like amusement parks? Well, I sure do. To amuse myself, I went twice last spring. My most MEMORABLE moment was riding on the Caterpillar, which is a gigantic rollercoaster high above the ground. When I saw how high the Caterpillar rose into the bright blue sky I knew it was for me. After waiting in line for thirty minutes, I made it to the front where the man measured my height to see if I was tall enough. I gave the man my coins, asked for change, and jumped on the cart. Tick, tick, tick, the Caterpillar climbed slowly up the tracks. It went SO high I could see the parking lot. Boy was I SCARED! I thought to myself, “There’s no turning back now.” People were so scared they screamed as we swiftly zoomed fast, fast, and faster along the tracks. As quickly as it started, the Caterpillar came to a stop. Unfortunately, it was time to pack the car and drive home. That night I dreamt of the wild ride on the Caterpillar. Taking a trip to the amusement park and riding on the Caterpillar was my MOST memorable moment ever! </td><td>This is a standardized passage that contains all the important words to test your articulation</td></tr><tr><td>*</td><td>B.1 Task 2</td><td>Task 2: Cape V sentences </td><td>Please read the following sentences out loud: 
·The blue spot is on the key again. 
·How hard did he hit him? 
·We were away a year ago. 
·We eat eggs every easter. 
·My mama makes lemon muffins. 
·Peter will keep at the peak </td></tr><tr><td>*</td><td>B.1 Task 3</td><td>Task 3: Free Speechs</td><td>Please answer the following questions. You can read the question, then click on the recording button when you are ready to answer. You can keep talking until the timer is up. (Leave the timer for 30 seconds) 
-  Can you explain your voice/speech problems and why you consulted a physician for it?</td></tr></table></blockquote><blockquote><p><b>action</b></p><p><b>prefix</b>: B.2</p><p><b>title</b>: PMHx and Confounders specific to voice cohort</p><p><b>priority</b>: routine</p></blockquote><blockquote><p><b>action</b></p><p><b>prefix</b>: B.3</p><p><b>title</b>: Validated questionnaires specific to voice cohort </p><p><b>priority</b>: routine</p><h3>Actions</h3><table class="grid"><tr><td>-</td><td><b>Prefix</b></td><td><b>Title</b></td><td><b>Description</b></td><td><b>Priority</b></td></tr><tr><td>*</td><td>B.3.1</td><td>Consensus Auditory-Perceptual Evaluation of Voice (CAPE-V) </td><td>Administer CAPE-V Questionnaire</td><td>routine</td></tr><tr><td>*</td><td>B.3.2</td><td>Overall severity scale </td><td>Describe the severity of auditory-perceptual attributes of a voice problem (0-100)</td><td>routine</td></tr></table></blockquote></div>
  </text>
  <url value="https://voicecollab.ai/fhir/PlanDefinition/VbaiPlanDefinitionVoiceExample"/>
  <version value="0.1.0"/>
  <title value="Voice Cohort Protcol"/>
  <status value="active"/>
  <date value="2023-04-28"/>
  <publisher value="KinD Lab"/>
  <contact>
    <name value="KinD Lab"/>
    <telecom>
      <system value="url"/>
      <value value="http://fhir.kindlab.sickkids.ca"/>
    </telecom>
  </contact>
  <description value="This is a plandefinition for Voice cohort protocol"/>
  <action>
    <prefix value="1.1 - 1.6"/>
    <title value="Required task across all chorts"/>
    <description value="List of tasks and actions done across all 5 cohorts"/>
    <priority value="routine"/>
    <definitionUri value="https://voicecollab.ai/fhir/PlanDefinition/VbaiPlanDefinitionExample"/>
  </action>
  <action>
    <prefix value="B"/>
    <title value="Part B Voice Disorders"/>
    <description value="Acoustic Tasks specific to voice cohort ​"/>
    <priority value="routine"/>
    <action>
      <prefix value="B.1 Task 1"/>
      <title value="Task 1: Caterpillar passage     Read the following passage using your normal voice:&#xA;    Caterpillar passage: Do you like amusement parks? Well, I sure do. To amuse myself, I went twice last spring. My most MEMORABLE moment was riding on the Caterpillar, which is a gigantic rollercoaster high above the ground. When I saw how high the Caterpillar rose into the bright blue sky I knew it was for me. After waiting in line for thirty minutes, I made it to the front where the man measured my height to see if I was tall enough. I gave the man my coins, asked for change, and jumped on the cart. Tick, tick, tick, the Caterpillar climbed slowly up the tracks. It went SO high I could see the parking lot. Boy was I SCARED! I thought to myself, “There’s no turning back now.” People were so scared they screamed as we swiftly zoomed fast, fast, and faster along the tracks. As quickly as it started, the Caterpillar came to a stop. Unfortunately, it was time to pack the car and drive home. That night I dreamt of the wild ride on the Caterpillar. Taking a trip to the amusement park and riding on the Caterpillar was my MOST memorable moment ever! "/>
      <description value="This is a standardized passage that contains all the important words to test your articulation"/>
    </action>
    <action>
      <prefix value="B.1 Task 2"/>
      <title value="Task 2: Cape V sentences "/>
      <description value="Please read the following sentences out loud: &#xA;·The blue spot is on the key again. &#xA;·How hard did he hit him? &#xA;·We were away a year ago. &#xA;·We eat eggs every easter. &#xA;·My mama makes lemon muffins. &#xA;·Peter will keep at the peak "/>
    </action>
    <action>
      <prefix value="B.1 Task 3"/>
      <title value="Task 3: Free Speechs"/>
      <description value="Please answer the following questions. You can read the question, then click on the recording button when you are ready to answer. You can keep talking until the timer is up. (Leave the timer for 30 seconds) &#xA;-  Can you explain your voice/speech problems and why you consulted a physician for it?"/>
    </action>
  </action>
  <action>
    <prefix value="B.2"/>
    <title value="PMHx and Confounders specific to voice cohort"/>
    <priority value="routine"/>
  </action>
  <action>
    <prefix value="B.3"/>
    <title value="Validated questionnaires specific to voice cohort "/>
    <priority value="routine"/>
    <action>
      <prefix value="B.3.1"/>
      <title value="Consensus Auditory-Perceptual Evaluation of Voice (CAPE-V) "/>
      <description value="Administer CAPE-V Questionnaire"/>
      <priority value="routine"/>
    </action>
    <action>
      <prefix value="B.3.2"/>
      <title value="Overall severity scale "/>
      <description value="Describe the severity of auditory-perceptual attributes of a voice problem (0-100)"/>
      <priority value="routine"/>
    </action>
  </action>
</PlanDefinition>