<?xml version="1.0" encoding="UTF-8"?>

<PlanDefinition xmlns="http://hl7.org/fhir">
  <id value="VbaiPlanDefinitionConsentExample"/>
  <meta>
    <profile value="https://voicecollab.ai/fhir/StructureDefinition/vbai-plan-definition"/>
  </meta>
  <text>
    <status value="generated"/><div xmlns="http://www.w3.org/1999/xhtml"><p><b>Generated Narrative: PlanDefinition</b><a name="VbaiPlanDefinitionConsentExample"> </a></p><div style="display: inline-block; background-color: #d9e0e7; padding: 6px; margin: 4px; border: 1px solid #8da1b4; border-radius: 5px; line-height: 60%"><p style="margin-bottom: 0px">Resource PlanDefinition &quot;VbaiPlanDefinitionConsentExample&quot; </p><p style="margin-bottom: 0px">Profile: <a href="StructureDefinition-vbai-plan-definition.html">Vbai Plan Definition</a></p></div><p><b>url</b>: <code>https://voicecollab.ai/fhir/PlanDefinition/VbaiPlanDefinitionConsentExample</code></p><p><b>version</b>: 0.1.0</p><p><b>title</b>: Consent</p><p><b>status</b>: active</p><p><b>date</b>: 2023-07-27</p><p><b>publisher</b>: KinD Lab</p><p><b>contact</b>: KinD Lab: <a href="http://fhir.kindlab.sickkids.ca">http://fhir.kindlab.sickkids.ca</a></p><p><b>description</b>: This is a plandefinition for Consent</p><blockquote><p><b>action</b></p><p><b>prefix</b>: 1.1.0</p><p><b>title</b>: Consent (Adults)</p><p><b>description</b>: Retrieve Consent from adult participants</p><p><b>priority</b>: routine</p><h3>Participants</h3><table class="grid"><tr><td>-</td><td><b>Type</b></td></tr><tr><td>*</td><td>patient</td></tr></table><h3>Actions</h3><table class="grid"><tr><td>-</td><td><b>Prefix</b></td><td><b>Title</b></td><td><b>Description</b></td><td><b>Priority</b></td><td><b>Definition[x]</b></td></tr><tr><td>*</td><td>1.1.1</td><td>Have patient read and sign consent </td><td>Before you participate in this study, we need your consent. The consent gives you information of what to expect and what is required from you for this study. It will also give you information about how your data will be shared. You have options to read the consent, watch the video consent, or do both before you decide to give your electronic consent.</td><td>routine</td><td><a href="Questionnaire-MainICF.html">Consent Main ICF</a></td></tr><tr><td>*</td><td>1.1.2</td><td>Retreive Researcher Statement</td><td> </td><td>routine</td><td><a href="Questionnaire-MainICFResearcherStatement.html">Consent Main ICF Researcher Statement</a></td></tr><tr><td>*</td><td>1.1.3</td><td>Upload Combined Consent Document</td><td> </td><td>routine</td><td><a href="Questionnaire-MainICFCombinedPDF.html">Consent Main ICF Researcher Statement</a></td></tr><tr><td>*</td><td>1.1.4</td><td>Have patient sign Addendum </td><td> </td><td>routine</td><td><a href="Questionnaire-AddendumWCM.html">Addendum WCM</a></td></tr><tr><td>*</td><td>1.1.5</td><td>Retrieve researcher statement for Addendum</td><td> </td><td>routine</td><td><a href="Questionnaire-AddendumWCMResearcherStatement.html">Addendum WCM Researcher Statement</a></td></tr><tr><td>*</td><td>1.1.6</td><td>Upload Combined Document of Addendum</td><td> </td><td>routine</td><td><a href="Questionnaire-AddendumCombinedPDF.html">Addendum Combined PDF</a></td></tr></table></blockquote></div>
  </text>
  <url value="https://voicecollab.ai/fhir/PlanDefinition/VbaiPlanDefinitionConsentExample"/>
  <version value="0.1.0"/>
  <title value="Consent"/>
  <status value="active"/>
  <date value="2023-07-27"/>
  <publisher value="KinD Lab"/>
  <contact>
    <name value="KinD Lab"/>
    <telecom>
      <system value="url"/>
      <value value="http://fhir.kindlab.sickkids.ca"/>
    </telecom>
  </contact>
  <description value="This is a plandefinition for Consent"/>
  <action>
    <prefix value="1.1.0"/>
    <title value="Consent (Adults)"/>
    <description value="Retrieve Consent from adult participants"/>
    <priority value="routine"/>
    <participant>
      <type value="patient"/>
    </participant>
    <action>
      <prefix value="1.1.1"/>
      <title value="Have patient read and sign consent "/>
      <description value="Before you participate in this study, we need your consent. The consent gives you information of what to expect and what is required from you for this study. It will also give you information about how your data will be shared. You have options to read the consent, watch the video consent, or do both before you decide to give your electronic consent."/>
      <priority value="routine"/>
      <definitionUri value="https://voicecollab.ai/fhir/Questionnaire/MainICF"/>
    </action>
    <action>
      <prefix value="1.1.2"/>
      <title value="Retreive Researcher Statement"/>
      <priority value="routine"/>
      <definitionUri value="https://voicecollab.ai/fhir/Questionnaire/MainICFResearcherStatement"/>
    </action>
    <action>
      <prefix value="1.1.3"/>
      <title value="Upload Combined Consent Document"/>
      <priority value="routine"/>
      <definitionUri value="https://voicecollab.ai/fhir/Questionnaire/MainICFCombinedPDF"/>
    </action>
    <action>
      <prefix value="1.1.4"/>
      <title value="Have patient sign Addendum "/>
      <priority value="routine"/>
      <definitionUri value="https://voicecollab.ai/fhir/Questionnaire/AddendumWCM"/>
    </action>
    <action>
      <prefix value="1.1.5"/>
      <title value="Retrieve researcher statement for Addendum"/>
      <priority value="routine"/>
      <definitionUri value="https://voicecollab.ai/fhir/Questionnaire/AddendumWCMResearcherStatement"/>
    </action>
    <action>
      <prefix value="1.1.6"/>
      <title value="Upload Combined Document of Addendum"/>
      <priority value="routine"/>
      <definitionUri value="https://voicecollab.ai/fhir/Questionnaire/AddendumCombinedPDF"/>
    </action>
  </action>
</PlanDefinition>