<?xml version="1.0" encoding="UTF-8"?>

<PlanDefinition xmlns="http://hl7.org/fhir">
  <id value="VbaiPlanDefinitionClinicianInputExample"/>
  <meta>
    <profile value="https://voicecollab.ai/fhir/StructureDefinition/vbai-plan-definition"/>
  </meta>
  <text>
    <status value="generated"/><div xmlns="http://www.w3.org/1999/xhtml"><p><b>Generated Narrative: PlanDefinition</b><a name="VbaiPlanDefinitionClinicianInputExample"> </a></p><div style="display: inline-block; background-color: #d9e0e7; padding: 6px; margin: 4px; border: 1px solid #8da1b4; border-radius: 5px; line-height: 60%"><p style="margin-bottom: 0px">Resource PlanDefinition &quot;VbaiPlanDefinitionClinicianInputExample&quot; </p><p style="margin-bottom: 0px">Profile: <a href="StructureDefinition-vbai-plan-definition.html">Vbai Plan Definition</a></p></div><p><b>url</b>: <code>https://voicecollab.ai/fhir/PlanDefinition/VbaiPlanDefinitionClinicianInputExample</code></p><p><b>version</b>: 1.4.0</p><p><b>title</b>: ClinicianInput PlanDefinition</p><p><b>status</b>: active</p><p><b>date</b>: 2023-07-28</p><p><b>publisher</b>: KinD Lab</p><p><b>contact</b>: KinD Lab: <a href="http://fhir.kindlab.sickkids.ca">http://fhir.kindlab.sickkids.ca</a></p><p><b>description</b>: This is a plandefinition for ClinicianInput</p><h3>Actions</h3><table class="grid"><tr><td style="display: none">-</td><td><b>Prefix</b></td><td><b>Title</b></td><td><b>Description</b></td><td><b>Priority</b></td></tr><tr><td style="display: none">*</td><td>1.11.1</td><td>Clinician Input</td><td>Have clinician provide input</td><td>routine</td></tr></table></div>
  </text>
  <url value="https://voicecollab.ai/fhir/PlanDefinition/VbaiPlanDefinitionClinicianInputExample"/>
  <version value="1.4.0"/>
  <title value="ClinicianInput PlanDefinition"/>
  <status value="active"/>
  <date value="2023-07-28"/>
  <publisher value="KinD Lab"/>
  <contact>
    <name value="KinD Lab"/>
    <telecom>
      <system value="url"/>
      <value value="http://fhir.kindlab.sickkids.ca"/>
    </telecom>
  </contact>
  <description value="This is a plandefinition for ClinicianInput"/>
  <action>
    <prefix value="1.11.1"/>
    <title value="Clinician Input"/>
    <description value="Have clinician provide input"/>
    <priority value="routine"/>
  </action>
</PlanDefinition>