<?xml version="1.0" encoding="UTF-8"?>

<PlanDefinition xmlns="http://hl7.org/fhir">
  <id value="VbaiPlanDefinitionAcousticTasksExample"/>
  <meta>
    <profile value="https://voicecollab.ai/fhir/StructureDefinition/vbai-plan-definition"/>
  </meta>
  <text>
    <status value="generated"/><div xmlns="http://www.w3.org/1999/xhtml"><p><b>Generated Narrative: PlanDefinition</b><a name="VbaiPlanDefinitionAcousticTasksExample"> </a></p><div style="display: inline-block; background-color: #d9e0e7; padding: 6px; margin: 4px; border: 1px solid #8da1b4; border-radius: 5px; line-height: 60%"><p style="margin-bottom: 0px">Resource PlanDefinition &quot;VbaiPlanDefinitionAcousticTasksExample&quot; </p><p style="margin-bottom: 0px">Profile: <a href="StructureDefinition-vbai-plan-definition.html">Vbai Plan Definition</a></p></div><p><b>url</b>: <code>https://voicecollab.ai/fhir/PlanDefinition/VbaiPlanDefinitionAcousticTasksExample</code></p><p><b>version</b>: 0.1.0</p><p><b>title</b>: AcousticTasks PlanDefinition</p><p><b>status</b>: active</p><p><b>date</b>: 2023-07-28</p><p><b>publisher</b>: KinD Lab</p><p><b>contact</b>: KinD Lab: <a href="http://fhir.kindlab.sickkids.ca">http://fhir.kindlab.sickkids.ca</a></p><p><b>description</b>: This is a plandefinition for AcousticTasks</p><blockquote><p><b>action</b></p><p><b>prefix</b>: 1.5.1</p><p><b>title</b>: Acoustic Tasks General</p><p><b>description</b>: Acoustic Tasks for All cohorts</p><p><b>priority</b>: routine</p><p><b>definition</b>: <a href="PlanDefinition-VbaiPlanDefinitionAcousticTasksGeneralExample.html">AcousticTasksGeneral PlanDefinition</a></p></blockquote><blockquote><p><b>action</b></p><p><b>prefix</b>: 1.5.2</p><p><b>title</b>: Acoustic Tasks Peds</p><p><b>description</b>: Acoustic Tasks for Peds cohorts</p><p><b>priority</b>: routine</p><p><b>definition</b>: <a href="PlanDefinition-VbaiPlanDefinitionAcousticTasksPedsExample.html">Acoustic Tasks Peds Cohort Protocol</a></p></blockquote></div>
  </text>
  <url value="https://voicecollab.ai/fhir/PlanDefinition/VbaiPlanDefinitionAcousticTasksExample"/>
  <version value="0.1.0"/>
  <title value="AcousticTasks PlanDefinition"/>
  <status value="active"/>
  <date value="2023-07-28"/>
  <publisher value="KinD Lab"/>
  <contact>
    <name value="KinD Lab"/>
    <telecom>
      <system value="url"/>
      <value value="http://fhir.kindlab.sickkids.ca"/>
    </telecom>
  </contact>
  <description value="This is a plandefinition for AcousticTasks"/>
  <action>
    <prefix value="1.5.1"/>
    <title value="Acoustic Tasks General"/>
    <description value="Acoustic Tasks for All cohorts"/>
    <priority value="routine"/>
    <definitionUri value="https://voicecollab.ai/fhir/PlanDefinition/VbaiPlanDefinitionAcousticTasksGeneralExample"/>
  </action>
  <action>
    <prefix value="1.5.2"/>
    <title value="Acoustic Tasks Peds"/>
    <description value="Acoustic Tasks for Peds cohorts"/>
    <priority value="routine"/>
    <definitionUri value="https://voicecollab.ai/fhir/PlanDefinition/VbaiPlanDefinitionAcousticTasksPedsExample"/>
  </action>
</PlanDefinition>