<?xml version="1.0" encoding="UTF-8"?>

<Questionnaire xmlns="http://hl7.org/fhir">
  <id value="ContactInformation"/>
  <meta>
    <profile value="https://voicecollab.ai/fhir/StructureDefinition/vbai-questionnaire"/>
  </meta>
  <text>
    <status value="generated"/><div xmlns="http://www.w3.org/1999/xhtml">Placeholder</div>
  </text>
  <url value="https://voicecollab.ai/fhir/Questionnaire/ContactInformation"/>
  <version value="1.0.0"/>
  <title value="Contact Information Questionnaire"/>
  <status value="active"/>
  <date value="2023-06-15"/>
  <publisher value="KinD Lab"/>
  <contact>
    <name value="KinD Lab"/>
    <telecom>
      <system value="url"/>
      <value value="http://fhir.kindlab.sickkids.ca"/>
    </telecom>
  </contact>
  <item>
    <linkId value="first_name"/>
    <text value="First Name"/>
    <type value="string"/>
  </item>
  <item>
    <linkId value="last_name"/>
    <text value="Last Name"/>
    <type value="string"/>
  </item>
  <item>
    <linkId value="dob"/>
    <text value="What is your date of birth?"/>
    <type value="string"/>
  </item>
  <item>
    <linkId value="phone_number"/>
    <text value="Phone Number"/>
    <type value="string"/>
  </item>
  <item>
    <linkId value="email"/>
    <text value="Email"/>
    <type value="string"/>
  </item>
  <item>
    <linkId value="contact_info_stored"/>
    <text value="I want my contact information to be kept in a repository&#xA;for this study which can be used to contact me to ask me&#xA;to enroll in further studies or return important results.&#xA;My information will not be shared with third parties."/>
    <type value="choice"/>
    <answerValueSet value="http://terminology.hl7.org/ValueSet/v2-0136"/>
  </item>
  <item>
    <linkId value="subjectparticipant_contact_information_complete"/>
    <text value="Completed?"/>
    <type value="choice"/>
    <answerValueSet value="https://voicecollab.ai/fhir/ValueSet/enrollment-complete"/>
  </item>
</Questionnaire>