<?xml version="1.0" encoding="UTF-8"?>

<Questionnaire xmlns="http://hl7.org/fhir">
  <id value="AcousticTask"/>
  <meta>
    <profile value="https://voicecollab.ai/fhir/StructureDefinition/vbai-questionnaire"/>
  </meta>
  <text>
    <status value="generated"/><div xmlns="http://www.w3.org/1999/xhtml">Placeholder</div>
  </text>
  <url value="https://voicecollab.ai/fhir/Questionnaire/AcousticTask"/>
  <version value="1.0.0"/>
  <title value="Accoustic Tasks"/>
  <status value="active"/>
  <date value="2023-06-16"/>
  <publisher value="KinD Lab"/>
  <contact>
    <name value="KinD Lab"/>
    <telecom>
      <system value="url"/>
      <value value="http://fhir.kindlab.sickkids.ca"/>
    </telecom>
  </contact>
  <item>
    <linkId value="acoustic_task_id"/>
    <text value="Acoustic Task ID"/>
    <type value="string"/>
  </item>
  <item>
    <linkId value="acoustic_task_session_id"/>
    <text value="Session ID"/>
    <type value="string"/>
  </item>
  <item>
    <linkId value="acoustic_task_name"/>
    <text value="Acoustic Task Name"/>
    <type value="string"/>
  </item>
  <item>
    <linkId value="acoustic_task_cohort"/>
    <text value="Acoustic Task Cohort"/>
    <type value="string"/>
  </item>
  <item>
    <linkId value="acoustic_task_status"/>
    <text value="Acoustic Task Status"/>
    <type value="choice"/>
    <answerValueSet value="https://voicecollab.ai/fhir/ValueSet/acoustic-task-status"/>
  </item>
  <item>
    <linkId value="acoustic_task_started_at"/>
    <text value="Acoustic Task Started At"/>
    <type value="string"/>
  </item>
  <item>
    <linkId value="acoustic_task_completed_at"/>
    <text value="Acoustic Task Completed At"/>
    <type value="string"/>
  </item>
  <item>
    <linkId value="acoustic_task_complete"/>
    <text value="Completed?"/>
    <type value="choice"/>
    <answerValueSet value="https://voicecollab.ai/fhir/ValueSet/enrollment-complete"/>
  </item>
</Questionnaire>