<?xml version="1.0" encoding="UTF-8"?>

<Questionnaire xmlns="http://hl7.org/fhir">
  <id value="Vocabulary"/>
  <meta>
    <profile value="https://voicecollab.ai/fhir/StructureDefinition/vbai-questionnaire"/>
  </meta>
  <text>
    <status value="generated"/><div xmlns="http://www.w3.org/1999/xhtml">Placeholder</div>
  </text>
  <url value="https://voicecollab.ai/fhir/Questionnaire/Vocabulary"/>
  <version value="1.0.0"/>
  <title value="Vocabulary Questionniare"/>
  <status value="active"/>
  <date value="2023-08-21"/>
  <publisher value="KinD Lab"/>
  <contact>
    <name value="KinD Lab"/>
    <telecom>
      <system value="url"/>
      <value value="http://fhir.kindlab.sickkids.ca"/>
    </telecom>
  </contact>
  <item>
    <linkId value="Vocabulary_1"/>
    <text value="boil"/>
    <type value="attachment"/>
  </item>
  <item>
    <linkId value="Vocabulary_2"/>
    <text value="duckling"/>
    <type value="attachment"/>
  </item>
  <item>
    <linkId value="Vocabulary_3"/>
    <text value="cupboard"/>
    <type value="attachment"/>
  </item>
  <item>
    <linkId value="Vocabulary_4"/>
    <text value="workbench"/>
    <type value="attachment"/>
  </item>
  <item>
    <linkId value="Vocabulary_5"/>
    <text value="agreeable"/>
    <type value="attachment"/>
  </item>
  <item>
    <linkId value="Vocabulary_6"/>
    <text value="swear"/>
    <type value="attachment"/>
  </item>
  <item>
    <linkId value="Vocabulary_7"/>
    <text value="cap"/>
    <type value="attachment"/>
  </item>
  <item>
    <linkId value="Vocabulary_8"/>
    <text value="unwire"/>
    <type value="attachment"/>
  </item>
  <item>
    <linkId value="Vocabulary_9"/>
    <text value="guitarist"/>
    <type value="attachment"/>
  </item>
  <item>
    <linkId value="Vocabulary_10"/>
    <text value="hardcover"/>
    <type value="attachment"/>
  </item>
  <item>
    <linkId value="Vocabulary_11"/>
    <text value="broccoli"/>
    <type value="attachment"/>
  </item>
  <item>
    <linkId value="Vocabulary_12"/>
    <text value="unsolved"/>
    <type value="attachment"/>
  </item>
  <item>
    <linkId value="Vocabulary_13"/>
    <text value="coral"/>
    <type value="attachment"/>
  </item>
  <item>
    <linkId value="Vocabulary_14"/>
    <text value="gladiator"/>
    <type value="attachment"/>
  </item>
  <item>
    <linkId value="Vocabulary_15"/>
    <text value="monkey"/>
    <type value="attachment"/>
  </item>
  <item>
    <linkId value="Vocabulary_16"/>
    <text value="jobless"/>
    <type value="attachment"/>
  </item>
  <item>
    <linkId value="Vocabulary_17"/>
    <text value="capitalization"/>
    <type value="attachment"/>
  </item>
  <item>
    <linkId value="Vocabulary_18"/>
    <text value="selfish"/>
    <type value="attachment"/>
  </item>
  <item>
    <linkId value="Vocabulary_19"/>
    <text value="emptiness"/>
    <type value="attachment"/>
  </item>
  <item>
    <linkId value="Vocabulary_20"/>
    <text value="pain"/>
    <type value="attachment"/>
  </item>
  <item>
    <linkId value="Vocabulary_21"/>
    <text value="brainpower"/>
    <type value="attachment"/>
  </item>
  <item>
    <linkId value="Vocabulary_22"/>
    <text value="lettuce"/>
    <type value="attachment"/>
  </item>
  <item>
    <linkId value="Vocabulary_23"/>
    <text value="wartime"/>
    <type value="attachment"/>
  </item>
  <item>
    <linkId value="Vocabulary_24"/>
    <text value="newsboy"/>
    <type value="attachment"/>
  </item>
  <item>
    <linkId value="Vocabulary_25"/>
    <text value="equipment"/>
    <type value="attachment"/>
  </item>
  <item>
    <linkId value="Vocabulary_26"/>
    <text value="sensation"/>
    <type value="attachment"/>
  </item>
  <item>
    <linkId value="Vocabulary_27"/>
    <text value="burglar"/>
    <type value="attachment"/>
  </item>
  <item>
    <linkId value="Vocabulary_28"/>
    <text value="idiotic"/>
    <type value="attachment"/>
  </item>
  <item>
    <linkId value="Vocabulary_29"/>
    <text value="spoils"/>
    <type value="attachment"/>
  </item>
  <item>
    <linkId value="Vocabulary_30"/>
    <text value="belong"/>
    <type value="attachment"/>
  </item>
  <item>
    <linkId value="Vocabulary_31"/>
    <text value="greeter"/>
    <type value="attachment"/>
  </item>
  <item>
    <linkId value="Vocabulary_32"/>
    <text value="screech"/>
    <type value="attachment"/>
  </item>
  <item>
    <linkId value="Vocabulary_33"/>
    <text value="tardy"/>
    <type value="attachment"/>
  </item>
  <item>
    <linkId value="Vocabulary_34"/>
    <text value="viewing"/>
    <type value="attachment"/>
  </item>
  <item>
    <linkId value="Vocabulary_35"/>
    <text value="heating"/>
    <type value="attachment"/>
  </item>
  <item>
    <linkId value="Vocabulary_36"/>
    <text value="homeward"/>
    <type value="attachment"/>
  </item>
  <item>
    <linkId value="Vocabulary_37"/>
    <text value="payment"/>
    <type value="attachment"/>
  </item>
  <item>
    <linkId value="Vocabulary_38"/>
    <text value="refereeing"/>
    <type value="attachment"/>
  </item>
  <item>
    <linkId value="Vocabulary_39"/>
    <text value="canyon"/>
    <type value="attachment"/>
  </item>
  <item>
    <linkId value="Vocabulary_40"/>
    <text value="nutmeg"/>
    <type value="attachment"/>
  </item>
  <item>
    <linkId value="Vocabulary_41"/>
    <text value="birdcage"/>
    <type value="attachment"/>
  </item>
  <item>
    <linkId value="Vocabulary_42"/>
    <text value="killer"/>
    <type value="attachment"/>
  </item>
  <item>
    <linkId value="Vocabulary_43"/>
    <text value="waistband"/>
    <type value="attachment"/>
  </item>
  <item>
    <linkId value="Vocabulary_44"/>
    <text value="mutter"/>
    <type value="attachment"/>
  </item>
  <item>
    <linkId value="Vocabulary_45"/>
    <text value="specific"/>
    <type value="attachment"/>
  </item>
  <item>
    <linkId value="Vocabulary_46"/>
    <text value="clerk"/>
    <type value="attachment"/>
  </item>
  <item>
    <linkId value="Vocabulary_47"/>
    <text value="orphaned"/>
    <type value="attachment"/>
  </item>
  <item>
    <linkId value="Vocabulary_48"/>
    <text value="bat"/>
    <type value="attachment"/>
  </item>
  <item>
    <linkId value="Vocabulary_49"/>
    <text value="bakeshop"/>
    <type value="attachment"/>
  </item>
  <item>
    <linkId value="Vocabulary_50"/>
    <text value="hilarious"/>
    <type value="attachment"/>
  </item>
  <item>
    <linkId value="Vocabulary_51"/>
    <text value="cheeseburger"/>
    <type value="attachment"/>
  </item>
  <item>
    <linkId value="Vocabulary_52"/>
    <text value="able"/>
    <type value="attachment"/>
  </item>
  <item>
    <linkId value="Vocabulary_53"/>
    <text value="morning"/>
    <type value="attachment"/>
  </item>
  <item>
    <linkId value="Vocabulary_54"/>
    <text value="tradition"/>
    <type value="attachment"/>
  </item>
  <item>
    <linkId value="Vocabulary_55"/>
    <text value="jean"/>
    <type value="attachment"/>
  </item>
  <item>
    <linkId value="Vocabulary_56"/>
    <text value="merry"/>
    <type value="attachment"/>
  </item>
  <item>
    <linkId value="Vocabulary_57"/>
    <text value="sunset"/>
    <type value="attachment"/>
  </item>
  <item>
    <linkId value="Vocabulary_58"/>
    <text value="stand"/>
    <type value="attachment"/>
  </item>
  <item>
    <linkId value="Vocabulary_59"/>
    <text value="sportsmanlike"/>
    <type value="attachment"/>
  </item>
  <item>
    <linkId value="Vocabulary_60"/>
    <text value="superstitious"/>
    <type value="attachment"/>
  </item>
  <item>
    <linkId value="Vocabulary_61"/>
    <text value="weightless"/>
    <type value="attachment"/>
  </item>
  <item>
    <linkId value="Vocabulary_62"/>
    <text value="vibration"/>
    <type value="attachment"/>
  </item>
  <item>
    <linkId value="Vocabulary_63"/>
    <text value="spotless"/>
    <type value="attachment"/>
  </item>
  <item>
    <linkId value="Vocabulary_64"/>
    <text value="plank"/>
    <type value="attachment"/>
  </item>
  <item>
    <linkId value="Vocabulary_65"/>
    <text value="pebble"/>
    <type value="attachment"/>
  </item>
  <item>
    <linkId value="Vocabulary_66"/>
    <text value="wastebasket"/>
    <type value="attachment"/>
  </item>
  <item>
    <linkId value="Vocabulary_67"/>
    <text value="envy"/>
    <type value="attachment"/>
  </item>
  <item>
    <linkId value="Vocabulary_68"/>
    <text value="hammer"/>
    <type value="attachment"/>
  </item>
  <item>
    <linkId value="Vocabulary_69"/>
    <text value="sun"/>
    <type value="attachment"/>
  </item>
  <item>
    <linkId value="Vocabulary_70"/>
    <text value="whole"/>
    <type value="attachment"/>
  </item>
  <item>
    <linkId value="Vocabulary_71"/>
    <text value="faucet"/>
    <type value="attachment"/>
  </item>
  <item>
    <linkId value="Vocabulary_72"/>
    <text value="cursive"/>
    <type value="attachment"/>
  </item>
  <item>
    <linkId value="Vocabulary_73"/>
    <text value="tire"/>
    <type value="attachment"/>
  </item>
  <item>
    <linkId value="Vocabulary_74"/>
    <text value="perch"/>
    <type value="attachment"/>
  </item>
  <item>
    <linkId value="Vocabulary_75"/>
    <text value="invitation"/>
    <type value="attachment"/>
  </item>
  <item>
    <linkId value="Vocabulary_76"/>
    <text value="continent"/>
    <type value="attachment"/>
  </item>
  <item>
    <linkId value="Vocabulary_77"/>
    <text value="membership"/>
    <type value="attachment"/>
  </item>
  <item>
    <linkId value="Vocabulary_78"/>
    <text value="scramble"/>
    <type value="attachment"/>
  </item>
  <item>
    <linkId value="Vocabulary_79"/>
    <text value="wood"/>
    <type value="attachment"/>
  </item>
  <item>
    <linkId value="Vocabulary_80"/>
    <text value="pheasant"/>
    <type value="attachment"/>
  </item>
  <item>
    <linkId value="Vocabulary_81"/>
    <text value="anonymous"/>
    <type value="attachment"/>
  </item>
  <item>
    <linkId value="Vocabulary_82"/>
    <text value="strategic"/>
    <type value="attachment"/>
  </item>
  <item>
    <linkId value="Vocabulary_83"/>
    <text value="polling"/>
    <type value="attachment"/>
  </item>
  <item>
    <linkId value="Vocabulary_84"/>
    <text value="combustion"/>
    <type value="attachment"/>
  </item>
  <item>
    <linkId value="Vocabulary_85"/>
    <text value="remembrance"/>
    <type value="attachment"/>
  </item>
  <item>
    <linkId value="Vocabulary_86"/>
    <text value="obscure"/>
    <type value="attachment"/>
  </item>
  <item>
    <linkId value="Vocabulary_87"/>
    <text value="cleric"/>
    <type value="attachment"/>
  </item>
  <item>
    <linkId value="Vocabulary_88"/>
    <text value="outrank"/>
    <type value="attachment"/>
  </item>
  <item>
    <linkId value="Vocabulary_89"/>
    <text value="absolution"/>
    <type value="attachment"/>
  </item>
  <item>
    <linkId value="Vocabulary_90"/>
    <text value="priesthood"/>
    <type value="attachment"/>
  </item>
  <item>
    <linkId value="Vocabulary_91"/>
    <text value="critic"/>
    <type value="attachment"/>
  </item>
  <item>
    <linkId value="Vocabulary_92"/>
    <text value="uncensored"/>
    <type value="attachment"/>
  </item>
  <item>
    <linkId value="Vocabulary_93"/>
    <text value="hobbyist"/>
    <type value="attachment"/>
  </item>
  <item>
    <linkId value="Vocabulary_94"/>
    <text value="perilous"/>
    <type value="attachment"/>
  </item>
  <item>
    <linkId value="Vocabulary_95"/>
    <text value="irate"/>
    <type value="attachment"/>
  </item>
  <item>
    <linkId value="Vocabulary_96"/>
    <text value="global"/>
    <type value="attachment"/>
  </item>
  <item>
    <linkId value="Vocabulary_97"/>
    <text value="hovel"/>
    <type value="attachment"/>
  </item>
  <item>
    <linkId value="Vocabulary_98"/>
    <text value="sophomore"/>
    <type value="attachment"/>
  </item>
  <item>
    <linkId value="Vocabulary_99"/>
    <text value="dirham"/>
    <type value="attachment"/>
  </item>
  <item>
    <linkId value="Vocabulary_100"/>
    <text value="keen"/>
    <type value="attachment"/>
  </item>
  <item>
    <linkId value="Vocabulary_101"/>
    <text value="fuddle"/>
    <type value="attachment"/>
  </item>
  <item>
    <linkId value="Vocabulary_102"/>
    <text value="battlewagon"/>
    <type value="attachment"/>
  </item>
  <item>
    <linkId value="Vocabulary_103"/>
    <text value="entail"/>
    <type value="attachment"/>
  </item>
  <item>
    <linkId value="Vocabulary_104"/>
    <text value="scarab"/>
    <type value="attachment"/>
  </item>
  <item>
    <linkId value="Vocabulary_105"/>
    <text value="dank"/>
    <type value="attachment"/>
  </item>
  <item>
    <linkId value="Vocabulary_106"/>
    <text value="guarantee"/>
    <type value="attachment"/>
  </item>
  <item>
    <linkId value="Vocabulary_107"/>
    <text value="adjuster"/>
    <type value="attachment"/>
  </item>
  <item>
    <linkId value="Vocabulary_108"/>
    <text value="enliven"/>
    <type value="attachment"/>
  </item>
  <item>
    <linkId value="Vocabulary_109"/>
    <text value="biodegradable"/>
    <type value="attachment"/>
  </item>
  <item>
    <linkId value="Vocabulary_110"/>
    <text value="enfold"/>
    <type value="attachment"/>
  </item>
  <item>
    <linkId value="Vocabulary_111"/>
    <text value="amputee"/>
    <type value="attachment"/>
  </item>
  <item>
    <linkId value="Vocabulary_112"/>
    <text value="trench"/>
    <type value="attachment"/>
  </item>
  <item>
    <linkId value="Vocabulary_113"/>
    <text value="ovation"/>
    <type value="attachment"/>
  </item>
  <item>
    <linkId value="Vocabulary_114"/>
    <text value="unsuitable"/>
    <type value="attachment"/>
  </item>
  <item>
    <linkId value="Vocabulary_115"/>
    <text value="suburban"/>
    <type value="attachment"/>
  </item>
  <item>
    <linkId value="Vocabulary_116"/>
    <text value="memento"/>
    <type value="attachment"/>
  </item>
  <item>
    <linkId value="Vocabulary_117"/>
    <text value="inevitable"/>
    <type value="attachment"/>
  </item>
  <item>
    <linkId value="Vocabulary_118"/>
    <text value="marine"/>
    <type value="attachment"/>
  </item>
  <item>
    <linkId value="Vocabulary_119"/>
    <text value="uncorrupted"/>
    <type value="attachment"/>
  </item>
  <item>
    <linkId value="Vocabulary_120"/>
    <text value="mystique"/>
    <type value="attachment"/>
  </item>
  <item>
    <linkId value="Vocabulary_121"/>
    <text value="behemoth"/>
    <type value="attachment"/>
  </item>
  <item>
    <linkId value="Vocabulary_122"/>
    <text value="marshland"/>
    <type value="attachment"/>
  </item>
  <item>
    <linkId value="Vocabulary_123"/>
    <text value="unaltered"/>
    <type value="attachment"/>
  </item>
  <item>
    <linkId value="Vocabulary_124"/>
    <text value="minority"/>
    <type value="attachment"/>
  </item>
  <item>
    <linkId value="Vocabulary_125"/>
    <text value="illicit"/>
    <type value="attachment"/>
  </item>
  <item>
    <linkId value="Vocabulary_126"/>
    <text value="stockbroker"/>
    <type value="attachment"/>
  </item>
  <item>
    <linkId value="Vocabulary_127"/>
    <text value="luster"/>
    <type value="attachment"/>
  </item>
  <item>
    <linkId value="Vocabulary_128"/>
    <text value="contort"/>
    <type value="attachment"/>
  </item>
  <item>
    <linkId value="Vocabulary_129"/>
    <text value="crimping"/>
    <type value="attachment"/>
  </item>
  <item>
    <linkId value="Vocabulary_130"/>
    <text value="finery"/>
    <type value="attachment"/>
  </item>
  <item>
    <linkId value="Vocabulary_131"/>
    <text value="feminist"/>
    <type value="attachment"/>
  </item>
  <item>
    <linkId value="Vocabulary_132"/>
    <text value="hallmark"/>
    <type value="attachment"/>
  </item>
  <item>
    <linkId value="Vocabulary_133"/>
    <text value="showy"/>
    <type value="attachment"/>
  </item>
  <item>
    <linkId value="Vocabulary_134"/>
    <text value="tarantella"/>
    <type value="attachment"/>
  </item>
  <item>
    <linkId value="Vocabulary_135"/>
    <text value="restaurateur"/>
    <type value="attachment"/>
  </item>
  <item>
    <linkId value="Vocabulary_136"/>
    <text value="uncanny"/>
    <type value="attachment"/>
  </item>
  <item>
    <linkId value="Vocabulary_137"/>
    <text value="kilter"/>
    <type value="attachment"/>
  </item>
  <item>
    <linkId value="Vocabulary_138"/>
    <text value="legislation"/>
    <type value="attachment"/>
  </item>
  <item>
    <linkId value="Vocabulary_139"/>
    <text value="illogical"/>
    <type value="attachment"/>
  </item>
  <item>
    <linkId value="Vocabulary_140"/>
    <text value="entirety"/>
    <type value="attachment"/>
  </item>
  <item>
    <linkId value="Vocabulary_141"/>
    <text value="irreparable"/>
    <type value="attachment"/>
  </item>
  <item>
    <linkId value="Vocabulary_142"/>
    <text value="itinerary"/>
    <type value="attachment"/>
  </item>
  <item>
    <linkId value="Vocabulary_143"/>
    <text value="concept"/>
    <type value="attachment"/>
  </item>
  <item>
    <linkId value="Vocabulary_144"/>
    <text value="quivering"/>
    <type value="attachment"/>
  </item>
  <item>
    <linkId value="Vocabulary_145"/>
    <text value="plagiarize"/>
    <type value="attachment"/>
  </item>
  <item>
    <linkId value="Vocabulary_146"/>
    <text value="effectiveness"/>
    <type value="attachment"/>
  </item>
  <item>
    <linkId value="Vocabulary_147"/>
    <text value="portrayal"/>
    <type value="attachment"/>
  </item>
  <item>
    <linkId value="Vocabulary_148"/>
    <text value="civilization"/>
    <type value="attachment"/>
  </item>
  <item>
    <linkId value="Vocabulary_149"/>
    <text value="variation"/>
    <type value="attachment"/>
  </item>
  <item>
    <linkId value="Vocabulary_150"/>
    <text value="omen"/>
    <type value="attachment"/>
  </item>
  <item>
    <linkId value="Vocabulary_151"/>
    <text value="teriyaki"/>
    <type value="attachment"/>
  </item>
  <item>
    <linkId value="Vocabulary_152"/>
    <text value="oligarch"/>
    <type value="attachment"/>
  </item>
  <item>
    <linkId value="Vocabulary_153"/>
    <text value="compartmentalize"/>
    <type value="attachment"/>
  </item>
  <item>
    <linkId value="Vocabulary_154"/>
    <text value="lemma"/>
    <type value="attachment"/>
  </item>
  <item>
    <linkId value="Vocabulary_155"/>
    <text value="aquaplane"/>
    <type value="attachment"/>
  </item>
  <item>
    <linkId value="Vocabulary_156"/>
    <text value="homicidal"/>
    <type value="attachment"/>
  </item>
  <item>
    <linkId value="Vocabulary_157"/>
    <text value="editorialize"/>
    <type value="attachment"/>
  </item>
  <item>
    <linkId value="Vocabulary_158"/>
    <text value="inkling"/>
    <type value="attachment"/>
  </item>
  <item>
    <linkId value="Vocabulary_159"/>
    <text value="valency"/>
    <type value="attachment"/>
  </item>
  <item>
    <linkId value="Vocabulary_160"/>
    <text value="mesosphere"/>
    <type value="attachment"/>
  </item>
  <item>
    <linkId value="Vocabulary_161"/>
    <text value="distillate"/>
    <type value="attachment"/>
  </item>
  <item>
    <linkId value="Vocabulary_162"/>
    <text value="deduce"/>
    <type value="attachment"/>
  </item>
  <item>
    <linkId value="Vocabulary_163"/>
    <text value="deformation"/>
    <type value="attachment"/>
  </item>
  <item>
    <linkId value="Vocabulary_164"/>
    <text value="puerile"/>
    <type value="attachment"/>
  </item>
  <item>
    <linkId value="Vocabulary_165"/>
    <text value="cynical"/>
    <type value="attachment"/>
  </item>
  <item>
    <linkId value="Vocabulary_166"/>
    <text value="surreal"/>
    <type value="attachment"/>
  </item>
  <item>
    <linkId value="Vocabulary_167"/>
    <text value="denigrate"/>
    <type value="attachment"/>
  </item>
  <item>
    <linkId value="Vocabulary_168"/>
    <text value="unconventionality"/>
    <type value="attachment"/>
  </item>
  <item>
    <linkId value="Vocabulary_169"/>
    <text value="maceration"/>
    <type value="attachment"/>
  </item>
  <item>
    <linkId value="Vocabulary_170"/>
    <text value="jocularity"/>
    <type value="attachment"/>
  </item>
  <item>
    <linkId value="Vocabulary_171"/>
    <text value="poignant"/>
    <type value="attachment"/>
  </item>
  <item>
    <linkId value="Vocabulary_172"/>
    <text value="subornation"/>
    <type value="attachment"/>
  </item>
  <item>
    <linkId value="Vocabulary_173"/>
    <text value="heliotrope"/>
    <type value="attachment"/>
  </item>
  <item>
    <linkId value="Vocabulary_174"/>
    <text value="clef"/>
    <type value="attachment"/>
  </item>
  <item>
    <linkId value="Vocabulary_175"/>
    <text value="exudation"/>
    <type value="attachment"/>
  </item>
  <item>
    <linkId value="Vocabulary_176"/>
    <text value="inequitable"/>
    <type value="attachment"/>
  </item>
  <item>
    <linkId value="Vocabulary_177"/>
    <text value="lox"/>
    <type value="attachment"/>
  </item>
  <item>
    <linkId value="Vocabulary_178"/>
    <text value="loyalist"/>
    <type value="attachment"/>
  </item>
  <item>
    <linkId value="Vocabulary_179"/>
    <text value="immutable"/>
    <type value="attachment"/>
  </item>
  <item>
    <linkId value="Vocabulary_180"/>
    <text value="conga"/>
    <type value="attachment"/>
  </item>
  <item>
    <linkId value="Vocabulary_181"/>
    <text value="affirmation"/>
    <type value="attachment"/>
  </item>
  <item>
    <linkId value="Vocabulary_182"/>
    <text value="pejorative"/>
    <type value="attachment"/>
  </item>
</Questionnaire>