<?xml version="1.0" encoding="UTF-8"?>

<Questionnaire xmlns="http://hl7.org/fhir">
  <id value="RespiratoryPatientQuestionnaire"/>
  <meta>
    <profile value="https://voicecollab.ai/fhir/StructureDefinition/vbai-questionnaire"/>
  </meta>
  <text>
    <status value="generated"/><div xmlns="http://www.w3.org/1999/xhtml">Placeholder</div>
  </text>
  <url value="https://voicecollab.ai/fhir/Questionnaire/RespiratoryPatientQuestionnaire"/>
  <version value="1.0.0"/>
  <title value="Patient Questionnaire for Respiratory Questionnaire"/>
  <status value="active"/>
  <subjectType value="Patient"/>
  <date value="2023-08-02"/>
  <publisher value="KinD Lab"/>
  <contact>
    <name value="KinD Lab"/>
    <telecom>
      <system value="url"/>
      <value value="http://fhir.kindlab.sickkids.ca"/>
    </telecom>
  </contact>
  <item>
    <linkId value="Q1"/>
    <text value="Are you having difficulty breathing today?"/>
    <type value="choice"/>
    <answerValueSet value="http://terminology.hl7.org/ValueSet/v2-0136"/>
    <item>
      <linkId value="Q1.a"/>
      <text value="Are you having difficulty breathing today?"/>
      <type value="choice"/>
      <answerValueSet value="https://voicecollab.ai/fhir/ValueSet/difficulty-breathing"/>
    </item>
  </item>
  <item>
    <linkId value="Q2"/>
    <text value="Are you coughing today?"/>
    <type value="choice"/>
    <answerValueSet value="http://terminology.hl7.org/ValueSet/v2-0136"/>
    <item>
      <linkId value="Q2.a"/>
      <text value="What is the severity of your cough? 10 being most severe."/>
      <type value="integer"/>
    </item>
  </item>
</Questionnaire>