<?xml version="1.0" encoding="UTF-8"?>

<ValueSet xmlns="http://hl7.org/fhir">
  <id value="transportation-type"/>
  <text>
    <status value="generated"/><div xmlns="http://www.w3.org/1999/xhtml"><p>This value set contains 8 concepts</p><table class="codes"><tr><td style="white-space:nowrap"><b>Code</b></td><td><b>System</b></td><td><b>Display</b></td></tr><tr><td style="white-space:nowrap"><a name="https---voicecollab.ai-fhir-CodeSystem-transportation-type-p"> </a>  <a href="CodeSystem-transportation-type.html#transportation-type-p">p</a></td><td>https://voicecollab.ai/fhir/CodeSystem/transportation-type</td><td>Personal vehicle</td></tr><tr><td style="white-space:nowrap"><a name="https---voicecollab.ai-fhir-CodeSystem-transportation-type-S"> </a>  <a href="CodeSystem-transportation-type.html#transportation-type-S">S</a></td><td>https://voicecollab.ai/fhir/CodeSystem/transportation-type</td><td>Shared vehicle</td></tr><tr><td style="white-space:nowrap"><a name="https---voicecollab.ai-fhir-CodeSystem-transportation-type-PT"> </a>  <a href="CodeSystem-transportation-type.html#transportation-type-PT">PT</a></td><td>https://voicecollab.ai/fhir/CodeSystem/transportation-type</td><td>Public transportation</td></tr><tr><td style="white-space:nowrap"><a name="https---voicecollab.ai-fhir-CodeSystem-transportation-type-R"> </a>  <a href="CodeSystem-transportation-type.html#transportation-type-R">R</a></td><td>https://voicecollab.ai/fhir/CodeSystem/transportation-type</td><td>Ride with someone else</td></tr><tr><td style="white-space:nowrap"><a name="https---voicecollab.ai-fhir-CodeSystem-transportation-type-RS"> </a>  <a href="CodeSystem-transportation-type.html#transportation-type-RS">RS</a></td><td>https://voicecollab.ai/fhir/CodeSystem/transportation-type</td><td>Ride service</td></tr><tr><td style="white-space:nowrap"><a name="https---voicecollab.ai-fhir-CodeSystem-transportation-type-M"> </a>  <a href="CodeSystem-transportation-type.html#transportation-type-M">M</a></td><td>https://voicecollab.ai/fhir/CodeSystem/transportation-type</td><td>Bicycle/Motorbike</td></tr><tr><td style="white-space:nowrap"><a name="https---voicecollab.ai-fhir-CodeSystem-transportation-type-W"> </a>  <a href="CodeSystem-transportation-type.html#transportation-type-W">W</a></td><td>https://voicecollab.ai/fhir/CodeSystem/transportation-type</td><td>Walking</td></tr><tr><td style="white-space:nowrap"><a name="https---voicecollab.ai-fhir-CodeSystem-transportation-type-O"> </a>  <a href="CodeSystem-transportation-type.html#transportation-type-O">O</a></td><td>https://voicecollab.ai/fhir/CodeSystem/transportation-type</td><td>Other, please specify</td></tr></table></div>
  </text>
  <url value="https://voicecollab.ai/fhir/ValueSet/transportation-type"/>
  <version value="0.1.0"/>
  <name value="TransportationType"/>
  <title value="Transportation Type"/>
  <status value="draft"/>
  <experimental value="true"/>
  <date value="2023-06-27T13:18:32-04:00"/>
  <publisher value="KinD Lab"/>
  <contact>
    <name value="KinD Lab"/>
    <telecom>
      <system value="url"/>
      <value value="http://fhir.kindlab.sickkids.ca"/>
    </telecom>
  </contact>
  <description value="Valueset for capturing Transportation Type"/>
  <compose>
    <include>
      <system value="https://voicecollab.ai/fhir/CodeSystem/transportation-type"/>
      <concept>
        <code value="P"/>
        <display value="Personal vehicle"/>
      </concept>
      <concept>
        <code value="S"/>
        <display value="Shared vehicle"/>
      </concept>
      <concept>
        <code value="PT"/>
        <display value="Public transportation"/>
      </concept>
      <concept>
        <code value="R"/>
        <display value="Ride with someone else"/>
      </concept>
      <concept>
        <code value="RS"/>
        <display value="Ride service"/>
      </concept>
      <concept>
        <code value="M"/>
        <display value="Bicycle/Motorbike"/>
      </concept>
      <concept>
        <code value="W"/>
        <display value="Walking"/>
      </concept>
      <concept>
        <code value="O"/>
        <display value="Other, please specify"/>
      </concept>
    </include>
  </compose>
  <expansion>
    <timestamp value="2023-05-11T10:00:00Z"/>
    <contains>
      <system value="https://voicecollab.ai/fhir/CodeSystem/transportation-type"/>
      <code value="p"/>
      <display value="Personal vehicle"/>
    </contains>
    <contains>
      <system value="https://voicecollab.ai/fhir/CodeSystem/transportation-type"/>
      <code value="S"/>
      <display value="Shared vehicle"/>
    </contains>
    <contains>
      <system value="https://voicecollab.ai/fhir/CodeSystem/transportation-type"/>
      <code value="PT"/>
      <display value="Public transportation"/>
    </contains>
    <contains>
      <system value="https://voicecollab.ai/fhir/CodeSystem/transportation-type"/>
      <code value="R"/>
      <display value="Ride with someone else"/>
    </contains>
    <contains>
      <system value="https://voicecollab.ai/fhir/CodeSystem/transportation-type"/>
      <code value="RS"/>
      <display value="Ride service"/>
    </contains>
    <contains>
      <system value="https://voicecollab.ai/fhir/CodeSystem/transportation-type"/>
      <code value="M"/>
      <display value="Bicycle/Motorbike"/>
    </contains>
    <contains>
      <system value="https://voicecollab.ai/fhir/CodeSystem/transportation-type"/>
      <code value="W"/>
      <display value="Walking"/>
    </contains>
    <contains>
      <system value="https://voicecollab.ai/fhir/CodeSystem/transportation-type"/>
      <code value="O"/>
      <display value="Other, please specify"/>
    </contains>
  </expansion>
</ValueSet>