<?xml version="1.0" encoding="UTF-8"?>

<ValueSet xmlns="http://hl7.org/fhir">
  <id value="survey-options"/>
  <text>
    <status value="generated"/><div xmlns="http://www.w3.org/1999/xhtml"><ul><li>Include all codes defined in <a href="CodeSystem-survey-options.html"><code>https://voicecollab.ai/fhir/CodeSystem/survey-options</code></a></li></ul></div>
  </text>
  <url value="https://voicecollab.ai/fhir/ValueSet/survey-options"/>
  <version value="1.4.0"/>
  <name value="SurveyOptions"/>
  <title value="SurveyOptions"/>
  <status value="active"/>
  <date value="2023-05-11"/>
  <publisher value="KinD Lab"/>
  <contact>
    <name value="KinD Lab"/>
    <telecom>
      <system value="url"/>
      <value value="http://fhir.kindlab.sickkids.ca"/>
    </telecom>
  </contact>
  <description value="The SurveyOptions Codes used by PHQ9 and GAD7 questionnaire"/>
  <compose>
    <include>
      <system value="https://voicecollab.ai/fhir/CodeSystem/survey-options"/>
    </include>
  </compose>
</ValueSet>