<?xml version="1.0" encoding="UTF-8"?>

<ValueSet xmlns="http://hl7.org/fhir">
  <id value="dysnpea-index"/>
  <text>
    <status value="generated"/><div xmlns="http://www.w3.org/1999/xhtml"><ul><li>Include all codes defined in <a href="CodeSystem-dysnpea-index.html"><code>https://voicecollab.ai/fhir/CodeSystem/dysnpea-index</code></a></li></ul></div>
  </text>
  <url value="https://voicecollab.ai/fhir/ValueSet/dysnpea-index"/>
  <version value="1.0.0"/>
  <name value="DysnpeaIndex"/>
  <title value="Dysnpea Index ValueSet"/>
  <status value="active"/>
  <date value="2023-07-18"/>
  <publisher value="KinD Lab"/>
  <contact>
    <name value="KinD Lab"/>
    <telecom>
      <system value="url"/>
      <value value="http://fhir.kindlab.sickkids.ca"/>
    </telecom>
  </contact>
  <description value="The Codes used by Dysnpea Index"/>
  <compose>
    <include>
      <system value="https://voicecollab.ai/fhir/CodeSystem/dysnpea-index"/>
    </include>
  </compose>
</ValueSet>