<?xml version="1.0" encoding="UTF-8"?>

<ValueSet xmlns="http://hl7.org/fhir">
  <id value="EducationLevel"/>
  <text>
    <status value="generated"/><div xmlns="http://www.w3.org/1999/xhtml"><p>This value set includes codes based on the following rules:</p><ul><li>Import all the codes that are contained in <a href="http://terminology.hl7.org/5.2.0/ValueSet-v3-EducationLevel.html">EducationLevel</a></li><li>Include all codes defined in <a href="CodeSystem-education-level.html"><code>https://voicecollab.ai/fhir/CodeSystem/education-level</code></a></li></ul></div>
  </text>
  <url value="https://voicecollab.ai/fhir/ValueSet/EducationLevel"/>
  <version value="1.4.0"/>
  <name value="EducationLevel"/>
  <title value="Highest form of Education"/>
  <status value="draft"/>
  <experimental value="true"/>
  <date value="2024-01-15T14:38:18+00:00"/>
  <publisher value="KinD Lab"/>
  <contact>
    <name value="KinD Lab"/>
    <telecom>
      <system value="url"/>
      <value value="http://fhir.kindlab.sickkids.ca"/>
    </telecom>
  </contact>
  <description value="For Capturing a users highest education level"/>
  <compose>
    <include>
      <valueSet value="http://terminology.hl7.org/ValueSet/v3-EducationLevel"/>
    </include>
    <include>
      <system value="https://voicecollab.ai/fhir/CodeSystem/education-level"/>
    </include>
  </compose>
</ValueSet>