<?xml version="1.0" encoding="UTF-8"?>

<ValueSet xmlns="http://hl7.org/fhir">
  <id value="immigration-status"/>
  <text>
    <status value="generated"/><div xmlns="http://www.w3.org/1999/xhtml">Placeholder</div>
  </text>
  <url value="https://voicecollab.ai/fhir/ValueSet/immigration-status"/>
  <version value="1.0.0"/>
  <name value="ImmigrationStatus"/>
  <title value="Immigration Status"/>
  <status value="draft"/>
  <experimental value="true"/>
  <date value="2023-08-29T20:22:11+00:00"/>
  <publisher value="KinD Lab"/>
  <contact>
    <name value="KinD Lab"/>
    <telecom>
      <system value="url"/>
      <value value="http://fhir.kindlab.sickkids.ca"/>
    </telecom>
  </contact>
  <description value="Valueset for capturing Immigration Status"/>
  <compose>
    <include>
      <system value="https://voicecollab.ai/fhir/CodeSystem/immigration-status"/>
      <concept>
        <code value="C"/>
        <display value="Citizen"/>
      </concept>
      <concept>
        <code value="PR"/>
        <display value="Permanent Resident"/>
      </concept>
      <concept>
        <code value="NC"/>
        <display value="Non-citizen US national"/>
      </concept>
      <concept>
        <code value="R"/>
        <display value="Refugee"/>
      </concept>
      <concept>
        <code value="AS"/>
        <display value="Asylum seeker"/>
      </concept>
      <concept>
        <code value="NIS"/>
        <display value="Non-immigrant student"/>
      </concept>
      <concept>
        <code value="NIW"/>
        <display value="Non-immigrant worker"/>
      </concept>
      <concept>
        <code value="PNTA"/>
        <display value="Prefer not to answer"/>
      </concept>
    </include>
  </compose>
  <expansion>
    <timestamp value="2023-05-11T10:00:00Z"/>
    <contains>
      <system value="https://voicecollab.ai/fhir/CodeSystem/immigration-status"/>
      <code value="C"/>
      <display value="Citizen"/>
    </contains>
    <contains>
      <system value="https://voicecollab.ai/fhir/CodeSystem/immigration-status"/>
      <code value="PR"/>
      <display value="Permanent Resident"/>
    </contains>
    <contains>
      <system value="https://voicecollab.ai/fhir/CodeSystem/immigration-status"/>
      <code value="NC"/>
      <display value="Non-citizen US/CAD national"/>
    </contains>
    <contains>
      <system value="https://voicecollab.ai/fhir/CodeSystem/immigration-status"/>
      <code value="R"/>
      <display value="Refugee"/>
    </contains>
    <contains>
      <system value="https://voicecollab.ai/fhir/CodeSystem/immigration-status"/>
      <code value="AS"/>
      <display value="Asylum seeker"/>
    </contains>
    <contains>
      <system value="https://voicecollab.ai/fhir/CodeSystem/immigration-status"/>
      <code value="NIS"/>
      <display value="Non-immigrant student"/>
    </contains>
    <contains>
      <system value="https://voicecollab.ai/fhir/CodeSystem/immigration-status"/>
      <code value="NIW"/>
      <display value="Non-immigrant worker"/>
    </contains>
    <contains>
      <system value="https://voicecollab.ai/fhir/CodeSystem/immigration-status"/>
      <code value="PNTA"/>
      <display value="Prefer not to answer"/>
    </contains>
  </expansion>
</ValueSet>