<?xml version="1.0" encoding="UTF-8"?>

<ValueSet xmlns="http://hl7.org/fhir">
  <id value="psc-17"/>
  <text>
    <status value="generated"/><div xmlns="http://www.w3.org/1999/xhtml">Placeholder</div>
  </text>
  <url value="https://voicecollab.ai/fhir/ValueSet/psc-17"/>
  <version value="1.0.0"/>
  <name value="PSC17"/>
  <title value="Pediatric Symptom Checklist (PSC-17) ValueSet"/>
  <status value="active"/>
  <date value="2023-07-21"/>
  <publisher value="KinD Lab"/>
  <contact>
    <name value="KinD Lab"/>
    <telecom>
      <system value="url"/>
      <value value="http://fhir.kindlab.sickkids.ca"/>
    </telecom>
  </contact>
  <description value="The Codes used by Pediatric Symptom Checklist (PSC-17)"/>
  <compose>
    <include>
      <system value="https://voicecollab.ai/fhir/CodeSystem/psc-17"/>
    </include>
  </compose>
</ValueSet>