<?xml version="1.0" encoding="UTF-8"?>

<ValueSet xmlns="http://hl7.org/fhir">
  <id value="winograd-q1"/>
  <text>
    <status value="generated"/><div xmlns="http://www.w3.org/1999/xhtml"><ul><li>Include all codes defined in <a href="CodeSystem-winograd-q1.html"><code>https://voicecollab.ai/fhir/CodeSystem/winograd-q1</code></a></li></ul></div>
  </text>
  <url value="https://voicecollab.ai/fhir/ValueSet/winograd-q1"/>
  <version value="0.1.0"/>
  <name value="WinogradQ1"/>
  <title value="Questionnaire ValueSet for Winograd schema Question 1"/>
  <status value="active"/>
  <date value="2023-08-04"/>
  <publisher value="KinD Lab"/>
  <contact>
    <name value="KinD Lab"/>
    <telecom>
      <system value="url"/>
      <value value="http://fhir.kindlab.sickkids.ca"/>
    </telecom>
  </contact>
  <description value="The ValueSet required for Winograd Questionnaires Question 1"/>
  <compose>
    <include>
      <system value="https://voicecollab.ai/fhir/CodeSystem/winograd-q1"/>
    </include>
  </compose>
</ValueSet>