{
  "resourceType" : "CodeSystem",
  "id" : "disability-type",
  "text" : {
    "status" : "generated",
    "div" : "<div xmlns=\"http://www.w3.org/1999/xhtml\"><p>This code system <code>https://voicecollab.ai/fhir/CodeSystem/disability-type</code> defines the following codes:</p><table class=\"codes\"><tr><td style=\"white-space:nowrap\"><b>Code</b></td><td><b>Display</b></td></tr><tr><td style=\"white-space:nowrap\">V<a name=\"disability-type-V\"> </a></td><td>Vision</td></tr><tr><td style=\"white-space:nowrap\">M<a name=\"disability-type-M\"> </a></td><td>Movement</td></tr><tr><td style=\"white-space:nowrap\">T<a name=\"disability-type-T\"> </a></td><td>Thinking</td></tr><tr><td style=\"white-space:nowrap\">R<a name=\"disability-type-R\"> </a></td><td>Remembering</td></tr><tr><td style=\"white-space:nowrap\">L<a name=\"disability-type-L\"> </a></td><td>Learning</td></tr><tr><td style=\"white-space:nowrap\">C<a name=\"disability-type-C\"> </a></td><td>Communicating</td></tr><tr><td style=\"white-space:nowrap\">H<a name=\"disability-type-H\"> </a></td><td>Hearing</td></tr><tr><td style=\"white-space:nowrap\">MH<a name=\"disability-type-MH\"> </a></td><td>Mental Health</td></tr><tr><td style=\"white-space:nowrap\">SR<a name=\"disability-type-SR\"> </a></td><td>Social Relationships</td></tr></table></div>"
  },
  "url" : "https://voicecollab.ai/fhir/CodeSystem/disability-type",
  "version" : "1.0.0",
  "name" : "DisabilityType",
  "title" : "Questionnaire codes Disability Type",
  "status" : "active",
  "date" : "2023-05-11",
  "publisher" : "KinD Lab",
  "contact" : [{
    "name" : "KinD Lab",
    "telecom" : [{
      "system" : "url",
      "value" : "http://fhir.kindlab.sickkids.ca"
    }]
  }],
  "description" : "The codes required for Questionnaire's Disability Type",
  "caseSensitive" : true,
  "content" : "complete",
  "count" : 9,
  "concept" : [{
    "code" : "V",
    "display" : "Vision"
  },
  {
    "code" : "M",
    "display" : "Movement"
  },
  {
    "code" : "T",
    "display" : "Thinking"
  },
  {
    "code" : "R",
    "display" : "Remembering"
  },
  {
    "code" : "L",
    "display" : "Learning"
  },
  {
    "code" : "C",
    "display" : "Communicating"
  },
  {
    "code" : "H",
    "display" : "Hearing"
  },
  {
    "code" : "MH",
    "display" : "Mental Health"
  },
  {
    "code" : "SR",
    "display" : "Social Relationships"
  }]
}