{
  "resourceType" : "CodeSystem",
  "id" : "leicester-cough",
  "text" : {
    "status" : "generated",
    "div" : "<div xmlns=\"http://www.w3.org/1999/xhtml\"><p>This code system <code>https://voicecollab.ai/fhir/CodeSystem/leicester-cough</code> defines the following codes:</p><table class=\"codes\"><tr><td style=\"white-space:nowrap\"><b>Code</b></td><td><b>Display</b></td></tr><tr><td style=\"white-space:nowrap\">1<a name=\"leicester-cough-1\"> </a></td><td>None of the time</td></tr><tr><td style=\"white-space:nowrap\">2<a name=\"leicester-cough-2\"> </a></td><td>Hardly any of the time</td></tr><tr><td style=\"white-space:nowrap\">3<a name=\"leicester-cough-3\"> </a></td><td>A little of the time</td></tr><tr><td style=\"white-space:nowrap\">4<a name=\"leicester-cough-4\"> </a></td><td>Some of the time</td></tr><tr><td style=\"white-space:nowrap\">5<a name=\"leicester-cough-5\"> </a></td><td>A good bit of time</td></tr><tr><td style=\"white-space:nowrap\">6<a name=\"leicester-cough-6\"> </a></td><td>Most of the time</td></tr><tr><td style=\"white-space:nowrap\">7<a name=\"leicester-cough-7\"> </a></td><td>All of the time</td></tr></table></div>"
  },
  "url" : "https://voicecollab.ai/fhir/CodeSystem/leicester-cough",
  "version" : "1.0.0",
  "name" : "LeicesterCough",
  "title" : "Leicester Cough Questionnaire",
  "status" : "active",
  "date" : "2023-07-18",
  "publisher" : "KinD Lab",
  "contact" : [{
    "name" : "KinD Lab",
    "telecom" : [{
      "system" : "url",
      "value" : "http://fhir.kindlab.sickkids.ca"
    }]
  }],
  "description" : "Leicester Cough Questionnaire",
  "caseSensitive" : true,
  "content" : "complete",
  "count" : 7,
  "concept" : [{
    "code" : "1",
    "display" : "None of the time"
  },
  {
    "code" : "2",
    "display" : "Hardly any of the time"
  },
  {
    "code" : "3",
    "display" : "A little of the time"
  },
  {
    "code" : "4",
    "display" : "Some of the time"
  },
  {
    "code" : "5",
    "display" : "A good bit of time"
  },
  {
    "code" : "6",
    "display" : "Most of the time"
  },
  {
    "code" : "7",
    "display" : "All of the time"
  }]
}