{
  "resourceType" : "CodeSystem",
  "id" : "urge-to-cough",
  "text" : {
    "status" : "generated",
    "div" : "<div xmlns=\"http://www.w3.org/1999/xhtml\"><p>This case-sensitive code system <code>https://voicecollab.ai/fhir/CodeSystem/urge-to-cough</code> defines the following codes:</p><table class=\"codes\"><tr><td style=\"white-space:nowrap\"><b>Code</b></td><td><b>Display</b></td></tr><tr><td style=\"white-space:nowrap\">1<a name=\"urge-to-cough-1\"> </a></td><td>No need to cough</td></tr><tr><td style=\"white-space:nowrap\">1.5<a name=\"urge-to-cough-1.465\"> </a></td><td>Just noticeable urge to cough</td></tr><tr><td style=\"white-space:nowrap\">2<a name=\"urge-to-cough-2\"> </a></td><td>Slight urge to cough</td></tr><tr><td style=\"white-space:nowrap\">3<a name=\"urge-to-cough-3\"> </a></td><td>Slight-to-moderate urge to cough</td></tr><tr><td style=\"white-space:nowrap\">4<a name=\"urge-to-cough-4\"> </a></td><td>Moderate urge to cough</td></tr><tr><td style=\"white-space:nowrap\">5<a name=\"urge-to-cough-5\"> </a></td><td>Moderate-to-strong urge to cough</td></tr><tr><td style=\"white-space:nowrap\">6<a name=\"urge-to-cough-6\"> </a></td><td>Strong urge to cough</td></tr><tr><td style=\"white-space:nowrap\">7<a name=\"urge-to-cough-7\"> </a></td><td>Strong-to-severe urge to cough</td></tr><tr><td style=\"white-space:nowrap\">8<a name=\"urge-to-cough-8\"> </a></td><td>Severe urge to cough</td></tr><tr><td style=\"white-space:nowrap\">9<a name=\"urge-to-cough-9\"> </a></td><td>Severe-to-maximum urge to cough</td></tr><tr><td style=\"white-space:nowrap\">10<a name=\"urge-to-cough-10\"> </a></td><td>Maximum urge to cough</td></tr></table></div>"
  },
  "url" : "https://voicecollab.ai/fhir/CodeSystem/urge-to-cough",
  "version" : "1.4.0",
  "name" : "UrgeToCough",
  "title" : "Codes for Urge to Cough",
  "status" : "active",
  "date" : "2023-10-02",
  "publisher" : "KinD Lab",
  "contact" : [{
    "name" : "KinD Lab",
    "telecom" : [{
      "system" : "url",
      "value" : "http://fhir.kindlab.sickkids.ca"
    }]
  }],
  "description" : "This code system is designed for urge to cough questionnaire.",
  "caseSensitive" : true,
  "content" : "complete",
  "count" : 11,
  "concept" : [{
    "code" : "1",
    "display" : "No need to cough"
  },
  {
    "code" : "1.5",
    "display" : "Just noticeable urge to cough"
  },
  {
    "code" : "2",
    "display" : "Slight urge to cough"
  },
  {
    "code" : "3",
    "display" : "Slight-to-moderate urge to cough"
  },
  {
    "code" : "4",
    "display" : "Moderate urge to cough"
  },
  {
    "code" : "5",
    "display" : "Moderate-to-strong urge to cough"
  },
  {
    "code" : "6",
    "display" : "Strong urge to cough"
  },
  {
    "code" : "7",
    "display" : "Strong-to-severe urge to cough"
  },
  {
    "code" : "8",
    "display" : "Severe urge to cough"
  },
  {
    "code" : "9",
    "display" : "Severe-to-maximum urge to cough"
  },
  {
    "code" : "10",
    "display" : "Maximum urge to cough"
  }]
}