{
  "resourceType" : "CodeSystem",
  "id" : "degree",
  "text" : {
    "status" : "generated",
    "div" : "<div xmlns=\"http://www.w3.org/1999/xhtml\"><p>This code system <code>https://voicecollab.ai/fhir/CodeSystem/degree</code> defines the following codes:</p><table class=\"codes\"><tr><td style=\"white-space:nowrap\"><b>Code</b></td><td><b>Display</b></td></tr><tr><td style=\"white-space:nowrap\">1<a name=\"degree-1\"> </a></td><td>C</td></tr><tr><td style=\"white-space:nowrap\">2<a name=\"degree-2\"> </a></td><td>I</td></tr></table></div>"
  },
  "url" : "https://voicecollab.ai/fhir/CodeSystem/degree",
  "version" : "0.1.0",
  "name" : "Degree",
  "title" : "Degree",
  "status" : "active",
  "date" : "2023-06-19",
  "publisher" : "KinD Lab",
  "contact" : [{
    "name" : "KinD Lab",
    "telecom" : [{
      "system" : "url",
      "value" : "http://fhir.kindlab.sickkids.ca"
    }]
  }],
  "description" : "The codes required for Diagnosis questionnaire",
  "caseSensitive" : true,
  "content" : "complete",
  "count" : 2,
  "concept" : [{
    "code" : "1",
    "display" : "C"
  },
  {
    "code" : "2",
    "display" : "I"
  }]
}