{
  "resourceType" : "CodeSystem",
  "id" : "employment-status",
  "text" : {
    "status" : "generated",
    "div" : "<div xmlns=\"http://www.w3.org/1999/xhtml\"><p>This case-sensitive code system <code>https://voicecollab.ai/fhir/CodeSystem/employment-status</code> defines the following codes:</p><table class=\"codes\"><tr><td style=\"white-space:nowrap\"><b>Code</b></td><td><b>Display</b></td></tr><tr><td style=\"white-space:nowrap\">T<a name=\"employment-status-T\"> </a></td><td>Temporarily unemployed</td></tr><tr><td style=\"white-space:nowrap\">L<a name=\"employment-status-L\"> </a></td><td>Leave of absence </td></tr></table></div>"
  },
  "url" : "https://voicecollab.ai/fhir/CodeSystem/employment-status",
  "version" : "1.5.1",
  "name" : "EmploymentStatus",
  "title" : "Employment Status Code System",
  "status" : "active",
  "date" : "2023-05-11",
  "publisher" : "KinD Lab",
  "contact" : [{
    "name" : "KinD Lab",
    "telecom" : [{
      "system" : "url",
      "value" : "http://fhir.kindlab.sickkids.ca"
    }]
  }],
  "description" : "A comprehensive code system for categorizing employment status in a questionnaire.",
  "caseSensitive" : true,
  "content" : "complete",
  "count" : 2,
  "concept" : [{
    "code" : "T",
    "display" : "Temporarily unemployed"
  },
  {
    "code" : "L",
    "display" : "Leave of absence "
  }]
}