{
  "resourceType" : "CodeSystem",
  "id" : "voice-handicap-index",
  "text" : {
    "status" : "generated",
    "div" : "<div xmlns=\"http://www.w3.org/1999/xhtml\"><p>This case-sensitive code system <code>https://voicecollab.ai/fhir/CodeSystem/voice-handicap-index</code> defines the following codes:</p><table class=\"codes\"><tr><td style=\"white-space:nowrap\"><b>Code</b></td><td><b>Display</b></td></tr><tr><td style=\"white-space:nowrap\">1<a name=\"voice-handicap-index-1\"> </a></td><td>Never</td></tr><tr><td style=\"white-space:nowrap\">2<a name=\"voice-handicap-index-2\"> </a></td><td>Almost Never</td></tr><tr><td style=\"white-space:nowrap\">3<a name=\"voice-handicap-index-3\"> </a></td><td>Sometimes</td></tr><tr><td style=\"white-space:nowrap\">4<a name=\"voice-handicap-index-4\"> </a></td><td>Almost Always</td></tr><tr><td style=\"white-space:nowrap\">5<a name=\"voice-handicap-index-5\"> </a></td><td>Always</td></tr></table></div>"
  },
  "url" : "https://voicecollab.ai/fhir/CodeSystem/voice-handicap-index",
  "version" : "1.5.1",
  "name" : "VoiceHandicapIndex",
  "title" : "Voice Handicap Index Assessment Codes",
  "status" : "active",
  "date" : "2023-06-19",
  "publisher" : "KinD Lab",
  "contact" : [{
    "name" : "KinD Lab",
    "telecom" : [{
      "system" : "url",
      "value" : "http://fhir.kindlab.sickkids.ca"
    }]
  }],
  "description" : "A comprehensive set of codes used for the Voice Handicap Index assessment.",
  "caseSensitive" : true,
  "content" : "complete",
  "count" : 5,
  "concept" : [{
    "code" : "1",
    "display" : "Never"
  },
  {
    "code" : "2",
    "display" : "Almost Never"
  },
  {
    "code" : "3",
    "display" : "Sometimes"
  },
  {
    "code" : "4",
    "display" : "Almost Always"
  },
  {
    "code" : "5",
    "display" : "Always"
  }]
}