{
  "resourceType" : "CodeSystem",
  "id" : "menstruation-menopause-status",
  "text" : {
    "status" : "generated",
    "div" : "<div xmlns=\"http://www.w3.org/1999/xhtml\">Placeholder</div>"
  },
  "url" : "https://voicecollab.ai/fhir/CodeSystem/menstruation-menopause-status",
  "version" : "1.0.0",
  "name" : "MenstruationMenopauseStatus",
  "title" : "Menstruation and Menopause Status Codes",
  "status" : "active",
  "date" : "2023-05-15",
  "publisher" : "KinD Lab",
  "contact" : [{
    "name" : "KinD Lab",
    "telecom" : [{
      "system" : "url",
      "value" : "http://fhir.kindlab.sickkids.ca"
    }]
  }],
  "description" : "This code system defines the possible responses for a questionnaire regarding menstruation and menopause status.",
  "caseSensitive" : true,
  "content" : "complete",
  "count" : 4,
  "concept" : [{
    "code" : "N",
    "display" : "Does not apply"
  },
  {
    "code" : "Y",
    "display" : "Yes"
  },
  {
    "code" : "M",
    "display" : "I have gone through menopause"
  },
  {
    "code" : "O",
    "display" : "Other, Please Specify"
  }]
}