{
  "resourceType" : "CodeSystem",
  "id" : "disability-type",
  "text" : {
    "status" : "generated",
    "div" : "<div xmlns=\"http://www.w3.org/1999/xhtml\">Placeholder</div>"
  },
  "url" : "https://voicecollab.ai/fhir/CodeSystem/disability-type",
  "version" : "1.0.0",
  "name" : "DisabilityType",
  "title" : "Disability Classification Codes",
  "status" : "active",
  "date" : "2023-05-11",
  "publisher" : "KinD Lab",
  "contact" : [{
    "name" : "KinD Lab",
    "telecom" : [{
      "system" : "url",
      "value" : "http://fhir.kindlab.sickkids.ca"
    }]
  }],
  "description" : "A comprehensive set of codes representing different types of disabilities for use in questionnaires.",
  "caseSensitive" : true,
  "content" : "complete",
  "count" : 9,
  "concept" : [{
    "code" : "V",
    "display" : "Vision"
  },
  {
    "code" : "M",
    "display" : "Movement"
  },
  {
    "code" : "T",
    "display" : "Thinking"
  },
  {
    "code" : "R",
    "display" : "Remembering"
  },
  {
    "code" : "L",
    "display" : "Learning"
  },
  {
    "code" : "C",
    "display" : "Communicating"
  },
  {
    "code" : "H",
    "display" : "Hearing"
  },
  {
    "code" : "MH",
    "display" : "Mental Health"
  },
  {
    "code" : "SR",
    "display" : "Social Relationships"
  }]
}