{
  "resourceType" : "CodeSystem",
  "id" : "medication",
  "text" : {
    "status" : "generated",
    "div" : "<div xmlns=\"http://www.w3.org/1999/xhtml\">Placeholder</div>"
  },
  "url" : "https://voicecollab.ai/fhir/CodeSystem/medication",
  "version" : "1.0.0",
  "name" : "Medication",
  "title" : "Comprehensive Medication Code System",
  "status" : "active",
  "date" : "2023-05-15",
  "publisher" : "KinD Lab",
  "contact" : [{
    "name" : "KinD Lab",
    "telecom" : [{
      "system" : "url",
      "value" : "http://fhir.kindlab.sickkids.ca"
    }]
  }],
  "description" : "This code system encompasses a broad range of medications used in questionnaires, including antibiotics, antihistamines, cocaine, diuretics, hormones, inhaled corticosteroids for asthma, pain medications, psychotropic medications, tricyclic antidepressants, vitamins, and others.",
  "caseSensitive" : true,
  "content" : "complete",
  "count" : 11,
  "concept" : [{
    "code" : "AB",
    "display" : "Antibiotics"
  },
  {
    "code" : "AH",
    "display" : "Antihistamines"
  },
  {
    "code" : "C",
    "display" : "Cocaine use"
  },
  {
    "code" : "D",
    "display" : "Diuretics"
  },
  {
    "code" : "H",
    "display" : "Hormone use - oral contraceptives"
  },
  {
    "code" : "ICA",
    "display" : "Inhaled corticosteroids for asthma"
  },
  {
    "code" : "PK",
    "display" : "Pain medications"
  },
  {
    "code" : "P",
    "display" : "Psychotropic medications"
  },
  {
    "code" : "TA",
    "display" : "Tricyclic antidepressants"
  },
  {
    "code" : "V",
    "display" : "Vitamins"
  },
  {
    "code" : "O",
    "display" : "Other"
  }]
}