{
  "resourceType" : "CodeSystem",
  "id" : "dsm5-q3",
  "text" : {
    "status" : "generated",
    "div" : "<div xmlns=\"http://www.w3.org/1999/xhtml\"><p>This code system <code>https://voicecollab.ai/fhir/CodeSystem/dsm5-q3</code> defines the following codes:</p><table class=\"codes\"><tr><td style=\"white-space:nowrap\"><b>Code</b></td><td><b>Display</b></td></tr><tr><td style=\"white-space:nowrap\">1<a name=\"dsm5-q3-1\"> </a></td><td>I do not need less sleep than usual</td></tr><tr><td style=\"white-space:nowrap\">2<a name=\"dsm5-q3-2\"> </a></td><td>I occasionally need less sleep than usual</td></tr><tr><td style=\"white-space:nowrap\">3<a name=\"dsm5-q3-3\"> </a></td><td>I need less sleep than usual</td></tr><tr><td style=\"white-space:nowrap\">4<a name=\"dsm5-q3-4\"> </a></td><td>I frequently need less sleep than usual.</td></tr><tr><td style=\"white-space:nowrap\">5<a name=\"dsm5-q3-5\"> </a></td><td>I can go all day and all night without any sleep and still not feel tired.</td></tr></table></div>"
  },
  "url" : "https://voicecollab.ai/fhir/CodeSystem/dsm5-q3",
  "version" : "0.1.0",
  "name" : "DSM5Q3",
  "title" : "dsm5 q3",
  "status" : "active",
  "date" : "2023-06-21",
  "publisher" : "KinD Lab",
  "contact" : [{
    "name" : "KinD Lab",
    "telecom" : [{
      "system" : "url",
      "value" : "http://fhir.kindlab.sickkids.ca"
    }]
  }],
  "description" : "The codes required for dsm5 q3 questionnaire",
  "caseSensitive" : true,
  "content" : "complete",
  "count" : 5,
  "concept" : [{
    "code" : "1",
    "display" : "I do not need less sleep than usual"
  },
  {
    "code" : "2",
    "display" : "I occasionally need less sleep than usual"
  },
  {
    "code" : "3",
    "display" : "I need less sleep than usual"
  },
  {
    "code" : "4",
    "display" : "I frequently need less sleep than usual."
  },
  {
    "code" : "5",
    "display" : "I can go all day and all night without any sleep and still not feel tired."
  }]
}