{
  "resourceType" : "CodeSystem",
  "id" : "yes-no-not-certain",
  "text" : {
    "status" : "generated",
    "div" : "<div xmlns=\"http://www.w3.org/1999/xhtml\"><p>This case-sensitive code system <code>https://voicecollab.ai/fhir/CodeSystem/yes-no-not-certain</code> defines the following codes:</p><table class=\"codes\"><tr><td style=\"white-space:nowrap\"><b>Code</b></td><td><b>Display</b></td></tr><tr><td style=\"white-space:nowrap\">Y<a name=\"yes-no-not-certain-Y\"> </a></td><td>Yes</td></tr><tr><td style=\"white-space:nowrap\">N<a name=\"yes-no-not-certain-N\"> </a></td><td>No</td></tr><tr><td style=\"white-space:nowrap\">NC<a name=\"yes-no-not-certain-NC\"> </a></td><td>Not Certain</td></tr></table></div>"
  },
  "url" : "https://voicecollab.ai/fhir/CodeSystem/yes-no-not-certain",
  "version" : "1.0.0",
  "name" : "YesNoNotCertain",
  "title" : "YesNoNotCertain",
  "status" : "active",
  "date" : "2023-06-19",
  "publisher" : "KinD Lab",
  "contact" : [{
    "name" : "KinD Lab",
    "telecom" : [{
      "system" : "url",
      "value" : "http://fhir.kindlab.sickkids.ca"
    }]
  }],
  "description" : "The codes required for Diagnosis questionnaire",
  "caseSensitive" : true,
  "content" : "complete",
  "count" : 3,
  "concept" : [{
    "code" : "Y",
    "display" : "Yes"
  },
  {
    "code" : "N",
    "display" : "No"
  },
  {
    "code" : "NC",
    "display" : "Not Certain"
  }]
}