{
  "resourceType" : "CodeSystem",
  "id" : "dsm5-q4",
  "text" : {
    "status" : "generated",
    "div" : "<div xmlns=\"http://www.w3.org/1999/xhtml\"><p>This case-sensitive code system <code>https://voicecollab.ai/fhir/CodeSystem/dsm5-q4</code> defines the following codes:</p><table class=\"codes\"><tr><td style=\"white-space:nowrap\"><b>Code</b></td><td><b>Display</b></td></tr><tr><td style=\"white-space:nowrap\">1<a name=\"dsm5-q4-1\"> </a></td><td>I do not talk more than usual.</td></tr><tr><td style=\"white-space:nowrap\">2<a name=\"dsm5-q4-2\"> </a></td><td>I occasionally talk more than usual.</td></tr><tr><td style=\"white-space:nowrap\">3<a name=\"dsm5-q4-3\"> </a></td><td>I often talk more than usual</td></tr><tr><td style=\"white-space:nowrap\">4<a name=\"dsm5-q4-4\"> </a></td><td>I frequently talk more than usual</td></tr><tr><td style=\"white-space:nowrap\">5<a name=\"dsm5-q4-5\"> </a></td><td>I talk constantly and cannot be interrupted.</td></tr></table></div>"
  },
  "url" : "https://voicecollab.ai/fhir/CodeSystem/dsm5-q4",
  "version" : "1.0.0",
  "name" : "DSM5Q4",
  "title" : "dsm5 q4",
  "status" : "active",
  "date" : "2023-06-21",
  "publisher" : "KinD Lab",
  "contact" : [{
    "name" : "KinD Lab",
    "telecom" : [{
      "system" : "url",
      "value" : "http://fhir.kindlab.sickkids.ca"
    }]
  }],
  "description" : "The codes required for dsm5 q4 questionnaire",
  "caseSensitive" : true,
  "content" : "complete",
  "count" : 5,
  "concept" : [{
    "code" : "1",
    "display" : "I do not talk more than usual."
  },
  {
    "code" : "2",
    "display" : "I occasionally talk more than usual."
  },
  {
    "code" : "3",
    "display" : "I often talk more than usual"
  },
  {
    "code" : "4",
    "display" : "I frequently talk more than usual"
  },
  {
    "code" : "5",
    "display" : "I talk constantly and cannot be interrupted."
  }]
}