{
  "resourceType" : "CodeSystem",
  "id" : "checked-unchecked",
  "text" : {
    "status" : "generated",
    "div" : "<div xmlns=\"http://www.w3.org/1999/xhtml\"><p>This code system <code>https://voicecollab.ai/fhir/CodeSystem/checked-unchecked</code> defines the following codes:</p><table class=\"codes\"><tr><td style=\"white-space:nowrap\"><b>Code</b></td><td><b>Display</b></td></tr><tr><td style=\"white-space:nowrap\">C<a name=\"checked-unchecked-C\"> </a></td><td>Checked</td></tr><tr><td style=\"white-space:nowrap\">UC<a name=\"checked-unchecked-UC\"> </a></td><td>Unchecked</td></tr></table></div>"
  },
  "url" : "https://voicecollab.ai/fhir/CodeSystem/checked-unchecked",
  "version" : "1.0.0",
  "name" : "CheckedUnchecked",
  "title" : "Questionnaire enrollment condition codes",
  "status" : "active",
  "date" : "2023-06-07",
  "publisher" : "KinD Lab",
  "contact" : [{
    "name" : "KinD Lab",
    "telecom" : [{
      "system" : "url",
      "value" : "http://fhir.kindlab.sickkids.ca"
    }]
  }],
  "description" : "The codes required for Questionnaire enrollment",
  "caseSensitive" : true,
  "content" : "complete",
  "count" : 2,
  "concept" : [{
    "code" : "C",
    "display" : "Checked"
  },
  {
    "code" : "UC",
    "display" : "Unchecked"
  }]
}