{
  "resourceType" : "CodeSystem",
  "id" : "dysnpea-index",
  "text" : {
    "status" : "generated",
    "div" : "<div xmlns=\"http://www.w3.org/1999/xhtml\"><p>This code system <code>https://voicecollab.ai/fhir/CodeSystem/dysnpea-index</code> defines the following codes:</p><table class=\"codes\"><tr><td style=\"white-space:nowrap\"><b>Code</b></td><td><b>Display</b></td></tr><tr><td style=\"white-space:nowrap\">0<a name=\"dysnpea-index-0\"> </a></td><td>Never</td></tr><tr><td style=\"white-space:nowrap\">1<a name=\"dysnpea-index-1\"> </a></td><td>Almost Never</td></tr><tr><td style=\"white-space:nowrap\">2<a name=\"dysnpea-index-2\"> </a></td><td>Sometimes</td></tr><tr><td style=\"white-space:nowrap\">3<a name=\"dysnpea-index-3\"> </a></td><td>Almost always</td></tr><tr><td style=\"white-space:nowrap\">4<a name=\"dysnpea-index-4\"> </a></td><td>Always</td></tr></table></div>"
  },
  "url" : "https://voicecollab.ai/fhir/CodeSystem/dysnpea-index",
  "version" : "0.1.0",
  "name" : "DysnpeaIndex",
  "title" : "Dysnpea Index",
  "status" : "active",
  "date" : "2023-07-18",
  "publisher" : "KinD Lab",
  "contact" : [{
    "name" : "KinD Lab",
    "telecom" : [{
      "system" : "url",
      "value" : "http://fhir.kindlab.sickkids.ca"
    }]
  }],
  "description" : "Dysnpea Index",
  "caseSensitive" : true,
  "content" : "complete",
  "count" : 5,
  "concept" : [{
    "code" : "0",
    "display" : "Never"
  },
  {
    "code" : "1",
    "display" : "Almost Never"
  },
  {
    "code" : "2",
    "display" : "Sometimes"
  },
  {
    "code" : "3",
    "display" : "Almost always"
  },
  {
    "code" : "4",
    "display" : "Always"
  }]
}