{
  "resourceType" : "CodeSystem",
  "id" : "seasonal-allergies",
  "text" : {
    "status" : "generated",
    "div" : "<div xmlns=\"http://www.w3.org/1999/xhtml\">Placeholder</div>"
  },
  "url" : "https://voicecollab.ai/fhir/CodeSystem/seasonal-allergies",
  "version" : "1.0.0",
  "name" : "SeasonalAlergies",
  "title" : "Codes for Confounders Season Allergies",
  "status" : "active",
  "date" : "2023-09-06",
  "publisher" : "KinD Lab",
  "contact" : [{
    "name" : "KinD Lab",
    "telecom" : [{
      "system" : "url",
      "value" : "http://fhir.kindlab.sickkids.ca"
    }]
  }],
  "description" : "This code system is designed for confounders questionnaire.",
  "caseSensitive" : true,
  "content" : "complete",
  "count" : 5,
  "concept" : [{
    "code" : "1",
    "display" : "Nasal Congestion"
  },
  {
    "code" : "2",
    "display" : "Cough"
  },
  {
    "code" : "3",
    "display" : "Shortness of Breath"
  },
  {
    "code" : "4",
    "display" : "Sore Throat"
  },
  {
    "code" : "5",
    "display" : "Other"
  }]
}