{
  "resourceType" : "CodeSystem",
  "id" : "difficulty-breathing",
  "text" : {
    "status" : "generated",
    "div" : "<div xmlns=\"http://www.w3.org/1999/xhtml\"><p>This code system <code>https://voicecollab.ai/fhir/CodeSystem/difficulty-breathing</code> defines the following codes:</p><table class=\"codes\"><tr><td style=\"white-space:nowrap\"><b>Code</b></td><td><b>Display</b></td></tr><tr><td style=\"white-space:nowrap\">SID<a name=\"difficulty-breathing-SID\"> </a></td><td>Significant difficulty</td></tr><tr><td style=\"white-space:nowrap\">MD<a name=\"difficulty-breathing-MD\"> </a></td><td>Moderate difficulty</td></tr><tr><td style=\"white-space:nowrap\">SLD<a name=\"difficulty-breathing-SLD\"> </a></td><td>Slight difficulty</td></tr></table></div>"
  },
  "url" : "https://voicecollab.ai/fhir/CodeSystem/difficulty-breathing",
  "version" : "1.0.0",
  "name" : "DifficultyBreathing",
  "title" : "Questionnaire codes for difficulty breahing",
  "status" : "active",
  "date" : "2023-08-03",
  "publisher" : "KinD Lab",
  "contact" : [{
    "name" : "KinD Lab",
    "telecom" : [{
      "system" : "url",
      "value" : "http://fhir.kindlab.sickkids.ca"
    }]
  }],
  "description" : "The codes required for Questionnaires",
  "caseSensitive" : true,
  "content" : "complete",
  "count" : 3,
  "concept" : [{
    "code" : "SID",
    "display" : "Significant difficulty"
  },
  {
    "code" : "MD",
    "display" : "Moderate difficulty"
  },
  {
    "code" : "SLD",
    "display" : "Slight difficulty"
  }]
}