{
  "resourceType" : "CodeSystem",
  "id" : "neurological-history",
  "text" : {
    "status" : "generated",
    "div" : "<div xmlns=\"http://www.w3.org/1999/xhtml\"><p>This code system <code>https://voicecollab.ai/fhir/CodeSystem/neurological-history</code> defines the following codes:</p><table class=\"codes\"><tr><td style=\"white-space:nowrap\"><b>Code</b></td><td><b>Display</b></td></tr><tr><td style=\"white-space:nowrap\">D<a name=\"neurological-history-D\"> </a></td><td>Dizziness</td></tr><tr><td style=\"white-space:nowrap\">FH<a name=\"neurological-history-FH\"> </a></td><td>Frequent or severe headache</td></tr><tr><td style=\"white-space:nowrap\">SD<a name=\"neurological-history-SD\"> </a></td><td>Speech Difficulty</td></tr><tr><td style=\"white-space:nowrap\">A<a name=\"neurological-history-A\"> </a></td><td>Alzheimer's Disease</td></tr><tr><td style=\"white-space:nowrap\">BT<a name=\"neurological-history-BT\"> </a></td><td>Brain tumor</td></tr><tr><td style=\"white-space:nowrap\">DM<a name=\"neurological-history-DM\"> </a></td><td>Dementia</td></tr><tr><td style=\"white-space:nowrap\">E<a name=\"neurological-history-E\"> </a></td><td>Epilepsy</td></tr><tr><td style=\"white-space:nowrap\">M<a name=\"neurological-history-M\"> </a></td><td>Migraine</td></tr><tr><td style=\"white-space:nowrap\">MS<a name=\"neurological-history-MS\"> </a></td><td>Multiple sclerosis</td></tr><tr><td style=\"white-space:nowrap\">PD<a name=\"neurological-history-PD\"> </a></td><td>Parkinson's Disease</td></tr><tr><td style=\"white-space:nowrap\">S<a name=\"neurological-history-S\"> </a></td><td>Stroke</td></tr><tr><td style=\"white-space:nowrap\">TBI<a name=\"neurological-history-TBI\"> </a></td><td>Traumatic brain injury</td></tr><tr><td style=\"white-space:nowrap\">PNTA<a name=\"neurological-history-PNTA\"> </a></td><td>Prefer not to disclose</td></tr><tr><td style=\"white-space:nowrap\">O<a name=\"neurological-history-O\"> </a></td><td>Other</td></tr><tr><td style=\"white-space:nowrap\">N<a name=\"neurological-history-N\"> </a></td><td>None</td></tr></table></div>"
  },
  "url" : "https://voicecollab.ai/fhir/CodeSystem/neurological-history",
  "version" : "1.0.0",
  "name" : "NeurologicalHistory",
  "title" : "Questionnaire neurological history codes",
  "status" : "active",
  "date" : "2023-05-15",
  "publisher" : "KinD Lab",
  "contact" : [{
    "name" : "KinD Lab",
    "telecom" : [{
      "system" : "url",
      "value" : "http://fhir.kindlab.sickkids.ca"
    }]
  }],
  "description" : "The codes required for Questionnaire confounders",
  "caseSensitive" : true,
  "content" : "complete",
  "count" : 15,
  "concept" : [{
    "code" : "D",
    "display" : "Dizziness"
  },
  {
    "code" : "FH",
    "display" : "Frequent or severe headache"
  },
  {
    "code" : "SD",
    "display" : "Speech Difficulty"
  },
  {
    "code" : "A",
    "display" : "Alzheimer's Disease"
  },
  {
    "code" : "BT",
    "display" : "Brain tumor"
  },
  {
    "code" : "DM",
    "display" : "Dementia"
  },
  {
    "code" : "E",
    "display" : "Epilepsy"
  },
  {
    "code" : "M",
    "display" : "Migraine"
  },
  {
    "code" : "MS",
    "display" : "Multiple sclerosis"
  },
  {
    "code" : "PD",
    "display" : "Parkinson's Disease"
  },
  {
    "code" : "S",
    "display" : "Stroke"
  },
  {
    "code" : "TBI",
    "display" : "Traumatic brain injury"
  },
  {
    "code" : "PNTA",
    "display" : "Prefer not to disclose"
  },
  {
    "code" : "O",
    "display" : "Other"
  },
  {
    "code" : "N",
    "display" : "None"
  }]
}