{
  "resourceType" : "CodeSystem",
  "id" : "neuro-participation-consent",
  "text" : {
    "status" : "generated",
    "div" : "<div xmlns=\"http://www.w3.org/1999/xhtml\"><p>This case-sensitive code system <code>https://voicecollab.ai/fhir/CodeSystem/neuro-participation-consent</code> defines the following codes:</p><table class=\"codes\"><tr><td style=\"white-space:nowrap\"><b>Code</b></td><td><b>Display</b></td></tr><tr><td style=\"white-space:nowrap\">1<a name=\"neuro-participation-consent-1\"> </a></td><td>I consent to continue my participation in this study. </td></tr><tr><td style=\"white-space:nowrap\">2<a name=\"neuro-participation-consent-2\"> </a></td><td>I DO NOT consent to continue my participation in this study but consent to keep the data collected up to this time</td></tr></table></div>"
  },
  "url" : "https://voicecollab.ai/fhir/CodeSystem/neuro-participation-consent",
  "version" : "1.0.0",
  "name" : "NeuroParticipationConsent",
  "title" : "Questionnaire codes for neuro consent",
  "status" : "active",
  "date" : "2023-08-21",
  "publisher" : "KinD Lab",
  "contact" : [{
    "name" : "KinD Lab",
    "telecom" : [{
      "system" : "url",
      "value" : "http://fhir.kindlab.sickkids.ca"
    }]
  }],
  "description" : "The codes required for neuro consent",
  "caseSensitive" : true,
  "content" : "complete",
  "count" : 2,
  "concept" : [{
    "code" : "1",
    "display" : "I consent to continue my participation in this study. "
  },
  {
    "code" : "2",
    "display" : "I DO NOT consent to continue my participation in this study but consent to keep the data collected up to this time"
  }]
}