{
  "resourceType" : "CodeSystem",
  "id" : "acoustic-task-status",
  "text" : {
    "status" : "generated",
    "div" : "<div xmlns=\"http://www.w3.org/1999/xhtml\"><p>This case-sensitive code system <code>https://voicecollab.ai/fhir/CodeSystem/acoustic-task-status</code> defines the following codes:</p><table class=\"codes\"><tr><td style=\"white-space:nowrap\"><b>Code</b></td><td><b>Display</b></td></tr><tr><td style=\"white-space:nowrap\">S<a name=\"acoustic-task-status-S\"> </a></td><td>Skipped</td></tr><tr><td style=\"white-space:nowrap\">C<a name=\"acoustic-task-status-C\"> </a></td><td>Completed</td></tr></table></div>"
  },
  "url" : "https://voicecollab.ai/fhir/CodeSystem/acoustic-task-status",
  "version" : "1.0.0",
  "name" : "AcousticTaskStatus",
  "title" : "Status Codes for Acoustic Tasks",
  "status" : "active",
  "date" : "2023-06-15",
  "publisher" : "KinD Lab",
  "contact" : [{
    "name" : "KinD Lab",
    "telecom" : [{
      "system" : "url",
      "value" : "http://fhir.kindlab.sickkids.ca"
    }]
  }],
  "description" : "A comprehensive set of codes representing the status of Acoustic Tasks.",
  "caseSensitive" : true,
  "content" : "complete",
  "count" : 2,
  "concept" : [{
    "code" : "S",
    "display" : "Skipped"
  },
  {
    "code" : "C",
    "display" : "Completed"
  }]
}