{
  "resourceType" : "CodeSystem",
  "id" : "disability-status",
  "text" : {
    "status" : "generated",
    "div" : "<div xmlns=\"http://www.w3.org/1999/xhtml\"><p>This case-sensitive code system <code>https://voicecollab.ai/fhir/CodeSystem/disability-status</code> defines the following codes:</p><table class=\"codes\"><tr><td style=\"white-space:nowrap\"><b>Code</b></td><td><b>Display</b></td></tr><tr><td style=\"white-space:nowrap\">DAW<a name=\"disability-status-DAW\"> </a></td><td>Disabled, able to work</td></tr><tr><td style=\"white-space:nowrap\">DUW<a name=\"disability-status-DUW\"> </a></td><td>Disabled, unable to work</td></tr><tr><td style=\"white-space:nowrap\">PNA<a name=\"disability-status-PNA\"> </a></td><td>Prefer not to answer</td></tr></table></div>"
  },
  "url" : "https://voicecollab.ai/fhir/CodeSystem/disability-status",
  "version" : "1.0.0",
  "name" : "DisabilityStatus",
  "title" : "Disability Status Code System",
  "status" : "active",
  "date" : "2023-05-11",
  "publisher" : "KinD Lab",
  "contact" : [{
    "name" : "KinD Lab",
    "telecom" : [{
      "system" : "url",
      "value" : "http://fhir.kindlab.sickkids.ca"
    }]
  }],
  "description" : "A comprehensive code system for categorizing disability status in a questionnaire format.",
  "caseSensitive" : true,
  "content" : "complete",
  "count" : 3,
  "concept" : [{
    "code" : "DAW",
    "display" : "Disabled, able to work"
  },
  {
    "code" : "DUW",
    "display" : "Disabled, unable to work"
  },
  {
    "code" : "PNA",
    "display" : "Prefer not to answer"
  }]
}