{
  "resourceType" : "CodeSystem",
  "id" : "thyroplasty",
  "text" : {
    "status" : "generated",
    "div" : "<div xmlns=\"http://www.w3.org/1999/xhtml\"><p>This case-sensitive code system <code>https://voicecollab.ai/fhir/CodeSystem/thyroplasty</code> defines the following codes:</p><table class=\"codes\"><tr><td style=\"white-space:nowrap\"><b>Code</b></td><td><b>Display</b></td></tr><tr><td style=\"white-space:nowrap\">1<a name=\"thyroplasty-1\"> </a></td><td>Goretex</td></tr><tr><td style=\"white-space:nowrap\">2<a name=\"thyroplasty-2\"> </a></td><td>Silastic</td></tr></table></div>"
  },
  "url" : "https://voicecollab.ai/fhir/CodeSystem/thyroplasty",
  "version" : "1.4.0",
  "name" : "Thyroplasty",
  "title" : "Thyroplasty ",
  "status" : "active",
  "date" : "2023-06-19",
  "publisher" : "KinD Lab",
  "contact" : [{
    "name" : "KinD Lab",
    "telecom" : [{
      "system" : "url",
      "value" : "http://fhir.kindlab.sickkids.ca"
    }]
  }],
  "description" : "The codes required for Diagnosis questionnaire",
  "caseSensitive" : true,
  "content" : "complete",
  "count" : 2,
  "concept" : [{
    "code" : "1",
    "display" : "Goretex"
  },
  {
    "code" : "2",
    "display" : "Silastic"
  }]
}