{
  "resourceType" : "CodeSystem",
  "id" : "adhd",
  "text" : {
    "status" : "generated",
    "div" : "<div xmlns=\"http://www.w3.org/1999/xhtml\"><p>This case-sensitive code system <code>https://voicecollab.ai/fhir/CodeSystem/adhd</code> defines the following codes:</p><table class=\"codes\"><tr><td style=\"white-space:nowrap\"><b>Code</b></td><td><b>Display</b></td></tr><tr><td style=\"white-space:nowrap\">1<a name=\"adhd-1\"> </a></td><td>Never</td></tr><tr><td style=\"white-space:nowrap\">2<a name=\"adhd-2\"> </a></td><td>Rarely</td></tr><tr><td style=\"white-space:nowrap\">3<a name=\"adhd-3\"> </a></td><td>Sometimes</td></tr><tr><td style=\"white-space:nowrap\">4<a name=\"adhd-4\"> </a></td><td>Often</td></tr><tr><td style=\"white-space:nowrap\">5<a name=\"adhd-5\"> </a></td><td>Very Often</td></tr></table></div>"
  },
  "url" : "https://voicecollab.ai/fhir/CodeSystem/adhd",
  "version" : "1.4.0",
  "name" : "ADHD",
  "title" : "adhd",
  "status" : "active",
  "date" : "2023-06-19",
  "publisher" : "KinD Lab",
  "contact" : [{
    "name" : "KinD Lab",
    "telecom" : [{
      "system" : "url",
      "value" : "http://fhir.kindlab.sickkids.ca"
    }]
  }],
  "description" : "The codes required for adhd questionnaire",
  "caseSensitive" : true,
  "content" : "complete",
  "count" : 5,
  "concept" : [{
    "code" : "1",
    "display" : "Never"
  },
  {
    "code" : "2",
    "display" : "Rarely"
  },
  {
    "code" : "3",
    "display" : "Sometimes"
  },
  {
    "code" : "4",
    "display" : "Often"
  },
  {
    "code" : "5",
    "display" : "Very Often"
  }]
}