{
  "resourceType" : "CodeSystem",
  "id" : "seasonal-allergies",
  "text" : {
    "status" : "generated",
    "div" : "<div xmlns=\"http://www.w3.org/1999/xhtml\"><p>This case-sensitive code system <code>https://voicecollab.ai/fhir/CodeSystem/seasonal-allergies</code> defines the following codes:</p><table class=\"codes\"><tr><td style=\"white-space:nowrap\"><b>Code</b></td><td><b>Display</b></td></tr><tr><td style=\"white-space:nowrap\">1<a name=\"seasonal-allergies-1\"> </a></td><td>Nasal Congestion</td></tr><tr><td style=\"white-space:nowrap\">2<a name=\"seasonal-allergies-2\"> </a></td><td>Cough</td></tr><tr><td style=\"white-space:nowrap\">3<a name=\"seasonal-allergies-3\"> </a></td><td>Shortness of Breath</td></tr><tr><td style=\"white-space:nowrap\">4<a name=\"seasonal-allergies-4\"> </a></td><td>Sore Throat</td></tr><tr><td style=\"white-space:nowrap\">5<a name=\"seasonal-allergies-5\"> </a></td><td>Other</td></tr></table></div>"
  },
  "url" : "https://voicecollab.ai/fhir/CodeSystem/seasonal-allergies",
  "version" : "1.0.0",
  "name" : "SeasonalAlergies",
  "title" : "Codes for Confounders Season Allergies",
  "status" : "active",
  "date" : "2023-09-06",
  "publisher" : "KinD Lab",
  "contact" : [{
    "name" : "KinD Lab",
    "telecom" : [{
      "system" : "url",
      "value" : "http://fhir.kindlab.sickkids.ca"
    }]
  }],
  "description" : "This code system is designed for confounders questionnaire.",
  "caseSensitive" : true,
  "content" : "complete",
  "count" : 5,
  "concept" : [{
    "code" : "1",
    "display" : "Nasal Congestion"
  },
  {
    "code" : "2",
    "display" : "Cough"
  },
  {
    "code" : "3",
    "display" : "Shortness of Breath"
  },
  {
    "code" : "4",
    "display" : "Sore Throat"
  },
  {
    "code" : "5",
    "display" : "Other"
  }]
}