{
  "resourceType" : "CodeSystem",
  "id" : "winograd-q1",
  "text" : {
    "status" : "generated",
    "div" : "<div xmlns=\"http://www.w3.org/1999/xhtml\"><p>This case-sensitive code system <code>https://voicecollab.ai/fhir/CodeSystem/winograd-q1</code> defines the following codes:</p><table class=\"codes\"><tr><td style=\"white-space:nowrap\"><b>Code</b></td><td><b>Display</b></td></tr><tr><td style=\"white-space:nowrap\">S<a name=\"winograd-q1-S\"> </a></td><td>The Scientists</td></tr><tr><td style=\"white-space:nowrap\">F<a name=\"winograd-q1-F\"> </a></td><td>The Fish</td></tr></table></div>"
  },
  "url" : "https://voicecollab.ai/fhir/CodeSystem/winograd-q1",
  "version" : "1.5.1",
  "name" : "WinogradQ1",
  "title" : "Questionnaire codes for Winograd schema Question 1",
  "status" : "active",
  "date" : "2023-08-04",
  "publisher" : "KinD Lab",
  "contact" : [{
    "name" : "KinD Lab",
    "telecom" : [{
      "system" : "url",
      "value" : "http://fhir.kindlab.sickkids.ca"
    }]
  }],
  "description" : "The codes required for Winograd Questionnaires Question 1",
  "caseSensitive" : true,
  "content" : "complete",
  "count" : 2,
  "concept" : [{
    "code" : "S",
    "display" : "The Scientists"
  },
  {
    "code" : "F",
    "display" : "The Fish"
  }]
}