{
  "resourceType" : "CodeSystem",
  "id" : "session",
  "text" : {
    "status" : "generated",
    "div" : "<div xmlns=\"http://www.w3.org/1999/xhtml\"><p>This case-sensitive code system <code>https://voicecollab.ai/fhir/CodeSystem/session</code> defines the following codes:</p><table class=\"codes\"><tr><td style=\"white-space:nowrap\"><b>Code</b></td><td><b>Display</b></td></tr><tr><td style=\"white-space:nowrap\">IPR<a name=\"session-IPR\"> </a></td><td>In Progress</td></tr><tr><td style=\"white-space:nowrap\">C<a name=\"session-C\"> </a></td><td>Completed</td></tr></table></div>"
  },
  "url" : "https://voicecollab.ai/fhir/CodeSystem/session",
  "version" : "1.5.1",
  "name" : "Session",
  "title" : "Session Status Codes",
  "status" : "active",
  "date" : "2023-06-15",
  "publisher" : "KinD Lab",
  "contact" : [{
    "name" : "KinD Lab",
    "telecom" : [{
      "system" : "url",
      "value" : "http://fhir.kindlab.sickkids.ca"
    }]
  }],
  "description" : "A comprehensive set of codes representing the status of a session.",
  "caseSensitive" : true,
  "content" : "complete",
  "count" : 2,
  "concept" : [{
    "code" : "IPR",
    "display" : "In Progress"
  },
  {
    "code" : "C",
    "display" : "Completed"
  }]
}