{
  "resourceType" : "CodeSystem",
  "id" : "survey-options",
  "text" : {
    "status" : "generated",
    "div" : "<div xmlns=\"http://www.w3.org/1999/xhtml\"><p>This case-sensitive code system <code>https://voicecollab.ai/fhir/CodeSystem/survey-options</code> defines the following codes:</p><table class=\"codes\"><tr><td style=\"white-space:nowrap\"><b>Code</b></td><td><b>Display</b></td></tr><tr><td style=\"white-space:nowrap\">N<a name=\"survey-options-N\"> </a></td><td>Not at all</td></tr><tr><td style=\"white-space:nowrap\">S<a name=\"survey-options-S\"> </a></td><td>Several days</td></tr><tr><td style=\"white-space:nowrap\">MH<a name=\"survey-options-MH\"> </a></td><td>More than half the days</td></tr><tr><td style=\"white-space:nowrap\">NE<a name=\"survey-options-NE\"> </a></td><td>Nearly everyday</td></tr></table></div>"
  },
  "url" : "https://voicecollab.ai/fhir/CodeSystem/survey-options",
  "version" : "1.4.0",
  "name" : "SurveyOptions",
  "title" : "PHQ9 and GAD7 Survey Response Codes",
  "status" : "active",
  "date" : "2023-05-11",
  "publisher" : "KinD Lab",
  "contact" : [{
    "name" : "KinD Lab",
    "telecom" : [{
      "system" : "url",
      "value" : "http://fhir.kindlab.sickkids.ca"
    }]
  }],
  "description" : "This code system defines the response options for PHQ9 and GAD7 questionnaires.",
  "caseSensitive" : true,
  "content" : "complete",
  "count" : 4,
  "concept" : [{
    "code" : "N",
    "display" : "Not at all"
  },
  {
    "code" : "S",
    "display" : "Several days"
  },
  {
    "code" : "MH",
    "display" : "More than half the days"
  },
  {
    "code" : "NE",
    "display" : "Nearly everyday"
  }]
}