{
  "resourceType" : "CodeSystem",
  "id" : "smoking",
  "text" : {
    "status" : "generated",
    "div" : "<div xmlns=\"http://www.w3.org/1999/xhtml\"><p>This code system <code>https://voicecollab.ai/fhir/CodeSystem/smoking</code> defines the following codes:</p><table class=\"codes\"><tr><td style=\"white-space:nowrap\"><b>Code</b></td><td><b>Display</b></td></tr><tr><td style=\"white-space:nowrap\">N<a name=\"smoking-N\"> </a></td><td>I've never smoked regularly</td></tr><tr><td style=\"white-space:nowrap\">U<a name=\"smoking-U\"> </a></td><td>I used to smoke</td></tr><tr><td style=\"white-space:nowrap\">C<a name=\"smoking-C\"> </a></td><td>I currently smoke</td></tr></table></div>"
  },
  "url" : "https://voicecollab.ai/fhir/CodeSystem/smoking",
  "version" : "0.1.0",
  "name" : "Smoking",
  "title" : "Questionnaire smoking codes",
  "status" : "active",
  "date" : "2023-05-15",
  "publisher" : "KinD Lab",
  "contact" : [{
    "name" : "KinD Lab",
    "telecom" : [{
      "system" : "url",
      "value" : "http://fhir.kindlab.sickkids.ca"
    }]
  }],
  "description" : "The codes required for Questionnaire confounders",
  "caseSensitive" : true,
  "content" : "complete",
  "count" : 3,
  "concept" : [{
    "code" : "N",
    "display" : "I've never smoked regularly"
  },
  {
    "code" : "U",
    "display" : "I used to smoke"
  },
  {
    "code" : "C",
    "display" : "I currently smoke"
  }]
}