{
  "resourceType" : "CodeSystem",
  "id" : "Winograd-56",
  "text" : {
    "status" : "generated",
    "div" : "<div xmlns=\"http://www.w3.org/1999/xhtml\">Placeholder</div>"
  },
  "url" : "https://voicecollab.ai/fhir/CodeSystem/Winograd-56",
  "version" : "1.0.0",
  "name" : "Winograd56",
  "title" : "Questionnaire codes",
  "status" : "active",
  "date" : "2023-08-28",
  "publisher" : "KinD Lab",
  "contact" : [{
    "name" : "KinD Lab",
    "telecom" : [{
      "system" : "url",
      "value" : "http://fhir.kindlab.sickkids.ca"
    }]
  }],
  "description" : "The codes required for Questionnaires survey completion",
  "caseSensitive" : true,
  "content" : "complete",
  "count" : 2,
  "concept" : [{
    "code" : "1",
    "display" : "John"
  },
  {
    "code" : "2",
    "display" : "the hummer."
  }]
}