{
  "resourceType" : "CodeSystem",
  "id" : "transportation-type",
  "text" : {
    "status" : "generated",
    "div" : "<div xmlns=\"http://www.w3.org/1999/xhtml\"><p>This case-sensitive code system <code>https://voicecollab.ai/fhir/CodeSystem/transportation-type</code> defines the following codes:</p><table class=\"codes\"><tr><td style=\"white-space:nowrap\"><b>Code</b></td><td><b>Display</b></td></tr><tr><td style=\"white-space:nowrap\">P<a name=\"transportation-type-P\"> </a></td><td>Personal vehicle</td></tr><tr><td style=\"white-space:nowrap\">S<a name=\"transportation-type-S\"> </a></td><td>Shared vehicle</td></tr><tr><td style=\"white-space:nowrap\">PT<a name=\"transportation-type-PT\"> </a></td><td>Public transportation</td></tr><tr><td style=\"white-space:nowrap\">R<a name=\"transportation-type-R\"> </a></td><td>Ride with someone else</td></tr><tr><td style=\"white-space:nowrap\">RS<a name=\"transportation-type-RS\"> </a></td><td>Ride service</td></tr><tr><td style=\"white-space:nowrap\">M<a name=\"transportation-type-M\"> </a></td><td>Bicycle/Motorbike</td></tr><tr><td style=\"white-space:nowrap\">W<a name=\"transportation-type-W\"> </a></td><td>Walking</td></tr><tr><td style=\"white-space:nowrap\">O<a name=\"transportation-type-O\"> </a></td><td>Other, please specify</td></tr></table></div>"
  },
  "url" : "https://voicecollab.ai/fhir/CodeSystem/transportation-type",
  "version" : "1.4.0",
  "name" : "TransportationType",
  "title" : "Transportation Mode Classification",
  "status" : "active",
  "date" : "2023-05-11",
  "publisher" : "KinD Lab",
  "contact" : [{
    "name" : "KinD Lab",
    "telecom" : [{
      "system" : "url",
      "value" : "http://fhir.kindlab.sickkids.ca"
    }]
  }],
  "description" : "A comprehensive code system categorizing various modes of transportation.",
  "caseSensitive" : true,
  "content" : "complete",
  "count" : 8,
  "concept" : [{
    "code" : "P",
    "display" : "Personal vehicle"
  },
  {
    "code" : "S",
    "display" : "Shared vehicle"
  },
  {
    "code" : "PT",
    "display" : "Public transportation"
  },
  {
    "code" : "R",
    "display" : "Ride with someone else"
  },
  {
    "code" : "RS",
    "display" : "Ride service"
  },
  {
    "code" : "M",
    "display" : "Bicycle/Motorbike"
  },
  {
    "code" : "W",
    "display" : "Walking"
  },
  {
    "code" : "O",
    "display" : "Other, please specify"
  }]
}