{
  "resourceType" : "CodeSystem",
  "id" : "frequency-of-smoking",
  "text" : {
    "status" : "generated",
    "div" : "<div xmlns=\"http://www.w3.org/1999/xhtml\"><p>This case-sensitive code system <code>https://voicecollab.ai/fhir/CodeSystem/frequency-of-smoking</code> defines the following codes:</p><table class=\"codes\"><tr><td style=\"white-space:nowrap\"><b>Code</b></td><td><b>Display</b></td></tr><tr><td style=\"white-space:nowrap\">M<a name=\"frequency-of-smoking-M\"> </a></td><td>Multiple times a day</td></tr><tr><td style=\"white-space:nowrap\">AO<a name=\"frequency-of-smoking-AO\"> </a></td><td>About once a day</td></tr><tr><td style=\"white-space:nowrap\">FW<a name=\"frequency-of-smoking-FW\"> </a></td><td>A few times a week</td></tr><tr><td style=\"white-space:nowrap\">FM<a name=\"frequency-of-smoking-FM\"> </a></td><td>A few times a month</td></tr><tr><td style=\"white-space:nowrap\">FY<a name=\"frequency-of-smoking-FY\"> </a></td><td>A few times a year</td></tr></table></div>"
  },
  "url" : "https://voicecollab.ai/fhir/CodeSystem/frequency-of-smoking",
  "version" : "1.0.0",
  "name" : "SmokingTimes",
  "title" : "Frequency of Smoking Codes for Questionnaires",
  "status" : "active",
  "date" : "2023-05-15",
  "publisher" : "KinD Lab",
  "contact" : [{
    "name" : "KinD Lab",
    "telecom" : [{
      "system" : "url",
      "value" : "http://fhir.kindlab.sickkids.ca"
    }]
  }],
  "description" : "This code system includes specific codes used in questionnaires to assess the frequency of a respondent's smoking habits.",
  "caseSensitive" : true,
  "content" : "complete",
  "count" : 5,
  "concept" : [{
    "code" : "M",
    "display" : "Multiple times a day"
  },
  {
    "code" : "AO",
    "display" : "About once a day"
  },
  {
    "code" : "FW",
    "display" : "A few times a week"
  },
  {
    "code" : "FM",
    "display" : "A few times a month"
  },
  {
    "code" : "FY",
    "display" : "A few times a year"
  }]
}