{
  "resourceType": "Encounter",
  "id": "VbaiEncounterExample",
  "meta": {
    "profile": [
      "http://someurl/fhir/vbai/StructureDefinition/vbai-encounter"
    ]
  },
  "text": {
    "status": "generated",
    "div": "<div xmlns=\"http://www.w3.org/1999/xhtml\"><p><b>Generated Narrative: Encounter</b><a name=\"VbaiEncounterExample\"> </a></p><div style=\"display: inline-block; background-color: #d9e0e7; padding: 6px; margin: 4px; border: 1px solid #8da1b4; border-radius: 5px; line-height: 60%\"><p style=\"margin-bottom: 0px\">Resource Encounter \"VbaiEncounterExample\" </p><p style=\"margin-bottom: 0px\">Profile: <a href=\"StructureDefinition-vbai-encounter.html\">VBAI Encounter</a></p></div><p><b>status</b>: planned</p><p><b>class</b>: ambulatory (Details: http://terminology.hl7.org/CodeSystem/v3-ActCode code AMB = 'ambulatory', stated as 'null')</p><p><b>type</b>: Patient encounter procedure <span style=\"background: LightGoldenRodYellow; margin: 4px; border: 1px solid khaki\"> (<a href=\"https://browser.ihtsdotools.org/\">SNOMED CT</a>#308335008)</span></p><p><b>subject</b>: <a href=\"Patient-VbaiPatientExample.html\">Patient/VbaiPatientExample</a> \" SMITH\"</p></div>"
  },
  "status": "planned",
  "class": {
    "system": "http://terminology.hl7.org/CodeSystem/v3-ActCode",
    "code": "AMB"
  },
  "type": [
    {
      "coding": [
        {
          "system": "http://snomed.info/sct",
          "code": "308335008",
          "display": "Patient encounter procedure"
        }
      ]
    }
  ],
  "subject": {
    "reference": "Patient/VbaiPatientExample"
  }
}