{
  "resourceType" : "Media",
  "id" : "VbaiWaveformMediaExample",
  "meta" : {
    "profile" : ["https://voicecollab.ai/fhir/StructureDefinition/vbai-waveform-media"]
  },
  "text" : {
    "status" : "generated",
    "div" : "<div xmlns=\"http://www.w3.org/1999/xhtml\"><p><b>Generated Narrative: Media</b><a name=\"VbaiWaveformMediaExample\"> </a></p><div style=\"display: inline-block; background-color: #d9e0e7; padding: 6px; margin: 4px; border: 1px solid #8da1b4; border-radius: 5px; line-height: 60%\"><p style=\"margin-bottom: 0px\">Resource Media &quot;VbaiWaveformMediaExample&quot; </p><p style=\"margin-bottom: 0px\">Profile: <a href=\"StructureDefinition-vbai-waveform-media.html\">VBAI Waveform Media</a></p></div><p><b>status</b>: completed</p><p><b>modality</b>: Electrocardiography <span style=\"background: LightGoldenRodYellow; margin: 4px; border: 1px solid khaki\"> (<a href=\"http://hl7.org/fhir/R4/codesystem-dicom-dcim.html\">DICOM</a>#ECG)</span></p><p><b>subject</b>: <a href=\"Patient-VbaiPatientExample.html\">Patient/VbaiPatientExample</a> &quot; SMITH&quot;</p><p><b>encounter</b>: <a href=\"Encounter-VbaiEncounterExample.html\">Encounter/VbaiEncounterExample</a></p><h3>Contents</h3><table class=\"grid\"><tr><td style=\"display: none\">-</td><td><b>ContentType</b></td><td><b>Url</b></td></tr><tr><td style=\"display: none\">*</td><td>application/dicom</td><td><a href=\"http://some.ecg.server.com/some-ecg-readout\">http://some.ecg.server.com/some-ecg-readout</a></td></tr></table></div>"
  },
  "status" : "completed",
  "modality" : {
    "coding" : [{
      "system" : "http://dicom.nema.org/resources/ontology/DCM",
      "code" : "ECG",
      "display" : "Electrocardiography"
    }]
  },
  "subject" : {
    "reference" : "Patient/VbaiPatientExample"
  },
  "encounter" : {
    "reference" : "Encounter/VbaiEncounterExample"
  },
  "content" : {
    "contentType" : "application/dicom",
    "url" : "http://some.ecg.server.com/some-ecg-readout"
  }
}