{
  "resourceType" : "Observation",
  "id" : "VbaiVitalSignsExample",
  "meta" : {
    "profile" : ["https://voicecollab.ai/fhir/StructureDefinition/vbai-vital-signs"]
  },
  "text" : {
    "status" : "generated",
    "div" : "<div xmlns=\"http://www.w3.org/1999/xhtml\"><p><b>Generated Narrative: Observation</b><a name=\"VbaiVitalSignsExample\"> </a></p><div style=\"display: inline-block; background-color: #d9e0e7; padding: 6px; margin: 4px; border: 1px solid #8da1b4; border-radius: 5px; line-height: 60%\"><p style=\"margin-bottom: 0px\">Resource Observation &quot;VbaiVitalSignsExample&quot; </p><p style=\"margin-bottom: 0px\">Profile: <a href=\"StructureDefinition-vbai-vital-signs.html\">VBAI Vital Signs</a></p></div><p><b>status</b>: final</p><p><b>category</b>: Vital Signs <span style=\"background: LightGoldenRodYellow; margin: 4px; border: 1px solid khaki\"> (<a href=\"http://terminology.hl7.org/5.2.0/CodeSystem-observation-category.html\">Observation Category Codes</a>#vital-signs)</span></p><p><b>code</b>: Heart rate <span style=\"background: LightGoldenRodYellow; margin: 4px; border: 1px solid khaki\"> (<a href=\"https://loinc.org/\">LOINC</a>#8867-4)</span></p><p><b>subject</b>: <a href=\"Patient-VbaiPatientExample.html\">Patient/VbaiPatientExample</a> &quot; SMITH&quot;</p><p><b>encounter</b>: <a href=\"Encounter-VbaiEncounterExample.html\">Encounter/VbaiEncounterExample</a></p><p><b>effective</b>: 2012-05-23</p><p><b>value</b>: 110 bpm<span style=\"background: LightGoldenRodYellow\"> (Details: UCUM code {Beats}/min = '{Beats}/min')</span></p></div>"
  },
  "status" : "final",
  "category" : [{
    "coding" : [{
      "system" : "http://terminology.hl7.org/CodeSystem/observation-category",
      "code" : "vital-signs",
      "display" : "Vital Signs"
    }]
  }],
  "code" : {
    "coding" : [{
      "system" : "http://loinc.org",
      "code" : "8867-4",
      "display" : "Heart rate"
    }]
  },
  "subject" : {
    "reference" : "Patient/VbaiPatientExample"
  },
  "encounter" : {
    "reference" : "Encounter/VbaiEncounterExample"
  },
  "effectiveDateTime" : "2012-05-23",
  "valueQuantity" : {
    "value" : 110,
    "unit" : "bpm",
    "system" : "http://unitsofmeasure.org",
    "code" : "{Beats}/min"
  }
}