{
  "resourceType" : "Patient",
  "id" : "VbaiPatientExample",
  "meta" : {
    "profile" : ["https://voicecollab.ai/fhir/StructureDefinition/vbai-patient"]
  },
  "text" : {
    "status" : "generated",
    "div" : "<div xmlns=\"http://www.w3.org/1999/xhtml\"><p style=\"border: 1px #661aff solid; background-color: #e6e6ff; padding: 10px;\"><b>James Smith </b> male, DoB: 1999-04-01 ( <code>http://voicecollab.ai/identifier/patient-id</code>/123456)</p><hr/><table class=\"grid\"><tr><td style=\"background-color: #f3f5da\" title=\"Ways to contact the Patient\">Contact Detail:</td><td colspan=\"3\">100 Main St Metropolis Il 44130 USA </td></tr></table></div>"
  },
  "identifier" : [{
    "system" : "http://voicecollab.ai/identifier/patient-id",
    "value" : "123456"
  }],
  "name" : [{
    "family" : "Smith",
    "given" : ["James"]
  }],
  "gender" : "male",
  "birthDate" : "1999-04-01",
  "address" : [{
    "line" : ["100 Main St"],
    "city" : "Metropolis",
    "state" : "Il",
    "postalCode" : "44130",
    "country" : "USA"
  }]
}