{
  "resourceType" : "PlanDefinition",
  "id" : "VbaiAdultPlanDefinitionPreQuestionExample",
  "meta" : {
    "profile" : ["https://voicecollab.ai/fhir/StructureDefinition/vbai-plan-definition"]
  },
  "text" : {
    "status" : "generated",
    "div" : "<div xmlns=\"http://www.w3.org/1999/xhtml\"><p><b>Generated Narrative: PlanDefinition</b><a name=\"VbaiAdultPlanDefinitionPreQuestionExample\"> </a></p><div style=\"display: inline-block; background-color: #d9e0e7; padding: 6px; margin: 4px; border: 1px solid #8da1b4; border-radius: 5px; line-height: 60%\"><p style=\"margin-bottom: 0px\">Resource PlanDefinition &quot;VbaiAdultPlanDefinitionPreQuestionExample&quot; </p><p style=\"margin-bottom: 0px\">Profile: <a href=\"StructureDefinition-vbai-plan-definition.html\">Vbai Plan Definition</a></p></div><p><b>url</b>: <code>https://voicecollab.ai/fhir/PlanDefinition/VbaiAdultPlanDefinitionPreQuestionExample</code></p><p><b>version</b>: 0.1.0</p><p><b>title</b>: Adult Pre-Questions PlanDefinition</p><p><b>status</b>: active</p><p><b>date</b>: 2023-07-27</p><p><b>publisher</b>: KinD Lab</p><p><b>contact</b>: KinD Lab: <a href=\"http://fhir.kindlab.sickkids.ca\">http://fhir.kindlab.sickkids.ca</a></p><p><b>description</b>: This is a plandefinition for Adult Pre-Question</p><blockquote><p><b>action</b></p><p><b>prefix</b>: 1.1.0</p><p><b>title</b>: Information Gathering</p><p><b>description</b>: Prepare participant for protocol by retrieving basic &amp; contact information, eligibility, and enrollment</p><p><b>priority</b>: routine</p><h3>Participants</h3><table class=\"grid\"><tr><td>-</td><td><b>Type</b></td></tr><tr><td>*</td><td>patient</td></tr></table><h3>Actions</h3><table class=\"grid\"><tr><td>-</td><td><b>Prefix</b></td><td><b>Title</b></td><td><b>Description</b></td><td><b>Priority</b></td><td><b>Definition[x]</b></td></tr><tr><td>*</td><td>1.1.1</td><td>Login for clinician</td><td>Login for clinician</td><td>routine</td><td> </td></tr><tr><td>*</td><td>1.1.2</td><td>Retrieve Basic Information</td><td>Retrieve Basic Information from Participant</td><td>routine</td><td><a href=\"Questionnaire-GeneralInformation.html\">General Information Questionnaire</a></td></tr><tr><td>*</td><td>1.1.3</td><td>Retrieve Contact Information</td><td>Retrieve Contact Information from Participant</td><td>routine</td><td><a href=\"Questionnaire-ContactInformation.html\">Contact Information Questionnaire</a></td></tr><tr><td>*</td><td>1.1.4</td><td>Determine Eligibility</td><td>Determine Eligibility of Participant</td><td>routine</td><td><a href=\"Questionnaire-EligibleStudies.html\">Eligible Studies Questionnaire</a></td></tr><tr><td>*</td><td>1.1.5</td><td>Enroll participant</td><td>Enroll participant</td><td>routine</td><td><a href=\"Questionnaire-Enrollment.html\">Enrollment Questionnaire</a></td></tr></table></blockquote></div>"
  },
  "url" : "https://voicecollab.ai/fhir/PlanDefinition/VbaiAdultPlanDefinitionPreQuestionExample",
  "version" : "0.1.0",
  "title" : "Adult Pre-Questions PlanDefinition",
  "status" : "active",
  "date" : "2023-07-27",
  "publisher" : "KinD Lab",
  "contact" : [{
    "name" : "KinD Lab",
    "telecom" : [{
      "system" : "url",
      "value" : "http://fhir.kindlab.sickkids.ca"
    }]
  }],
  "description" : "This is a plandefinition for Adult Pre-Question",
  "action" : [{
    "prefix" : "1.1.0",
    "title" : "Information Gathering",
    "description" : "Prepare participant for protocol by retrieving basic & contact information, eligibility, and enrollment",
    "priority" : "routine",
    "participant" : [{
      "type" : "patient"
    }],
    "action" : [{
      "prefix" : "1.1.1",
      "title" : "Login for clinician",
      "description" : "Login for clinician",
      "priority" : "routine"
    },
    {
      "prefix" : "1.1.2",
      "title" : "Retrieve Basic Information",
      "description" : "Retrieve Basic Information from Participant",
      "priority" : "routine",
      "definitionUri" : "https://voicecollab.ai/fhir/Questionnaire/GeneralInformation"
    },
    {
      "prefix" : "1.1.3",
      "title" : "Retrieve Contact Information",
      "description" : "Retrieve Contact Information from Participant",
      "priority" : "routine",
      "definitionUri" : "https://voicecollab.ai/fhir/Questionnaire/ContactInformation"
    },
    {
      "prefix" : "1.1.4",
      "title" : "Determine Eligibility",
      "description" : "Determine Eligibility of Participant",
      "priority" : "routine",
      "definitionUri" : "https://voicecollab.ai/fhir/Questionnaire/EligibleStudies"
    },
    {
      "prefix" : "1.1.5",
      "title" : "Enroll participant",
      "description" : "Enroll participant",
      "priority" : "routine",
      "definitionUri" : "https://voicecollab.ai/fhir/Questionnaire/Enrollment"
    }]
  }]
}