{
  "resourceType" : "PlanDefinition",
  "id" : "VbaiPlanDefinitionAcousticTasksPedsExample",
  "meta" : {
    "profile" : ["https://voicecollab.ai/fhir/StructureDefinition/vbai-plan-definition"]
  },
  "text" : {
    "status" : "generated",
    "div" : "<div xmlns=\"http://www.w3.org/1999/xhtml\"><p><b>Generated Narrative: PlanDefinition</b><a name=\"VbaiPlanDefinitionAcousticTasksPedsExample\"> </a></p><div style=\"display: inline-block; background-color: #d9e0e7; padding: 6px; margin: 4px; border: 1px solid #8da1b4; border-radius: 5px; line-height: 60%\"><p style=\"margin-bottom: 0px\">Resource PlanDefinition &quot;VbaiPlanDefinitionAcousticTasksPedsExample&quot; </p><p style=\"margin-bottom: 0px\">Profile: <a href=\"StructureDefinition-vbai-plan-definition.html\">Vbai Plan Definition</a></p></div><p><b>url</b>: <code>https://voicecollab.ai/fhir/PlanDefinition/VbaiPlanDefinitionAcousticTasksPedsExample</code></p><p><b>version</b>: 0.1.0</p><p><b>title</b>: Acoustic Tasks Peds Cohort Protocol</p><p><b>status</b>: active</p><p><b>date</b>: 2023-07-29</p><p><b>publisher</b>: KinD Lab</p><p><b>contact</b>: KinD Lab: <a href=\"http://fhir.kindlab.sickkids.ca\">http://fhir.kindlab.sickkids.ca</a></p><p><b>description</b>: This is a plandefinition for AcousticTasksPeds</p><blockquote><p><b>action</b></p><p><b>prefix</b>: 1.8.2</p><p><b>title</b>: Peds Protocol</p><p><b>description</b>: Tasks specific to Peds cohort\u00a0​</p><p><b>priority</b>: routine</p><h3>Actions</h3><table class=\"grid\"><tr><td style=\"display: none\">-</td><td><b>Prefix</b></td><td><b>Title</b></td><td><b>Description</b></td></tr><tr><td style=\"display: none\">*</td><td>1.8.2 Task 1</td><td>Task 1 a: Spontaneous Conversations:</td><td>    \n   As we look at this book together, tell me what you see.\n    Task 1 b: Spontaneous Conversations \n    Describe your favorite thing to do on weekends.</td></tr><tr><td style=\"display: none\">*</td><td>1.8.2 Task 2</td><td>Make some long sounds</td><td>For this task we want you to make some long sounds – not too loud. \n\nBegin by saying ‘ahhhh’.We’re going to do this task three\ntimes. Take a break after each attempt. \n\nNext say the sound ‘eeee’ as steady as you can. We’ll do\nthis sound three times as well. </td></tr><tr><td style=\"display: none\">*</td><td>1.8.2 Task 3</td><td>Trying differnet sounds</td><td>First, we’re going to say ‘PUH PUH PUH’ over and over.\n\nRemember to take a breath if you need one! Next, let’s do the same thing this time saying TUH TUH TUH over and over .\n\nAnd now we want you to say KUH KUH KUH over and over\n\nNow, let’s try to put them together by\nsaying PUH-TUH-KUH over and over.\n\n If that word is a little too tricky, you can try saying “Pattycake” over and over instead. \n</td></tr><tr><td style=\"display: none\">*</td><td>1.8.2 Task 4</td><td>ABC's</td><td>Can you say the alphabet (ABC’s)</td></tr><tr><td style=\"display: none\">*</td><td>1.8.2 Task 5</td><td>Counting</td><td>Count as high as you can.</td></tr><tr><td style=\"display: none\">*</td><td>1.8.2 Task 6</td><td>Pictures</td><td>Next, we are going to show you some different pictures on the screen.\nTell us the name of the picture if you know what it is. If you’re not sure you can easily\nskip it by clicking the arrow to move on to the next one.</td></tr><tr><td style=\"display: none\">*</td><td>1.8.2 Task 7</td><td>Reading or Repeating with modified CAPE-V:</td><td>Now I will show you some\nsentences. Read them like you are speaking to somebody in a real conversation. If you\nthink you can read them on your own, go right ahead. If you’d prefer, someone else in\nthe room can say them first and then you can repeat.\ni. “The blue spot is on the key again”\nii. “How hard did he hit him?”\niii. “We were away a year ago”\niv. “We eat eggs every eve”\nv. “My mama makes lemon muffins”\nvi. “Peter will keep at the park”</td></tr><tr><td style=\"display: none\">*</td><td>1.8.2 Task 8</td><td>Caterpillar Passage:</td><td>Great job! Next, I will show you some longer sentences read\nthe following passage. The passage will appear in short paragraphs. Go ahead if you can\nread them on your own. If you’d prefer to repeat the sentences, have someone else in\nthe room say them first.\na. “Do you like amusement parks? Well, I sure do. To amuse myself, I went twice\nlast spring.\nb. My most MEMORABLE moment was riding on the Caterpillar, which is a gigantic\nroller coaster high above the ground. When I saw how high the Caterpillar rose\ninto the bright blue sky, I knew it was for me.\n\nc. After waiting in line for thirty minutes, I made it to the front where the man\nmeasured my height to see if I was tall enough. I gave the man my coins, asked\nfor change, and jumped on the cart.\nd. Tick, tick, tick, the Caterpillar climbed slowly up the tracks. It went SO high I\ncould see the parking lot. Boy was I SCARED! I thought to myself, “There’s no\nturning back now.”\ne. People were so scared they screamed as we swiftly zoomed fast, fast, and faster\nalong the tracks.\nf. As quickly as it started, the Caterpillar came to a stop. Unfortunately, it was time\nto pack the car and drive home.\ng. That night I dreamt of the wild ride on the Caterpillar.\nh. Taking a trip to the amusement park and riding on the Caterpillar was my MOST\nmemorable moment ever!</td></tr></table></blockquote></div>"
  },
  "url" : "https://voicecollab.ai/fhir/PlanDefinition/VbaiPlanDefinitionAcousticTasksPedsExample",
  "version" : "0.1.0",
  "title" : "Acoustic Tasks Peds Cohort Protocol",
  "status" : "active",
  "date" : "2023-07-29",
  "publisher" : "KinD Lab",
  "contact" : [{
    "name" : "KinD Lab",
    "telecom" : [{
      "system" : "url",
      "value" : "http://fhir.kindlab.sickkids.ca"
    }]
  }],
  "description" : "This is a plandefinition for AcousticTasksPeds",
  "action" : [{
    "prefix" : "1.8.2",
    "title" : "Peds Protocol",
    "description" : "Tasks specific to Peds cohort\u00a0​",
    "priority" : "routine",
    "action" : [{
      "prefix" : "1.8.2 Task 1",
      "title" : "Task 1 a: Spontaneous Conversations:",
      "description" : "    \n   As we look at this book together, tell me what you see.\n    Task 1 b: Spontaneous Conversations \n    Describe your favorite thing to do on weekends."
    },
    {
      "prefix" : "1.8.2 Task 2",
      "title" : "Make some long sounds",
      "description" : "For this task we want you to make some long sounds – not too loud. \n\nBegin by saying ‘ahhhh’.We’re going to do this task three\ntimes. Take a break after each attempt. \n\nNext say the sound ‘eeee’ as steady as you can. We’ll do\nthis sound three times as well. "
    },
    {
      "prefix" : "1.8.2 Task 3",
      "title" : "Trying differnet sounds",
      "description" : "First, we’re going to say ‘PUH PUH PUH’ over and over.\n\nRemember to take a breath if you need one! Next, let’s do the same thing this time saying TUH TUH TUH over and over .\n\nAnd now we want you to say KUH KUH KUH over and over\n\nNow, let’s try to put them together by\nsaying PUH-TUH-KUH over and over.\n\n If that word is a little too tricky, you can try saying “Pattycake” over and over instead. \n"
    },
    {
      "prefix" : "1.8.2 Task 4",
      "title" : "ABC's",
      "description" : "Can you say the alphabet (ABC’s)"
    },
    {
      "prefix" : "1.8.2 Task 5",
      "title" : "Counting",
      "description" : "Count as high as you can."
    },
    {
      "prefix" : "1.8.2 Task 6",
      "title" : "Pictures",
      "description" : "Next, we are going to show you some different pictures on the screen.\nTell us the name of the picture if you know what it is. If you’re not sure you can easily\nskip it by clicking the arrow to move on to the next one."
    },
    {
      "prefix" : "1.8.2 Task 7",
      "title" : "Reading or Repeating with modified CAPE-V:",
      "description" : "Now I will show you some\nsentences. Read them like you are speaking to somebody in a real conversation. If you\nthink you can read them on your own, go right ahead. If you’d prefer, someone else in\nthe room can say them first and then you can repeat.\ni. “The blue spot is on the key again”\nii. “How hard did he hit him?”\niii. “We were away a year ago”\niv. “We eat eggs every eve”\nv. “My mama makes lemon muffins”\nvi. “Peter will keep at the park”"
    },
    {
      "prefix" : "1.8.2 Task 8",
      "title" : "Caterpillar Passage:",
      "description" : "Great job! Next, I will show you some longer sentences read\nthe following passage. The passage will appear in short paragraphs. Go ahead if you can\nread them on your own. If you’d prefer to repeat the sentences, have someone else in\nthe room say them first.\na. “Do you like amusement parks? Well, I sure do. To amuse myself, I went twice\nlast spring.\nb. My most MEMORABLE moment was riding on the Caterpillar, which is a gigantic\nroller coaster high above the ground. When I saw how high the Caterpillar rose\ninto the bright blue sky, I knew it was for me.\n\nc. After waiting in line for thirty minutes, I made it to the front where the man\nmeasured my height to see if I was tall enough. I gave the man my coins, asked\nfor change, and jumped on the cart.\nd. Tick, tick, tick, the Caterpillar climbed slowly up the tracks. It went SO high I\ncould see the parking lot. Boy was I SCARED! I thought to myself, “There’s no\nturning back now.”\ne. People were so scared they screamed as we swiftly zoomed fast, fast, and faster\nalong the tracks.\nf. As quickly as it started, the Caterpillar came to a stop. Unfortunately, it was time\nto pack the car and drive home.\ng. That night I dreamt of the wild ride on the Caterpillar.\nh. Taking a trip to the amusement park and riding on the Caterpillar was my MOST\nmemorable moment ever!"
    }]
  }]
}