{
  "resourceType" : "PlanDefinition",
  "id" : "VbaiPlanDefinitionRespiratoryExample",
  "meta" : {
    "profile" : ["https://voicecollab.ai/fhir/StructureDefinition/vbai-plan-definition"]
  },
  "text" : {
    "status" : "generated",
    "div" : "<div xmlns=\"http://www.w3.org/1999/xhtml\"><p><b>Generated Narrative: PlanDefinition</b><a name=\"VbaiPlanDefinitionRespiratoryExample\"> </a></p><div style=\"display: inline-block; background-color: #d9e0e7; padding: 6px; margin: 4px; border: 1px solid #8da1b4; border-radius: 5px; line-height: 60%\"><p style=\"margin-bottom: 0px\">Resource PlanDefinition &quot;VbaiPlanDefinitionRespiratoryExample&quot; </p><p style=\"margin-bottom: 0px\">Profile: <a href=\"StructureDefinition-vbai-plan-definition.html\">Vbai Plan Definition</a></p></div><p><b>url</b>: <code>https://voicecollab.ai/fhir/PlanDefinition/VbaiPlanDefinitionRespiratoryExample</code></p><p><b>version</b>: 0.1.0</p><p><b>title</b>: Respiratory Cohort Protocol</p><p><b>status</b>: active</p><p><b>date</b>: 2023-04-28</p><p><b>publisher</b>: KinD Lab</p><p><b>contact</b>: KinD Lab: <a href=\"http://fhir.kindlab.sickkids.ca\">http://fhir.kindlab.sickkids.ca</a></p><p><b>description</b>: This is a plandefinition for Respiratory cohort protocol</p><blockquote><p><b>action</b></p><p><b>prefix</b>: 1.1 - 1.8</p><p><b>title</b>: Required task across all chorts</p><p><b>description</b>: List of tasks and actions done across all 5 cohorts</p><p><b>priority</b>: routine</p><p><b>definition</b>: <a href=\"PlanDefinition-VbaiPlanDefinitionExample.html\">Cohort Protocol</a></p></blockquote><blockquote><p><b>action</b></p><p><b>prefix</b>: 1.7</p><p><b>title</b>: Dyspnea Index (DI)</p><p><b>description</b>: Perform Dysnea Index Questionnaire</p><p><b>priority</b>: routine</p><p><b>definition</b>: <a href=\"Questionnaire-DyspneaIndex.html\">Dyspnea Index</a></p></blockquote><blockquote><p><b>action</b></p><p><b>prefix</b>: 1.8</p><p><b>title</b>: Leicester Cough Questionnaire</p><p><b>description</b>: Perform Leicester Cough Questionnaire</p><p><b>priority</b>: routine</p><p><b>definition</b>: <a href=\"Questionnaire-LeicesterCough.html\">Leicester Cough Questionnaire</a></p></blockquote><blockquote><p><b>action</b></p><p><b>prefix</b>: 1.9</p><p><b>title</b>: Urge to Cough Scale</p><p><b>description</b>: Get the participant to rate their urge to cough</p><p><b>priority</b>: routine</p><p><b>definition</b>: <a href=\"Questionnaire-UrgeToCough.html\">Urge to Cough Questionnaire</a></p></blockquote><blockquote><p><b>action</b></p><p><b>prefix</b>: B</p><p><b>title</b>: Part B Respiratory</p><p><b>description</b>: Tasks specific to Respiratory cohort\u00a0​</p><p><b>priority</b>: routine</p><h3>Actions</h3><table class=\"grid\"><tr><td>-</td><td><b>Prefix</b></td><td><b>Title</b></td><td><b>Description</b></td></tr><tr><td>*</td><td>B.1 Task 1</td><td>Breath Sounds</td><td>Relax until the task starts.“Take three deep breaths in a row in andout the mouth.”</td></tr><tr><td>*</td><td>B.1 Task 2</td><td>Voluntary cough</td><td>“Breathe normally, then when you areready, cough HARD as if something werestuck in your throat.”Complete this three times.</td></tr></table></blockquote></div>"
  },
  "url" : "https://voicecollab.ai/fhir/PlanDefinition/VbaiPlanDefinitionRespiratoryExample",
  "version" : "0.1.0",
  "title" : "Respiratory Cohort Protocol",
  "status" : "active",
  "date" : "2023-04-28",
  "publisher" : "KinD Lab",
  "contact" : [{
    "name" : "KinD Lab",
    "telecom" : [{
      "system" : "url",
      "value" : "http://fhir.kindlab.sickkids.ca"
    }]
  }],
  "description" : "This is a plandefinition for Respiratory cohort protocol",
  "action" : [{
    "prefix" : "1.1 - 1.8",
    "title" : "Required task across all chorts",
    "description" : "List of tasks and actions done across all 5 cohorts",
    "priority" : "routine",
    "definitionUri" : "https://voicecollab.ai/fhir/PlanDefinition/VbaiPlanDefinitionExample"
  },
  {
    "prefix" : "1.7",
    "title" : "Dyspnea Index (DI)",
    "description" : "Perform Dysnea Index Questionnaire",
    "priority" : "routine",
    "definitionUri" : "https://voicecollab.ai/fhir/Questionnaire/DyspneaIndex"
  },
  {
    "prefix" : "1.8",
    "title" : "Leicester Cough Questionnaire",
    "description" : "Perform Leicester Cough Questionnaire",
    "priority" : "routine",
    "definitionUri" : "https://voicecollab.ai/fhir/Questionnaire/LeicesterCough"
  },
  {
    "prefix" : "1.9",
    "title" : "Urge to Cough Scale",
    "description" : "Get the participant to rate their urge to cough",
    "priority" : "routine",
    "definitionUri" : "https://voicecollab.ai/fhir/Questionnaire/UrgeToCough"
  },
  {
    "prefix" : "B",
    "title" : "Part B Respiratory",
    "description" : "Tasks specific to Respiratory cohort\u00a0​",
    "priority" : "routine",
    "action" : [{
      "prefix" : "B.1 Task 1",
      "title" : "Breath Sounds",
      "description" : "Relax until the task starts.“Take three deep breaths in a row in andout the mouth.”"
    },
    {
      "prefix" : "B.1 Task 2",
      "title" : "Voluntary cough",
      "description" : "“Breathe normally, then when you areready, cough HARD as if something werestuck in your throat.”Complete this three times."
    }]
  }]
}