{
  "resourceType" : "PlanDefinition",
  "id" : "VbaiPlanDefinitionNeuroConsentExample",
  "meta" : {
    "profile" : ["https://voicecollab.ai/fhir/StructureDefinition/vbai-plan-definition"]
  },
  "text" : {
    "status" : "generated",
    "div" : "<div xmlns=\"http://www.w3.org/1999/xhtml\"><p><b>Generated Narrative: PlanDefinition</b><a name=\"VbaiPlanDefinitionNeuroConsentExample\"> </a></p><div style=\"display: inline-block; background-color: #d9e0e7; padding: 6px; margin: 4px; border: 1px solid #8da1b4; border-radius: 5px; line-height: 60%\"><p style=\"margin-bottom: 0px\">Resource PlanDefinition &quot;VbaiPlanDefinitionNeuroConsentExample&quot; </p><p style=\"margin-bottom: 0px\">Profile: <a href=\"StructureDefinition-vbai-plan-definition.html\">Vbai Plan Definition</a></p></div><p><b>url</b>: <code>https://voicecollab.ai/fhir/PlanDefinition/VbaiPlanDefinitionNeuroConsentExample</code></p><p><b>version</b>: 1.4.0</p><p><b>title</b>: Neuro Consent</p><p><b>status</b>: active</p><p><b>date</b>: 2023-07-27</p><p><b>publisher</b>: KinD Lab</p><p><b>contact</b>: KinD Lab: <a href=\"http://fhir.kindlab.sickkids.ca\">http://fhir.kindlab.sickkids.ca</a></p><p><b>description</b>: This is a plandefinition for neuro cohort Consent</p><blockquote><p><b>action</b></p><p><b>prefix</b>: 1.2.0</p><p><b>title</b>: Consent (Adults)</p><p><b>description</b>: Retrieve Consent from participants</p><p><b>priority</b>: routine</p><h3>Participants</h3><table class=\"grid\"><tr><td style=\"display: none\">-</td><td><b>Type</b></td></tr><tr><td style=\"display: none\">*</td><td>patient</td></tr></table><h3>Actions</h3><table class=\"grid\"><tr><td style=\"display: none\">-</td><td><b>Prefix</b></td><td><b>Title</b></td><td><b>Description</b></td><td><b>Priority</b></td><td><b>Definition[x]</b></td></tr><tr><td style=\"display: none\">*</td><td>1.2.1</td><td>Have patient read and sign consent</td><td>Please read and fill out the following consent document</td><td>routine</td><td><a href=\"Questionnaire-NeuroConsent.html\">Informed Consent Form for Participation in a Research Study</a></td></tr></table></blockquote></div>"
  },
  "url" : "https://voicecollab.ai/fhir/PlanDefinition/VbaiPlanDefinitionNeuroConsentExample",
  "version" : "1.4.0",
  "title" : "Neuro Consent",
  "status" : "active",
  "date" : "2023-07-27",
  "publisher" : "KinD Lab",
  "contact" : [{
    "name" : "KinD Lab",
    "telecom" : [{
      "system" : "url",
      "value" : "http://fhir.kindlab.sickkids.ca"
    }]
  }],
  "description" : "This is a plandefinition for neuro cohort Consent",
  "action" : [{
    "prefix" : "1.2.0",
    "title" : "Consent (Adults)",
    "description" : "Retrieve Consent from participants",
    "priority" : "routine",
    "participant" : [{
      "type" : "patient"
    }],
    "action" : [{
      "prefix" : "1.2.1",
      "title" : "Have patient read and sign consent",
      "description" : "Please read and fill out the following consent document",
      "priority" : "routine",
      "definitionUri" : "https://voicecollab.ai/fhir/Questionnaire/NeuroConsent"
    }]
  }]
}