{
  "resourceType" : "PlanDefinition",
  "id" : "VbaiPlanDefinitionRespiratoryExample",
  "meta" : {
    "profile" : ["https://voicecollab.ai/fhir/StructureDefinition/vbai-plan-definition"]
  },
  "text" : {
    "status" : "generated",
    "div" : "<div xmlns=\"http://www.w3.org/1999/xhtml\"><p><b>Generated Narrative: PlanDefinition</b><a name=\"VbaiPlanDefinitionRespiratoryExample\"> </a></p><div style=\"display: inline-block; background-color: #d9e0e7; padding: 6px; margin: 4px; border: 1px solid #8da1b4; border-radius: 5px; line-height: 60%\"><p style=\"margin-bottom: 0px\">Resource PlanDefinition &quot;VbaiPlanDefinitionRespiratoryExample&quot; </p><p style=\"margin-bottom: 0px\">Profile: <a href=\"StructureDefinition-vbai-plan-definition.html\">Vbai Plan Definition</a></p></div><p><b>url</b>: <code>https://voicecollab.ai/fhir/PlanDefinition/VbaiPlanDefinitionRespiratoryExample</code></p><p><b>version</b>: 0.1.0</p><p><b>title</b>: Respiratory Cohort Protocol</p><p><b>status</b>: active</p><p><b>date</b>: 2023-04-28</p><p><b>publisher</b>: KinD Lab</p><p><b>contact</b>: KinD Lab: <a href=\"http://fhir.kindlab.sickkids.ca\">http://fhir.kindlab.sickkids.ca</a></p><p><b>description</b>: This is a plandefinition for Respiratory cohort protocol</p><blockquote><p><b>action</b></p><p><b>prefix</b>: 1.1 - 1.8</p><p><b>title</b>: Required task across all chorts</p><p><b>description</b>: List of tasks and actions done across all 5 cohorts</p><p><b>priority</b>: routine</p><p><b>definition</b>: <a href=\"PlanDefinition-VbaiPlanDefinitionExample.html\">Cohort Protocol</a></p></blockquote><blockquote><p><b>action</b></p><p><b>prefix</b>: 1.7</p><p><b>title</b>: Functional Assessments and Health-Related Quality of Life</p><p><b>description</b>: Baseline functional data will be collected on all patients.  Full pulmonary function testing will be performed as standard of care for all patients included in the trial.\u00a0</p><p><b>priority</b>: routine</p></blockquote><blockquote><p><b>action</b></p><p><b>prefix</b>: 1.8</p><p><b>title</b>: CRQ (Chronic Respiratory Disease Questionnaire)</p><p><b>description</b>: The short form of the CRQ is aimed at assessing the impact of 4 discreet domains of health-related quality of life for respiratory patients. These include dyspnea, emotional function, disease control and fatigue.  This tool is widely used to assess impact of treatment on symptom management and disease progression.</p><p><b>priority</b>: routine</p></blockquote><blockquote><p><b>action</b></p><p><b>prefix</b>: B</p><p><b>title</b>: Part B Respiratory</p><p><b>description</b>: Tasks specific to Respiratory cohort\u00a0​</p><p><b>priority</b>: routine</p><h3>Actions</h3><table class=\"grid\"><tr><td>-</td><td><b>Prefix</b></td><td><b>Title</b></td><td><b>Description</b></td></tr><tr><td>*</td><td>B.1 Task 1</td><td>Study Participant</td><td>Using a dedicated, validated and commercially available electronic stethoscope (3MTM Littman CORE Digital Stethoscope), the study participant is examined by the attending physician.\u00a0</td></tr><tr><td>*</td><td>B.1 Task 2</td><td>Acquire Sound Clips</td><td>Cough sound clips will be acquired for each subject per the protocol validated in other work by Dr Rameau.  Subjects will be in seated position and asked to perform a maximal voluntary cough following the example of the trained research associate.  The subject is instructed to take a deep, full breath in then cough as forcefully as possible.  The maneuver is repeated to complete 3 voluntary coughs that are reproducible and of sufficient sound quality.</td></tr><tr><td>*</td><td>B.1 Task 3</td><td>Documentation</td><td>The physician performing the examination documents breathing pattern, description of inspiratory and expiratory breath sounds, presence or absence of adventitious breath sounds and quantification of intensity of adventitious breath sounds when present (see list below).  For the sleep apnea patients, a recording will be performed during in lab and home testing with polysomnogram split-night study.  Recordings will include both the diagnostic portion of the night as well as the titration. A high-fidelity recorder will be placed on the head of the bed for in lab studies and in the case of home study on the chest strap.</td></tr></table></blockquote></div>"
  },
  "url" : "https://voicecollab.ai/fhir/PlanDefinition/VbaiPlanDefinitionRespiratoryExample",
  "version" : "0.1.0",
  "title" : "Respiratory Cohort Protocol",
  "status" : "active",
  "date" : "2023-04-28",
  "publisher" : "KinD Lab",
  "contact" : [{
    "name" : "KinD Lab",
    "telecom" : [{
      "system" : "url",
      "value" : "http://fhir.kindlab.sickkids.ca"
    }]
  }],
  "description" : "This is a plandefinition for Respiratory cohort protocol",
  "action" : [{
    "prefix" : "1.1 - 1.8",
    "title" : "Required task across all chorts",
    "description" : "List of tasks and actions done across all 5 cohorts",
    "priority" : "routine",
    "definitionUri" : "https://voicecollab.ai/fhir/PlanDefinition/VbaiPlanDefinitionExample"
  },
  {
    "prefix" : "1.7",
    "title" : "Functional Assessments and Health-Related Quality of Life",
    "description" : "Baseline functional data will be collected on all patients.  Full pulmonary function testing will be performed as standard of care for all patients included in the trial.\u00a0",
    "priority" : "routine"
  },
  {
    "prefix" : "1.8",
    "title" : "CRQ (Chronic Respiratory Disease Questionnaire)",
    "description" : "The short form of the CRQ is aimed at assessing the impact of 4 discreet domains of health-related quality of life for respiratory patients. These include dyspnea, emotional function, disease control and fatigue.  This tool is widely used to assess impact of treatment on symptom management and disease progression.",
    "priority" : "routine"
  },
  {
    "prefix" : "B",
    "title" : "Part B Respiratory",
    "description" : "Tasks specific to Respiratory cohort\u00a0​",
    "priority" : "routine",
    "action" : [{
      "prefix" : "B.1 Task 1",
      "title" : "Study Participant",
      "description" : "Using a dedicated, validated and commercially available electronic stethoscope (3MTM Littman CORE Digital Stethoscope), the study participant is examined by the attending physician.\u00a0"
    },
    {
      "prefix" : "B.1 Task 2",
      "title" : "Acquire Sound Clips",
      "description" : "Cough sound clips will be acquired for each subject per the protocol validated in other work by Dr Rameau.  Subjects will be in seated position and asked to perform a maximal voluntary cough following the example of the trained research associate.  The subject is instructed to take a deep, full breath in then cough as forcefully as possible.  The maneuver is repeated to complete 3 voluntary coughs that are reproducible and of sufficient sound quality."
    },
    {
      "prefix" : "B.1 Task 3",
      "title" : "Documentation",
      "description" : "The physician performing the examination documents breathing pattern, description of inspiratory and expiratory breath sounds, presence or absence of adventitious breath sounds and quantification of intensity of adventitious breath sounds when present (see list below).  For the sleep apnea patients, a recording will be performed during in lab and home testing with polysomnogram split-night study.  Recordings will include both the diagnostic portion of the night as well as the titration. A high-fidelity recorder will be placed on the head of the bed for in lab studies and in the case of home study on the chest strap."
    }]
  }]
}