{
  "resourceType" : "PlanDefinition",
  "id" : "VbaiPlanDefinitionAssentExample",
  "meta" : {
    "profile" : ["https://voicecollab.ai/fhir/StructureDefinition/vbai-plan-definition"]
  },
  "text" : {
    "status" : "generated",
    "div" : "<div xmlns=\"http://www.w3.org/1999/xhtml\"><p><b>Generated Narrative: PlanDefinition</b><a name=\"VbaiPlanDefinitionAssentExample\"> </a></p><div style=\"display: inline-block; background-color: #d9e0e7; padding: 6px; margin: 4px; border: 1px solid #8da1b4; border-radius: 5px; line-height: 60%\"><p style=\"margin-bottom: 0px\">Resource PlanDefinition &quot;VbaiPlanDefinitionAssentExample&quot; </p><p style=\"margin-bottom: 0px\">Profile: <a href=\"StructureDefinition-vbai-plan-definition.html\">Vbai Plan Definition</a></p></div><p><b>url</b>: <code>https://voicecollab.ai/fhir/PlanDefinition/VbaiPlanDefinitionAssentExample</code></p><p><b>version</b>: 1.0.0</p><p><b>title</b>: Assent</p><p><b>status</b>: active</p><p><b>date</b>: 2023-07-27</p><p><b>publisher</b>: KinD Lab</p><p><b>contact</b>: KinD Lab: <a href=\"http://fhir.kindlab.sickkids.ca\">http://fhir.kindlab.sickkids.ca</a></p><p><b>description</b>: This is a plandefinition for Assent</p><blockquote><p><b>action</b></p><p><b>prefix</b>: 1.2.0</p><p><b>title</b>: Assent (Peds)</p><p><b>description</b>: Retrieve Assent from participants</p><p><b>priority</b>: routine</p><h3>Participants</h3><table class=\"grid\"><tr><td style=\"display: none\">-</td><td><b>Type</b></td></tr><tr><td style=\"display: none\">*</td><td>patient</td></tr></table><h3>Actions</h3><table class=\"grid\"><tr><td style=\"display: none\">-</td><td><b>Prefix</b></td><td><b>Title</b></td><td><b>Description</b></td><td><b>Priority</b></td><td><b>Definition[x]</b></td></tr><tr><td style=\"display: none\">*</td><td>1.2.1</td><td>Have patient read and sign Assent </td><td>Before you participate in this study, we need your Assent. The Assent gives you information of what to expect and what is required from you for this study. It will also give you information about how your data will be shared. You have options to read the Assent, watch the video Assent, or do both before you decide to give your electronic Assent.</td><td>routine</td><td><a href=\"Questionnaire-MainICF.html\">Consent Main ICF</a></td></tr><tr><td style=\"display: none\">*</td><td>1.2.2</td><td>Retreive Researcher Statement</td><td> </td><td>routine</td><td><a href=\"Questionnaire-MainICFResearcherStatement.html\">Consent Main ICF Researcher Statement</a></td></tr><tr><td style=\"display: none\">*</td><td>1.2.3</td><td>Upload Combined Assent Document</td><td> </td><td>routine</td><td><a href=\"Questionnaire-MainICFCombinedPDF.html\">Consent Main ICF Combined</a></td></tr><tr><td style=\"display: none\">*</td><td>1.2.4</td><td>Have patient sign Addendum </td><td> </td><td>routine</td><td><a href=\"Questionnaire-AddendumWCM.html\">Addendum WCM</a></td></tr><tr><td style=\"display: none\">*</td><td>1.2.5</td><td>Retrieve researcher statement for Addendum</td><td> </td><td>routine</td><td><a href=\"Questionnaire-AddendumWCMResearcherStatement.html\">Addendum WCM Researcher Statement</a></td></tr><tr><td style=\"display: none\">*</td><td>1.2.6</td><td>Upload Combined Document of Addendum</td><td> </td><td>routine</td><td><a href=\"Questionnaire-AddendumCombinedPDF.html\">Addendum Combined PDF</a></td></tr></table></blockquote></div>"
  },
  "url" : "https://voicecollab.ai/fhir/PlanDefinition/VbaiPlanDefinitionAssentExample",
  "version" : "1.0.0",
  "title" : "Assent",
  "status" : "active",
  "date" : "2023-07-27",
  "publisher" : "KinD Lab",
  "contact" : [{
    "name" : "KinD Lab",
    "telecom" : [{
      "system" : "url",
      "value" : "http://fhir.kindlab.sickkids.ca"
    }]
  }],
  "description" : "This is a plandefinition for Assent",
  "action" : [{
    "prefix" : "1.2.0",
    "title" : "Assent (Peds)",
    "description" : "Retrieve Assent from participants",
    "priority" : "routine",
    "participant" : [{
      "type" : "patient"
    }],
    "action" : [{
      "prefix" : "1.2.1",
      "title" : "Have patient read and sign Assent ",
      "description" : "Before you participate in this study, we need your Assent. The Assent gives you information of what to expect and what is required from you for this study. It will also give you information about how your data will be shared. You have options to read the Assent, watch the video Assent, or do both before you decide to give your electronic Assent.",
      "priority" : "routine",
      "definitionUri" : "https://voicecollab.ai/fhir/Questionnaire/MainICF"
    },
    {
      "prefix" : "1.2.2",
      "title" : "Retreive Researcher Statement",
      "priority" : "routine",
      "definitionUri" : "https://voicecollab.ai/fhir/Questionnaire/MainICFResearcherStatement"
    },
    {
      "prefix" : "1.2.3",
      "title" : "Upload Combined Assent Document",
      "priority" : "routine",
      "definitionUri" : "https://voicecollab.ai/fhir/Questionnaire/MainICFCombinedPDF"
    },
    {
      "prefix" : "1.2.4",
      "title" : "Have patient sign Addendum ",
      "priority" : "routine",
      "definitionUri" : "https://voicecollab.ai/fhir/Questionnaire/AddendumWCM"
    },
    {
      "prefix" : "1.2.5",
      "title" : "Retrieve researcher statement for Addendum",
      "priority" : "routine",
      "definitionUri" : "https://voicecollab.ai/fhir/Questionnaire/AddendumWCMResearcherStatement"
    },
    {
      "prefix" : "1.2.6",
      "title" : "Upload Combined Document of Addendum",
      "priority" : "routine",
      "definitionUri" : "https://voicecollab.ai/fhir/Questionnaire/AddendumCombinedPDF"
    }]
  }]
}