{
  "resourceType" : "PlanDefinition",
  "id" : "VbaiPlanDefinitionAcousticTasksNeuroExample",
  "meta" : {
    "profile" : ["https://voicecollab.ai/fhir/StructureDefinition/vbai-plan-definition"]
  },
  "text" : {
    "status" : "generated",
    "div" : "<div xmlns=\"http://www.w3.org/1999/xhtml\"><p><b>Generated Narrative: PlanDefinition</b><a name=\"VbaiPlanDefinitionAcousticTasksNeuroExample\"> </a></p><div style=\"display: inline-block; background-color: #d9e0e7; padding: 6px; margin: 4px; border: 1px solid #8da1b4; border-radius: 5px; line-height: 60%\"><p style=\"margin-bottom: 0px\">Resource PlanDefinition &quot;VbaiPlanDefinitionAcousticTasksNeuroExample&quot; </p><p style=\"margin-bottom: 0px\">Profile: <a href=\"StructureDefinition-vbai-plan-definition.html\">Vbai Plan Definition</a></p></div><p><b>url</b>: <code>https://voicecollab.ai/fhir/PlanDefinition/VbaiPlanDefinitionAcousticTasksNeuroExample</code></p><p><b>version</b>: 0.1.0</p><p><b>title</b>: Acoustic Tasks Neuro Cohort Protocol</p><p><b>status</b>: active</p><p><b>date</b>: 2023-07-31</p><p><b>publisher</b>: KinD Lab</p><p><b>contact</b>: KinD Lab: <a href=\"http://fhir.kindlab.sickkids.ca\">http://fhir.kindlab.sickkids.ca</a></p><p><b>description</b>: This is a plandefinition for Acoustic Tasks Neuro cohort protocol</p><blockquote><p><b>action</b></p><p><b>prefix</b>: 1.8 Task 1</p><p><b>title</b>: Montreal Cognitive Assessment (MoCA Test)</p><p><b>description</b>: Have participant complete MoCA Test</p></blockquote><blockquote><p><b>action</b></p><p><b>prefix</b>: 1.8 Task 2</p><p><b>title</b>: Word-colour Stroop:</p><p><b>description</b>: You will be shown a word (one of 5 colour words - red, green, blue, brown, purple; such as ‘blue’, or a baseline stimulus, ‘oooo’), which is displayed in a congruent or incongruent colour (one of 5 colour stimuli). You have to name the colour in which the word is displayed. (no time limit)\u00a0</p></blockquote><blockquote><p><b>action</b></p><p><b>prefix</b>: 1.8 Task 3</p><p><b>title</b>: Productive vocabulary link:</p><p><b>description</b>: You will be shown a target word. You will have to provide a definition for it (no time limit).</p></blockquote><blockquote><p><b>action</b></p><p><b>prefix</b>: 1.8 Task 4</p><p><b>title</b>: Random item generation / semantic fluency link:</p><p><b>description</b>: You will have to speak a series of (I) random, non-repeating letters or numbers, or (ii) items from a given category (e.g., cities, animals, etc.), with the goal of maximizing the number of items. (time limit: 60 seconds).\u00a0</p></blockquote><blockquote><p><b>action</b></p><p><b>prefix</b>: 1.8 Task 5</p><p><b>title</b>: Winograd schemas link</p><p><b>description</b>: Read each sentence, and answer the question by selecting one of the options</p><p><b>definition</b>: <a href=\"Questionnaire-WinogradSchema.html\">Winograd Schema</a></p></blockquote><blockquote><p><b>action</b></p><p><b>prefix</b>: 1.8 Task 6</p><p><b>title</b>: Montreal Cognitive Assessment (MoCA Test)</p><p><b>description</b>: Have participant complete MoCA Test</p></blockquote></div>"
  },
  "url" : "https://voicecollab.ai/fhir/PlanDefinition/VbaiPlanDefinitionAcousticTasksNeuroExample",
  "version" : "0.1.0",
  "title" : "Acoustic Tasks Neuro Cohort Protocol",
  "status" : "active",
  "date" : "2023-07-31",
  "publisher" : "KinD Lab",
  "contact" : [{
    "name" : "KinD Lab",
    "telecom" : [{
      "system" : "url",
      "value" : "http://fhir.kindlab.sickkids.ca"
    }]
  }],
  "description" : "This is a plandefinition for Acoustic Tasks Neuro cohort protocol",
  "action" : [{
    "prefix" : "1.8 Task 1",
    "title" : "Montreal Cognitive Assessment (MoCA Test)",
    "description" : "Have participant complete MoCA Test"
  },
  {
    "prefix" : "1.8 Task 2",
    "title" : "Word-colour Stroop:",
    "description" : "You will be shown a word (one of 5 colour words - red, green, blue, brown, purple; such as ‘blue’, or a baseline stimulus, ‘oooo’), which is displayed in a congruent or incongruent colour (one of 5 colour stimuli). You have to name the colour in which the word is displayed. (no time limit)\u00a0"
  },
  {
    "prefix" : "1.8 Task 3",
    "title" : "Productive vocabulary link:",
    "description" : "You will be shown a target word. You will have to provide a definition for it (no time limit)."
  },
  {
    "prefix" : "1.8 Task 4",
    "title" : "Random item generation / semantic fluency link:",
    "description" : "You will have to speak a series of (I) random, non-repeating letters or numbers, or (ii) items from a given category (e.g., cities, animals, etc.), with the goal of maximizing the number of items. (time limit: 60 seconds).\u00a0"
  },
  {
    "prefix" : "1.8 Task 5",
    "title" : "Winograd schemas link",
    "description" : "Read each sentence, and answer the question by selecting one of the options",
    "definitionCanonical" : "https://voicecollab.ai/fhir/Questionnaire/WinogradSchema"
  },
  {
    "prefix" : "1.8 Task 6",
    "title" : "Montreal Cognitive Assessment (MoCA Test)",
    "description" : "Have participant complete MoCA Test"
  }]
}