{
  "resourceType" : "PlanDefinition",
  "id" : "VbaiPlanDefinitionQuestionnaireExample",
  "meta" : {
    "profile" : ["https://voicecollab.ai/fhir/StructureDefinition/vbai-plan-definition"]
  },
  "text" : {
    "status" : "generated",
    "div" : "<div xmlns=\"http://www.w3.org/1999/xhtml\"><p><b>Generated Narrative: PlanDefinition</b><a name=\"VbaiPlanDefinitionQuestionnaireExample\"> </a></p><div style=\"display: inline-block; background-color: #d9e0e7; padding: 6px; margin: 4px; border: 1px solid #8da1b4; border-radius: 5px; line-height: 60%\"><p style=\"margin-bottom: 0px\">Resource PlanDefinition &quot;VbaiPlanDefinitionQuestionnaireExample&quot; </p><p style=\"margin-bottom: 0px\">Profile: <a href=\"StructureDefinition-vbai-plan-definition.html\">Vbai Plan Definition</a></p></div><p><b>url</b>: <code>https://voicecollab.ai/fhir/PlanDefinition/VbaiPlanDefinitionQuestionnaireExample</code></p><p><b>version</b>: 0.1.0</p><p><b>title</b>: Questionnaire PlanDefinition</p><p><b>status</b>: active</p><p><b>date</b>: 2023-07-28</p><p><b>publisher</b>: KinD Lab</p><p><b>contact</b>: KinD Lab: <a href=\"http://fhir.kindlab.sickkids.ca\">http://fhir.kindlab.sickkids.ca</a></p><p><b>description</b>: This is a plandefinition for Questionnaire</p><h3>Actions</h3><table class=\"grid\"><tr><td style=\"display: none\">-</td><td><b>Prefix</b></td><td><b>Title</b></td><td><b>Description</b></td><td><b>Priority</b></td><td><b>Definition[x]</b></td></tr><tr><td style=\"display: none\">*</td><td>1.7.1</td><td>Questionnaires Across All Cohorts</td><td>Questionnaires Across All Cohorts</td><td>routine</td><td><a href=\"PlanDefinition-VbaiPlanDefinitionGeneralQuestionnaireExample.html\">General Questionnaire PlanDefinition</a></td></tr></table></div>"
  },
  "url" : "https://voicecollab.ai/fhir/PlanDefinition/VbaiPlanDefinitionQuestionnaireExample",
  "version" : "0.1.0",
  "title" : "Questionnaire PlanDefinition",
  "status" : "active",
  "date" : "2023-07-28",
  "publisher" : "KinD Lab",
  "contact" : [{
    "name" : "KinD Lab",
    "telecom" : [{
      "system" : "url",
      "value" : "http://fhir.kindlab.sickkids.ca"
    }]
  }],
  "description" : "This is a plandefinition for Questionnaire",
  "action" : [{
    "prefix" : "1.7.1",
    "title" : "Questionnaires Across All Cohorts",
    "description" : "Questionnaires Across All Cohorts",
    "priority" : "routine",
    "definitionUri" : "https://voicecollab.ai/fhir/PlanDefinition/VbaiPlanDefinitionGeneralQuestionnaireExample"
  }]
}