{
  "resourceType" : "Questionnaire",
  "id" : "ContactInformation",
  "meta" : {
    "profile" : ["https://voicecollab.ai/fhir/StructureDefinition/vbai-questionnaire"]
  },
  "text" : {
    "status" : "generated",
    "div" : "<div xmlns=\"http://www.w3.org/1999/xhtml\">Placeholder</div>"
  },
  "url" : "https://voicecollab.ai/fhir/Questionnaire/ContactInformation",
  "version" : "1.0.0",
  "title" : "Contact Information Questionnaire",
  "status" : "active",
  "date" : "2023-06-15",
  "publisher" : "KinD Lab",
  "contact" : [{
    "name" : "KinD Lab",
    "telecom" : [{
      "system" : "url",
      "value" : "http://fhir.kindlab.sickkids.ca"
    }]
  }],
  "item" : [{
    "linkId" : "first_name",
    "text" : "First Name",
    "type" : "string"
  },
  {
    "linkId" : "last_name",
    "text" : "Last Name",
    "type" : "string"
  },
  {
    "linkId" : "dob",
    "text" : "What is your date of birth?",
    "type" : "string"
  },
  {
    "linkId" : "phone_number",
    "text" : "Phone Number",
    "type" : "string"
  },
  {
    "linkId" : "email",
    "text" : "Email",
    "type" : "string"
  },
  {
    "linkId" : "contact_info_stored",
    "text" : "I want my contact information to be kept in a repository\nfor this study which can be used to contact me to ask me\nto enroll in further studies or return important results.\nMy information will not be shared with third parties.",
    "type" : "choice",
    "answerValueSet" : "http://terminology.hl7.org/ValueSet/v2-0136"
  },
  {
    "linkId" : "subjectparticipant_contact_information_complete",
    "text" : "Completed?",
    "type" : "choice",
    "answerValueSet" : "https://voicecollab.ai/fhir/ValueSet/enrollment-complete"
  }]
}