{
  "resourceType" : "ValueSet",
  "id" : "session",
  "text" : {
    "status" : "generated",
    "div" : "<div xmlns=\"http://www.w3.org/1999/xhtml\"><ul><li>Include all codes defined in <a href=\"CodeSystem-session.html\"><code>https://voicecollab.ai/fhir/CodeSystem/session</code></a></li></ul></div>"
  },
  "url" : "https://voicecollab.ai/fhir/ValueSet/session",
  "version" : "1.5.1",
  "name" : "Session",
  "title" : "session ValueSet",
  "status" : "active",
  "date" : "2023-06-16",
  "publisher" : "KinD Lab",
  "contact" : [{
    "name" : "KinD Lab",
    "telecom" : [{
      "system" : "url",
      "value" : "http://fhir.kindlab.sickkids.ca"
    }]
  }],
  "description" : "The Codes used by session",
  "compose" : {
    "include" : [{
      "system" : "https://voicecollab.ai/fhir/CodeSystem/session"
    }]
  }
}