{
  "resourceType" : "ValueSet",
  "id" : "voice-handicap-index",
  "text" : {
    "status" : "generated",
    "div" : "<div xmlns=\"http://www.w3.org/1999/xhtml\"><ul><li>Include all codes defined in <a href=\"CodeSystem-voice-handicap-index.html\"><code>https://voicecollab.ai/fhir/CodeSystem/voice-handicap-index</code></a></li></ul></div>"
  },
  "url" : "https://voicecollab.ai/fhir/ValueSet/voice-handicap-index",
  "version" : "1.4.0",
  "name" : "VoiceHandicapIndex",
  "title" : "Voice Handicap Index ValueSet",
  "status" : "active",
  "date" : "2023-06-19",
  "publisher" : "KinD Lab",
  "contact" : [{
    "name" : "KinD Lab",
    "telecom" : [{
      "system" : "url",
      "value" : "http://fhir.kindlab.sickkids.ca"
    }]
  }],
  "description" : "The Codes used by Voice Handicap Index",
  "compose" : {
    "include" : [{
      "system" : "https://voicecollab.ai/fhir/CodeSystem/voice-handicap-index"
    }]
  }
}