{
  "resourceType" : "ValueSet",
  "id" : "treatment",
  "text" : {
    "status" : "generated",
    "div" : "<div xmlns=\"http://www.w3.org/1999/xhtml\"><ul><li>Include all codes defined in <a href=\"CodeSystem-treatment.html\"><code>https://voicecollab.ai/fhir/CodeSystem/treatment</code></a></li></ul></div>"
  },
  "url" : "https://voicecollab.ai/fhir/ValueSet/treatment",
  "version" : "0.1.0",
  "name" : "Treatment",
  "title" : "treatment",
  "status" : "active",
  "date" : "2023-06-20",
  "publisher" : "KinD Lab",
  "contact" : [{
    "name" : "KinD Lab",
    "telecom" : [{
      "system" : "url",
      "value" : "http://fhir.kindlab.sickkids.ca"
    }]
  }],
  "description" : "The Codes used by Diagnosis",
  "compose" : {
    "include" : [{
      "system" : "https://voicecollab.ai/fhir/CodeSystem/treatment"
    }]
  }
}