{
  "resourceType" : "ValueSet",
  "id" : "leicester-cough",
  "text" : {
    "status" : "generated",
    "div" : "<div xmlns=\"http://www.w3.org/1999/xhtml\"><ul><li>Include all codes defined in <a href=\"CodeSystem-leicester-cough.html\"><code>https://voicecollab.ai/fhir/CodeSystem/leicester-cough</code></a></li></ul></div>"
  },
  "url" : "https://voicecollab.ai/fhir/ValueSet/leicester-cough",
  "version" : "1.4.0",
  "name" : "LeicesterCough",
  "title" : "Leicester Cough ValueSet",
  "status" : "active",
  "date" : "2023-07-18",
  "publisher" : "KinD Lab",
  "contact" : [{
    "name" : "KinD Lab",
    "telecom" : [{
      "system" : "url",
      "value" : "http://fhir.kindlab.sickkids.ca"
    }]
  }],
  "description" : "The Codes used by Leicester Cough Questionnaire",
  "compose" : {
    "include" : [{
      "system" : "https://voicecollab.ai/fhir/CodeSystem/leicester-cough"
    }]
  }
}