{
  "resourceType" : "ValueSet",
  "id" : "employment-status",
  "text" : {
    "status" : "generated",
    "div" : "<div xmlns=\"http://www.w3.org/1999/xhtml\"><p>This value set contains 9 concepts</p><table class=\"codes\"><tr><td style=\"white-space:nowrap\"><b>Code</b></td><td><b>System</b></td><td><b>Display</b></td></tr><tr><td style=\"white-space:nowrap\"><a name=\"https---voicecollab.ai-fhir-CodeSystem-employment-status-EF\"> </a>\u00a0\u00a0<a href=\"CodeSystem-employment-status.html#employment-status-EF\">EF</a></td><td>https://voicecollab.ai/fhir/CodeSystem/employment-status</td><td>Employed, freelance </td></tr><tr><td style=\"white-space:nowrap\"><a name=\"https---voicecollab.ai-fhir-CodeSystem-employment-status-EFT\"> </a>\u00a0\u00a0<a href=\"CodeSystem-employment-status.html#employment-status-EFT\">EFT</a></td><td>https://voicecollab.ai/fhir/CodeSystem/employment-status</td><td>Employed, full time</td></tr><tr><td style=\"white-space:nowrap\"><a name=\"https---voicecollab.ai-fhir-CodeSystem-employment-status-EPT\"> </a>\u00a0\u00a0<a href=\"CodeSystem-employment-status.html#employment-status-EPT\">EPT</a></td><td>https://voicecollab.ai/fhir/CodeSystem/employment-status</td><td>Employed, part time</td></tr><tr><td style=\"white-space:nowrap\"><a name=\"https---voicecollab.ai-fhir-CodeSystem-employment-status-EMPTJ\"> </a>\u00a0\u00a0<a href=\"CodeSystem-employment-status.html#employment-status-EMPTJ\">EMPTJ</a></td><td>https://voicecollab.ai/fhir/CodeSystem/employment-status</td><td>Employed, multiple part time jobs</td></tr><tr><td style=\"white-space:nowrap\"><a name=\"https---voicecollab.ai-fhir-CodeSystem-employment-status-S\"> </a>\u00a0\u00a0<a href=\"CodeSystem-employment-status.html#employment-status-S\">S</a></td><td>https://voicecollab.ai/fhir/CodeSystem/employment-status</td><td>Student</td></tr><tr><td style=\"white-space:nowrap\"><a name=\"https---voicecollab.ai-fhir-CodeSystem-employment-status-SE\"> </a>\u00a0\u00a0<a href=\"CodeSystem-employment-status.html#employment-status-SE\">SE</a></td><td>https://voicecollab.ai/fhir/CodeSystem/employment-status</td><td>Self-employed</td></tr><tr><td style=\"white-space:nowrap\"><a name=\"https---voicecollab.ai-fhir-CodeSystem-employment-status-R\"> </a>\u00a0\u00a0<a href=\"CodeSystem-employment-status.html#employment-status-R\">R</a></td><td>https://voicecollab.ai/fhir/CodeSystem/employment-status</td><td>Retired</td></tr><tr><td style=\"white-space:nowrap\"><a name=\"https---voicecollab.ai-fhir-CodeSystem-employment-status-U\"> </a>\u00a0\u00a0<a href=\"CodeSystem-employment-status.html#employment-status-U\">U</a></td><td>https://voicecollab.ai/fhir/CodeSystem/employment-status</td><td>Unemployed</td></tr><tr><td style=\"white-space:nowrap\"><a name=\"https---voicecollab.ai-fhir-CodeSystem-employment-status-O\"> </a>\u00a0\u00a0<a href=\"CodeSystem-employment-status.html#employment-status-O\">O</a></td><td>https://voicecollab.ai/fhir/CodeSystem/employment-status</td><td>Other, please specify </td></tr></table></div>"
  },
  "url" : "https://voicecollab.ai/fhir/ValueSet/employment-status",
  "version" : "0.1.0",
  "name" : "EmploymentStatus",
  "title" : "Employment Status",
  "status" : "draft",
  "experimental" : true,
  "date" : "2023-07-07T14:44:27+00:00",
  "publisher" : "KinD Lab",
  "contact" : [{
    "name" : "KinD Lab",
    "telecom" : [{
      "system" : "url",
      "value" : "http://fhir.kindlab.sickkids.ca"
    }]
  }],
  "description" : "Valueset for capturing Employment status",
  "compose" : {
    "include" : [{
      "system" : "https://voicecollab.ai/fhir/CodeSystem/employment-status",
      "concept" : [{
        "code" : "EF",
        "display" : "Employed, freelance"
      },
      {
        "code" : "EFT",
        "display" : "Employed, full time"
      },
      {
        "code" : "EPT",
        "display" : "Employed, part time"
      },
      {
        "code" : "EMPTJ",
        "display" : "Employed, multiple part time jobs"
      },
      {
        "code" : "S",
        "display" : "Student"
      },
      {
        "code" : "SE",
        "display" : "Self-employed"
      },
      {
        "code" : "R",
        "display" : "Retired"
      },
      {
        "code" : "U",
        "display" : "Unemployed"
      },
      {
        "code" : "O",
        "display" : "Other"
      }]
    }]
  },
  "expansion" : {
    "timestamp" : "2023-05-11T10:00:00Z",
    "contains" : [{
      "system" : "https://voicecollab.ai/fhir/CodeSystem/employment-status",
      "code" : "EF",
      "display" : "Employed, freelance "
    },
    {
      "system" : "https://voicecollab.ai/fhir/CodeSystem/employment-status",
      "code" : "EFT",
      "display" : "Employed, full time"
    },
    {
      "system" : "https://voicecollab.ai/fhir/CodeSystem/employment-status",
      "code" : "EPT",
      "display" : "Employed, part time"
    },
    {
      "system" : "https://voicecollab.ai/fhir/CodeSystem/employment-status",
      "code" : "EMPTJ",
      "display" : "Employed, multiple part time jobs"
    },
    {
      "system" : "https://voicecollab.ai/fhir/CodeSystem/employment-status",
      "code" : "S",
      "display" : "Student"
    },
    {
      "system" : "https://voicecollab.ai/fhir/CodeSystem/employment-status",
      "code" : "SE",
      "display" : "Self-employed"
    },
    {
      "system" : "https://voicecollab.ai/fhir/CodeSystem/employment-status",
      "code" : "R",
      "display" : "Retired"
    },
    {
      "system" : "https://voicecollab.ai/fhir/CodeSystem/employment-status",
      "code" : "U",
      "display" : "Unemployed"
    },
    {
      "system" : "https://voicecollab.ai/fhir/CodeSystem/employment-status",
      "code" : "O",
      "display" : "Other, please specify "
    }]
  }
}