{
  "resourceType" : "ValueSet",
  "id" : "disability-type",
  "text" : {
    "status" : "generated",
    "div" : "<div xmlns=\"http://www.w3.org/1999/xhtml\"><ul><li>Include all codes defined in <a href=\"CodeSystem-disability-type.html\"><code>https://voicecollab.ai/fhir/CodeSystem/disability-type</code></a></li></ul></div>"
  },
  "url" : "https://voicecollab.ai/fhir/ValueSet/disability-type",
  "version" : "0.1.0",
  "name" : "DisabilityType",
  "title" : "Disability Type",
  "status" : "draft",
  "experimental" : true,
  "date" : "2023-07-07T14:44:27+00:00",
  "publisher" : "KinD Lab",
  "contact" : [{
    "name" : "KinD Lab",
    "telecom" : [{
      "system" : "url",
      "value" : "http://fhir.kindlab.sickkids.ca"
    }]
  }],
  "description" : "Valueset for capturing disability status",
  "compose" : {
    "include" : [{
      "system" : "https://voicecollab.ai/fhir/CodeSystem/disability-type"
    }]
  }
}