{
  "resourceType" : "ValueSet",
  "id" : "urge-to-cough",
  "text" : {
    "status" : "generated",
    "div" : "<div xmlns=\"http://www.w3.org/1999/xhtml\"><ul><li>Include all codes defined in <a href=\"CodeSystem-urge-to-cough.html\"><code>https://voicecollab.ai/fhir/CodeSystem/urge-to-cough</code></a></li></ul></div>"
  },
  "url" : "https://voicecollab.ai/fhir/ValueSet/urge-to-cough",
  "version" : "0.1.0",
  "name" : "UrgeToCough",
  "title" : "Urge to Cough ValueSet",
  "status" : "active",
  "date" : "2023-07-19",
  "publisher" : "KinD Lab",
  "contact" : [{
    "name" : "KinD Lab",
    "telecom" : [{
      "system" : "url",
      "value" : "http://fhir.kindlab.sickkids.ca"
    }]
  }],
  "description" : "The Codes used by Urge to Cough Questionnaire",
  "compose" : {
    "include" : [{
      "system" : "https://voicecollab.ai/fhir/CodeSystem/urge-to-cough"
    }]
  }
}