{
  "resourceType" : "ValueSet",
  "id" : "fluent-language",
  "text" : {
    "status" : "generated",
    "div" : "<div xmlns=\"http://www.w3.org/1999/xhtml\"><ul><li>Include all codes defined in <a href=\"CodeSystem-fluent-language.html\"><code>https://voicecollab.ai/fhir/CodeSystem/fluent-language</code></a></li></ul></div>"
  },
  "url" : "https://voicecollab.ai/fhir/ValueSet/fluent-language",
  "version" : "1.0.0",
  "name" : "FluentLanguage",
  "title" : "Fluent ValueSet",
  "status" : "active",
  "date" : "2023-06-06",
  "publisher" : "KinD Lab",
  "contact" : [{
    "name" : "KinD Lab",
    "telecom" : [{
      "system" : "url",
      "value" : "http://fhir.kindlab.sickkids.ca"
    }]
  }],
  "description" : "The Codes used by enrollment questionnaire",
  "compose" : {
    "include" : [{
      "system" : "https://voicecollab.ai/fhir/CodeSystem/fluent-language"
    }]
  }
}