{
  "resourceType" : "ValueSet",
  "id" : "transportation-type",
  "text" : {
    "status" : "generated",
    "div" : "<div xmlns=\"http://www.w3.org/1999/xhtml\"><ul><li>Include all codes defined in <a href=\"CodeSystem-transportation-type.html\"><code>https://voicecollab.ai/fhir/CodeSystem/transportation-type</code></a></li></ul></div>"
  },
  "url" : "https://voicecollab.ai/fhir/ValueSet/transportation-type",
  "version" : "0.1.0",
  "name" : "TransportationType",
  "title" : "Transportation Type",
  "status" : "draft",
  "experimental" : true,
  "date" : "2023-08-16T18:12:30+00:00",
  "publisher" : "KinD Lab",
  "contact" : [{
    "name" : "KinD Lab",
    "telecom" : [{
      "system" : "url",
      "value" : "http://fhir.kindlab.sickkids.ca"
    }]
  }],
  "description" : "Valueset for capturing Transportation Type",
  "compose" : {
    "include" : [{
      "system" : "https://voicecollab.ai/fhir/CodeSystem/transportation-type"
    }]
  }
}