{
  "resourceType" : "ValueSet",
  "id" : "dysnpea-index",
  "text" : {
    "status" : "generated",
    "div" : "<div xmlns=\"http://www.w3.org/1999/xhtml\"><ul><li>Include all codes defined in <a href=\"CodeSystem-dysnpea-index.html\"><code>https://voicecollab.ai/fhir/CodeSystem/dysnpea-index</code></a></li></ul></div>"
  },
  "url" : "https://voicecollab.ai/fhir/ValueSet/dysnpea-index",
  "version" : "1.4.0",
  "name" : "DysnpeaIndex",
  "title" : "Dysnpea Index ValueSet",
  "status" : "active",
  "date" : "2023-07-18",
  "publisher" : "KinD Lab",
  "contact" : [{
    "name" : "KinD Lab",
    "telecom" : [{
      "system" : "url",
      "value" : "http://fhir.kindlab.sickkids.ca"
    }]
  }],
  "description" : "The Codes used by Dysnpea Index",
  "compose" : {
    "include" : [{
      "system" : "https://voicecollab.ai/fhir/CodeSystem/dysnpea-index"
    }]
  }
}