{
  "resourceType" : "ValueSet",
  "id" : "yesnosome",
  "text" : {
    "status" : "generated",
    "div" : "<div xmlns=\"http://www.w3.org/1999/xhtml\">Placeholder</div>"
  },
  "url" : "https://voicecollab.ai/fhir/ValueSet/yesnosome",
  "version" : "1.0.0",
  "name" : "YesNoSome",
  "title" : "Yes/No/Some",
  "status" : "draft",
  "experimental" : true,
  "date" : "2023-08-29T20:22:11+00:00",
  "publisher" : "KinD Lab",
  "contact" : [{
    "name" : "KinD Lab",
    "telecom" : [{
      "system" : "url",
      "value" : "http://fhir.kindlab.sickkids.ca"
    }]
  }],
  "description" : "For Capturing simple yes-no-don't know answers",
  "compose" : {
    "include" : [{
      "system" : "https://voicecollab.ai/fhir/CodeSystem/Yes-No-Some",
      "concept" : [{
        "code" : "Y",
        "display" : "Yes"
      },
      {
        "code" : "N",
        "display" : "No"
      },
      {
        "code" : "S",
        "display" : "Some"
      }]
    }]
  },
  "expansion" : {
    "timestamp" : "2023-05-11T10:00:00Z",
    "contains" : [{
      "system" : "https://voicecollab.ai/fhir/CodeSystem/Yes-No-Some",
      "code" : "Y",
      "display" : "Yes"
    },
    {
      "system" : "https://voicecollab.ai/fhir/CodeSystem/Yes-No-Some",
      "code" : "N",
      "display" : "No"
    },
    {
      "system" : "https://voicecollab.ai/fhir/CodeSystem/Yes-No-Some",
      "code" : "S",
      "display" : "Some"
    }]
  }
}