{
  "resourceType" : "ValueSet",
  "id" : "financial-assistance",
  "text" : {
    "status" : "generated",
    "div" : "<div xmlns=\"http://www.w3.org/1999/xhtml\"><ul><li>Include all codes defined in <a href=\"CodeSystem-financial-assistance.html\"><code>https://voicecollab.ai/fhir/CodeSystem/financial-assistance</code></a></li></ul></div>"
  },
  "url" : "https://voicecollab.ai/fhir/ValueSet/financial-assistance",
  "version" : "0.1.0",
  "name" : "FinancialAssistance",
  "title" : "Financial Assistance",
  "status" : "draft",
  "experimental" : true,
  "date" : "2023-08-01T11:06:47-04:00",
  "publisher" : "KinD Lab",
  "contact" : [{
    "name" : "KinD Lab",
    "telecom" : [{
      "system" : "url",
      "value" : "http://fhir.kindlab.sickkids.ca"
    }]
  }],
  "description" : "Valueset for capturing Financial Assistance Programs user is using",
  "compose" : {
    "include" : [{
      "system" : "https://voicecollab.ai/fhir/CodeSystem/financial-assistance"
    }]
  }
}