{
  "resourceType" : "ValueSet",
  "id" : "household-makeup",
  "text" : {
    "status" : "generated",
    "div" : "<div xmlns=\"http://www.w3.org/1999/xhtml\"><p>This value set contains 6 concepts</p><table class=\"codes\"><tr><td style=\"white-space:nowrap\"><b>Code</b></td><td><b>System</b></td><td><b>Display</b></td></tr><tr><td style=\"white-space:nowrap\"><a name=\"https---voicecollab.ai-fhir-CodeSystem-household-makeup-A\"> </a>\u00a0\u00a0<a href=\"CodeSystem-household-makeup.html#household-makeup-A\">A</a></td><td>https://voicecollab.ai/fhir/CodeSystem/household-makeup</td><td>I live alone</td></tr><tr><td style=\"white-space:nowrap\"><a name=\"https---voicecollab.ai-fhir-CodeSystem-household-makeup-S\"> </a>\u00a0\u00a0<a href=\"CodeSystem-household-makeup.html#household-makeup-S\">S</a></td><td>https://voicecollab.ai/fhir/CodeSystem/household-makeup</td><td>Spouse/partner/significant other</td></tr><tr><td style=\"white-space:nowrap\"><a name=\"https---voicecollab.ai-fhir-CodeSystem-household-makeup-C\"> </a>\u00a0\u00a0<a href=\"CodeSystem-household-makeup.html#household-makeup-C\">C</a></td><td>https://voicecollab.ai/fhir/CodeSystem/household-makeup</td><td>One or more children</td></tr><tr><td style=\"white-space:nowrap\"><a name=\"https---voicecollab.ai-fhir-CodeSystem-household-makeup-P\"> </a>\u00a0\u00a0<a href=\"CodeSystem-household-makeup.html#household-makeup-P\">P</a></td><td>https://voicecollab.ai/fhir/CodeSystem/household-makeup</td><td>One or more parent</td></tr><tr><td style=\"white-space:nowrap\"><a name=\"https---voicecollab.ai-fhir-CodeSystem-household-makeup-GP\"> </a>\u00a0\u00a0<a href=\"CodeSystem-household-makeup.html#household-makeup-GP\">GP</a></td><td>https://voicecollab.ai/fhir/CodeSystem/household-makeup</td><td>One or more grandparent</td></tr><tr><td style=\"white-space:nowrap\"><a name=\"https---voicecollab.ai-fhir-CodeSystem-household-makeup-O\"> </a>\u00a0\u00a0<a href=\"CodeSystem-household-makeup.html#household-makeup-O\">O</a></td><td>https://voicecollab.ai/fhir/CodeSystem/household-makeup</td><td>Other, please specify</td></tr></table></div>"
  },
  "url" : "https://voicecollab.ai/fhir/ValueSet/household-makeup",
  "version" : "0.1.0",
  "name" : "HouseholdMakeup",
  "title" : "Household Makeup",
  "status" : "draft",
  "experimental" : true,
  "date" : "2023-08-04T15:04:45-04:00",
  "publisher" : "KinD Lab",
  "contact" : [{
    "name" : "KinD Lab",
    "telecom" : [{
      "system" : "url",
      "value" : "http://fhir.kindlab.sickkids.ca"
    }]
  }],
  "description" : "Valueset for capturing Household Makeup",
  "compose" : {
    "include" : [{
      "system" : "https://voicecollab.ai/fhir/CodeSystem/household-makeup",
      "concept" : [{
        "code" : "A",
        "display" : "I live alone"
      },
      {
        "code" : "S",
        "display" : "Spouse/partner/significant other"
      },
      {
        "code" : "C",
        "display" : "One or more children"
      },
      {
        "code" : "P",
        "display" : "One or more parent"
      },
      {
        "code" : "GP",
        "display" : "One or more grandparent"
      },
      {
        "code" : "O",
        "display" : "Other, please specify"
      }]
    }]
  },
  "expansion" : {
    "timestamp" : "2023-05-11T10:00:00Z",
    "contains" : [{
      "system" : "https://voicecollab.ai/fhir/CodeSystem/household-makeup",
      "code" : "A",
      "display" : "I live alone"
    },
    {
      "system" : "https://voicecollab.ai/fhir/CodeSystem/household-makeup",
      "code" : "S",
      "display" : "Spouse/partner/significant other"
    },
    {
      "system" : "https://voicecollab.ai/fhir/CodeSystem/household-makeup",
      "code" : "C",
      "display" : "One or more children"
    },
    {
      "system" : "https://voicecollab.ai/fhir/CodeSystem/household-makeup",
      "code" : "P",
      "display" : "One or more parent"
    },
    {
      "system" : "https://voicecollab.ai/fhir/CodeSystem/household-makeup",
      "code" : "GP",
      "display" : "One or more grandparent"
    },
    {
      "system" : "https://voicecollab.ai/fhir/CodeSystem/household-makeup",
      "code" : "O",
      "display" : "Other, please specify"
    }]
  }
}