{
  "resourceType" : "ValueSet",
  "id" : "EducationLevel",
  "text" : {
    "status" : "generated",
    "div" : "<div xmlns=\"http://www.w3.org/1999/xhtml\"><p>This value set includes codes based on the following rules:</p><ul><li>Import all the codes that are contained in <a href=\"http://terminology.hl7.org/5.2.0/ValueSet-v3-EducationLevel.html\">EducationLevel</a></li><li>Include all codes defined in <a href=\"CodeSystem-education-level.html\"><code>https://voicecollab.ai/fhir/CodeSystem/education-level</code></a></li></ul></div>"
  },
  "url" : "https://voicecollab.ai/fhir/ValueSet/EducationLevel",
  "version" : "1.5.1",
  "name" : "EducationLevel",
  "title" : "Highest form of Education",
  "status" : "draft",
  "experimental" : true,
  "date" : "2024-02-07T17:12:27+00:00",
  "publisher" : "KinD Lab",
  "contact" : [{
    "name" : "KinD Lab",
    "telecom" : [{
      "system" : "url",
      "value" : "http://fhir.kindlab.sickkids.ca"
    }]
  }],
  "description" : "For Capturing a users highest education level",
  "compose" : {
    "include" : [{
      "valueSet" : ["http://terminology.hl7.org/ValueSet/v3-EducationLevel"]
    },
    {
      "system" : "https://voicecollab.ai/fhir/CodeSystem/education-level"
    }]
  }
}