{
  "resourceType" : "ValueSet",
  "id" : "winograd-q1",
  "text" : {
    "status" : "generated",
    "div" : "<div xmlns=\"http://www.w3.org/1999/xhtml\"><ul><li>Include all codes defined in <a href=\"CodeSystem-winograd-q1.html\"><code>https://voicecollab.ai/fhir/CodeSystem/winograd-q1</code></a></li></ul></div>"
  },
  "url" : "https://voicecollab.ai/fhir/ValueSet/winograd-q1",
  "version" : "1.0.0",
  "name" : "WinogradQ1",
  "title" : "Questionnaire ValueSet for Winograd schema Question 1",
  "status" : "active",
  "date" : "2023-08-04",
  "publisher" : "KinD Lab",
  "contact" : [{
    "name" : "KinD Lab",
    "telecom" : [{
      "system" : "url",
      "value" : "http://fhir.kindlab.sickkids.ca"
    }]
  }],
  "description" : "The ValueSet required for Winograd Questionnaires Question 1",
  "compose" : {
    "include" : [{
      "system" : "https://voicecollab.ai/fhir/CodeSystem/winograd-q1"
    }]
  }
}