{
  "resourceType" : "ValueSet",
  "id" : "iatrogenic",
  "text" : {
    "status" : "generated",
    "div" : "<div xmlns=\"http://www.w3.org/1999/xhtml\"><ul><li>Include all codes defined in <a href=\"CodeSystem-iatrogenic.html\"><code>https://voicecollab.ai/fhir/CodeSystem/iatrogenic</code></a></li></ul></div>"
  },
  "url" : "https://voicecollab.ai/fhir/ValueSet/iatrogenic",
  "version" : "1.5.1",
  "name" : "Iatrogenic",
  "title" : "Iatrogenic",
  "status" : "active",
  "date" : "2023-06-20",
  "publisher" : "KinD Lab",
  "contact" : [{
    "name" : "KinD Lab",
    "telecom" : [{
      "system" : "url",
      "value" : "http://fhir.kindlab.sickkids.ca"
    }]
  }],
  "description" : "The Codes used by Diagnosis",
  "compose" : {
    "include" : [{
      "system" : "https://voicecollab.ai/fhir/CodeSystem/iatrogenic"
    }]
  }
}