{
  "resourceType" : "ValueSet",
  "id" : "peds-reason-to-decline",
  "text" : {
    "status" : "generated",
    "div" : "<div xmlns=\"http://www.w3.org/1999/xhtml\"><ul><li>Include all codes defined in <a href=\"CodeSystem-peds-reason-to-decline.html\"><code>https://voicecollab.ai/fhir/CodeSystem/peds-reason-to-decline</code></a></li></ul></div>"
  },
  "url" : "https://voicecollab.ai/fhir/ValueSet/peds-reason-to-decline",
  "version" : "0.1.0",
  "name" : "PedsReasonToDecline",
  "title" : "Questionnaire codes",
  "status" : "active",
  "date" : "2023-08-02",
  "publisher" : "KinD Lab",
  "contact" : [{
    "name" : "KinD Lab",
    "telecom" : [{
      "system" : "url",
      "value" : "http://fhir.kindlab.sickkids.ca"
    }]
  }],
  "description" : "The codes required for Questionnaires Medical History",
  "compose" : {
    "include" : [{
      "system" : "https://voicecollab.ai/fhir/CodeSystem/peds-reason-to-decline"
    }]
  }
}