{
  "resourceType" : "ValueSet",
  "id" : "dsm5-phobia",
  "text" : {
    "status" : "generated",
    "div" : "<div xmlns=\"http://www.w3.org/1999/xhtml\"><ul><li>Include all codes defined in <a href=\"CodeSystem-dsm5-phobia.html\"><code>https://voicecollab.ai/fhir/CodeSystem/dsm5-phobia</code></a></li></ul></div>"
  },
  "url" : "https://voicecollab.ai/fhir/ValueSet/dsm5-phobia",
  "version" : "1.4.0",
  "name" : "DSM5Phobia",
  "title" : "DSM5 Q5",
  "status" : "active",
  "date" : "2023-06-21",
  "publisher" : "KinD Lab",
  "contact" : [{
    "name" : "KinD Lab",
    "telecom" : [{
      "system" : "url",
      "value" : "http://fhir.kindlab.sickkids.ca"
    }]
  }],
  "description" : "The Codes used by DSM5 phobia",
  "compose" : {
    "include" : [{
      "system" : "https://voicecollab.ai/fhir/CodeSystem/dsm5-phobia"
    }]
  }
}