{
  "resourceType" : "ValueSet",
  "id" : "permission-to-share-with-family",
  "text" : {
    "status" : "generated",
    "div" : "<div xmlns=\"http://www.w3.org/1999/xhtml\"><ul><li>Include all codes defined in <a href=\"CodeSystem-permission-to-share-with-family.html\"><code>https://voicecollab.ai/fhir/CodeSystem/permission-to-share-with-family</code></a></li></ul></div>"
  },
  "url" : "https://voicecollab.ai/fhir/ValueSet/permission-to-share-with-family",
  "version" : "1.0.0",
  "name" : "PermissionToShareWithFamily",
  "title" : "Questionnaire codes for neuro consent",
  "status" : "active",
  "date" : "2023-08-21",
  "publisher" : "KinD Lab",
  "contact" : [{
    "name" : "KinD Lab",
    "telecom" : [{
      "system" : "url",
      "value" : "http://fhir.kindlab.sickkids.ca"
    }]
  }],
  "description" : "The codes required for neuro consent",
  "compose" : {
    "include" : [{
      "system" : "https://voicecollab.ai/fhir/CodeSystem/permission-to-share-with-family"
    }]
  }
}