{
  "resourceType" : "ValueSet",
  "id" : "marital-status",
  "text" : {
    "status" : "generated",
    "div" : "<div xmlns=\"http://www.w3.org/1999/xhtml\"><ul><li>Include all codes defined in <a href=\"CodeSystem-marital-status.html\"><code>https://voicecollab.ai/fhir/CodeSystem/marital-status</code></a></li></ul></div>"
  },
  "url" : "https://voicecollab.ai/fhir/ValueSet/marital-status",
  "version" : "1.5.1",
  "name" : "MaritalStatus",
  "title" : "Marital Status",
  "status" : "active",
  "date" : "2023-05-11",
  "publisher" : "KinD Lab",
  "contact" : [{
    "name" : "KinD Lab",
    "telecom" : [{
      "system" : "url",
      "value" : "http://fhir.kindlab.sickkids.ca"
    }]
  }],
  "description" : "Valueset for capturing Marital Status",
  "compose" : {
    "include" : [{
      "system" : "https://voicecollab.ai/fhir/CodeSystem/marital-status"
    }]
  }
}