<?xml version="1.0" encoding="UTF-8"?><CodeSystem xmlns="http://hl7.org/fhir"><id value="mimic-medication-route"/><language value="en"/><text><status value="generated"/><div xmlns="http://www.w3.org/1999/xhtml" xml:lang="en" lang="en"><p>This  code system <code>http://mimic.mit.edu/fhir/mimic/CodeSystem/mimic-medication-route</code> defines the following codes:</p><table class="codes"><tr><td style="white-space:nowrap"><b>Code</b></td></tr><tr><td style="white-space:nowrap">AD<a name="mimic-medication-route-AD"> </a></td></tr><tr><td style="white-space:nowrap">IH<a name="mimic-medication-route-IH"> </a></td></tr><tr><td style="white-space:nowrap">G TUBE<a name="mimic-medication-route-GTUBE"> </a></td></tr><tr><td style="white-space:nowrap">NG<a name="mimic-medication-route-NG"> </a></td></tr><tr><td style="white-space:nowrap">AERO<a name="mimic-medication-route-AERO"> </a></td></tr><tr><td style="white-space:nowrap">IL<a name="mimic-medication-route-IL"> </a></td></tr><tr><td style="white-space:nowrap">IT<a name="mimic-medication-route-IT"> </a></td></tr><tr><td style="white-space:nowrap">PO<a name="mimic-medication-route-PO"> </a></td></tr><tr><td style="white-space:nowrap">DWELL<a name="mimic-medication-route-DWELL"> </a></td></tr><tr><td style="white-space:nowrap">RIGHT EAR<a name="mimic-medication-route-RIGHTEAR"> </a></td></tr><tr><td style="white-space:nowrap">IU<a name="mimic-medication-route-IU"> </a></td></tr><tr><td style="white-space:nowrap">LEFT EAR<a name="mimic-medication-route-LEFTEAR"> </a></td></tr><tr><td style="white-space:nowrap">PO/NG<a name="mimic-medication-route-PO.47NG"> </a></td></tr><tr><td style="white-space:nowrap">INTRAVITREAL<a name="mimic-medication-route-INTRAVITREAL"> </a></td></tr><tr><td style="white-space:nowrap">PO OR ENTERAL TUBE<a name="mimic-medication-route-POORENTERALTUBE"> </a></td></tr><tr><td style="white-space:nowrap">SIDE PORT<a name="mimic-medication-route-SIDEPORT"> </a></td></tr><tr><td style="white-space:nowrap">FEMORAL VEIN<a name="mimic-medication-route-FEMORALVEIN"> </a></td></tr><tr><td style="white-space:nowrap">IV<a name="mimic-medication-route-IV"> </a></td></tr><tr><td style="white-space:nowrap">REPLACE<a name="mimic-medication-route-REPLACE"> </a></td></tr><tr><td style="white-space:nowrap">IA<a name="mimic-medication-route-IA"> </a></td></tr><tr><td style="white-space:nowrap">LEFT EYE<a name="mimic-medication-route-LEFTEYE"> </a></td></tr><tr><td style="white-space:nowrap">IV FLUSH<a name="mimic-medication-route-IVFLUSH"> </a></td></tr><tr><td style="white-space:nowrap">IP<a name="mimic-medication-route-IP"> </a></td></tr><tr><td style="white-space:nowrap">ED<a name="mimic-medication-route-ED"> </a></td></tr><tr><td style="white-space:nowrap">AS<a name="mimic-medication-route-AS"> </a></td></tr><tr><td style="white-space:nowrap">INTRA-ARTERIALLY<a name="mimic-medication-route-INTRA-ARTERIALLY"> </a></td></tr><tr><td style="white-space:nowrap">ORAL<a name="mimic-medication-route-ORAL"> </a></td></tr><tr><td style="white-space:nowrap">FLUSH<a name="mimic-medication-route-FLUSH"> </a></td></tr><tr><td style="white-space:nowrap">BOTH EYES<a name="mimic-medication-route-BOTHEYES"> </a></td></tr><tr><td style="white-space:nowrap">DIALYS<a name="mimic-medication-route-DIALYS"> </a></td></tr><tr><td style="white-space:nowrap">INFUSION VIA ON-Q PUMP<a name="mimic-medication-route-INFUSIONVIAON-QPUMP"> </a></td></tr><tr><td style="white-space:nowrap">PO/IV<a name="mimic-medication-route-PO.47IV"> </a></td></tr><tr><td style="white-space:nowrap">IVPCA<a name="mimic-medication-route-IVPCA"> </a></td></tr><tr><td style="white-space:nowrap">INHALATION<a name="mimic-medication-route-INHALATION"> </a></td></tr><tr><td style="white-space:nowrap">OD<a name="mimic-medication-route-OD"> </a></td></tr><tr><td style="white-space:nowrap">IV INFUSION<a name="mimic-medication-route-IVINFUSION"> </a></td></tr><tr><td style="white-space:nowrap">ND<a name="mimic-medication-route-ND"> </a></td></tr><tr><td style="white-space:nowrap">PO/OG<a name="mimic-medication-route-PO.47OG"> </a></td></tr><tr><td style="white-space:nowrap">EDPCA<a name="mimic-medication-route-EDPCA"> </a></td></tr><tr><td style="white-space:nowrap">PEG<a name="mimic-medication-route-PEG"> </a></td></tr><tr><td style="white-space:nowrap">SL<a name="mimic-medication-route-SL"> </a></td></tr><tr><td style="white-space:nowrap">BOTH EARS<a name="mimic-medication-route-BOTHEARS"> </a></td></tr><tr><td style="white-space:nowrap">IVS<a name="mimic-medication-route-IVS"> </a></td></tr><tr><td style="white-space:nowrap">IR<a name="mimic-medication-route-IR"> </a></td></tr><tr><td style="white-space:nowrap">NS<a name="mimic-medication-route-NS"> </a></td></tr><tr><td style="white-space:nowrap">AU<a name="mimic-medication-route-AU"> </a></td></tr><tr><td style="white-space:nowrap">OU<a name="mimic-medication-route-OU"> </a></td></tr><tr><td style="white-space:nowrap">IN<a name="mimic-medication-route-IN"> </a></td></tr><tr><td style="white-space:nowrap">INTRALESIONAL<a name="mimic-medication-route-INTRALESIONAL"> </a></td></tr><tr><td style="white-space:nowrap">P.O.<a name="mimic-medication-route-P.46O.46"> </a></td></tr><tr><td style="white-space:nowrap">TD<a name="mimic-medication-route-TD"> </a></td></tr><tr><td style="white-space:nowrap">NGT<a name="mimic-medication-route-NGT"> </a></td></tr><tr><td style="white-space:nowrap">INTRACORPOREAL<a name="mimic-medication-route-INTRACORPOREAL"> </a></td></tr><tr><td style="white-space:nowrap">NAS<a name="mimic-medication-route-NAS"> </a></td></tr><tr><td style="white-space:nowrap">Po<a name="mimic-medication-route-Po"> </a></td></tr><tr><td style="white-space:nowrap">IMPELLA<a name="mimic-medication-route-IMPELLA"> </a></td></tr><tr><td style="white-space:nowrap">ET<a name="mimic-medication-route-ET"> </a></td></tr><tr><td style="white-space:nowrap">EX-VIVO<a name="mimic-medication-route-EX-VIVO"> </a></td></tr><tr><td style="white-space:nowrap">NEB<a name="mimic-medication-route-NEB"> </a></td></tr><tr><td style="white-space:nowrap">IRR<a name="mimic-medication-route-IRR"> </a></td></tr><tr><td style="white-space:nowrap">SC INFUSION<a name="mimic-medication-route-SCINFUSION"> </a></td></tr><tr><td style="white-space:nowrap">PL<a name="mimic-medication-route-PL"> </a></td></tr><tr><td style="white-space:nowrap">ITPCA<a name="mimic-medication-route-ITPCA"> </a></td></tr><tr><td style="white-space:nowrap">LOCK<a name="mimic-medication-route-LOCK"> </a></td></tr><tr><td style="white-space:nowrap">IJ<a name="mimic-medication-route-IJ"> </a></td></tr><tr><td style="white-space:nowrap">IO<a name="mimic-medication-route-IO"> </a></td></tr><tr><td style="white-space:nowrap">OG<a name="mimic-medication-route-OG"> </a></td></tr><tr><td style="white-space:nowrap">TRANSDERMAL<a name="mimic-medication-route-TRANSDERMAL"> </a></td></tr><tr><td style="white-space:nowrap">OGT<a name="mimic-medication-route-OGT"> </a></td></tr><tr><td style="white-space:nowrap">SUBCUT INFUSION<a name="mimic-medication-route-SUBCUTINFUSION"> </a></td></tr><tr><td style="white-space:nowrap">VG<a name="mimic-medication-route-VG"> </a></td></tr><tr><td style="white-space:nowrap">SCPCA<a name="mimic-medication-route-SCPCA"> </a></td></tr><tr><td style="white-space:nowrap">IVCI<a name="mimic-medication-route-IVCI"> </a></td></tr><tr><td style="white-space:nowrap">IV FLUSH*<a name="mimic-medication-route-IVFLUSH.42"> </a></td></tr><tr><td style="white-space:nowrap">INTRAPLEURAL<a name="mimic-medication-route-INTRAPLEURAL"> </a></td></tr><tr><td style="white-space:nowrap">OS<a name="mimic-medication-route-OS"> </a></td></tr><tr><td style="white-space:nowrap">DLPICC<a name="mimic-medication-route-DLPICC"> </a></td></tr><tr><td style="white-space:nowrap">IV BOLUS<a name="mimic-medication-route-IVBOLUS"> </a></td></tr><tr><td style="white-space:nowrap">SC<a name="mimic-medication-route-SC"> </a></td></tr><tr><td style="white-space:nowrap">INTERSPACE<a name="mimic-medication-route-INTERSPACE"> </a></td></tr><tr><td style="white-space:nowrap">po<a name="mimic-medication-route-po"> </a></td></tr><tr><td style="white-space:nowrap">SCPUMP<a name="mimic-medication-route-SCPUMP"> </a></td></tr><tr><td style="white-space:nowrap">TT<a name="mimic-medication-route-TT"> </a></td></tr><tr><td style="white-space:nowrap">IV DRIP<a name="mimic-medication-route-IVDRIP"> </a></td></tr><tr><td style="white-space:nowrap">PB<a name="mimic-medication-route-PB"> </a></td></tr><tr><td style="white-space:nowrap">IVT<a name="mimic-medication-route-IVT"> </a></td></tr><tr><td style="white-space:nowrap">RIGHT EYE<a name="mimic-medication-route-RIGHTEYE"> </a></td></tr><tr><td style="white-space:nowrap">PR<a name="mimic-medication-route-PR"> </a></td></tr><tr><td style="white-space:nowrap">SUBCUT<a name="mimic-medication-route-SUBCUT"> </a></td></tr><tr><td style="white-space:nowrap">BUCCAL<a name="mimic-medication-route-BUCCAL"> </a></td></tr><tr><td style="white-space:nowrap">AC<a name="mimic-medication-route-AC"> </a></td></tr><tr><td style="white-space:nowrap">TP<a name="mimic-medication-route-TP"> </a></td></tr><tr><td style="white-space:nowrap">INTRAPERICARDIAL<a name="mimic-medication-route-INTRAPERICARDIAL"> </a></td></tr><tr><td style="white-space:nowrap">AXILLARY<a name="mimic-medication-route-AXILLARY"> </a></td></tr><tr><td style="white-space:nowrap">ng<a name="mimic-medication-route-ng"> </a></td></tr><tr><td style="white-space:nowrap">PERIPHNERVE<a name="mimic-medication-route-PERIPHNERVE"> </a></td></tr><tr><td style="white-space:nowrap">IC<a name="mimic-medication-route-IC"> </a></td></tr><tr><td style="white-space:nowrap">BU<a name="mimic-medication-route-BU"> </a></td></tr><tr><td style="white-space:nowrap">PV<a name="mimic-medication-route-PV"> </a></td></tr><tr><td style="white-space:nowrap">NU<a name="mimic-medication-route-NU"> </a></td></tr><tr><td style="white-space:nowrap">ENTERAL TUBE ONLY – NOT ORAL<a name="mimic-medication-route-ENTERALTUBEONLY.8211NOTORAL"> </a></td></tr><tr><td style="white-space:nowrap">J TUBE<a name="mimic-medication-route-JTUBE"> </a></td></tr><tr><td style="white-space:nowrap">LUMBAR PLEXUS<a name="mimic-medication-route-LUMBARPLEXUS"> </a></td></tr><tr><td style="white-space:nowrap">NG/OG<a name="mimic-medication-route-NG.47OG"> </a></td></tr><tr><td style="white-space:nowrap">ID<a name="mimic-medication-route-ID"> </a></td></tr><tr><td style="white-space:nowrap">IM<a name="mimic-medication-route-IM"> </a></td></tr></table></div></text><url value="http://mimic.mit.edu/fhir/mimic/CodeSystem/mimic-medication-route"/><version value="1.3.0"/><name value="MimicMedicationRoute"/><title value="MimicMedicationRoute"/><status value="draft"/><date value="2022-09-21T13:59:43-04:00"/><publisher value="KinD Lab"/><contact><name value="KinD Lab"/><telecom><system value="url"/><value value="http://fhir.kindlab.sickkids.ca"/></telecom></contact><description value="The medication route during administration for MIMIC"/><valueSet value="http://mimic.mit.edu/fhir/mimic/ValueSet/mimic-medication-route"/><content value="complete"/><concept><code value="AD"/><designation><language value="en"/><use><system value="http://terminology.hl7.org/CodeSystem/designation-usage"/><code value="display"/></use></designation></concept><concept><code value="IH"/><designation><language value="en"/><use><system value="http://terminology.hl7.org/CodeSystem/designation-usage"/><code value="display"/></use></designation></concept><concept><code value="G TUBE"/><designation><language value="en"/><use><system value="http://terminology.hl7.org/CodeSystem/designation-usage"/><code value="display"/></use></designation></concept><concept><code value="NG"/><designation><language value="en"/><use><system value="http://terminology.hl7.org/CodeSystem/designation-usage"/><code value="display"/></use></designation></concept><concept><code value="AERO"/><designation><language value="en"/><use><system value="http://terminology.hl7.org/CodeSystem/designation-usage"/><code value="display"/></use></designation></concept><concept><code value="IL"/><designation><language value="en"/><use><system value="http://terminology.hl7.org/CodeSystem/designation-usage"/><code value="display"/></use></designation></concept><concept><code value="IT"/><designation><language value="en"/><use><system value="http://terminology.hl7.org/CodeSystem/designation-usage"/><code value="display"/></use></designation></concept><concept><code value="PO"/><designation><language value="en"/><use><system value="http://terminology.hl7.org/CodeSystem/designation-usage"/><code value="display"/></use></designation></concept><concept><code value="DWELL"/><designation><language value="en"/><use><system value="http://terminology.hl7.org/CodeSystem/designation-usage"/><code value="display"/></use></designation></concept><concept><code value="RIGHT EAR"/><designation><language value="en"/><use><system value="http://terminology.hl7.org/CodeSystem/designation-usage"/><code value="display"/></use></designation></concept><concept><code value="IU"/><designation><language value="en"/><use><system value="http://terminology.hl7.org/CodeSystem/designation-usage"/><code value="display"/></use></designation></concept><concept><code value="LEFT EAR"/><designation><language value="en"/><use><system value="http://terminology.hl7.org/CodeSystem/designation-usage"/><code value="display"/></use></designation></concept><concept><code value="PO/NG"/><designation><language value="en"/><use><system value="http://terminology.hl7.org/CodeSystem/designation-usage"/><code value="display"/></use></designation></concept><concept><code value="INTRAVITREAL"/><designation><language value="en"/><use><system value="http://terminology.hl7.org/CodeSystem/designation-usage"/><code value="display"/></use></designation></concept><concept><code value="PO OR ENTERAL TUBE"/><designation><language value="en"/><use><system value="http://terminology.hl7.org/CodeSystem/designation-usage"/><code value="display"/></use></designation></concept><concept><code value="SIDE PORT"/><designation><language value="en"/><use><system value="http://terminology.hl7.org/CodeSystem/designation-usage"/><code value="display"/></use></designation></concept><concept><code value="FEMORAL VEIN"/><designation><language value="en"/><use><system value="http://terminology.hl7.org/CodeSystem/designation-usage"/><code value="display"/></use></designation></concept><concept><code value="IV"/><designation><language value="en"/><use><system value="http://terminology.hl7.org/CodeSystem/designation-usage"/><code value="display"/></use></designation></concept><concept><code value="REPLACE"/><designation><language value="en"/><use><system value="http://terminology.hl7.org/CodeSystem/designation-usage"/><code value="display"/></use></designation></concept><concept><code value="IA"/><designation><language value="en"/><use><system value="http://terminology.hl7.org/CodeSystem/designation-usage"/><code value="display"/></use></designation></concept><concept><code value="LEFT EYE"/><designation><language value="en"/><use><system value="http://terminology.hl7.org/CodeSystem/designation-usage"/><code value="display"/></use></designation></concept><concept><code value="IV FLUSH"/><designation><language value="en"/><use><system value="http://terminology.hl7.org/CodeSystem/designation-usage"/><code value="display"/></use></designation></concept><concept><code value="IP"/><designation><language value="en"/><use><system value="http://terminology.hl7.org/CodeSystem/designation-usage"/><code value="display"/></use></designation></concept><concept><code value="ED"/><designation><language value="en"/><use><system value="http://terminology.hl7.org/CodeSystem/designation-usage"/><code value="display"/></use></designation></concept><concept><code value="AS"/><designation><language value="en"/><use><system value="http://terminology.hl7.org/CodeSystem/designation-usage"/><code value="display"/></use></designation></concept><concept><code value="INTRA-ARTERIALLY"/><designation><language value="en"/><use><system value="http://terminology.hl7.org/CodeSystem/designation-usage"/><code value="display"/></use></designation></concept><concept><code value="ORAL"/><designation><language value="en"/><use><system value="http://terminology.hl7.org/CodeSystem/designation-usage"/><code value="display"/></use></designation></concept><concept><code value="FLUSH"/><designation><language value="en"/><use><system value="http://terminology.hl7.org/CodeSystem/designation-usage"/><code value="display"/></use></designation></concept><concept><code value="BOTH EYES"/><designation><language value="en"/><use><system value="http://terminology.hl7.org/CodeSystem/designation-usage"/><code value="display"/></use></designation></concept><concept><code value="DIALYS"/><designation><language value="en"/><use><system value="http://terminology.hl7.org/CodeSystem/designation-usage"/><code value="display"/></use></designation></concept><concept><code value="INFUSION VIA ON-Q PUMP"/><designation><language value="en"/><use><system value="http://terminology.hl7.org/CodeSystem/designation-usage"/><code value="display"/></use></designation></concept><concept><code value="PO/IV"/><designation><language value="en"/><use><system value="http://terminology.hl7.org/CodeSystem/designation-usage"/><code value="display"/></use></designation></concept><concept><code value="IVPCA"/><designation><language value="en"/><use><system value="http://terminology.hl7.org/CodeSystem/designation-usage"/><code value="display"/></use></designation></concept><concept><code value="INHALATION"/><designation><language value="en"/><use><system value="http://terminology.hl7.org/CodeSystem/designation-usage"/><code value="display"/></use></designation></concept><concept><code value="OD"/><designation><language value="en"/><use><system value="http://terminology.hl7.org/CodeSystem/designation-usage"/><code value="display"/></use></designation></concept><concept><code value="IV INFUSION"/><designation><language value="en"/><use><system value="http://terminology.hl7.org/CodeSystem/designation-usage"/><code value="display"/></use></designation></concept><concept><code value="ND"/><designation><language value="en"/><use><system value="http://terminology.hl7.org/CodeSystem/designation-usage"/><code value="display"/></use></designation></concept><concept><code value="PO/OG"/><designation><language value="en"/><use><system value="http://terminology.hl7.org/CodeSystem/designation-usage"/><code value="display"/></use></designation></concept><concept><code value="EDPCA"/><designation><language value="en"/><use><system value="http://terminology.hl7.org/CodeSystem/designation-usage"/><code value="display"/></use></designation></concept><concept><code value="PEG"/><designation><language value="en"/><use><system value="http://terminology.hl7.org/CodeSystem/designation-usage"/><code value="display"/></use></designation></concept><concept><code value="SL"/><designation><language value="en"/><use><system value="http://terminology.hl7.org/CodeSystem/designation-usage"/><code value="display"/></use></designation></concept><concept><code value="BOTH EARS"/><designation><language value="en"/><use><system value="http://terminology.hl7.org/CodeSystem/designation-usage"/><code value="display"/></use></designation></concept><concept><code value="IVS"/><designation><language value="en"/><use><system value="http://terminology.hl7.org/CodeSystem/designation-usage"/><code value="display"/></use></designation></concept><concept><code value="IR"/><designation><language value="en"/><use><system value="http://terminology.hl7.org/CodeSystem/designation-usage"/><code value="display"/></use></designation></concept><concept><code value="NS"/><designation><language value="en"/><use><system value="http://terminology.hl7.org/CodeSystem/designation-usage"/><code value="display"/></use></designation></concept><concept><code value="AU"/><designation><language value="en"/><use><system value="http://terminology.hl7.org/CodeSystem/designation-usage"/><code value="display"/></use></designation></concept><concept><code value="OU"/><designation><language value="en"/><use><system value="http://terminology.hl7.org/CodeSystem/designation-usage"/><code value="display"/></use></designation></concept><concept><code value="IN"/><designation><language value="en"/><use><system value="http://terminology.hl7.org/CodeSystem/designation-usage"/><code value="display"/></use></designation></concept><concept><code value="INTRALESIONAL"/><designation><language value="en"/><use><system value="http://terminology.hl7.org/CodeSystem/designation-usage"/><code value="display"/></use></designation></concept><concept><code value="P.O."/><designation><language value="en"/><use><system value="http://terminology.hl7.org/CodeSystem/designation-usage"/><code value="display"/></use></designation></concept><concept><code value="TD"/><designation><language value="en"/><use><system value="http://terminology.hl7.org/CodeSystem/designation-usage"/><code value="display"/></use></designation></concept><concept><code value="NGT"/><designation><language value="en"/><use><system value="http://terminology.hl7.org/CodeSystem/designation-usage"/><code value="display"/></use></designation></concept><concept><code value="INTRACORPOREAL"/><designation><language value="en"/><use><system value="http://terminology.hl7.org/CodeSystem/designation-usage"/><code value="display"/></use></designation></concept><concept><code value="NAS"/><designation><language value="en"/><use><system value="http://terminology.hl7.org/CodeSystem/designation-usage"/><code value="display"/></use></designation></concept><concept><code value="Po"/><designation><language value="en"/><use><system value="http://terminology.hl7.org/CodeSystem/designation-usage"/><code value="display"/></use></designation></concept><concept><code value="IMPELLA"/><designation><language value="en"/><use><system value="http://terminology.hl7.org/CodeSystem/designation-usage"/><code value="display"/></use></designation></concept><concept><code value="ET"/><designation><language value="en"/><use><system value="http://terminology.hl7.org/CodeSystem/designation-usage"/><code value="display"/></use></designation></concept><concept><code value="EX-VIVO"/><designation><language value="en"/><use><system value="http://terminology.hl7.org/CodeSystem/designation-usage"/><code value="display"/></use></designation></concept><concept><code value="NEB"/><designation><language value="en"/><use><system value="http://terminology.hl7.org/CodeSystem/designation-usage"/><code value="display"/></use></designation></concept><concept><code value="IRR"/><designation><language value="en"/><use><system value="http://terminology.hl7.org/CodeSystem/designation-usage"/><code value="display"/></use></designation></concept><concept><code value="SC INFUSION"/><designation><language value="en"/><use><system value="http://terminology.hl7.org/CodeSystem/designation-usage"/><code value="display"/></use></designation></concept><concept><code value="PL"/><designation><language value="en"/><use><system value="http://terminology.hl7.org/CodeSystem/designation-usage"/><code value="display"/></use></designation></concept><concept><code value="ITPCA"/><designation><language value="en"/><use><system value="http://terminology.hl7.org/CodeSystem/designation-usage"/><code value="display"/></use></designation></concept><concept><code value="LOCK"/><designation><language value="en"/><use><system value="http://terminology.hl7.org/CodeSystem/designation-usage"/><code value="display"/></use></designation></concept><concept><code value="IJ"/><designation><language value="en"/><use><system value="http://terminology.hl7.org/CodeSystem/designation-usage"/><code value="display"/></use></designation></concept><concept><code value="IO"/><designation><language value="en"/><use><system value="http://terminology.hl7.org/CodeSystem/designation-usage"/><code value="display"/></use></designation></concept><concept><code value="OG"/><designation><language value="en"/><use><system value="http://terminology.hl7.org/CodeSystem/designation-usage"/><code value="display"/></use></designation></concept><concept><code value="TRANSDERMAL"/><designation><language value="en"/><use><system value="http://terminology.hl7.org/CodeSystem/designation-usage"/><code value="display"/></use></designation></concept><concept><code value="OGT"/><designation><language value="en"/><use><system value="http://terminology.hl7.org/CodeSystem/designation-usage"/><code value="display"/></use></designation></concept><concept><code value="SUBCUT INFUSION"/><designation><language value="en"/><use><system value="http://terminology.hl7.org/CodeSystem/designation-usage"/><code value="display"/></use></designation></concept><concept><code value="VG"/><designation><language value="en"/><use><system value="http://terminology.hl7.org/CodeSystem/designation-usage"/><code value="display"/></use></designation></concept><concept><code value="SCPCA"/><designation><language value="en"/><use><system value="http://terminology.hl7.org/CodeSystem/designation-usage"/><code value="display"/></use></designation></concept><concept><code value="IVCI"/><designation><language value="en"/><use><system value="http://terminology.hl7.org/CodeSystem/designation-usage"/><code value="display"/></use></designation></concept><concept><code value="IV FLUSH*"/><designation><language value="en"/><use><system value="http://terminology.hl7.org/CodeSystem/designation-usage"/><code value="display"/></use></designation></concept><concept><code value="INTRAPLEURAL"/><designation><language value="en"/><use><system value="http://terminology.hl7.org/CodeSystem/designation-usage"/><code value="display"/></use></designation></concept><concept><code value="OS"/><designation><language value="en"/><use><system value="http://terminology.hl7.org/CodeSystem/designation-usage"/><code value="display"/></use></designation></concept><concept><code value="DLPICC"/><designation><language value="en"/><use><system value="http://terminology.hl7.org/CodeSystem/designation-usage"/><code value="display"/></use></designation></concept><concept><code value="IV BOLUS"/><designation><language value="en"/><use><system value="http://terminology.hl7.org/CodeSystem/designation-usage"/><code value="display"/></use></designation></concept><concept><code value="SC"/><designation><language value="en"/><use><system value="http://terminology.hl7.org/CodeSystem/designation-usage"/><code value="display"/></use></designation></concept><concept><code value="INTERSPACE"/><designation><language value="en"/><use><system value="http://terminology.hl7.org/CodeSystem/designation-usage"/><code value="display"/></use></designation></concept><concept><code value="po"/><designation><language value="en"/><use><system value="http://terminology.hl7.org/CodeSystem/designation-usage"/><code value="display"/></use></designation></concept><concept><code value="SCPUMP"/><designation><language value="en"/><use><system value="http://terminology.hl7.org/CodeSystem/designation-usage"/><code value="display"/></use></designation></concept><concept><code value="TT"/><designation><language value="en"/><use><system value="http://terminology.hl7.org/CodeSystem/designation-usage"/><code value="display"/></use></designation></concept><concept><code value="IV DRIP"/><designation><language value="en"/><use><system value="http://terminology.hl7.org/CodeSystem/designation-usage"/><code value="display"/></use></designation></concept><concept><code value="PB"/><designation><language value="en"/><use><system value="http://terminology.hl7.org/CodeSystem/designation-usage"/><code value="display"/></use></designation></concept><concept><code value="IVT"/><designation><language value="en"/><use><system value="http://terminology.hl7.org/CodeSystem/designation-usage"/><code value="display"/></use></designation></concept><concept><code value="RIGHT EYE"/><designation><language value="en"/><use><system value="http://terminology.hl7.org/CodeSystem/designation-usage"/><code value="display"/></use></designation></concept><concept><code value="PR"/><designation><language value="en"/><use><system value="http://terminology.hl7.org/CodeSystem/designation-usage"/><code value="display"/></use></designation></concept><concept><code value="SUBCUT"/><designation><language value="en"/><use><system value="http://terminology.hl7.org/CodeSystem/designation-usage"/><code value="display"/></use></designation></concept><concept><code value="BUCCAL"/><designation><language value="en"/><use><system value="http://terminology.hl7.org/CodeSystem/designation-usage"/><code value="display"/></use></designation></concept><concept><code value="AC"/><designation><language value="en"/><use><system value="http://terminology.hl7.org/CodeSystem/designation-usage"/><code value="display"/></use></designation></concept><concept><code value="TP"/><designation><language value="en"/><use><system value="http://terminology.hl7.org/CodeSystem/designation-usage"/><code value="display"/></use></designation></concept><concept><code value="INTRAPERICARDIAL"/><designation><language value="en"/><use><system value="http://terminology.hl7.org/CodeSystem/designation-usage"/><code value="display"/></use></designation></concept><concept><code value="AXILLARY"/><designation><language value="en"/><use><system value="http://terminology.hl7.org/CodeSystem/designation-usage"/><code value="display"/></use></designation></concept><concept><code value="ng"/><designation><language value="en"/><use><system value="http://terminology.hl7.org/CodeSystem/designation-usage"/><code value="display"/></use></designation></concept><concept><code value="PERIPHNERVE"/><designation><language value="en"/><use><system value="http://terminology.hl7.org/CodeSystem/designation-usage"/><code value="display"/></use></designation></concept><concept><code value="IC"/><designation><language value="en"/><use><system value="http://terminology.hl7.org/CodeSystem/designation-usage"/><code value="display"/></use></designation></concept><concept><code value="BU"/><designation><language value="en"/><use><system value="http://terminology.hl7.org/CodeSystem/designation-usage"/><code value="display"/></use></designation></concept><concept><code value="PV"/><designation><language value="en"/><use><system value="http://terminology.hl7.org/CodeSystem/designation-usage"/><code value="display"/></use></designation></concept><concept><code value="NU"/><designation><language value="en"/><use><system value="http://terminology.hl7.org/CodeSystem/designation-usage"/><code value="display"/></use></designation></concept><concept><code value="ENTERAL TUBE ONLY – NOT ORAL"/><designation><language value="en"/><use><system value="http://terminology.hl7.org/CodeSystem/designation-usage"/><code value="display"/></use></designation></concept><concept><code value="J TUBE"/><designation><language value="en"/><use><system value="http://terminology.hl7.org/CodeSystem/designation-usage"/><code value="display"/></use></designation></concept><concept><code value="LUMBAR PLEXUS"/><designation><language value="en"/><use><system value="http://terminology.hl7.org/CodeSystem/designation-usage"/><code value="display"/></use></designation></concept><concept><code value="NG/OG"/><designation><language value="en"/><use><system value="http://terminology.hl7.org/CodeSystem/designation-usage"/><code value="display"/></use></designation></concept><concept><code value="ID"/><designation><language value="en"/><use><system value="http://terminology.hl7.org/CodeSystem/designation-usage"/><code value="display"/></use></designation></concept><concept><code value="IM"/><designation><language value="en"/><use><system value="http://terminology.hl7.org/CodeSystem/designation-usage"/><code value="display"/></use></designation></concept></CodeSystem>