<?xml version="1.0" encoding="UTF-8"?><CodeSystem xmlns="http://hl7.org/fhir"><id value="mimic-services"/><language value="en"/><text><status value="generated"/><div xmlns="http://www.w3.org/1999/xhtml" xml:lang="en" lang="en"><p>This  code system <code>http://mimic.mit.edu/fhir/mimic/CodeSystem/mimic-services</code> defines the following codes:</p><table class="codes"><tr><td style="white-space:nowrap"><b>Code</b></td></tr><tr><td style="white-space:nowrap">TRAUM<a name="mimic-services-TRAUM"> </a></td></tr><tr><td style="white-space:nowrap">DENT<a name="mimic-services-DENT"> </a></td></tr><tr><td style="white-space:nowrap">CSURG<a name="mimic-services-CSURG"> </a></td></tr><tr><td style="white-space:nowrap">CMED<a name="mimic-services-CMED"> </a></td></tr><tr><td style="white-space:nowrap">ORTHO<a name="mimic-services-ORTHO"> </a></td></tr><tr><td style="white-space:nowrap">ENT<a name="mimic-services-ENT"> </a></td></tr><tr><td style="white-space:nowrap">GU<a name="mimic-services-GU"> </a></td></tr><tr><td style="white-space:nowrap">NMED<a name="mimic-services-NMED"> </a></td></tr><tr><td style="white-space:nowrap">SURG<a name="mimic-services-SURG"> </a></td></tr><tr><td style="white-space:nowrap">TSURG<a name="mimic-services-TSURG"> </a></td></tr><tr><td style="white-space:nowrap">GYN<a name="mimic-services-GYN"> </a></td></tr><tr><td style="white-space:nowrap">VSURG<a name="mimic-services-VSURG"> </a></td></tr><tr><td style="white-space:nowrap">MED<a name="mimic-services-MED"> </a></td></tr><tr><td style="white-space:nowrap">NSURG<a name="mimic-services-NSURG"> </a></td></tr><tr><td style="white-space:nowrap">PSYCH<a name="mimic-services-PSYCH"> </a></td></tr><tr><td style="white-space:nowrap">OBS<a name="mimic-services-OBS"> </a></td></tr><tr><td style="white-space:nowrap">OMED<a name="mimic-services-OMED"> </a></td></tr><tr><td style="white-space:nowrap">EYE<a name="mimic-services-EYE"> </a></td></tr><tr><td style="white-space:nowrap">PSURG<a name="mimic-services-PSURG"> </a></td></tr></table></div></text><url value="http://mimic.mit.edu/fhir/mimic/CodeSystem/mimic-services"/><version value="1.3.0"/><name value="MimicServices"/><title value="MimicServices"/><status value="draft"/><date value="2022-09-21T13:59:43-04:00"/><publisher value="KinD Lab"/><contact><name value="KinD Lab"/><telecom><system value="url"/><value value="http://fhir.kindlab.sickkids.ca"/></telecom></contact><description value="The hospital services for MIMIC"/><valueSet value="http://mimic.mit.edu/fhir/mimic/ValueSet/mimic-services"/><content value="complete"/><concept><code value="TRAUM"/><designation><language value="en"/><use><system value="http://terminology.hl7.org/CodeSystem/designation-usage"/><code value="display"/></use></designation></concept><concept><code value="DENT"/><designation><language value="en"/><use><system value="http://terminology.hl7.org/CodeSystem/designation-usage"/><code value="display"/></use></designation></concept><concept><code value="CSURG"/><designation><language value="en"/><use><system value="http://terminology.hl7.org/CodeSystem/designation-usage"/><code value="display"/></use></designation></concept><concept><code value="CMED"/><designation><language value="en"/><use><system value="http://terminology.hl7.org/CodeSystem/designation-usage"/><code value="display"/></use></designation></concept><concept><code value="ORTHO"/><designation><language value="en"/><use><system value="http://terminology.hl7.org/CodeSystem/designation-usage"/><code value="display"/></use></designation></concept><concept><code value="ENT"/><designation><language value="en"/><use><system value="http://terminology.hl7.org/CodeSystem/designation-usage"/><code value="display"/></use></designation></concept><concept><code value="GU"/><designation><language value="en"/><use><system value="http://terminology.hl7.org/CodeSystem/designation-usage"/><code value="display"/></use></designation></concept><concept><code value="NMED"/><designation><language value="en"/><use><system value="http://terminology.hl7.org/CodeSystem/designation-usage"/><code value="display"/></use></designation></concept><concept><code value="SURG"/><designation><language value="en"/><use><system value="http://terminology.hl7.org/CodeSystem/designation-usage"/><code value="display"/></use></designation></concept><concept><code value="TSURG"/><designation><language value="en"/><use><system value="http://terminology.hl7.org/CodeSystem/designation-usage"/><code value="display"/></use></designation></concept><concept><code value="GYN"/><designation><language value="en"/><use><system value="http://terminology.hl7.org/CodeSystem/designation-usage"/><code value="display"/></use></designation></concept><concept><code value="VSURG"/><designation><language value="en"/><use><system value="http://terminology.hl7.org/CodeSystem/designation-usage"/><code value="display"/></use></designation></concept><concept><code value="MED"/><designation><language value="en"/><use><system value="http://terminology.hl7.org/CodeSystem/designation-usage"/><code value="display"/></use></designation></concept><concept><code value="NSURG"/><designation><language value="en"/><use><system value="http://terminology.hl7.org/CodeSystem/designation-usage"/><code value="display"/></use></designation></concept><concept><code value="PSYCH"/><designation><language value="en"/><use><system value="http://terminology.hl7.org/CodeSystem/designation-usage"/><code value="display"/></use></designation></concept><concept><code value="OBS"/><designation><language value="en"/><use><system value="http://terminology.hl7.org/CodeSystem/designation-usage"/><code value="display"/></use></designation></concept><concept><code value="OMED"/><designation><language value="en"/><use><system value="http://terminology.hl7.org/CodeSystem/designation-usage"/><code value="display"/></use></designation></concept><concept><code value="EYE"/><designation><language value="en"/><use><system value="http://terminology.hl7.org/CodeSystem/designation-usage"/><code value="display"/></use></designation></concept><concept><code value="PSURG"/><designation><language value="en"/><use><system value="http://terminology.hl7.org/CodeSystem/designation-usage"/><code value="display"/></use></designation></concept></CodeSystem>