<?xml version="1.0" encoding="UTF-8"?><CodeSystem xmlns="http://hl7.org/fhir"><id value="mimic-lab-fluid"/><language value="en"/><text><status value="generated"/><div xmlns="http://www.w3.org/1999/xhtml" xml:lang="en" lang="en"><p>This  code system <code>http://mimic.mit.edu/fhir/mimic/CodeSystem/mimic-lab-fluid</code> defines the following codes:</p><table class="codes"><tr><td style="white-space:nowrap"><b>Code</b></td></tr><tr><td style="white-space:nowrap">I<a name="mimic-lab-fluid-I"> </a></td></tr><tr><td style="white-space:nowrap">Joint Fluid<a name="mimic-lab-fluid-JointFluid"> </a></td></tr><tr><td style="white-space:nowrap">Pleural<a name="mimic-lab-fluid-Pleural"> </a></td></tr><tr><td style="white-space:nowrap">Bone Marrow<a name="mimic-lab-fluid-BoneMarrow"> </a></td></tr><tr><td style="white-space:nowrap">Ascites<a name="mimic-lab-fluid-Ascites"> </a></td></tr><tr><td style="white-space:nowrap">Fluid<a name="mimic-lab-fluid-Fluid"> </a></td></tr><tr><td style="white-space:nowrap">Stool<a name="mimic-lab-fluid-Stool"> </a></td></tr><tr><td style="white-space:nowrap">Other Body Fluid<a name="mimic-lab-fluid-OtherBodyFluid"> </a></td></tr><tr><td style="white-space:nowrap">Q<a name="mimic-lab-fluid-Q"> </a></td></tr><tr><td style="white-space:nowrap">Cerebrospinal Fluid<a name="mimic-lab-fluid-CerebrospinalFluid"> </a></td></tr><tr><td style="white-space:nowrap">Blood<a name="mimic-lab-fluid-Blood"> </a></td></tr><tr><td style="white-space:nowrap">Urine<a name="mimic-lab-fluid-Urine"> </a></td></tr></table></div></text><url value="http://mimic.mit.edu/fhir/mimic/CodeSystem/mimic-lab-fluid"/><version value="1.3.0"/><name value="MimicLabFluid"/><title value="MimicLabFluid"/><status value="draft"/><date value="2022-09-21T13:59:43-04:00"/><publisher value="KinD Lab"/><contact><name value="KinD Lab"/><telecom><system value="url"/><value value="http://fhir.kindlab.sickkids.ca"/></telecom></contact><description value="The lab fluid that is captured for the specimen"/><valueSet value="http://mimic.mit.edu/fhir/mimic/ValueSet/mimic-lab-fluid"/><content value="complete"/><concept><code value="I"/><designation><language value="en"/><use><system value="http://terminology.hl7.org/CodeSystem/designation-usage"/><code value="display"/></use></designation></concept><concept><code value="Joint Fluid"/><designation><language value="en"/><use><system value="http://terminology.hl7.org/CodeSystem/designation-usage"/><code value="display"/></use></designation></concept><concept><code value="Pleural"/><designation><language value="en"/><use><system value="http://terminology.hl7.org/CodeSystem/designation-usage"/><code value="display"/></use></designation></concept><concept><code value="Bone Marrow"/><designation><language value="en"/><use><system value="http://terminology.hl7.org/CodeSystem/designation-usage"/><code value="display"/></use></designation></concept><concept><code value="Ascites"/><designation><language value="en"/><use><system value="http://terminology.hl7.org/CodeSystem/designation-usage"/><code value="display"/></use></designation></concept><concept><code value="Fluid"/><designation><language value="en"/><use><system value="http://terminology.hl7.org/CodeSystem/designation-usage"/><code value="display"/></use></designation></concept><concept><code value="Stool"/><designation><language value="en"/><use><system value="http://terminology.hl7.org/CodeSystem/designation-usage"/><code value="display"/></use></designation></concept><concept><code value="Other Body Fluid"/><designation><language value="en"/><use><system value="http://terminology.hl7.org/CodeSystem/designation-usage"/><code value="display"/></use></designation></concept><concept><code value="Q"/><designation><language value="en"/><use><system value="http://terminology.hl7.org/CodeSystem/designation-usage"/><code value="display"/></use></designation></concept><concept><code value="Cerebrospinal Fluid"/><designation><language value="en"/><use><system value="http://terminology.hl7.org/CodeSystem/designation-usage"/><code value="display"/></use></designation></concept><concept><code value="Blood"/><designation><language value="en"/><use><system value="http://terminology.hl7.org/CodeSystem/designation-usage"/><code value="display"/></use></designation></concept><concept><code value="Urine"/><designation><language value="en"/><use><system value="http://terminology.hl7.org/CodeSystem/designation-usage"/><code value="display"/></use></designation></concept></CodeSystem>