<?xml version="1.0" encoding="UTF-8"?><CodeSystem xmlns="http://hl7.org/fhir"><id value="mimic-medication-poe-iv"/><language value="en"/><text><status value="generated"/><div xmlns="http://www.w3.org/1999/xhtml" xml:lang="en" lang="en"><p>This  code system <code>http://mimic.mit.edu/fhir/mimic/CodeSystem/mimic-medication-poe-iv</code> defines the following codes:</p><table class="codes"><tr><td style="white-space:nowrap"><b>Code</b></td></tr><tr><td style="white-space:nowrap">TPN<a name="mimic-medication-poe-iv-TPN"> </a></td></tr><tr><td style="white-space:nowrap">IV therapy<a name="mimic-medication-poe-iv-IVtherapy"> </a></td></tr></table></div></text><url value="http://mimic.mit.edu/fhir/mimic/CodeSystem/mimic-medication-poe-iv"/><version value="1.3.0"/><name value="MimicMedicationPoeIv"/><title value="MimicMedicationPoeIv"/><status value="draft"/><date value="2022-09-21T13:59:43-04:00"/><publisher value="KinD Lab"/><contact><name value="KinD Lab"/><telecom><system value="url"/><value value="http://fhir.kindlab.sickkids.ca"/></telecom></contact><description value="The IV medication that is ordered through POE"/><valueSet value="http://mimic.mit.edu/fhir/mimic/ValueSet/mimic-medication-poe-iv"/><content value="complete"/><concept><code value="TPN"/><designation><language value="en"/><use><system value="http://terminology.hl7.org/CodeSystem/designation-usage"/><code value="display"/></use></designation></concept><concept><code value="IV therapy"/><designation><language value="en"/><use><system value="http://terminology.hl7.org/CodeSystem/designation-usage"/><code value="display"/></use></designation></concept></CodeSystem>