<?xml version="1.0" encoding="UTF-8"?><CodeSystem xmlns="http://hl7.org/fhir"><id value="mimic-microbiology-antibiotic"/><language value="en"/><text><status value="generated"/><div xmlns="http://www.w3.org/1999/xhtml" xml:lang="en" lang="en"><p>This  code system <code>http://mimic.mit.edu/fhir/mimic/CodeSystem/mimic-microbiology-antibiotic</code> defines the following codes:</p><table class="codes"><tr><td style="white-space:nowrap"><b>Code</b></td><td><b>Display</b></td></tr><tr><td style="white-space:nowrap">90012<a name="mimic-microbiology-antibiotic-90012"> </a></td><td>GENTAMICIN</td></tr><tr><td style="white-space:nowrap">90016<a name="mimic-microbiology-antibiotic-90016"> </a></td><td>OXACILLIN</td></tr><tr><td style="white-space:nowrap">90010<a name="mimic-microbiology-antibiotic-90010"> </a></td><td>NITROFURANTOIN</td></tr><tr><td style="white-space:nowrap">90030<a name="mimic-microbiology-antibiotic-90030"> </a></td><td>DAPTOMYCIN</td></tr><tr><td style="white-space:nowrap">90031<a name="mimic-microbiology-antibiotic-90031"> </a></td><td>LINEZOLID</td></tr><tr><td style="white-space:nowrap">90013<a name="mimic-microbiology-antibiotic-90013"> </a></td><td>TOBRAMYCIN</td></tr><tr><td style="white-space:nowrap">90023<a name="mimic-microbiology-antibiotic-90023"> </a></td><td>CEFUROXIME</td></tr><tr><td style="white-space:nowrap">90008<a name="mimic-microbiology-antibiotic-90008"> </a></td><td>TRIMETHOPRIM/SULFA</td></tr><tr><td style="white-space:nowrap">90015<a name="mimic-microbiology-antibiotic-90015"> </a></td><td>VANCOMYCIN</td></tr><tr><td style="white-space:nowrap">90028<a name="mimic-microbiology-antibiotic-90028"> </a></td><td>CEFEPIME</td></tr><tr><td style="white-space:nowrap">90020<a name="mimic-microbiology-antibiotic-90020"> </a></td><td>IMIPENEM</td></tr><tr><td style="white-space:nowrap">90011<a name="mimic-microbiology-antibiotic-90011"> </a></td><td>TETRACYCLINE</td></tr><tr><td style="white-space:nowrap">90025<a name="mimic-microbiology-antibiotic-90025"> </a></td><td>LEVOFLOXACIN</td></tr><tr><td style="white-space:nowrap">90017<a name="mimic-microbiology-antibiotic-90017"> </a></td><td>CEFTAZIDIME</td></tr><tr><td style="white-space:nowrap">90027<a name="mimic-microbiology-antibiotic-90027"> </a></td><td>RIFAMPIN</td></tr><tr><td style="white-space:nowrap">90022<a name="mimic-microbiology-antibiotic-90022"> </a></td><td>AMPICILLIN/SULBACTAM</td></tr><tr><td style="white-space:nowrap">90026<a name="mimic-microbiology-antibiotic-90026"> </a></td><td>PIPERACILLIN/TAZO</td></tr><tr><td style="white-space:nowrap">90007<a name="mimic-microbiology-antibiotic-90007"> </a></td><td>CLINDAMYCIN</td></tr><tr><td style="white-space:nowrap">90029<a name="mimic-microbiology-antibiotic-90029"> </a></td><td>MEROPENEM</td></tr><tr><td style="white-space:nowrap">90005<a name="mimic-microbiology-antibiotic-90005"> </a></td><td>CEFAZOLIN</td></tr><tr><td style="white-space:nowrap">90003<a name="mimic-microbiology-antibiotic-90003"> </a></td><td>PENICILLIN G</td></tr><tr><td style="white-space:nowrap">90006<a name="mimic-microbiology-antibiotic-90006"> </a></td><td>ERYTHROMYCIN</td></tr><tr><td style="white-space:nowrap">90014<a name="mimic-microbiology-antibiotic-90014"> </a></td><td>AMIKACIN</td></tr><tr><td style="white-space:nowrap">90004<a name="mimic-microbiology-antibiotic-90004"> </a></td><td>AMPICILLIN</td></tr><tr><td style="white-space:nowrap">90018<a name="mimic-microbiology-antibiotic-90018"> </a></td><td>CEFTRIAXONE</td></tr><tr><td style="white-space:nowrap">90019<a name="mimic-microbiology-antibiotic-90019"> </a></td><td>CIPROFLOXACIN</td></tr><tr><td style="white-space:nowrap">90021<a name="mimic-microbiology-antibiotic-90021"> </a></td><td>PIPERACILLIN</td></tr></table></div></text><url value="http://mimic.mit.edu/fhir/mimic/CodeSystem/mimic-microbiology-antibiotic"/><version value="1.3.0"/><name value="MimicMicrobiologyAntibiotic"/><title value="MimicMicrobiologyAntibiotic"/><status value="draft"/><date value="2022-09-21T13:59:43-04:00"/><publisher value="KinD Lab"/><contact><name value="KinD Lab"/><telecom><system value="url"/><value value="http://fhir.kindlab.sickkids.ca"/></telecom></contact><description value="The microbiology antibiotic being tested on an organism in MIMIC"/><valueSet value="http://mimic.mit.edu/fhir/mimic/ValueSet/mimic-microbiology-antibiotic"/><content value="complete"/><concept><code value="90012"/><display value="GENTAMICIN"/><designation><language value="en"/><use><system value="http://terminology.hl7.org/CodeSystem/designation-usage"/><code value="display"/></use><value value="GENTAMICIN"/></designation></concept><concept><code value="90016"/><display value="OXACILLIN"/><designation><language value="en"/><use><system value="http://terminology.hl7.org/CodeSystem/designation-usage"/><code value="display"/></use><value value="OXACILLIN"/></designation></concept><concept><code value="90010"/><display value="NITROFURANTOIN"/><designation><language value="en"/><use><system value="http://terminology.hl7.org/CodeSystem/designation-usage"/><code value="display"/></use><value value="NITROFURANTOIN"/></designation></concept><concept><code value="90030"/><display value="DAPTOMYCIN"/><designation><language value="en"/><use><system value="http://terminology.hl7.org/CodeSystem/designation-usage"/><code value="display"/></use><value value="DAPTOMYCIN"/></designation></concept><concept><code value="90031"/><display value="LINEZOLID"/><designation><language value="en"/><use><system value="http://terminology.hl7.org/CodeSystem/designation-usage"/><code value="display"/></use><value value="LINEZOLID"/></designation></concept><concept><code value="90013"/><display value="TOBRAMYCIN"/><designation><language value="en"/><use><system value="http://terminology.hl7.org/CodeSystem/designation-usage"/><code value="display"/></use><value value="TOBRAMYCIN"/></designation></concept><concept><code value="90023"/><display value="CEFUROXIME"/><designation><language value="en"/><use><system value="http://terminology.hl7.org/CodeSystem/designation-usage"/><code value="display"/></use><value value="CEFUROXIME"/></designation></concept><concept><code value="90008"/><display value="TRIMETHOPRIM/SULFA"/><designation><language value="en"/><use><system value="http://terminology.hl7.org/CodeSystem/designation-usage"/><code value="display"/></use><value value="TRIMETHOPRIM/SULFA"/></designation></concept><concept><code value="90015"/><display value="VANCOMYCIN"/><designation><language value="en"/><use><system value="http://terminology.hl7.org/CodeSystem/designation-usage"/><code value="display"/></use><value value="VANCOMYCIN"/></designation></concept><concept><code value="90028"/><display value="CEFEPIME"/><designation><language value="en"/><use><system value="http://terminology.hl7.org/CodeSystem/designation-usage"/><code value="display"/></use><value value="CEFEPIME"/></designation></concept><concept><code value="90020"/><display value="IMIPENEM"/><designation><language value="en"/><use><system value="http://terminology.hl7.org/CodeSystem/designation-usage"/><code value="display"/></use><value value="IMIPENEM"/></designation></concept><concept><code value="90011"/><display value="TETRACYCLINE"/><designation><language value="en"/><use><system value="http://terminology.hl7.org/CodeSystem/designation-usage"/><code value="display"/></use><value value="TETRACYCLINE"/></designation></concept><concept><code value="90025"/><display value="LEVOFLOXACIN"/><designation><language value="en"/><use><system value="http://terminology.hl7.org/CodeSystem/designation-usage"/><code value="display"/></use><value value="LEVOFLOXACIN"/></designation></concept><concept><code value="90017"/><display value="CEFTAZIDIME"/><designation><language value="en"/><use><system value="http://terminology.hl7.org/CodeSystem/designation-usage"/><code value="display"/></use><value value="CEFTAZIDIME"/></designation></concept><concept><code value="90027"/><display value="RIFAMPIN"/><designation><language value="en"/><use><system value="http://terminology.hl7.org/CodeSystem/designation-usage"/><code value="display"/></use><value value="RIFAMPIN"/></designation></concept><concept><code value="90022"/><display value="AMPICILLIN/SULBACTAM"/><designation><language value="en"/><use><system value="http://terminology.hl7.org/CodeSystem/designation-usage"/><code value="display"/></use><value value="AMPICILLIN/SULBACTAM"/></designation></concept><concept><code value="90026"/><display value="PIPERACILLIN/TAZO"/><designation><language value="en"/><use><system value="http://terminology.hl7.org/CodeSystem/designation-usage"/><code value="display"/></use><value value="PIPERACILLIN/TAZO"/></designation></concept><concept><code value="90007"/><display value="CLINDAMYCIN"/><designation><language value="en"/><use><system value="http://terminology.hl7.org/CodeSystem/designation-usage"/><code value="display"/></use><value value="CLINDAMYCIN"/></designation></concept><concept><code value="90029"/><display value="MEROPENEM"/><designation><language value="en"/><use><system value="http://terminology.hl7.org/CodeSystem/designation-usage"/><code value="display"/></use><value value="MEROPENEM"/></designation></concept><concept><code value="90005"/><display value="CEFAZOLIN"/><designation><language value="en"/><use><system value="http://terminology.hl7.org/CodeSystem/designation-usage"/><code value="display"/></use><value value="CEFAZOLIN"/></designation></concept><concept><code value="90003"/><display value="PENICILLIN G"/><designation><language value="en"/><use><system value="http://terminology.hl7.org/CodeSystem/designation-usage"/><code value="display"/></use><value value="PENICILLIN G"/></designation></concept><concept><code value="90006"/><display value="ERYTHROMYCIN"/><designation><language value="en"/><use><system value="http://terminology.hl7.org/CodeSystem/designation-usage"/><code value="display"/></use><value value="ERYTHROMYCIN"/></designation></concept><concept><code value="90014"/><display value="AMIKACIN"/><designation><language value="en"/><use><system value="http://terminology.hl7.org/CodeSystem/designation-usage"/><code value="display"/></use><value value="AMIKACIN"/></designation></concept><concept><code value="90004"/><display value="AMPICILLIN"/><designation><language value="en"/><use><system value="http://terminology.hl7.org/CodeSystem/designation-usage"/><code value="display"/></use><value value="AMPICILLIN"/></designation></concept><concept><code value="90018"/><display value="CEFTRIAXONE"/><designation><language value="en"/><use><system value="http://terminology.hl7.org/CodeSystem/designation-usage"/><code value="display"/></use><value value="CEFTRIAXONE"/></designation></concept><concept><code value="90019"/><display value="CIPROFLOXACIN"/><designation><language value="en"/><use><system value="http://terminology.hl7.org/CodeSystem/designation-usage"/><code value="display"/></use><value value="CIPROFLOXACIN"/></designation></concept><concept><code value="90021"/><display value="PIPERACILLIN"/><designation><language value="en"/><use><system value="http://terminology.hl7.org/CodeSystem/designation-usage"/><code value="display"/></use><value value="PIPERACILLIN"/></designation></concept></CodeSystem>