<?xml version="1.0" encoding="UTF-8"?><CodeSystem xmlns="http://hl7.org/fhir"><id value="mimic-bodysite"/><language value="en"/><text><status value="generated"/><div xmlns="http://www.w3.org/1999/xhtml" xml:lang="en" lang="en"><p>This  code system <code>http://mimic.mit.edu/fhir/mimic/CodeSystem/mimic-bodysite</code> defines the following codes:</p><table class="codes"><tr><td style="white-space:nowrap"><b>Code</b></td></tr><tr><td style="white-space:nowrap">Right Ulnar<a name="mimic-bodysite-RightUlnar"> </a></td></tr><tr><td style="white-space:nowrap">L Ventricular<a name="mimic-bodysite-LVentricular"> </a></td></tr><tr><td style="white-space:nowrap">Left Humeral Head<a name="mimic-bodysite-LeftHumeralHead"> </a></td></tr><tr><td style="white-space:nowrap">RL Ant Forearm Lateral<a name="mimic-bodysite-RLAntForearmLateral"> </a></td></tr><tr><td style="white-space:nowrap">Right Subclavian<a name="mimic-bodysite-RightSubclavian"> </a></td></tr><tr><td style="white-space:nowrap">LU Ant Forearm<a name="mimic-bodysite-LUAntForearm"> </a></td></tr><tr><td style="white-space:nowrap">R Hand Medial<a name="mimic-bodysite-RHandMedial"> </a></td></tr><tr><td style="white-space:nowrap">Other<a name="mimic-bodysite-Other"> </a></td></tr><tr><td style="white-space:nowrap">Right Antecube<a name="mimic-bodysite-RightAntecube"> </a></td></tr><tr><td style="white-space:nowrap">R Wrist<a name="mimic-bodysite-RWrist"> </a></td></tr><tr><td style="white-space:nowrap">Right Accessory Cephalic<a name="mimic-bodysite-RightAccessoryCephalic"> </a></td></tr><tr><td style="white-space:nowrap">Right Cephalic Lower Arm<a name="mimic-bodysite-RightCephalicLowerArm"> </a></td></tr><tr><td style="white-space:nowrap">Left Axilla.<a name="mimic-bodysite-LeftAxilla.46"> </a></td></tr><tr><td style="white-space:nowrap">Left Digital<a name="mimic-bodysite-LeftDigital"> </a></td></tr><tr><td style="white-space:nowrap">Left Basilic Upper Arm<a name="mimic-bodysite-LeftBasilicUpperArm"> </a></td></tr><tr><td style="white-space:nowrap">Left Basilic Lower Arm<a name="mimic-bodysite-LeftBasilicLowerArm"> </a></td></tr><tr><td style="white-space:nowrap">Right Foot<a name="mimic-bodysite-RightFoot"> </a></td></tr><tr><td style="white-space:nowrap">RL Post Forearm<a name="mimic-bodysite-RLPostForearm"> </a></td></tr><tr><td style="white-space:nowrap">R Subclavian<a name="mimic-bodysite-RSubclavian"> </a></td></tr><tr><td style="white-space:nowrap">R Hand Lateral<a name="mimic-bodysite-RHandLateral"> </a></td></tr><tr><td style="white-space:nowrap">Right Axilla.<a name="mimic-bodysite-RightAxilla.46"> </a></td></tr><tr><td style="white-space:nowrap">Right Basilic Upper Arm<a name="mimic-bodysite-RightBasilicUpperArm"> </a></td></tr><tr><td style="white-space:nowrap">L Intraparenchymal<a name="mimic-bodysite-LIntraparenchymal"> </a></td></tr><tr><td style="white-space:nowrap">Left Radial<a name="mimic-bodysite-LeftRadial"> </a></td></tr><tr><td style="white-space:nowrap">Central.<a name="mimic-bodysite-Central.46"> </a></td></tr><tr><td style="white-space:nowrap">Left Antecubital<a name="mimic-bodysite-LeftAntecubital"> </a></td></tr><tr><td style="white-space:nowrap">R Wrist Lateral<a name="mimic-bodysite-RWristLateral"> </a></td></tr><tr><td style="white-space:nowrap">Left Femoral<a name="mimic-bodysite-LeftFemoral"> </a></td></tr><tr><td style="white-space:nowrap">R Antecube<a name="mimic-bodysite-RAntecube"> </a></td></tr><tr><td style="white-space:nowrap">R Ventricular<a name="mimic-bodysite-RVentricular"> </a></td></tr><tr><td style="white-space:nowrap">Left Femoral.<a name="mimic-bodysite-LeftFemoral.46"> </a></td></tr><tr><td style="white-space:nowrap">R Wrist Medial<a name="mimic-bodysite-RWristMedial"> </a></td></tr><tr><td style="white-space:nowrap">Left IJ.<a name="mimic-bodysite-LeftIJ.46"> </a></td></tr><tr><td style="white-space:nowrap">Left Antecube<a name="mimic-bodysite-LeftAntecube"> </a></td></tr><tr><td style="white-space:nowrap">Left Upper Arm<a name="mimic-bodysite-LeftUpperArm"> </a></td></tr><tr><td style="white-space:nowrap">Left Metacarpal<a name="mimic-bodysite-LeftMetacarpal"> </a></td></tr><tr><td style="white-space:nowrap">Right EJ<a name="mimic-bodysite-RightEJ"> </a></td></tr><tr><td style="white-space:nowrap">Left Accessory Basilic<a name="mimic-bodysite-LeftAccessoryBasilic"> </a></td></tr><tr><td style="white-space:nowrap">Central<a name="mimic-bodysite-Central"> </a></td></tr><tr><td style="white-space:nowrap">RU Ant Forearm Lateral<a name="mimic-bodysite-RUAntForearmLateral"> </a></td></tr><tr><td style="white-space:nowrap">LL Ant Forearm<a name="mimic-bodysite-LLAntForearm"> </a></td></tr><tr><td style="white-space:nowrap">Right IJ.<a name="mimic-bodysite-RightIJ.46"> </a></td></tr><tr><td style="white-space:nowrap">Right above Antecubital<a name="mimic-bodysite-RightaboveAntecubital"> </a></td></tr><tr><td style="white-space:nowrap">RU Ant Forearm Medial<a name="mimic-bodysite-RUAntForearmMedial"> </a></td></tr><tr><td style="white-space:nowrap">Right Axilla<a name="mimic-bodysite-RightAxilla"> </a></td></tr><tr><td style="white-space:nowrap">Right Metacarpal<a name="mimic-bodysite-RightMetacarpal"> </a></td></tr><tr><td style="white-space:nowrap">L Subclavian<a name="mimic-bodysite-LSubclavian"> </a></td></tr><tr><td style="white-space:nowrap">Right Accessory Basilic<a name="mimic-bodysite-RightAccessoryBasilic"> </a></td></tr><tr><td style="white-space:nowrap">Right IJ<a name="mimic-bodysite-RightIJ"> </a></td></tr><tr><td style="white-space:nowrap">Left Median Cubital<a name="mimic-bodysite-LeftMedianCubital"> </a></td></tr><tr><td style="white-space:nowrap">LU Ant Forearm Lateral<a name="mimic-bodysite-LUAntForearmLateral"> </a></td></tr><tr><td style="white-space:nowrap">Left Proximal Tibia<a name="mimic-bodysite-LeftProximalTibia"> </a></td></tr><tr><td style="white-space:nowrap">Right Radial<a name="mimic-bodysite-RightRadial"> </a></td></tr><tr><td style="white-space:nowrap">Left above Antecubital<a name="mimic-bodysite-LeftaboveAntecubital"> </a></td></tr><tr><td style="white-space:nowrap">RU Post Forearm<a name="mimic-bodysite-RUPostForearm"> </a></td></tr><tr><td style="white-space:nowrap">R Femoral<a name="mimic-bodysite-RFemoral"> </a></td></tr><tr><td style="white-space:nowrap">L Foot<a name="mimic-bodysite-LFoot"> </a></td></tr><tr><td style="white-space:nowrap">Right Brachial<a name="mimic-bodysite-RightBrachial"> </a></td></tr><tr><td style="white-space:nowrap">Right Proximal Tibia<a name="mimic-bodysite-RightProximalTibia"> </a></td></tr><tr><td style="white-space:nowrap">Left Side Head<a name="mimic-bodysite-LeftSideHead"> </a></td></tr><tr><td style="white-space:nowrap">LL Ant Forearm Medial<a name="mimic-bodysite-LLAntForearmMedial"> </a></td></tr><tr><td style="white-space:nowrap">L Hand<a name="mimic-bodysite-LHand"> </a></td></tr><tr><td style="white-space:nowrap">Left Cephalic Upper Arm<a name="mimic-bodysite-LeftCephalicUpperArm"> </a></td></tr><tr><td style="white-space:nowrap">Left Accessory Cephalic<a name="mimic-bodysite-LeftAccessoryCephalic"> </a></td></tr><tr><td style="white-space:nowrap">R Intraparenchymal<a name="mimic-bodysite-RIntraparenchymal"> </a></td></tr><tr><td style="white-space:nowrap">Right Basilic Lower Arm<a name="mimic-bodysite-RightBasilicLowerArm"> </a></td></tr><tr><td style="white-space:nowrap">Urethral<a name="mimic-bodysite-Urethral"> </a></td></tr><tr><td style="white-space:nowrap">L Wrist Medial<a name="mimic-bodysite-LWristMedial"> </a></td></tr><tr><td style="white-space:nowrap">RL Ant Forearm<a name="mimic-bodysite-RLAntForearm"> </a></td></tr><tr><td style="white-space:nowrap">Right Brachial.<a name="mimic-bodysite-RightBrachial.46"> </a></td></tr><tr><td style="white-space:nowrap">L Hand Medial<a name="mimic-bodysite-LHandMedial"> </a></td></tr><tr><td style="white-space:nowrap">Right Femoral<a name="mimic-bodysite-RightFemoral"> </a></td></tr><tr><td style="white-space:nowrap">Ostomy<a name="mimic-bodysite-Ostomy"> </a></td></tr><tr><td style="white-space:nowrap">Right Digital<a name="mimic-bodysite-RightDigital"> </a></td></tr><tr><td style="white-space:nowrap">Right Antecubital<a name="mimic-bodysite-RightAntecubital"> </a></td></tr><tr><td style="white-space:nowrap">LU Post Forearm<a name="mimic-bodysite-LUPostForearm"> </a></td></tr><tr><td style="white-space:nowrap">LL Ant Forearm Lateral<a name="mimic-bodysite-LLAntForearmLateral"> </a></td></tr><tr><td style="white-space:nowrap">Right Side Head<a name="mimic-bodysite-RightSideHead"> </a></td></tr><tr><td style="white-space:nowrap">R Foot<a name="mimic-bodysite-RFoot"> </a></td></tr><tr><td style="white-space:nowrap">R Hand<a name="mimic-bodysite-RHand"> </a></td></tr><tr><td style="white-space:nowrap">L Femoral<a name="mimic-bodysite-LFemoral"> </a></td></tr><tr><td style="white-space:nowrap">Lumbar<a name="mimic-bodysite-Lumbar"> </a></td></tr><tr><td style="white-space:nowrap">Right Humeral Head<a name="mimic-bodysite-RightHumeralHead"> </a></td></tr><tr><td style="white-space:nowrap">Right Upper Quadrant<a name="mimic-bodysite-RightUpperQuadrant"> </a></td></tr><tr><td style="white-space:nowrap">Right External Jugular<a name="mimic-bodysite-RightExternalJugular"> </a></td></tr><tr><td style="white-space:nowrap">Left Brachial.<a name="mimic-bodysite-LeftBrachial.46"> </a></td></tr><tr><td style="white-space:nowrap">Left Foot<a name="mimic-bodysite-LeftFoot"> </a></td></tr><tr><td style="white-space:nowrap">RL Ant Forearm Medial<a name="mimic-bodysite-RLAntForearmMedial"> </a></td></tr><tr><td style="white-space:nowrap">Left External Jugular<a name="mimic-bodysite-LeftExternalJugular"> </a></td></tr><tr><td style="white-space:nowrap">RU Ant Forearm<a name="mimic-bodysite-RUAntForearm"> </a></td></tr><tr><td style="white-space:nowrap">Left Brachial<a name="mimic-bodysite-LeftBrachial"> </a></td></tr><tr><td style="white-space:nowrap">Right Femoral.<a name="mimic-bodysite-RightFemoral.46"> </a></td></tr><tr><td style="white-space:nowrap">Left Lower Quadrant<a name="mimic-bodysite-LeftLowerQuadrant"> </a></td></tr><tr><td style="white-space:nowrap">L Wrist Lateral<a name="mimic-bodysite-LWristLateral"> </a></td></tr><tr><td style="white-space:nowrap">Left Cephalic Lower Arm<a name="mimic-bodysite-LeftCephalicLowerArm"> </a></td></tr><tr><td style="white-space:nowrap">Right Median Cubital<a name="mimic-bodysite-RightMedianCubital"> </a></td></tr><tr><td style="white-space:nowrap">L Wrist<a name="mimic-bodysite-LWrist"> </a></td></tr><tr><td style="white-space:nowrap">Left Subclavian<a name="mimic-bodysite-LeftSubclavian"> </a></td></tr><tr><td style="white-space:nowrap">L Antecube<a name="mimic-bodysite-LAntecube"> </a></td></tr><tr><td style="white-space:nowrap">Right Upper Arm<a name="mimic-bodysite-RightUpperArm"> </a></td></tr><tr><td style="white-space:nowrap">Left Upper Quadrant<a name="mimic-bodysite-LeftUpperQuadrant"> </a></td></tr><tr><td style="white-space:nowrap">Right Lower Quadrant<a name="mimic-bodysite-RightLowerQuadrant"> </a></td></tr><tr><td style="white-space:nowrap">Right Cephalic Upper Arm<a name="mimic-bodysite-RightCephalicUpperArm"> </a></td></tr><tr><td style="white-space:nowrap">Left EJ<a name="mimic-bodysite-LeftEJ"> </a></td></tr><tr><td style="white-space:nowrap">L Hand Lateral<a name="mimic-bodysite-LHandLateral"> </a></td></tr><tr><td style="white-space:nowrap">Left Axilla<a name="mimic-bodysite-LeftAxilla"> </a></td></tr><tr><td style="white-space:nowrap">LU Ant Forearm Medial<a name="mimic-bodysite-LUAntForearmMedial"> </a></td></tr><tr><td style="white-space:nowrap">LL Post Forearm<a name="mimic-bodysite-LLPostForearm"> </a></td></tr><tr><td style="white-space:nowrap">Left IJ<a name="mimic-bodysite-LeftIJ"> </a></td></tr></table></div></text><url value="http://mimic.mit.edu/fhir/mimic/CodeSystem/mimic-bodysite"/><version value="1.3.0"/><name value="MimicBodysite"/><title value="MimicBodysite"/><status value="draft"/><date value="2022-09-21T13:59:43-04:00"/><publisher value="KinD Lab"/><contact><name value="KinD Lab"/><telecom><system value="url"/><value value="http://fhir.kindlab.sickkids.ca"/></telecom></contact><description value="The bodysite codes for MIMIC"/><valueSet value="http://mimic.mit.edu/fhir/mimic/ValueSet/mimic-bodysite"/><content value="complete"/><concept><code value="Right Ulnar"/><designation><language value="en"/><use><system value="http://terminology.hl7.org/CodeSystem/designation-usage"/><code value="display"/></use></designation></concept><concept><code value="L Ventricular"/><designation><language value="en"/><use><system value="http://terminology.hl7.org/CodeSystem/designation-usage"/><code value="display"/></use></designation></concept><concept><code value="Left Humeral Head"/><designation><language value="en"/><use><system value="http://terminology.hl7.org/CodeSystem/designation-usage"/><code value="display"/></use></designation></concept><concept><code value="RL Ant Forearm Lateral"/><designation><language value="en"/><use><system value="http://terminology.hl7.org/CodeSystem/designation-usage"/><code value="display"/></use></designation></concept><concept><code value="Right Subclavian"/><designation><language value="en"/><use><system value="http://terminology.hl7.org/CodeSystem/designation-usage"/><code value="display"/></use></designation></concept><concept><code value="LU Ant Forearm"/><designation><language value="en"/><use><system value="http://terminology.hl7.org/CodeSystem/designation-usage"/><code value="display"/></use></designation></concept><concept><code value="R Hand Medial"/><designation><language value="en"/><use><system value="http://terminology.hl7.org/CodeSystem/designation-usage"/><code value="display"/></use></designation></concept><concept><code value="Other"/><designation><language value="en"/><use><system value="http://terminology.hl7.org/CodeSystem/designation-usage"/><code value="display"/></use></designation></concept><concept><code value="Right Antecube"/><designation><language value="en"/><use><system value="http://terminology.hl7.org/CodeSystem/designation-usage"/><code value="display"/></use></designation></concept><concept><code value="R Wrist"/><designation><language value="en"/><use><system value="http://terminology.hl7.org/CodeSystem/designation-usage"/><code value="display"/></use></designation></concept><concept><code value="Right Accessory Cephalic"/><designation><language value="en"/><use><system value="http://terminology.hl7.org/CodeSystem/designation-usage"/><code value="display"/></use></designation></concept><concept><code value="Right Cephalic Lower Arm"/><designation><language value="en"/><use><system value="http://terminology.hl7.org/CodeSystem/designation-usage"/><code value="display"/></use></designation></concept><concept><code value="Left Axilla."/><designation><language value="en"/><use><system value="http://terminology.hl7.org/CodeSystem/designation-usage"/><code value="display"/></use></designation></concept><concept><code value="Left Digital"/><designation><language value="en"/><use><system value="http://terminology.hl7.org/CodeSystem/designation-usage"/><code value="display"/></use></designation></concept><concept><code value="Left Basilic Upper Arm"/><designation><language value="en"/><use><system value="http://terminology.hl7.org/CodeSystem/designation-usage"/><code value="display"/></use></designation></concept><concept><code value="Left Basilic Lower Arm"/><designation><language value="en"/><use><system value="http://terminology.hl7.org/CodeSystem/designation-usage"/><code value="display"/></use></designation></concept><concept><code value="Right Foot"/><designation><language value="en"/><use><system value="http://terminology.hl7.org/CodeSystem/designation-usage"/><code value="display"/></use></designation></concept><concept><code value="RL Post Forearm"/><designation><language value="en"/><use><system value="http://terminology.hl7.org/CodeSystem/designation-usage"/><code value="display"/></use></designation></concept><concept><code value="R Subclavian"/><designation><language value="en"/><use><system value="http://terminology.hl7.org/CodeSystem/designation-usage"/><code value="display"/></use></designation></concept><concept><code value="R Hand Lateral"/><designation><language value="en"/><use><system value="http://terminology.hl7.org/CodeSystem/designation-usage"/><code value="display"/></use></designation></concept><concept><code value="Right Axilla."/><designation><language value="en"/><use><system value="http://terminology.hl7.org/CodeSystem/designation-usage"/><code value="display"/></use></designation></concept><concept><code value="Right Basilic Upper Arm"/><designation><language value="en"/><use><system value="http://terminology.hl7.org/CodeSystem/designation-usage"/><code value="display"/></use></designation></concept><concept><code value="L Intraparenchymal"/><designation><language value="en"/><use><system value="http://terminology.hl7.org/CodeSystem/designation-usage"/><code value="display"/></use></designation></concept><concept><code value="Left Radial"/><designation><language value="en"/><use><system value="http://terminology.hl7.org/CodeSystem/designation-usage"/><code value="display"/></use></designation></concept><concept><code value="Central."/><designation><language value="en"/><use><system value="http://terminology.hl7.org/CodeSystem/designation-usage"/><code value="display"/></use></designation></concept><concept><code value="Left Antecubital"/><designation><language value="en"/><use><system value="http://terminology.hl7.org/CodeSystem/designation-usage"/><code value="display"/></use></designation></concept><concept><code value="R Wrist Lateral"/><designation><language value="en"/><use><system value="http://terminology.hl7.org/CodeSystem/designation-usage"/><code value="display"/></use></designation></concept><concept><code value="Left Femoral"/><designation><language value="en"/><use><system value="http://terminology.hl7.org/CodeSystem/designation-usage"/><code value="display"/></use></designation></concept><concept><code value="R Antecube"/><designation><language value="en"/><use><system value="http://terminology.hl7.org/CodeSystem/designation-usage"/><code value="display"/></use></designation></concept><concept><code value="R Ventricular"/><designation><language value="en"/><use><system value="http://terminology.hl7.org/CodeSystem/designation-usage"/><code value="display"/></use></designation></concept><concept><code value="Left Femoral."/><designation><language value="en"/><use><system value="http://terminology.hl7.org/CodeSystem/designation-usage"/><code value="display"/></use></designation></concept><concept><code value="R Wrist Medial"/><designation><language value="en"/><use><system value="http://terminology.hl7.org/CodeSystem/designation-usage"/><code value="display"/></use></designation></concept><concept><code value="Left IJ."/><designation><language value="en"/><use><system value="http://terminology.hl7.org/CodeSystem/designation-usage"/><code value="display"/></use></designation></concept><concept><code value="Left Antecube"/><designation><language value="en"/><use><system value="http://terminology.hl7.org/CodeSystem/designation-usage"/><code value="display"/></use></designation></concept><concept><code value="Left Upper Arm"/><designation><language value="en"/><use><system value="http://terminology.hl7.org/CodeSystem/designation-usage"/><code value="display"/></use></designation></concept><concept><code value="Left Metacarpal"/><designation><language value="en"/><use><system value="http://terminology.hl7.org/CodeSystem/designation-usage"/><code value="display"/></use></designation></concept><concept><code value="Right EJ"/><designation><language value="en"/><use><system value="http://terminology.hl7.org/CodeSystem/designation-usage"/><code value="display"/></use></designation></concept><concept><code value="Left Accessory Basilic"/><designation><language value="en"/><use><system value="http://terminology.hl7.org/CodeSystem/designation-usage"/><code value="display"/></use></designation></concept><concept><code value="Central"/><designation><language value="en"/><use><system value="http://terminology.hl7.org/CodeSystem/designation-usage"/><code value="display"/></use></designation></concept><concept><code value="RU Ant Forearm Lateral"/><designation><language value="en"/><use><system value="http://terminology.hl7.org/CodeSystem/designation-usage"/><code value="display"/></use></designation></concept><concept><code value="LL Ant Forearm"/><designation><language value="en"/><use><system value="http://terminology.hl7.org/CodeSystem/designation-usage"/><code value="display"/></use></designation></concept><concept><code value="Right IJ."/><designation><language value="en"/><use><system value="http://terminology.hl7.org/CodeSystem/designation-usage"/><code value="display"/></use></designation></concept><concept><code value="Right above Antecubital"/><designation><language value="en"/><use><system value="http://terminology.hl7.org/CodeSystem/designation-usage"/><code value="display"/></use></designation></concept><concept><code value="RU Ant Forearm Medial"/><designation><language value="en"/><use><system value="http://terminology.hl7.org/CodeSystem/designation-usage"/><code value="display"/></use></designation></concept><concept><code value="Right Axilla"/><designation><language value="en"/><use><system value="http://terminology.hl7.org/CodeSystem/designation-usage"/><code value="display"/></use></designation></concept><concept><code value="Right Metacarpal"/><designation><language value="en"/><use><system value="http://terminology.hl7.org/CodeSystem/designation-usage"/><code value="display"/></use></designation></concept><concept><code value="L Subclavian"/><designation><language value="en"/><use><system value="http://terminology.hl7.org/CodeSystem/designation-usage"/><code value="display"/></use></designation></concept><concept><code value="Right Accessory Basilic"/><designation><language value="en"/><use><system value="http://terminology.hl7.org/CodeSystem/designation-usage"/><code value="display"/></use></designation></concept><concept><code value="Right IJ"/><designation><language value="en"/><use><system value="http://terminology.hl7.org/CodeSystem/designation-usage"/><code value="display"/></use></designation></concept><concept><code value="Left Median Cubital"/><designation><language value="en"/><use><system value="http://terminology.hl7.org/CodeSystem/designation-usage"/><code value="display"/></use></designation></concept><concept><code value="LU Ant Forearm Lateral"/><designation><language value="en"/><use><system value="http://terminology.hl7.org/CodeSystem/designation-usage"/><code value="display"/></use></designation></concept><concept><code value="Left Proximal Tibia"/><designation><language value="en"/><use><system value="http://terminology.hl7.org/CodeSystem/designation-usage"/><code value="display"/></use></designation></concept><concept><code value="Right Radial"/><designation><language value="en"/><use><system value="http://terminology.hl7.org/CodeSystem/designation-usage"/><code value="display"/></use></designation></concept><concept><code value="Left above Antecubital"/><designation><language value="en"/><use><system value="http://terminology.hl7.org/CodeSystem/designation-usage"/><code value="display"/></use></designation></concept><concept><code value="RU Post Forearm"/><designation><language value="en"/><use><system value="http://terminology.hl7.org/CodeSystem/designation-usage"/><code value="display"/></use></designation></concept><concept><code value="R Femoral"/><designation><language value="en"/><use><system value="http://terminology.hl7.org/CodeSystem/designation-usage"/><code value="display"/></use></designation></concept><concept><code value="L Foot"/><designation><language value="en"/><use><system value="http://terminology.hl7.org/CodeSystem/designation-usage"/><code value="display"/></use></designation></concept><concept><code value="Right Brachial"/><designation><language value="en"/><use><system value="http://terminology.hl7.org/CodeSystem/designation-usage"/><code value="display"/></use></designation></concept><concept><code value="Right Proximal Tibia"/><designation><language value="en"/><use><system value="http://terminology.hl7.org/CodeSystem/designation-usage"/><code value="display"/></use></designation></concept><concept><code value="Left Side Head"/><designation><language value="en"/><use><system value="http://terminology.hl7.org/CodeSystem/designation-usage"/><code value="display"/></use></designation></concept><concept><code value="LL Ant Forearm Medial"/><designation><language value="en"/><use><system value="http://terminology.hl7.org/CodeSystem/designation-usage"/><code value="display"/></use></designation></concept><concept><code value="L Hand"/><designation><language value="en"/><use><system value="http://terminology.hl7.org/CodeSystem/designation-usage"/><code value="display"/></use></designation></concept><concept><code value="Left Cephalic Upper Arm"/><designation><language value="en"/><use><system value="http://terminology.hl7.org/CodeSystem/designation-usage"/><code value="display"/></use></designation></concept><concept><code value="Left Accessory Cephalic"/><designation><language value="en"/><use><system value="http://terminology.hl7.org/CodeSystem/designation-usage"/><code value="display"/></use></designation></concept><concept><code value="R Intraparenchymal"/><designation><language value="en"/><use><system value="http://terminology.hl7.org/CodeSystem/designation-usage"/><code value="display"/></use></designation></concept><concept><code value="Right Basilic Lower Arm"/><designation><language value="en"/><use><system value="http://terminology.hl7.org/CodeSystem/designation-usage"/><code value="display"/></use></designation></concept><concept><code value="Urethral"/><designation><language value="en"/><use><system value="http://terminology.hl7.org/CodeSystem/designation-usage"/><code value="display"/></use></designation></concept><concept><code value="L Wrist Medial"/><designation><language value="en"/><use><system value="http://terminology.hl7.org/CodeSystem/designation-usage"/><code value="display"/></use></designation></concept><concept><code value="RL Ant Forearm"/><designation><language value="en"/><use><system value="http://terminology.hl7.org/CodeSystem/designation-usage"/><code value="display"/></use></designation></concept><concept><code value="Right Brachial."/><designation><language value="en"/><use><system value="http://terminology.hl7.org/CodeSystem/designation-usage"/><code value="display"/></use></designation></concept><concept><code value="L Hand Medial"/><designation><language value="en"/><use><system value="http://terminology.hl7.org/CodeSystem/designation-usage"/><code value="display"/></use></designation></concept><concept><code value="Right Femoral"/><designation><language value="en"/><use><system value="http://terminology.hl7.org/CodeSystem/designation-usage"/><code value="display"/></use></designation></concept><concept><code value="Ostomy"/><designation><language value="en"/><use><system value="http://terminology.hl7.org/CodeSystem/designation-usage"/><code value="display"/></use></designation></concept><concept><code value="Right Digital"/><designation><language value="en"/><use><system value="http://terminology.hl7.org/CodeSystem/designation-usage"/><code value="display"/></use></designation></concept><concept><code value="Right Antecubital"/><designation><language value="en"/><use><system value="http://terminology.hl7.org/CodeSystem/designation-usage"/><code value="display"/></use></designation></concept><concept><code value="LU Post Forearm"/><designation><language value="en"/><use><system value="http://terminology.hl7.org/CodeSystem/designation-usage"/><code value="display"/></use></designation></concept><concept><code value="LL Ant Forearm Lateral"/><designation><language value="en"/><use><system value="http://terminology.hl7.org/CodeSystem/designation-usage"/><code value="display"/></use></designation></concept><concept><code value="Right Side Head"/><designation><language value="en"/><use><system value="http://terminology.hl7.org/CodeSystem/designation-usage"/><code value="display"/></use></designation></concept><concept><code value="R Foot"/><designation><language value="en"/><use><system value="http://terminology.hl7.org/CodeSystem/designation-usage"/><code value="display"/></use></designation></concept><concept><code value="R Hand"/><designation><language value="en"/><use><system value="http://terminology.hl7.org/CodeSystem/designation-usage"/><code value="display"/></use></designation></concept><concept><code value="L Femoral"/><designation><language value="en"/><use><system value="http://terminology.hl7.org/CodeSystem/designation-usage"/><code value="display"/></use></designation></concept><concept><code value="Lumbar"/><designation><language value="en"/><use><system value="http://terminology.hl7.org/CodeSystem/designation-usage"/><code value="display"/></use></designation></concept><concept><code value="Right Humeral Head"/><designation><language value="en"/><use><system value="http://terminology.hl7.org/CodeSystem/designation-usage"/><code value="display"/></use></designation></concept><concept><code value="Right Upper Quadrant"/><designation><language value="en"/><use><system value="http://terminology.hl7.org/CodeSystem/designation-usage"/><code value="display"/></use></designation></concept><concept><code value="Right External Jugular"/><designation><language value="en"/><use><system value="http://terminology.hl7.org/CodeSystem/designation-usage"/><code value="display"/></use></designation></concept><concept><code value="Left Brachial."/><designation><language value="en"/><use><system value="http://terminology.hl7.org/CodeSystem/designation-usage"/><code value="display"/></use></designation></concept><concept><code value="Left Foot"/><designation><language value="en"/><use><system value="http://terminology.hl7.org/CodeSystem/designation-usage"/><code value="display"/></use></designation></concept><concept><code value="RL Ant Forearm Medial"/><designation><language value="en"/><use><system value="http://terminology.hl7.org/CodeSystem/designation-usage"/><code value="display"/></use></designation></concept><concept><code value="Left External Jugular"/><designation><language value="en"/><use><system value="http://terminology.hl7.org/CodeSystem/designation-usage"/><code value="display"/></use></designation></concept><concept><code value="RU Ant Forearm"/><designation><language value="en"/><use><system value="http://terminology.hl7.org/CodeSystem/designation-usage"/><code value="display"/></use></designation></concept><concept><code value="Left Brachial"/><designation><language value="en"/><use><system value="http://terminology.hl7.org/CodeSystem/designation-usage"/><code value="display"/></use></designation></concept><concept><code value="Right Femoral."/><designation><language value="en"/><use><system value="http://terminology.hl7.org/CodeSystem/designation-usage"/><code value="display"/></use></designation></concept><concept><code value="Left Lower Quadrant"/><designation><language value="en"/><use><system value="http://terminology.hl7.org/CodeSystem/designation-usage"/><code value="display"/></use></designation></concept><concept><code value="L Wrist Lateral"/><designation><language value="en"/><use><system value="http://terminology.hl7.org/CodeSystem/designation-usage"/><code value="display"/></use></designation></concept><concept><code value="Left Cephalic Lower Arm"/><designation><language value="en"/><use><system value="http://terminology.hl7.org/CodeSystem/designation-usage"/><code value="display"/></use></designation></concept><concept><code value="Right Median Cubital"/><designation><language value="en"/><use><system value="http://terminology.hl7.org/CodeSystem/designation-usage"/><code value="display"/></use></designation></concept><concept><code value="L Wrist"/><designation><language value="en"/><use><system value="http://terminology.hl7.org/CodeSystem/designation-usage"/><code value="display"/></use></designation></concept><concept><code value="Left Subclavian"/><designation><language value="en"/><use><system value="http://terminology.hl7.org/CodeSystem/designation-usage"/><code value="display"/></use></designation></concept><concept><code value="L Antecube"/><designation><language value="en"/><use><system value="http://terminology.hl7.org/CodeSystem/designation-usage"/><code value="display"/></use></designation></concept><concept><code value="Right Upper Arm"/><designation><language value="en"/><use><system value="http://terminology.hl7.org/CodeSystem/designation-usage"/><code value="display"/></use></designation></concept><concept><code value="Left Upper Quadrant"/><designation><language value="en"/><use><system value="http://terminology.hl7.org/CodeSystem/designation-usage"/><code value="display"/></use></designation></concept><concept><code value="Right Lower Quadrant"/><designation><language value="en"/><use><system value="http://terminology.hl7.org/CodeSystem/designation-usage"/><code value="display"/></use></designation></concept><concept><code value="Right Cephalic Upper Arm"/><designation><language value="en"/><use><system value="http://terminology.hl7.org/CodeSystem/designation-usage"/><code value="display"/></use></designation></concept><concept><code value="Left EJ"/><designation><language value="en"/><use><system value="http://terminology.hl7.org/CodeSystem/designation-usage"/><code value="display"/></use></designation></concept><concept><code value="L Hand Lateral"/><designation><language value="en"/><use><system value="http://terminology.hl7.org/CodeSystem/designation-usage"/><code value="display"/></use></designation></concept><concept><code value="Left Axilla"/><designation><language value="en"/><use><system value="http://terminology.hl7.org/CodeSystem/designation-usage"/><code value="display"/></use></designation></concept><concept><code value="LU Ant Forearm Medial"/><designation><language value="en"/><use><system value="http://terminology.hl7.org/CodeSystem/designation-usage"/><code value="display"/></use></designation></concept><concept><code value="LL Post Forearm"/><designation><language value="en"/><use><system value="http://terminology.hl7.org/CodeSystem/designation-usage"/><code value="display"/></use></designation></concept><concept><code value="Left IJ"/><designation><language value="en"/><use><system value="http://terminology.hl7.org/CodeSystem/designation-usage"/><code value="display"/></use></designation></concept></CodeSystem>