<?xml version="1.0" encoding="UTF-8"?><CodeSystem xmlns="http://hl7.org/fhir"><id value="mimic-admission-type"/><language value="en"/><text><status value="generated"/><div xmlns="http://www.w3.org/1999/xhtml" xml:lang="en" lang="en"><p>This  code system <code>http://mimic.mit.edu/fhir/mimic/CodeSystem/mimic-admission-type</code> defines the following codes:</p><table class="codes"><tr><td style="white-space:nowrap"><b>Code</b></td></tr><tr><td style="white-space:nowrap">EU OBSERVATION<a name="mimic-admission-type-EUOBSERVATION"> </a></td></tr><tr><td style="white-space:nowrap">URGENT<a name="mimic-admission-type-URGENT"> </a></td></tr><tr><td style="white-space:nowrap">ELECTIVE<a name="mimic-admission-type-ELECTIVE"> </a></td></tr><tr><td style="white-space:nowrap">AMBULATORY OBSERVATION<a name="mimic-admission-type-AMBULATORYOBSERVATION"> </a></td></tr><tr><td style="white-space:nowrap">SURGICAL SAME DAY ADMISSION<a name="mimic-admission-type-SURGICALSAMEDAYADMISSION"> </a></td></tr><tr><td style="white-space:nowrap">DIRECT OBSERVATION<a name="mimic-admission-type-DIRECTOBSERVATION"> </a></td></tr><tr><td style="white-space:nowrap">DIRECT EMER.<a name="mimic-admission-type-DIRECTEMER.46"> </a></td></tr><tr><td style="white-space:nowrap">OBSERVATION ADMIT<a name="mimic-admission-type-OBSERVATIONADMIT"> </a></td></tr><tr><td style="white-space:nowrap">EW EMER.<a name="mimic-admission-type-EWEMER.46"> </a></td></tr></table></div></text><url value="http://mimic.mit.edu/fhir/mimic/CodeSystem/mimic-admission-type"/><version value="1.3.0"/><name value="MimicAdmissionType"/><title value="MimicAdmissionType"/><status value="draft"/><date value="2022-09-21T13:59:43-04:00"/><publisher value="KinD Lab"/><contact><name value="KinD Lab"/><telecom><system value="url"/><value value="http://fhir.kindlab.sickkids.ca"/></telecom></contact><description value="The admission type for MIMIC"/><content value="complete"/><concept><code value="EU OBSERVATION"/><designation><language value="en"/><use><system value="http://terminology.hl7.org/CodeSystem/designation-usage"/><code value="display"/></use></designation></concept><concept><code value="URGENT"/><designation><language value="en"/><use><system value="http://terminology.hl7.org/CodeSystem/designation-usage"/><code value="display"/></use></designation></concept><concept><code value="ELECTIVE"/><designation><language value="en"/><use><system value="http://terminology.hl7.org/CodeSystem/designation-usage"/><code value="display"/></use></designation></concept><concept><code value="AMBULATORY OBSERVATION"/><designation><language value="en"/><use><system value="http://terminology.hl7.org/CodeSystem/designation-usage"/><code value="display"/></use></designation></concept><concept><code value="SURGICAL SAME DAY ADMISSION"/><designation><language value="en"/><use><system value="http://terminology.hl7.org/CodeSystem/designation-usage"/><code value="display"/></use></designation></concept><concept><code value="DIRECT OBSERVATION"/><designation><language value="en"/><use><system value="http://terminology.hl7.org/CodeSystem/designation-usage"/><code value="display"/></use></designation></concept><concept><code value="DIRECT EMER."/><designation><language value="en"/><use><system value="http://terminology.hl7.org/CodeSystem/designation-usage"/><code value="display"/></use></designation></concept><concept><code value="OBSERVATION ADMIT"/><designation><language value="en"/><use><system value="http://terminology.hl7.org/CodeSystem/designation-usage"/><code value="display"/></use></designation></concept><concept><code value="EW EMER."/><designation><language value="en"/><use><system value="http://terminology.hl7.org/CodeSystem/designation-usage"/><code value="display"/></use></designation></concept></CodeSystem>