<?xml version="1.0" encoding="UTF-8"?><CodeSystem xmlns="http://hl7.org/fhir"><id value="mimic-spec-type-desc"/><language value="en"/><text><status value="generated"/><div xmlns="http://www.w3.org/1999/xhtml" xml:lang="en" lang="en"><p>This  code system <code>http://mimic.mit.edu/fhir/mimic/CodeSystem/mimic-spec-type-desc</code> defines the following codes:</p><table class="codes"><tr><td style="white-space:nowrap"><b>Code</b></td><td><b>Display</b></td></tr><tr><td style="white-space:nowrap">90922<a name="mimic-spec-type-desc-90922"> </a></td><td>MICRO PROBLEM PATIENT</td></tr><tr><td style="white-space:nowrap">70014<a name="mimic-spec-type-desc-70014"> </a></td><td>BLOOD CULTURE - NEONATE</td></tr><tr><td style="white-space:nowrap">70043<a name="mimic-spec-type-desc-70043"> </a></td><td>Influenza A/B by DFA - Bronch Lavage</td></tr><tr><td style="white-space:nowrap">70023<a name="mimic-spec-type-desc-70023"> </a></td><td>CATHETER TIP-IV</td></tr><tr><td style="white-space:nowrap">70009<a name="mimic-spec-type-desc-70009"> </a></td><td>BILE</td></tr><tr><td style="white-space:nowrap">70020<a name="mimic-spec-type-desc-70020"> </a></td><td>BRONCHIAL BRUSH</td></tr><tr><td style="white-space:nowrap">70076<a name="mimic-spec-type-desc-70076"> </a></td><td>TISSUE</td></tr><tr><td style="white-space:nowrap">90929<a name="mimic-spec-type-desc-90929"> </a></td><td>Swab R/O Yeast Screen</td></tr><tr><td style="white-space:nowrap">90913<a name="mimic-spec-type-desc-90913"> </a></td><td>HAIR</td></tr><tr><td style="white-space:nowrap">70068<a name="mimic-spec-type-desc-70068"> </a></td><td>SWAB</td></tr><tr><td style="white-space:nowrap">70040<a name="mimic-spec-type-desc-70040"> </a></td><td>SWAB</td></tr><tr><td style="white-space:nowrap">70077<a name="mimic-spec-type-desc-70077"> </a></td><td>URINE</td></tr><tr><td style="white-space:nowrap">70062<a name="mimic-spec-type-desc-70062"> </a></td><td>SPUTUM</td></tr><tr><td style="white-space:nowrap">70021<a name="mimic-spec-type-desc-70021"> </a></td><td>BRONCHOALVEOLAR LAVAGE</td></tr><tr><td style="white-space:nowrap">70032<a name="mimic-spec-type-desc-70032"> </a></td><td>Blood (EBV)</td></tr><tr><td style="white-space:nowrap">70046<a name="mimic-spec-type-desc-70046"> </a></td><td>IMMUNOLOGY</td></tr><tr><td style="white-space:nowrap">70056<a name="mimic-spec-type-desc-70056"> </a></td><td>RECTAL - R/O GC</td></tr><tr><td style="white-space:nowrap">70010<a name="mimic-spec-type-desc-70010"> </a></td><td>BIOPSY</td></tr><tr><td style="white-space:nowrap">70092<a name="mimic-spec-type-desc-70092"> </a></td><td>SWAB, R/O GC</td></tr><tr><td style="white-space:nowrap">70049<a name="mimic-spec-type-desc-70049"> </a></td><td>NEOPLASTIC BLOOD</td></tr><tr><td style="white-space:nowrap">90919<a name="mimic-spec-type-desc-90919"> </a></td><td>Blood (LYME)</td></tr><tr><td style="white-space:nowrap">70022<a name="mimic-spec-type-desc-70022"> </a></td><td>BRONCHIAL WASHINGS</td></tr><tr><td style="white-space:nowrap">90906<a name="mimic-spec-type-desc-90906"> </a></td><td>C, E, &amp; A Screening</td></tr><tr><td style="white-space:nowrap">70078<a name="mimic-spec-type-desc-70078"> </a></td><td>URINE,PROSTATIC MASSAGE</td></tr><tr><td style="white-space:nowrap">70090<a name="mimic-spec-type-desc-70090"> </a></td><td>Mini-BAL</td></tr><tr><td style="white-space:nowrap">70082<a name="mimic-spec-type-desc-70082"> </a></td><td>URINE,SUPRAPUBIC ASPIRATE</td></tr><tr><td style="white-space:nowrap">70041<a name="mimic-spec-type-desc-70041"> </a></td><td>VIRAL CULTURE:R/O HERPES SIMPLEX VIRUS</td></tr><tr><td style="white-space:nowrap">70066<a name="mimic-spec-type-desc-70066"> </a></td><td>STOOL (RECEIVED IN TRANSPORT SYSTEM)</td></tr><tr><td style="white-space:nowrap">70057<a name="mimic-spec-type-desc-70057"> </a></td><td>Rapid Respiratory Viral Screen &amp; Culture</td></tr><tr><td style="white-space:nowrap">70011<a name="mimic-spec-type-desc-70011"> </a></td><td>BLOOD CULTURE ( MYCO/F LYTIC BOTTLE)</td></tr><tr><td style="white-space:nowrap">70003<a name="mimic-spec-type-desc-70003"> </a></td><td>ABSCESS</td></tr><tr><td style="white-space:nowrap">70026<a name="mimic-spec-type-desc-70026"> </a></td><td>CSF;SPINAL FLUID</td></tr><tr><td style="white-space:nowrap">70080<a name="mimic-spec-type-desc-70080"> </a></td><td>URINE,KIDNEY</td></tr><tr><td style="white-space:nowrap">70047<a name="mimic-spec-type-desc-70047"> </a></td><td>JOINT FLUID</td></tr><tr><td style="white-space:nowrap">70053<a name="mimic-spec-type-desc-70053"> </a></td><td>PERITONEAL FLUID</td></tr><tr><td style="white-space:nowrap">70059<a name="mimic-spec-type-desc-70059"> </a></td><td>Staph aureus swab</td></tr><tr><td style="white-space:nowrap">70051<a name="mimic-spec-type-desc-70051"> </a></td><td>FLUID,OTHER</td></tr><tr><td style="white-space:nowrap">70058<a name="mimic-spec-type-desc-70058"> </a></td><td>RAPID RESPIRATORY VIRAL ANTIGEN TEST</td></tr><tr><td style="white-space:nowrap">90920<a name="mimic-spec-type-desc-90920"> </a></td><td>PROSTHETIC JOINT FLUID</td></tr><tr><td style="white-space:nowrap">70048<a name="mimic-spec-type-desc-70048"> </a></td><td>NAIL SCRAPINGS</td></tr><tr><td style="white-space:nowrap">70005<a name="mimic-spec-type-desc-70005"> </a></td><td>ASPIRATE</td></tr><tr><td style="white-space:nowrap">70027<a name="mimic-spec-type-desc-70027"> </a></td><td>CORNEAL EYE SCRAPINGS</td></tr><tr><td style="white-space:nowrap">90930<a name="mimic-spec-type-desc-90930"> </a></td><td>Touch Prep/Sections</td></tr><tr><td style="white-space:nowrap">70029<a name="mimic-spec-type-desc-70029"> </a></td><td>DIALYSIS FLUID</td></tr><tr><td style="white-space:nowrap">70034<a name="mimic-spec-type-desc-70034"> </a></td><td>FOREIGN BODY</td></tr><tr><td style="white-space:nowrap">70025<a name="mimic-spec-type-desc-70025"> </a></td><td>CRE Screen</td></tr><tr><td style="white-space:nowrap">70073<a name="mimic-spec-type-desc-70073"> </a></td><td>TISSUE</td></tr><tr><td style="white-space:nowrap">70061<a name="mimic-spec-type-desc-70061"> </a></td><td>SKIN SCRAPINGS</td></tr><tr><td style="white-space:nowrap">70030<a name="mimic-spec-type-desc-70030"> </a></td><td>DIRECT ANTIGEN TEST FOR VARICELLA-ZOSTER VIRUS</td></tr><tr><td style="white-space:nowrap">70037<a name="mimic-spec-type-desc-70037"> </a></td><td>FOOT CULTURE</td></tr><tr><td style="white-space:nowrap">70083<a name="mimic-spec-type-desc-70083"> </a></td><td>VARICELLA-ZOSTER CULTURE</td></tr><tr><td style="white-space:nowrap">70084<a name="mimic-spec-type-desc-70084"> </a></td><td>SWAB</td></tr><tr><td style="white-space:nowrap">70067<a name="mimic-spec-type-desc-70067"> </a></td><td>SWAB</td></tr><tr><td style="white-space:nowrap">90935<a name="mimic-spec-type-desc-90935"> </a></td><td>VIRAL CULTURE</td></tr><tr><td style="white-space:nowrap">70052<a name="mimic-spec-type-desc-70052"> </a></td><td>PERIPHERAL BLOOD LYMPHOCYTES</td></tr><tr><td style="white-space:nowrap">90921<a name="mimic-spec-type-desc-90921"> </a></td><td>POST-MORTEM VIRAL CULTURE</td></tr><tr><td style="white-space:nowrap">70065<a name="mimic-spec-type-desc-70065"> </a></td><td>SCOTCH TAPE PREP/PADDLE</td></tr><tr><td style="white-space:nowrap">70075<a name="mimic-spec-type-desc-70075"> </a></td><td>THROAT CULTURE</td></tr><tr><td style="white-space:nowrap">90908<a name="mimic-spec-type-desc-90908"> </a></td><td>Cipro Resistant Screen</td></tr><tr><td style="white-space:nowrap">70017<a name="mimic-spec-type-desc-70017"> </a></td><td>SEROLOGY/BLOOD</td></tr><tr><td style="white-space:nowrap">70086<a name="mimic-spec-type-desc-70086"> </a></td><td>XXX</td></tr><tr><td style="white-space:nowrap">90909<a name="mimic-spec-type-desc-90909"> </a></td><td>CHORIONIC VILLUS SAMPLE</td></tr><tr><td style="white-space:nowrap">70016<a name="mimic-spec-type-desc-70016"> </a></td><td>BLOOD CULTURE (POST-MORTEM)</td></tr><tr><td style="white-space:nowrap">70019<a name="mimic-spec-type-desc-70019"> </a></td><td>BONE MARROW - CYTOGENETICS</td></tr><tr><td style="white-space:nowrap">70042<a name="mimic-spec-type-desc-70042"> </a></td><td>Influenza A/B by DFA</td></tr><tr><td style="white-space:nowrap">70013<a name="mimic-spec-type-desc-70013"> </a></td><td>FLUID RECEIVED IN BLOOD CULTURE BOTTLES</td></tr><tr><td style="white-space:nowrap">70002<a name="mimic-spec-type-desc-70002"> </a></td><td>THROAT FOR STREP</td></tr><tr><td style="white-space:nowrap">70085<a name="mimic-spec-type-desc-70085"> </a></td><td>WORM</td></tr><tr><td style="white-space:nowrap">70088<a name="mimic-spec-type-desc-70088"> </a></td><td>Blood (EBV)</td></tr><tr><td style="white-space:nowrap">70033<a name="mimic-spec-type-desc-70033"> </a></td><td>EYE</td></tr><tr><td style="white-space:nowrap">70008<a name="mimic-spec-type-desc-70008"> </a></td><td>BRONCHIAL BRUSH - PROTECTED</td></tr><tr><td style="white-space:nowrap">70007<a name="mimic-spec-type-desc-70007"> </a></td><td>BLOOD BAG FLUID</td></tr><tr><td style="white-space:nowrap">70024<a name="mimic-spec-type-desc-70024"> </a></td><td>VIRAL CULTURE: R/O CYTOMEGALOVIRUS</td></tr><tr><td style="white-space:nowrap">70072<a name="mimic-spec-type-desc-70072"> </a></td><td>TRACHEAL ASPIRATE</td></tr><tr><td style="white-space:nowrap">70035<a name="mimic-spec-type-desc-70035"> </a></td><td>FLUID,OTHER</td></tr><tr><td style="white-space:nowrap">70060<a name="mimic-spec-type-desc-70060"> </a></td><td>Stem Cell - Blood Culture</td></tr><tr><td style="white-space:nowrap">70045<a name="mimic-spec-type-desc-70045"> </a></td><td>Immunology (CMV)</td></tr><tr><td style="white-space:nowrap">90915<a name="mimic-spec-type-desc-90915"> </a></td><td>Isolate</td></tr><tr><td style="white-space:nowrap">70018<a name="mimic-spec-type-desc-70018"> </a></td><td>BONE MARROW</td></tr><tr><td style="white-space:nowrap">70064<a name="mimic-spec-type-desc-70064"> </a></td><td>STOOL</td></tr><tr><td style="white-space:nowrap">70093<a name="mimic-spec-type-desc-70093"> </a></td><td>Blood (Toxo)</td></tr><tr><td style="white-space:nowrap">70081<a name="mimic-spec-type-desc-70081"> </a></td><td>URINE</td></tr><tr><td style="white-space:nowrap">70031<a name="mimic-spec-type-desc-70031"> </a></td><td>EAR</td></tr><tr><td style="white-space:nowrap">70015<a name="mimic-spec-type-desc-70015"> </a></td><td>BLOOD</td></tr><tr><td style="white-space:nowrap">70079<a name="mimic-spec-type-desc-70079"> </a></td><td>URINE</td></tr><tr><td style="white-space:nowrap">70087<a name="mimic-spec-type-desc-70087"> </a></td><td>Blood (CMV AB)</td></tr><tr><td style="white-space:nowrap">70054<a name="mimic-spec-type-desc-70054"> </a></td><td>PLEURAL FLUID</td></tr><tr><td style="white-space:nowrap">70069<a name="mimic-spec-type-desc-70069"> </a></td><td>SWAB</td></tr><tr><td style="white-space:nowrap">70071<a name="mimic-spec-type-desc-70071"> </a></td><td>SWAB - R/O YEAST</td></tr><tr><td style="white-space:nowrap">70055<a name="mimic-spec-type-desc-70055"> </a></td><td>POSTMORTEM CULTURE</td></tr><tr><td style="white-space:nowrap">70028<a name="mimic-spec-type-desc-70028"> </a></td><td>Direct Antigen Test for Herpes Simplex Virus Types 1 &amp; 2</td></tr><tr><td style="white-space:nowrap">70091<a name="mimic-spec-type-desc-70091"> </a></td><td>MRSA SCREEN</td></tr><tr><td style="white-space:nowrap">90902<a name="mimic-spec-type-desc-90902"> </a></td><td>AMNIOTIC FLUID</td></tr><tr><td style="white-space:nowrap">70074<a name="mimic-spec-type-desc-70074"> </a></td><td>THROAT</td></tr><tr><td style="white-space:nowrap">90928<a name="mimic-spec-type-desc-90928"> </a></td><td>Swab</td></tr><tr><td style="white-space:nowrap">70070<a name="mimic-spec-type-desc-70070"> </a></td><td>SWAB</td></tr><tr><td style="white-space:nowrap">70036<a name="mimic-spec-type-desc-70036"> </a></td><td>FLUID WOUND</td></tr><tr><td style="white-space:nowrap">90914<a name="mimic-spec-type-desc-90914"> </a></td><td>Infection Control Yeast</td></tr><tr><td style="white-space:nowrap">70038<a name="mimic-spec-type-desc-70038"> </a></td><td>FECAL SWAB</td></tr><tr><td style="white-space:nowrap">70004<a name="mimic-spec-type-desc-70004"> </a></td><td>ARTHROPOD</td></tr><tr><td style="white-space:nowrap">70012<a name="mimic-spec-type-desc-70012"> </a></td><td>BLOOD CULTURE</td></tr><tr><td style="white-space:nowrap">70006<a name="mimic-spec-type-desc-70006"> </a></td><td>ANORECTAL/VAGINAL</td></tr><tr><td style="white-space:nowrap">90912<a name="mimic-spec-type-desc-90912"> </a></td><td>Foreign Body - Sonication Culture</td></tr><tr><td style="white-space:nowrap">70089<a name="mimic-spec-type-desc-70089"> </a></td><td>Blood (Malaria)</td></tr></table></div></text><url value="http://mimic.mit.edu/fhir/mimic/CodeSystem/mimic-spec-type-desc"/><version value="1.3.0"/><name value="MimicSpecTypeDesc"/><title value="MimicSpecTypeDesc"/><status value="draft"/><date value="2022-09-21T13:59:43-04:00"/><publisher value="KinD Lab"/><contact><name value="KinD Lab"/><telecom><system value="url"/><value value="http://fhir.kindlab.sickkids.ca"/></telecom></contact><description value="The specimen type codes for microbiologyevents"/><valueSet value="http://mimic.mit.edu/fhir/mimic/ValueSet/mimic-spec-type-desc"/><content value="complete"/><concept><code value="90922"/><display value="MICRO PROBLEM PATIENT"/><designation><language value="en"/><use><system value="http://terminology.hl7.org/CodeSystem/designation-usage"/><code value="display"/></use><value value="MICRO PROBLEM PATIENT"/></designation></concept><concept><code value="70014"/><display value="BLOOD CULTURE - NEONATE"/><designation><language value="en"/><use><system value="http://terminology.hl7.org/CodeSystem/designation-usage"/><code value="display"/></use><value value="BLOOD CULTURE - NEONATE"/></designation></concept><concept><code value="70043"/><display value="Influenza A/B by DFA - Bronch Lavage"/><designation><language value="en"/><use><system value="http://terminology.hl7.org/CodeSystem/designation-usage"/><code value="display"/></use><value value="Influenza A/B by DFA - Bronch Lavage"/></designation></concept><concept><code value="70023"/><display value="CATHETER TIP-IV"/><designation><language value="en"/><use><system value="http://terminology.hl7.org/CodeSystem/designation-usage"/><code value="display"/></use><value value="CATHETER TIP-IV"/></designation></concept><concept><code value="70009"/><display value="BILE"/><designation><language value="en"/><use><system value="http://terminology.hl7.org/CodeSystem/designation-usage"/><code value="display"/></use><value value="BILE"/></designation></concept><concept><code value="70020"/><display value="BRONCHIAL BRUSH"/><designation><language value="en"/><use><system value="http://terminology.hl7.org/CodeSystem/designation-usage"/><code value="display"/></use><value value="BRONCHIAL BRUSH"/></designation></concept><concept><code value="70076"/><display value="TISSUE"/><designation><language value="en"/><use><system value="http://terminology.hl7.org/CodeSystem/designation-usage"/><code value="display"/></use><value value="TISSUE"/></designation></concept><concept><code value="90929"/><display value="Swab R/O Yeast Screen"/><designation><language value="en"/><use><system value="http://terminology.hl7.org/CodeSystem/designation-usage"/><code value="display"/></use><value value="Swab R/O Yeast Screen"/></designation></concept><concept><code value="90913"/><display value="HAIR"/><designation><language value="en"/><use><system value="http://terminology.hl7.org/CodeSystem/designation-usage"/><code value="display"/></use><value value="HAIR"/></designation></concept><concept><code value="70068"/><display value="SWAB"/><designation><language value="en"/><use><system value="http://terminology.hl7.org/CodeSystem/designation-usage"/><code value="display"/></use><value value="SWAB"/></designation></concept><concept><code value="70040"/><display value="SWAB"/><designation><language value="en"/><use><system value="http://terminology.hl7.org/CodeSystem/designation-usage"/><code value="display"/></use><value value="SWAB"/></designation></concept><concept><code value="70077"/><display value="URINE"/><designation><language value="en"/><use><system value="http://terminology.hl7.org/CodeSystem/designation-usage"/><code value="display"/></use><value value="URINE"/></designation></concept><concept><code value="70062"/><display value="SPUTUM"/><designation><language value="en"/><use><system value="http://terminology.hl7.org/CodeSystem/designation-usage"/><code value="display"/></use><value value="SPUTUM"/></designation></concept><concept><code value="70021"/><display value="BRONCHOALVEOLAR LAVAGE"/><designation><language value="en"/><use><system value="http://terminology.hl7.org/CodeSystem/designation-usage"/><code value="display"/></use><value value="BRONCHOALVEOLAR LAVAGE"/></designation></concept><concept><code value="70032"/><display value="Blood (EBV)"/><designation><language value="en"/><use><system value="http://terminology.hl7.org/CodeSystem/designation-usage"/><code value="display"/></use><value value="Blood (EBV)"/></designation></concept><concept><code value="70046"/><display value="IMMUNOLOGY"/><designation><language value="en"/><use><system value="http://terminology.hl7.org/CodeSystem/designation-usage"/><code value="display"/></use><value value="IMMUNOLOGY"/></designation></concept><concept><code value="70056"/><display value="RECTAL - R/O GC"/><designation><language value="en"/><use><system value="http://terminology.hl7.org/CodeSystem/designation-usage"/><code value="display"/></use><value value="RECTAL - R/O GC"/></designation></concept><concept><code value="70010"/><display value="BIOPSY"/><designation><language value="en"/><use><system value="http://terminology.hl7.org/CodeSystem/designation-usage"/><code value="display"/></use><value value="BIOPSY"/></designation></concept><concept><code value="70092"/><display value="SWAB, R/O GC"/><designation><language value="en"/><use><system value="http://terminology.hl7.org/CodeSystem/designation-usage"/><code value="display"/></use><value value="SWAB, R/O GC"/></designation></concept><concept><code value="70049"/><display value="NEOPLASTIC BLOOD"/><designation><language value="en"/><use><system value="http://terminology.hl7.org/CodeSystem/designation-usage"/><code value="display"/></use><value value="NEOPLASTIC BLOOD"/></designation></concept><concept><code value="90919"/><display value="Blood (LYME)"/><designation><language value="en"/><use><system value="http://terminology.hl7.org/CodeSystem/designation-usage"/><code value="display"/></use><value value="Blood (LYME)"/></designation></concept><concept><code value="70022"/><display value="BRONCHIAL WASHINGS"/><designation><language value="en"/><use><system value="http://terminology.hl7.org/CodeSystem/designation-usage"/><code value="display"/></use><value value="BRONCHIAL WASHINGS"/></designation></concept><concept><code value="90906"/><display value="C, E, &amp; A Screening"/><designation><language value="en"/><use><system value="http://terminology.hl7.org/CodeSystem/designation-usage"/><code value="display"/></use><value value="C, E, &amp; A Screening"/></designation></concept><concept><code value="70078"/><display value="URINE,PROSTATIC MASSAGE"/><designation><language value="en"/><use><system value="http://terminology.hl7.org/CodeSystem/designation-usage"/><code value="display"/></use><value value="URINE,PROSTATIC MASSAGE"/></designation></concept><concept><code value="70090"/><display value="Mini-BAL"/><designation><language value="en"/><use><system value="http://terminology.hl7.org/CodeSystem/designation-usage"/><code value="display"/></use><value value="Mini-BAL"/></designation></concept><concept><code value="70082"/><display value="URINE,SUPRAPUBIC ASPIRATE"/><designation><language value="en"/><use><system value="http://terminology.hl7.org/CodeSystem/designation-usage"/><code value="display"/></use><value value="URINE,SUPRAPUBIC ASPIRATE"/></designation></concept><concept><code value="70041"/><display value="VIRAL CULTURE:R/O HERPES SIMPLEX VIRUS"/><designation><language value="en"/><use><system value="http://terminology.hl7.org/CodeSystem/designation-usage"/><code value="display"/></use><value value="VIRAL CULTURE:R/O HERPES SIMPLEX VIRUS"/></designation></concept><concept><code value="70066"/><display value="STOOL (RECEIVED IN TRANSPORT SYSTEM)"/><designation><language value="en"/><use><system value="http://terminology.hl7.org/CodeSystem/designation-usage"/><code value="display"/></use><value value="STOOL (RECEIVED IN TRANSPORT SYSTEM)"/></designation></concept><concept><code value="70057"/><display value="Rapid Respiratory Viral Screen &amp; Culture"/><designation><language value="en"/><use><system value="http://terminology.hl7.org/CodeSystem/designation-usage"/><code value="display"/></use><value value="Rapid Respiratory Viral Screen &amp; Culture"/></designation></concept><concept><code value="70011"/><display value="BLOOD CULTURE ( MYCO/F LYTIC BOTTLE)"/><designation><language value="en"/><use><system value="http://terminology.hl7.org/CodeSystem/designation-usage"/><code value="display"/></use><value value="BLOOD CULTURE ( MYCO/F LYTIC BOTTLE)"/></designation></concept><concept><code value="70003"/><display value="ABSCESS"/><designation><language value="en"/><use><system value="http://terminology.hl7.org/CodeSystem/designation-usage"/><code value="display"/></use><value value="ABSCESS"/></designation></concept><concept><code value="70026"/><display value="CSF;SPINAL FLUID"/><designation><language value="en"/><use><system value="http://terminology.hl7.org/CodeSystem/designation-usage"/><code value="display"/></use><value value="CSF;SPINAL FLUID"/></designation></concept><concept><code value="70080"/><display value="URINE,KIDNEY"/><designation><language value="en"/><use><system value="http://terminology.hl7.org/CodeSystem/designation-usage"/><code value="display"/></use><value value="URINE,KIDNEY"/></designation></concept><concept><code value="70047"/><display value="JOINT FLUID"/><designation><language value="en"/><use><system value="http://terminology.hl7.org/CodeSystem/designation-usage"/><code value="display"/></use><value value="JOINT FLUID"/></designation></concept><concept><code value="70053"/><display value="PERITONEAL FLUID"/><designation><language value="en"/><use><system value="http://terminology.hl7.org/CodeSystem/designation-usage"/><code value="display"/></use><value value="PERITONEAL FLUID"/></designation></concept><concept><code value="70059"/><display value="Staph aureus swab"/><designation><language value="en"/><use><system value="http://terminology.hl7.org/CodeSystem/designation-usage"/><code value="display"/></use><value value="Staph aureus swab"/></designation></concept><concept><code value="70051"/><display value="FLUID,OTHER"/><designation><language value="en"/><use><system value="http://terminology.hl7.org/CodeSystem/designation-usage"/><code value="display"/></use><value value="FLUID,OTHER"/></designation></concept><concept><code value="70058"/><display value="RAPID RESPIRATORY VIRAL ANTIGEN TEST"/><designation><language value="en"/><use><system value="http://terminology.hl7.org/CodeSystem/designation-usage"/><code value="display"/></use><value value="RAPID RESPIRATORY VIRAL ANTIGEN TEST"/></designation></concept><concept><code value="90920"/><display value="PROSTHETIC JOINT FLUID"/><designation><language value="en"/><use><system value="http://terminology.hl7.org/CodeSystem/designation-usage"/><code value="display"/></use><value value="PROSTHETIC JOINT FLUID"/></designation></concept><concept><code value="70048"/><display value="NAIL SCRAPINGS"/><designation><language value="en"/><use><system value="http://terminology.hl7.org/CodeSystem/designation-usage"/><code value="display"/></use><value value="NAIL SCRAPINGS"/></designation></concept><concept><code value="70005"/><display value="ASPIRATE"/><designation><language value="en"/><use><system value="http://terminology.hl7.org/CodeSystem/designation-usage"/><code value="display"/></use><value value="ASPIRATE"/></designation></concept><concept><code value="70027"/><display value="CORNEAL EYE SCRAPINGS"/><designation><language value="en"/><use><system value="http://terminology.hl7.org/CodeSystem/designation-usage"/><code value="display"/></use><value value="CORNEAL EYE SCRAPINGS"/></designation></concept><concept><code value="90930"/><display value="Touch Prep/Sections"/><designation><language value="en"/><use><system value="http://terminology.hl7.org/CodeSystem/designation-usage"/><code value="display"/></use><value value="Touch Prep/Sections"/></designation></concept><concept><code value="70029"/><display value="DIALYSIS FLUID"/><designation><language value="en"/><use><system value="http://terminology.hl7.org/CodeSystem/designation-usage"/><code value="display"/></use><value value="DIALYSIS FLUID"/></designation></concept><concept><code value="70034"/><display value="FOREIGN BODY"/><designation><language value="en"/><use><system value="http://terminology.hl7.org/CodeSystem/designation-usage"/><code value="display"/></use><value value="FOREIGN BODY"/></designation></concept><concept><code value="70025"/><display value="CRE Screen"/><designation><language value="en"/><use><system value="http://terminology.hl7.org/CodeSystem/designation-usage"/><code value="display"/></use><value value="CRE Screen"/></designation></concept><concept><code value="70073"/><display value="TISSUE"/><designation><language value="en"/><use><system value="http://terminology.hl7.org/CodeSystem/designation-usage"/><code value="display"/></use><value value="TISSUE"/></designation></concept><concept><code value="70061"/><display value="SKIN SCRAPINGS"/><designation><language value="en"/><use><system value="http://terminology.hl7.org/CodeSystem/designation-usage"/><code value="display"/></use><value value="SKIN SCRAPINGS"/></designation></concept><concept><code value="70030"/><display value="DIRECT ANTIGEN TEST FOR VARICELLA-ZOSTER VIRUS"/><designation><language value="en"/><use><system value="http://terminology.hl7.org/CodeSystem/designation-usage"/><code value="display"/></use><value value="DIRECT ANTIGEN TEST FOR VARICELLA-ZOSTER VIRUS"/></designation></concept><concept><code value="70037"/><display value="FOOT CULTURE"/><designation><language value="en"/><use><system value="http://terminology.hl7.org/CodeSystem/designation-usage"/><code value="display"/></use><value value="FOOT CULTURE"/></designation></concept><concept><code value="70083"/><display value="VARICELLA-ZOSTER CULTURE"/><designation><language value="en"/><use><system value="http://terminology.hl7.org/CodeSystem/designation-usage"/><code value="display"/></use><value value="VARICELLA-ZOSTER CULTURE"/></designation></concept><concept><code value="70084"/><display value="SWAB"/><designation><language value="en"/><use><system value="http://terminology.hl7.org/CodeSystem/designation-usage"/><code value="display"/></use><value value="SWAB"/></designation></concept><concept><code value="70067"/><display value="SWAB"/><designation><language value="en"/><use><system value="http://terminology.hl7.org/CodeSystem/designation-usage"/><code value="display"/></use><value value="SWAB"/></designation></concept><concept><code value="90935"/><display value="VIRAL CULTURE"/><designation><language value="en"/><use><system value="http://terminology.hl7.org/CodeSystem/designation-usage"/><code value="display"/></use><value value="VIRAL CULTURE"/></designation></concept><concept><code value="70052"/><display value="PERIPHERAL BLOOD LYMPHOCYTES"/><designation><language value="en"/><use><system value="http://terminology.hl7.org/CodeSystem/designation-usage"/><code value="display"/></use><value value="PERIPHERAL BLOOD LYMPHOCYTES"/></designation></concept><concept><code value="90921"/><display value="POST-MORTEM VIRAL CULTURE"/><designation><language value="en"/><use><system value="http://terminology.hl7.org/CodeSystem/designation-usage"/><code value="display"/></use><value value="POST-MORTEM VIRAL CULTURE"/></designation></concept><concept><code value="70065"/><display value="SCOTCH TAPE PREP/PADDLE"/><designation><language value="en"/><use><system value="http://terminology.hl7.org/CodeSystem/designation-usage"/><code value="display"/></use><value value="SCOTCH TAPE PREP/PADDLE"/></designation></concept><concept><code value="70075"/><display value="THROAT CULTURE"/><designation><language value="en"/><use><system value="http://terminology.hl7.org/CodeSystem/designation-usage"/><code value="display"/></use><value value="THROAT CULTURE"/></designation></concept><concept><code value="90908"/><display value="Cipro Resistant Screen"/><designation><language value="en"/><use><system value="http://terminology.hl7.org/CodeSystem/designation-usage"/><code value="display"/></use><value value="Cipro Resistant Screen"/></designation></concept><concept><code value="70017"/><display value="SEROLOGY/BLOOD"/><designation><language value="en"/><use><system value="http://terminology.hl7.org/CodeSystem/designation-usage"/><code value="display"/></use><value value="SEROLOGY/BLOOD"/></designation></concept><concept><code value="70086"/><display value="XXX"/><designation><language value="en"/><use><system value="http://terminology.hl7.org/CodeSystem/designation-usage"/><code value="display"/></use><value value="XXX"/></designation></concept><concept><code value="90909"/><display value="CHORIONIC VILLUS SAMPLE"/><designation><language value="en"/><use><system value="http://terminology.hl7.org/CodeSystem/designation-usage"/><code value="display"/></use><value value="CHORIONIC VILLUS SAMPLE"/></designation></concept><concept><code value="70016"/><display value="BLOOD CULTURE (POST-MORTEM)"/><designation><language value="en"/><use><system value="http://terminology.hl7.org/CodeSystem/designation-usage"/><code value="display"/></use><value value="BLOOD CULTURE (POST-MORTEM)"/></designation></concept><concept><code value="70019"/><display value="BONE MARROW - CYTOGENETICS"/><designation><language value="en"/><use><system value="http://terminology.hl7.org/CodeSystem/designation-usage"/><code value="display"/></use><value value="BONE MARROW - CYTOGENETICS"/></designation></concept><concept><code value="70042"/><display value="Influenza A/B by DFA"/><designation><language value="en"/><use><system value="http://terminology.hl7.org/CodeSystem/designation-usage"/><code value="display"/></use><value value="Influenza A/B by DFA"/></designation></concept><concept><code value="70013"/><display value="FLUID RECEIVED IN BLOOD CULTURE BOTTLES"/><designation><language value="en"/><use><system value="http://terminology.hl7.org/CodeSystem/designation-usage"/><code value="display"/></use><value value="FLUID RECEIVED IN BLOOD CULTURE BOTTLES"/></designation></concept><concept><code value="70002"/><display value="THROAT FOR STREP"/><designation><language value="en"/><use><system value="http://terminology.hl7.org/CodeSystem/designation-usage"/><code value="display"/></use><value value="THROAT FOR STREP"/></designation></concept><concept><code value="70085"/><display value="WORM"/><designation><language value="en"/><use><system value="http://terminology.hl7.org/CodeSystem/designation-usage"/><code value="display"/></use><value value="WORM"/></designation></concept><concept><code value="70088"/><display value="Blood (EBV)"/><designation><language value="en"/><use><system value="http://terminology.hl7.org/CodeSystem/designation-usage"/><code value="display"/></use><value value="Blood (EBV)"/></designation></concept><concept><code value="70033"/><display value="EYE"/><designation><language value="en"/><use><system value="http://terminology.hl7.org/CodeSystem/designation-usage"/><code value="display"/></use><value value="EYE"/></designation></concept><concept><code value="70008"/><display value="BRONCHIAL BRUSH - PROTECTED"/><designation><language value="en"/><use><system value="http://terminology.hl7.org/CodeSystem/designation-usage"/><code value="display"/></use><value value="BRONCHIAL BRUSH - PROTECTED"/></designation></concept><concept><code value="70007"/><display value="BLOOD BAG FLUID"/><designation><language value="en"/><use><system value="http://terminology.hl7.org/CodeSystem/designation-usage"/><code value="display"/></use><value value="BLOOD BAG FLUID"/></designation></concept><concept><code value="70024"/><display value="VIRAL CULTURE: R/O CYTOMEGALOVIRUS"/><designation><language value="en"/><use><system value="http://terminology.hl7.org/CodeSystem/designation-usage"/><code value="display"/></use><value value="VIRAL CULTURE: R/O CYTOMEGALOVIRUS"/></designation></concept><concept><code value="70072"/><display value="TRACHEAL ASPIRATE"/><designation><language value="en"/><use><system value="http://terminology.hl7.org/CodeSystem/designation-usage"/><code value="display"/></use><value value="TRACHEAL ASPIRATE"/></designation></concept><concept><code value="70035"/><display value="FLUID,OTHER"/><designation><language value="en"/><use><system value="http://terminology.hl7.org/CodeSystem/designation-usage"/><code value="display"/></use><value value="FLUID,OTHER"/></designation></concept><concept><code value="70060"/><display value="Stem Cell - Blood Culture"/><designation><language value="en"/><use><system value="http://terminology.hl7.org/CodeSystem/designation-usage"/><code value="display"/></use><value value="Stem Cell - Blood Culture"/></designation></concept><concept><code value="70045"/><display value="Immunology (CMV)"/><designation><language value="en"/><use><system value="http://terminology.hl7.org/CodeSystem/designation-usage"/><code value="display"/></use><value value="Immunology (CMV)"/></designation></concept><concept><code value="90915"/><display value="Isolate"/><designation><language value="en"/><use><system value="http://terminology.hl7.org/CodeSystem/designation-usage"/><code value="display"/></use><value value="Isolate"/></designation></concept><concept><code value="70018"/><display value="BONE MARROW"/><designation><language value="en"/><use><system value="http://terminology.hl7.org/CodeSystem/designation-usage"/><code value="display"/></use><value value="BONE MARROW"/></designation></concept><concept><code value="70064"/><display value="STOOL"/><designation><language value="en"/><use><system value="http://terminology.hl7.org/CodeSystem/designation-usage"/><code value="display"/></use><value value="STOOL"/></designation></concept><concept><code value="70093"/><display value="Blood (Toxo)"/><designation><language value="en"/><use><system value="http://terminology.hl7.org/CodeSystem/designation-usage"/><code value="display"/></use><value value="Blood (Toxo)"/></designation></concept><concept><code value="70081"/><display value="URINE"/><designation><language value="en"/><use><system value="http://terminology.hl7.org/CodeSystem/designation-usage"/><code value="display"/></use><value value="URINE"/></designation></concept><concept><code value="70031"/><display value="EAR"/><designation><language value="en"/><use><system value="http://terminology.hl7.org/CodeSystem/designation-usage"/><code value="display"/></use><value value="EAR"/></designation></concept><concept><code value="70015"/><display value="BLOOD"/><designation><language value="en"/><use><system value="http://terminology.hl7.org/CodeSystem/designation-usage"/><code value="display"/></use><value value="BLOOD"/></designation></concept><concept><code value="70079"/><display value="URINE"/><designation><language value="en"/><use><system value="http://terminology.hl7.org/CodeSystem/designation-usage"/><code value="display"/></use><value value="URINE"/></designation></concept><concept><code value="70087"/><display value="Blood (CMV AB)"/><designation><language value="en"/><use><system value="http://terminology.hl7.org/CodeSystem/designation-usage"/><code value="display"/></use><value value="Blood (CMV AB)"/></designation></concept><concept><code value="70054"/><display value="PLEURAL FLUID"/><designation><language value="en"/><use><system value="http://terminology.hl7.org/CodeSystem/designation-usage"/><code value="display"/></use><value value="PLEURAL FLUID"/></designation></concept><concept><code value="70069"/><display value="SWAB"/><designation><language value="en"/><use><system value="http://terminology.hl7.org/CodeSystem/designation-usage"/><code value="display"/></use><value value="SWAB"/></designation></concept><concept><code value="70071"/><display value="SWAB - R/O YEAST"/><designation><language value="en"/><use><system value="http://terminology.hl7.org/CodeSystem/designation-usage"/><code value="display"/></use><value value="SWAB - R/O YEAST"/></designation></concept><concept><code value="70055"/><display value="POSTMORTEM CULTURE"/><designation><language value="en"/><use><system value="http://terminology.hl7.org/CodeSystem/designation-usage"/><code value="display"/></use><value value="POSTMORTEM CULTURE"/></designation></concept><concept><code value="70028"/><display value="Direct Antigen Test for Herpes Simplex Virus Types 1 &amp; 2"/><designation><language value="en"/><use><system value="http://terminology.hl7.org/CodeSystem/designation-usage"/><code value="display"/></use><value value="Direct Antigen Test for Herpes Simplex Virus Types 1 &amp; 2"/></designation></concept><concept><code value="70091"/><display value="MRSA SCREEN"/><designation><language value="en"/><use><system value="http://terminology.hl7.org/CodeSystem/designation-usage"/><code value="display"/></use><value value="MRSA SCREEN"/></designation></concept><concept><code value="90902"/><display value="AMNIOTIC FLUID"/><designation><language value="en"/><use><system value="http://terminology.hl7.org/CodeSystem/designation-usage"/><code value="display"/></use><value value="AMNIOTIC FLUID"/></designation></concept><concept><code value="70074"/><display value="THROAT"/><designation><language value="en"/><use><system value="http://terminology.hl7.org/CodeSystem/designation-usage"/><code value="display"/></use><value value="THROAT"/></designation></concept><concept><code value="90928"/><display value="Swab"/><designation><language value="en"/><use><system value="http://terminology.hl7.org/CodeSystem/designation-usage"/><code value="display"/></use><value value="Swab"/></designation></concept><concept><code value="70070"/><display value="SWAB"/><designation><language value="en"/><use><system value="http://terminology.hl7.org/CodeSystem/designation-usage"/><code value="display"/></use><value value="SWAB"/></designation></concept><concept><code value="70036"/><display value="FLUID WOUND"/><designation><language value="en"/><use><system value="http://terminology.hl7.org/CodeSystem/designation-usage"/><code value="display"/></use><value value="FLUID WOUND"/></designation></concept><concept><code value="90914"/><display value="Infection Control Yeast"/><designation><language value="en"/><use><system value="http://terminology.hl7.org/CodeSystem/designation-usage"/><code value="display"/></use><value value="Infection Control Yeast"/></designation></concept><concept><code value="70038"/><display value="FECAL SWAB"/><designation><language value="en"/><use><system value="http://terminology.hl7.org/CodeSystem/designation-usage"/><code value="display"/></use><value value="FECAL SWAB"/></designation></concept><concept><code value="70004"/><display value="ARTHROPOD"/><designation><language value="en"/><use><system value="http://terminology.hl7.org/CodeSystem/designation-usage"/><code value="display"/></use><value value="ARTHROPOD"/></designation></concept><concept><code value="70012"/><display value="BLOOD CULTURE"/><designation><language value="en"/><use><system value="http://terminology.hl7.org/CodeSystem/designation-usage"/><code value="display"/></use><value value="BLOOD CULTURE"/></designation></concept><concept><code value="70006"/><display value="ANORECTAL/VAGINAL"/><designation><language value="en"/><use><system value="http://terminology.hl7.org/CodeSystem/designation-usage"/><code value="display"/></use><value value="ANORECTAL/VAGINAL"/></designation></concept><concept><code value="90912"/><display value="Foreign Body - Sonication Culture"/><designation><language value="en"/><use><system value="http://terminology.hl7.org/CodeSystem/designation-usage"/><code value="display"/></use><value value="Foreign Body - Sonication Culture"/></designation></concept><concept><code value="70089"/><display value="Blood (Malaria)"/><designation><language value="en"/><use><system value="http://terminology.hl7.org/CodeSystem/designation-usage"/><code value="display"/></use><value value="Blood (Malaria)"/></designation></concept></CodeSystem>