<?xml version="1.0" encoding="UTF-8"?><CodeSystem xmlns="http://hl7.org/fhir"><id value="mimic-procedure-category"/><language value="en"/><text><status value="generated"/><div xmlns="http://www.w3.org/1999/xhtml" xml:lang="en" lang="en"><p>This  code system <code>http://mimic.mit.edu/fhir/mimic/CodeSystem/mimic-procedure-category</code> defines the following codes:</p><table class="codes"><tr><td style="white-space:nowrap"><b>Code</b></td></tr><tr><td style="white-space:nowrap">CRRT Filter Change<a name="mimic-procedure-category-CRRTFilterChange"> </a></td></tr><tr><td style="white-space:nowrap">Ventilation<a name="mimic-procedure-category-Ventilation"> </a></td></tr><tr><td style="white-space:nowrap">Peripheral Lines<a name="mimic-procedure-category-PeripheralLines"> </a></td></tr><tr><td style="white-space:nowrap">Procedures<a name="mimic-procedure-category-Procedures"> </a></td></tr><tr><td style="white-space:nowrap">Communication<a name="mimic-procedure-category-Communication"> </a></td></tr><tr><td style="white-space:nowrap">Peritoneal Dialysis<a name="mimic-procedure-category-PeritonealDialysis"> </a></td></tr><tr><td style="white-space:nowrap">Continuous Procedures<a name="mimic-procedure-category-ContinuousProcedures"> </a></td></tr><tr><td style="white-space:nowrap">Significant Events<a name="mimic-procedure-category-SignificantEvents"> </a></td></tr><tr><td style="white-space:nowrap">Tubes<a name="mimic-procedure-category-Tubes"> </a></td></tr><tr><td style="white-space:nowrap">Intubation/Extubation<a name="mimic-procedure-category-Intubation.47Extubation"> </a></td></tr><tr><td style="white-space:nowrap">Dialysis<a name="mimic-procedure-category-Dialysis"> </a></td></tr><tr><td style="white-space:nowrap">17 - Inhaled Meds<a name="mimic-procedure-category-17-InhaledMeds"> </a></td></tr><tr><td style="white-space:nowrap">Imaging<a name="mimic-procedure-category-Imaging"> </a></td></tr><tr><td style="white-space:nowrap">Invasive Lines<a name="mimic-procedure-category-InvasiveLines"> </a></td></tr></table></div></text><url value="http://mimic.mit.edu/fhir/mimic/CodeSystem/mimic-procedure-category"/><version value="1.3.0"/><name value="MimicProcedureCategory"/><title value="MimicProcedureCategory"/><status value="draft"/><date value="2022-09-21T13:59:43-04:00"/><publisher value="KinD Lab"/><contact><name value="KinD Lab"/><telecom><system value="url"/><value value="http://fhir.kindlab.sickkids.ca"/></telecom></contact><description value="The procedure category codes for MIMIC"/><valueSet value="http://mimic.mit.edu/fhir/mimic/ValueSet/mimic-procedure-category"/><content value="complete"/><concept><code value="CRRT Filter Change"/><designation><language value="en"/><use><system value="http://terminology.hl7.org/CodeSystem/designation-usage"/><code value="display"/></use></designation></concept><concept><code value="Ventilation"/><designation><language value="en"/><use><system value="http://terminology.hl7.org/CodeSystem/designation-usage"/><code value="display"/></use></designation></concept><concept><code value="Peripheral Lines"/><designation><language value="en"/><use><system value="http://terminology.hl7.org/CodeSystem/designation-usage"/><code value="display"/></use></designation></concept><concept><code value="Procedures"/><designation><language value="en"/><use><system value="http://terminology.hl7.org/CodeSystem/designation-usage"/><code value="display"/></use></designation></concept><concept><code value="Communication"/><designation><language value="en"/><use><system value="http://terminology.hl7.org/CodeSystem/designation-usage"/><code value="display"/></use></designation></concept><concept><code value="Peritoneal Dialysis"/><designation><language value="en"/><use><system value="http://terminology.hl7.org/CodeSystem/designation-usage"/><code value="display"/></use></designation></concept><concept><code value="Continuous Procedures"/><designation><language value="en"/><use><system value="http://terminology.hl7.org/CodeSystem/designation-usage"/><code value="display"/></use></designation></concept><concept><code value="Significant Events"/><designation><language value="en"/><use><system value="http://terminology.hl7.org/CodeSystem/designation-usage"/><code value="display"/></use></designation></concept><concept><code value="Tubes"/><designation><language value="en"/><use><system value="http://terminology.hl7.org/CodeSystem/designation-usage"/><code value="display"/></use></designation></concept><concept><code value="Intubation/Extubation"/><designation><language value="en"/><use><system value="http://terminology.hl7.org/CodeSystem/designation-usage"/><code value="display"/></use></designation></concept><concept><code value="Dialysis"/><designation><language value="en"/><use><system value="http://terminology.hl7.org/CodeSystem/designation-usage"/><code value="display"/></use></designation></concept><concept><code value="17 - Inhaled Meds"/><designation><language value="en"/><use><system value="http://terminology.hl7.org/CodeSystem/designation-usage"/><code value="display"/></use></designation></concept><concept><code value="Imaging"/><designation><language value="en"/><use><system value="http://terminology.hl7.org/CodeSystem/designation-usage"/><code value="display"/></use></designation></concept><concept><code value="Invasive Lines"/><designation><language value="en"/><use><system value="http://terminology.hl7.org/CodeSystem/designation-usage"/><code value="display"/></use></designation></concept></CodeSystem>