<?xml version="1.0" encoding="UTF-8"?><CodeSystem xmlns="http://hl7.org/fhir"><id value="mimic-discharge-disposition"/><language value="en"/><text><status value="generated"/><div xmlns="http://www.w3.org/1999/xhtml" xml:lang="en" lang="en"><p>This  code system <code>http://mimic.mit.edu/fhir/mimic/CodeSystem/mimic-discharge-disposition</code> defines the following codes:</p><table class="codes"><tr><td style="white-space:nowrap"><b>Code</b></td></tr><tr><td style="white-space:nowrap">ACUTE HOSPITAL<a name="mimic-discharge-disposition-ACUTEHOSPITAL"> </a></td></tr><tr><td style="white-space:nowrap">REHAB<a name="mimic-discharge-disposition-REHAB"> </a></td></tr><tr><td style="white-space:nowrap">LEFT AGAINST MEDICAL ADVICE<a name="mimic-discharge-disposition-LEFTAGAINSTMEDICALADVICE"> </a></td></tr><tr><td style="white-space:nowrap">OTHER<a name="mimic-discharge-disposition-OTHER"> </a></td></tr><tr><td style="white-space:nowrap">PSYCH FACILITY<a name="mimic-discharge-disposition-PSYCHFACILITY"> </a></td></tr><tr><td style="white-space:nowrap">EXPIRED<a name="mimic-discharge-disposition-EXPIRED"> </a></td></tr><tr><td style="white-space:nowrap">HOME<a name="mimic-discharge-disposition-HOME"> </a></td></tr><tr><td style="white-space:nowrap">AGAINST ADVICE<a name="mimic-discharge-disposition-AGAINSTADVICE"> </a></td></tr><tr><td style="white-space:nowrap">TRANSFER<a name="mimic-discharge-disposition-TRANSFER"> </a></td></tr><tr><td style="white-space:nowrap">HOSPICE<a name="mimic-discharge-disposition-HOSPICE"> </a></td></tr><tr><td style="white-space:nowrap">ELOPED<a name="mimic-discharge-disposition-ELOPED"> </a></td></tr><tr><td style="white-space:nowrap">SKILLED NURSING FACILITY<a name="mimic-discharge-disposition-SKILLEDNURSINGFACILITY"> </a></td></tr><tr><td style="white-space:nowrap">OTHER FACILITY<a name="mimic-discharge-disposition-OTHERFACILITY"> </a></td></tr><tr><td style="white-space:nowrap">CHRONIC/LONG TERM ACUTE CARE<a name="mimic-discharge-disposition-CHRONIC.47LONGTERMACUTECARE"> </a></td></tr><tr><td style="white-space:nowrap">HOME HEALTH CARE<a name="mimic-discharge-disposition-HOMEHEALTHCARE"> </a></td></tr><tr><td style="white-space:nowrap">HEALTHCARE FACILITY<a name="mimic-discharge-disposition-HEALTHCAREFACILITY"> </a></td></tr><tr><td style="white-space:nowrap">LEFT WITHOUT BEING SEEN<a name="mimic-discharge-disposition-LEFTWITHOUTBEINGSEEN"> </a></td></tr><tr><td style="white-space:nowrap">ADMITTED<a name="mimic-discharge-disposition-ADMITTED"> </a></td></tr><tr><td style="white-space:nowrap">ASSISTED LIVING<a name="mimic-discharge-disposition-ASSISTEDLIVING"> </a></td></tr><tr><td style="white-space:nowrap">DIED<a name="mimic-discharge-disposition-DIED"> </a></td></tr></table></div></text><url value="http://mimic.mit.edu/fhir/mimic/CodeSystem/mimic-discharge-disposition"/><version value="1.3.0"/><name value="MimicDischargeDisposition"/><title value="MimicDischargeDisposition"/><status value="draft"/><date value="2022-09-21T13:59:43-04:00"/><publisher value="KinD Lab"/><contact><name value="KinD Lab"/><telecom><system value="url"/><value value="http://fhir.kindlab.sickkids.ca"/></telecom></contact><description value="The discharge disposition for MIMIC"/><valueSet value="http://mimic.mit.edu/fhir/mimic/ValueSet/mimic-discharge-disposition"/><content value="complete"/><concept><code value="ACUTE HOSPITAL"/><designation><language value="en"/><use><system value="http://terminology.hl7.org/CodeSystem/designation-usage"/><code value="display"/></use></designation></concept><concept><code value="REHAB"/><designation><language value="en"/><use><system value="http://terminology.hl7.org/CodeSystem/designation-usage"/><code value="display"/></use></designation></concept><concept><code value="LEFT AGAINST MEDICAL ADVICE"/><designation><language value="en"/><use><system value="http://terminology.hl7.org/CodeSystem/designation-usage"/><code value="display"/></use></designation></concept><concept><code value="OTHER"/><designation><language value="en"/><use><system value="http://terminology.hl7.org/CodeSystem/designation-usage"/><code value="display"/></use></designation></concept><concept><code value="PSYCH FACILITY"/><designation><language value="en"/><use><system value="http://terminology.hl7.org/CodeSystem/designation-usage"/><code value="display"/></use></designation></concept><concept><code value="EXPIRED"/><designation><language value="en"/><use><system value="http://terminology.hl7.org/CodeSystem/designation-usage"/><code value="display"/></use></designation></concept><concept><code value="HOME"/><designation><language value="en"/><use><system value="http://terminology.hl7.org/CodeSystem/designation-usage"/><code value="display"/></use></designation></concept><concept><code value="AGAINST ADVICE"/><designation><language value="en"/><use><system value="http://terminology.hl7.org/CodeSystem/designation-usage"/><code value="display"/></use></designation></concept><concept><code value="TRANSFER"/><designation><language value="en"/><use><system value="http://terminology.hl7.org/CodeSystem/designation-usage"/><code value="display"/></use></designation></concept><concept><code value="HOSPICE"/><designation><language value="en"/><use><system value="http://terminology.hl7.org/CodeSystem/designation-usage"/><code value="display"/></use></designation></concept><concept><code value="ELOPED"/><designation><language value="en"/><use><system value="http://terminology.hl7.org/CodeSystem/designation-usage"/><code value="display"/></use></designation></concept><concept><code value="SKILLED NURSING FACILITY"/><designation><language value="en"/><use><system value="http://terminology.hl7.org/CodeSystem/designation-usage"/><code value="display"/></use></designation></concept><concept><code value="OTHER FACILITY"/><designation><language value="en"/><use><system value="http://terminology.hl7.org/CodeSystem/designation-usage"/><code value="display"/></use></designation></concept><concept><code value="CHRONIC/LONG TERM ACUTE CARE"/><designation><language value="en"/><use><system value="http://terminology.hl7.org/CodeSystem/designation-usage"/><code value="display"/></use></designation></concept><concept><code value="HOME HEALTH CARE"/><designation><language value="en"/><use><system value="http://terminology.hl7.org/CodeSystem/designation-usage"/><code value="display"/></use></designation></concept><concept><code value="HEALTHCARE FACILITY"/><designation><language value="en"/><use><system value="http://terminology.hl7.org/CodeSystem/designation-usage"/><code value="display"/></use></designation></concept><concept><code value="LEFT WITHOUT BEING SEEN"/><designation><language value="en"/><use><system value="http://terminology.hl7.org/CodeSystem/designation-usage"/><code value="display"/></use></designation></concept><concept><code value="ADMITTED"/><designation><language value="en"/><use><system value="http://terminology.hl7.org/CodeSystem/designation-usage"/><code value="display"/></use></designation></concept><concept><code value="ASSISTED LIVING"/><designation><language value="en"/><use><system value="http://terminology.hl7.org/CodeSystem/designation-usage"/><code value="display"/></use></designation></concept><concept><code value="DIED"/><designation><language value="en"/><use><system value="http://terminology.hl7.org/CodeSystem/designation-usage"/><code value="display"/></use></designation></concept></CodeSystem>