<?xml version="1.0" encoding="UTF-8"?><ValueSet xmlns="http://hl7.org/fhir"><id value="mimic-admit-source"/><language value="en"/><text><status value="generated"/><div xmlns="http://www.w3.org/1999/xhtml" xml:lang="en" lang="en"><ul><li>Include all codes defined in <a href="CodeSystem-mimic-admit-source.html"><code>http://mimic.mit.edu/fhir/mimic/CodeSystem/mimic-admit-source</code></a></li></ul></div></text><url value="http://mimic.mit.edu/fhir/mimic/ValueSet/mimic-admit-source"/><version value="1.3.0"/><name value="MimicAdmitSource"/><title value="MimicAdmitSource"/><status value="draft"/><date value="2022-09-21T13:59:43-04:00"/><publisher value="KinD Lab"/><contact><name value="KinD Lab"/><telecom><system value="url"/><value value="http://fhir.kindlab.sickkids.ca"/></telecom></contact><description value="The admission source for MIMIC"/><compose><include><system value="http://mimic.mit.edu/fhir/mimic/CodeSystem/mimic-admit-source"/></include></compose></ValueSet>