<?xml version="1.0" encoding="UTF-8"?><ValueSet xmlns="http://hl7.org/fhir"><id value="mimic-observation-type-vital"/><text><status value="generated"/><div xmlns="http://www.w3.org/1999/xhtml"><ul><li>Include these codes as defined in <a href="http://loinc.org"><code>http://loinc.org</code></a><table class="none"><tr><td style="white-space:nowrap"><b>Code</b></td><td><b>Display</b></td></tr><tr><td><a href="https://loinc.org/8310-5/">8310-5</a></td><td>Body temperature</td></tr><tr><td><a href="https://loinc.org/8867-4/">8867-4</a></td><td>Heart rate</td></tr><tr><td><a href="https://loinc.org/9279-1/">9279-1</a></td><td>Respiratory rate</td></tr><tr><td><a href="https://loinc.org/2708-6/">2708-6</a></td><td>Oxygen saturation in Arterial blood</td></tr><tr><td><a href="https://loinc.org/85354-9/">85354-9</a></td><td>Blood pressure panel with all children optional</td></tr></table></li></ul></div></text><url value="http://mimic.mit.edu/fhir/mimic/ValueSet/mimic-observation-type-vital"/><version value="1.3.0"/><name value="MimicObservationTypeVital"/><title value="MIMIC-ED Observation Resource Types Value Set"/><status value="active"/><date value="2024-02-08T11:07:36-05:00"/><publisher value="KinD Lab"/><contact><name value="KinD Lab"/><telecom><system value="url"/><value value="http://fhir.kindlab.sickkids.ca"/></telecom></contact><description value="Selected codes from LOINC that represent values from the triage or vitalsigns tables of MIMIC-ED."/><compose><include><system value="http://loinc.org"/><concept><code value="8310-5"/><display value="Body temperature"/></concept><concept><code value="8867-4"/><display value="Heart rate"/></concept><concept><code value="9279-1"/><display value="Respiratory rate"/></concept><concept><code value="2708-6"/><display value="Oxygen saturation in Arterial blood"/></concept><concept><code value="85354-9"/><display value="Blood pressure panel with all children optional"/></concept></include></compose></ValueSet>