<?xml version="1.0" encoding="UTF-8"?><ValueSet xmlns="http://hl7.org/fhir"><id value="mimic-outputevents-d-items"/><language value="en"/><text><status value="generated"/><div xmlns="http://www.w3.org/1999/xhtml" xml:lang="en" lang="en"><ul><li>Include these codes as defined in <a href="CodeSystem-mimic-d-items.html"><code>http://mimic.mit.edu/fhir/mimic/CodeSystem/mimic-d-items</code></a><table class="none"><tr><td style="white-space:nowrap"><b>Code</b></td><td><b>Display</b></td></tr><tr><td><a href="CodeSystem-mimic-d-items.html#mimic-d-items-226593">226593</a></td><td>R Pleural #1</td></tr><tr><td><a href="CodeSystem-mimic-d-items.html#mimic-d-items-226603">226603</a></td><td>T Tube</td></tr><tr><td><a href="CodeSystem-mimic-d-items.html#mimic-d-items-226613">226613</a></td><td>Wound Vac #1</td></tr><tr><td><a href="CodeSystem-mimic-d-items.html#mimic-d-items-226574">226574</a></td><td>Jejunostomy</td></tr><tr><td><a href="CodeSystem-mimic-d-items.html#mimic-d-items-226616">226616</a></td><td>Anderson</td></tr><tr><td><a href="CodeSystem-mimic-d-items.html#mimic-d-items-226591">226591</a></td><td>L Pleural #2</td></tr><tr><td><a href="CodeSystem-mimic-d-items.html#mimic-d-items-226622">226622</a></td><td>Red Rubber</td></tr><tr><td><a href="CodeSystem-mimic-d-items.html#mimic-d-items-226618">226618</a></td><td>Sump #2</td></tr><tr><td><a href="CodeSystem-mimic-d-items.html#mimic-d-items-226633">226633</a></td><td>Pre-Admission</td></tr><tr><td><a href="CodeSystem-mimic-d-items.html#mimic-d-items-226567">226567</a></td><td>Straight Cath</td></tr><tr><td><a href="CodeSystem-mimic-d-items.html#mimic-d-items-229413">229413</a></td><td>Chest Tube #3</td></tr><tr><td><a href="CodeSystem-mimic-d-items.html#mimic-d-items-224458">224458</a></td><td>Drain Output_ingr</td></tr><tr><td><a href="CodeSystem-mimic-d-items.html#mimic-d-items-226623">226623</a></td><td>Penrose #1</td></tr><tr><td><a href="CodeSystem-mimic-d-items.html#mimic-d-items-226629">226629</a></td><td>PACU EBL</td></tr><tr><td><a href="CodeSystem-mimic-d-items.html#mimic-d-items-226583">226583</a></td><td>Rectal Tube</td></tr><tr><td><a href="CodeSystem-mimic-d-items.html#mimic-d-items-226582">226582</a></td><td>Ostomy (output)</td></tr><tr><td><a href="CodeSystem-mimic-d-items.html#mimic-d-items-226626">226626</a></td><td>OR EBL</td></tr><tr><td><a href="CodeSystem-mimic-d-items.html#mimic-d-items-226607">226607</a></td><td>Cerebral Ventricular #2</td></tr><tr><td><a href="CodeSystem-mimic-d-items.html#mimic-d-items-226564">226564</a></td><td>R Nephrostomy</td></tr><tr><td><a href="CodeSystem-mimic-d-items.html#mimic-d-items-226713">226713</a></td><td>Incontinent/voids (estimate)</td></tr><tr><td><a href="CodeSystem-mimic-d-items.html#mimic-d-items-226592">226592</a></td><td>Mediastinal</td></tr><tr><td><a href="CodeSystem-mimic-d-items.html#mimic-d-items-226627">226627</a></td><td>OR Urine</td></tr><tr><td><a href="CodeSystem-mimic-d-items.html#mimic-d-items-226584">226584</a></td><td>Ileoconduit</td></tr><tr><td><a href="CodeSystem-mimic-d-items.html#mimic-d-items-226558">226558</a></td><td>L Ureteral Stent</td></tr><tr><td><a href="CodeSystem-mimic-d-items.html#mimic-d-items-227489">227489</a></td><td>GU Irrigant/Urine Volume Out</td></tr><tr><td><a href="CodeSystem-mimic-d-items.html#mimic-d-items-226559">226559</a></td><td>Foley</td></tr><tr><td><a href="CodeSystem-mimic-d-items.html#mimic-d-items-226570">226570</a></td><td>Blakemore</td></tr><tr><td><a href="CodeSystem-mimic-d-items.html#mimic-d-items-227511">227511</a></td><td>TF Residual Output</td></tr><tr><td><a href="CodeSystem-mimic-d-items.html#mimic-d-items-226560">226560</a></td><td>Void</td></tr><tr><td><a href="CodeSystem-mimic-d-items.html#mimic-d-items-226619">226619</a></td><td>Pigtail #1</td></tr><tr><td><a href="CodeSystem-mimic-d-items.html#mimic-d-items-226621">226621</a></td><td>Davol</td></tr><tr><td><a href="CodeSystem-mimic-d-items.html#mimic-d-items-226561">226561</a></td><td>Condom Cath</td></tr><tr><td><a href="CodeSystem-mimic-d-items.html#mimic-d-items-227701">227701</a></td><td>Drainage Bag</td></tr><tr><td><a href="CodeSystem-mimic-d-items.html#mimic-d-items-226606">226606</a></td><td>Cerebral Ventricular #1</td></tr><tr><td><a href="CodeSystem-mimic-d-items.html#mimic-d-items-226602">226602</a></td><td>Jackson Pratt #4</td></tr><tr><td><a href="CodeSystem-mimic-d-items.html#mimic-d-items-226608">226608</a></td><td>Cerebral Subdural #1</td></tr><tr><td><a href="CodeSystem-mimic-d-items.html#mimic-d-items-226580">226580</a></td><td>Fecal Bag</td></tr><tr><td><a href="CodeSystem-mimic-d-items.html#mimic-d-items-226598">226598</a></td><td>JP Lateral</td></tr><tr><td><a href="CodeSystem-mimic-d-items.html#mimic-d-items-226617">226617</a></td><td>Sump #1</td></tr><tr><td><a href="CodeSystem-mimic-d-items.html#mimic-d-items-226620">226620</a></td><td>Pigtail #2</td></tr><tr><td><a href="CodeSystem-mimic-d-items.html#mimic-d-items-226588">226588</a></td><td>Chest Tube #1</td></tr><tr><td><a href="CodeSystem-mimic-d-items.html#mimic-d-items-226628">226628</a></td><td>PACU Drains</td></tr><tr><td><a href="CodeSystem-mimic-d-items.html#mimic-d-items-226610">226610</a></td><td>Lumbar</td></tr><tr><td><a href="CodeSystem-mimic-d-items.html#mimic-d-items-226573">226573</a></td><td>Gastric Tube</td></tr><tr><td><a href="CodeSystem-mimic-d-items.html#mimic-d-items-226557">226557</a></td><td>R Ureteral Stent</td></tr><tr><td><a href="CodeSystem-mimic-d-items.html#mimic-d-items-226572">226572</a></td><td>Ewald</td></tr><tr><td><a href="CodeSystem-mimic-d-items.html#mimic-d-items-226589">226589</a></td><td>Chest Tube #2</td></tr><tr><td><a href="CodeSystem-mimic-d-items.html#mimic-d-items-226590">226590</a></td><td>L Pleural #1</td></tr><tr><td><a href="CodeSystem-mimic-d-items.html#mimic-d-items-226614">226614</a></td><td>Wound Vac #2</td></tr><tr><td><a href="CodeSystem-mimic-d-items.html#mimic-d-items-226612">226612</a></td><td>Pericardial</td></tr><tr><td><a href="CodeSystem-mimic-d-items.html#mimic-d-items-226576">226576</a></td><td>Oral Gastric</td></tr><tr><td><a href="CodeSystem-mimic-d-items.html#mimic-d-items-226575">226575</a></td><td>Nasogastric</td></tr><tr><td><a href="CodeSystem-mimic-d-items.html#mimic-d-items-227487">227487</a></td><td>GU Irrigant Type</td></tr><tr><td><a href="CodeSystem-mimic-d-items.html#mimic-d-items-226566">226566</a></td><td>Urine and GU Irrigant Out</td></tr><tr><td><a href="CodeSystem-mimic-d-items.html#mimic-d-items-226632">226632</a></td><td>Cath Lab</td></tr><tr><td><a href="CodeSystem-mimic-d-items.html#mimic-d-items-226579">226579</a></td><td>Stool</td></tr><tr><td><a href="CodeSystem-mimic-d-items.html#mimic-d-items-226563">226563</a></td><td>Suprapubic</td></tr><tr><td><a href="CodeSystem-mimic-d-items.html#mimic-d-items-226600">226600</a></td><td>Jackson Pratt #2</td></tr><tr><td><a href="CodeSystem-mimic-d-items.html#mimic-d-items-226595">226595</a></td><td>R Pleural #2</td></tr><tr><td><a href="CodeSystem-mimic-d-items.html#mimic-d-items-227488">227488</a></td><td>GU Irrigant Volume In</td></tr><tr><td><a href="CodeSystem-mimic-d-items.html#mimic-d-items-226605">226605</a></td><td>Hemovac #2</td></tr><tr><td><a href="CodeSystem-mimic-d-items.html#mimic-d-items-226601">226601</a></td><td>Jackson Pratt #3</td></tr><tr><td><a href="CodeSystem-mimic-d-items.html#mimic-d-items-226609">226609</a></td><td>Cerebral Subdural #2</td></tr><tr><td><a href="CodeSystem-mimic-d-items.html#mimic-d-items-226631">226631</a></td><td>PACU Urine</td></tr><tr><td><a href="CodeSystem-mimic-d-items.html#mimic-d-items-226565">226565</a></td><td>L Nephrostomy</td></tr><tr><td><a href="CodeSystem-mimic-d-items.html#mimic-d-items-227510">227510</a></td><td>TF Residual</td></tr><tr><td><a href="CodeSystem-mimic-d-items.html#mimic-d-items-226630">226630</a></td><td>PACU Gastric</td></tr><tr><td><a href="CodeSystem-mimic-d-items.html#mimic-d-items-229414">229414</a></td><td>Chest Tube #4</td></tr><tr><td><a href="CodeSystem-mimic-d-items.html#mimic-d-items-228103">228103</a></td><td>Stool containment device placed</td></tr><tr><td><a href="CodeSystem-mimic-d-items.html#mimic-d-items-226571">226571</a></td><td>Emesis</td></tr><tr><td><a href="CodeSystem-mimic-d-items.html#mimic-d-items-226599">226599</a></td><td>Jackson Pratt #1</td></tr><tr><td><a href="CodeSystem-mimic-d-items.html#mimic-d-items-226624">226624</a></td><td>Penrose #2</td></tr><tr><td><a href="CodeSystem-mimic-d-items.html#mimic-d-items-226625">226625</a></td><td>Tap</td></tr><tr><td><a href="CodeSystem-mimic-d-items.html#mimic-d-items-226586">226586</a></td><td>Stool Estimate</td></tr><tr><td><a href="CodeSystem-mimic-d-items.html#mimic-d-items-226597">226597</a></td><td>JP Medial</td></tr><tr><td><a href="CodeSystem-mimic-d-items.html#mimic-d-items-226569">226569</a></td><td>Anderson (gastric)</td></tr><tr><td><a href="CodeSystem-mimic-d-items.html#mimic-d-items-226604">226604</a></td><td>Hemovac #1</td></tr></table></li></ul></div></text><url value="http://mimic.mit.edu/fhir/mimic/ValueSet/mimic-outputevents-d-items"/><version value="1.3.0"/><name value="MimicOutputeventsDItems"/><title value="MimicOutputeventsDItems"/><status value="draft"/><date value="2022-09-21T13:59:43-04:00"/><publisher value="KinD Lab"/><contact><name value="KinD Lab"/><telecom><system value="url"/><value value="http://fhir.kindlab.sickkids.ca"/></telecom></contact><description value="The item codes for outputevents used in MIMIC"/><compose><include><system value="http://mimic.mit.edu/fhir/mimic/CodeSystem/mimic-d-items"/><concept><code value="226593"/><display value="R Pleural #1"/></concept><concept><code value="226603"/><display value="T Tube"/></concept><concept><code value="226613"/><display value="Wound Vac #1"/></concept><concept><code value="226574"/><display value="Jejunostomy"/></concept><concept><code value="226616"/><display value="Anderson"/></concept><concept><code value="226591"/><display value="L Pleural #2"/></concept><concept><code value="226622"/><display value="Red Rubber"/></concept><concept><code value="226618"/><display value="Sump #2"/></concept><concept><code value="226633"/><display value="Pre-Admission"/></concept><concept><code value="226567"/><display value="Straight Cath"/></concept><concept><code value="229413"/><display value="Chest Tube #3"/></concept><concept><code value="224458"/><display value="Drain Output_ingr"/></concept><concept><code value="226623"/><display value="Penrose #1"/></concept><concept><code value="226629"/><display value="PACU EBL"/></concept><concept><code value="226583"/><display value="Rectal Tube"/></concept><concept><code value="226582"/><display value="Ostomy (output)"/></concept><concept><code value="226626"/><display value="OR EBL"/></concept><concept><code value="226607"/><display value="Cerebral Ventricular #2"/></concept><concept><code value="226564"/><display value="R Nephrostomy"/></concept><concept><code value="226713"/><display value="Incontinent/voids (estimate)"/></concept><concept><code value="226592"/><display value="Mediastinal"/></concept><concept><code value="226627"/><display value="OR Urine"/></concept><concept><code value="226584"/><display value="Ileoconduit"/></concept><concept><code value="226558"/><display value="L Ureteral Stent"/></concept><concept><code value="227489"/><display value="GU Irrigant/Urine Volume Out"/></concept><concept><code value="226559"/><display value="Foley"/></concept><concept><code value="226570"/><display value="Blakemore"/></concept><concept><code value="227511"/><display value="TF Residual Output"/></concept><concept><code value="226560"/><display value="Void"/></concept><concept><code value="226619"/><display value="Pigtail #1"/></concept><concept><code value="226621"/><display value="Davol"/></concept><concept><code value="226561"/><display value="Condom Cath"/></concept><concept><code value="227701"/><display value="Drainage Bag"/></concept><concept><code value="226606"/><display value="Cerebral Ventricular #1"/></concept><concept><code value="226602"/><display value="Jackson Pratt #4"/></concept><concept><code value="226608"/><display value="Cerebral Subdural #1"/></concept><concept><code value="226580"/><display value="Fecal Bag"/></concept><concept><code value="226598"/><display value="JP Lateral"/></concept><concept><code value="226617"/><display value="Sump #1"/></concept><concept><code value="226620"/><display value="Pigtail #2"/></concept><concept><code value="226588"/><display value="Chest Tube #1"/></concept><concept><code value="226628"/><display value="PACU Drains"/></concept><concept><code value="226610"/><display value="Lumbar"/></concept><concept><code value="226573"/><display value="Gastric Tube"/></concept><concept><code value="226557"/><display value="R Ureteral Stent"/></concept><concept><code value="226572"/><display value="Ewald"/></concept><concept><code value="226589"/><display value="Chest Tube #2"/></concept><concept><code value="226590"/><display value="L Pleural #1"/></concept><concept><code value="226614"/><display value="Wound Vac #2"/></concept><concept><code value="226612"/><display value="Pericardial"/></concept><concept><code value="226576"/><display value="Oral Gastric"/></concept><concept><code value="226575"/><display value="Nasogastric"/></concept><concept><code value="227487"/><display value="GU Irrigant Type"/></concept><concept><code value="226566"/><display value="Urine and GU Irrigant Out"/></concept><concept><code value="226632"/><display value="Cath Lab"/></concept><concept><code value="226579"/><display value="Stool"/></concept><concept><code value="226563"/><display value="Suprapubic"/></concept><concept><code value="226600"/><display value="Jackson Pratt #2"/></concept><concept><code value="226595"/><display value="R Pleural #2"/></concept><concept><code value="227488"/><display value="GU Irrigant Volume In"/></concept><concept><code value="226605"/><display value="Hemovac #2"/></concept><concept><code value="226601"/><display value="Jackson Pratt #3"/></concept><concept><code value="226609"/><display value="Cerebral Subdural #2"/></concept><concept><code value="226631"/><display value="PACU Urine"/></concept><concept><code value="226565"/><display value="L Nephrostomy"/></concept><concept><code value="227510"/><display value="TF Residual"/></concept><concept><code value="226630"/><display value="PACU Gastric"/></concept><concept><code value="229414"/><display value="Chest Tube #4"/></concept><concept><code value="228103"/><display value="Stool containment device placed"/></concept><concept><code value="226571"/><display value="Emesis"/></concept><concept><code value="226599"/><display value="Jackson Pratt #1"/></concept><concept><code value="226624"/><display value="Penrose #2"/></concept><concept><code value="226625"/><display value="Tap"/></concept><concept><code value="226586"/><display value="Stool Estimate"/></concept><concept><code value="226597"/><display value="JP Medial"/></concept><concept><code value="226569"/><display value="Anderson (gastric)"/></concept><concept><code value="226604"/><display value="Hemovac #1"/></concept></include></compose></ValueSet>