<?xml version="1.0" encoding="UTF-8"?><ValueSet xmlns="http://hl7.org/fhir"><id value="mimic-diagnosis-icd"/><language value="en"/><text><status value="generated"/><div xmlns="http://www.w3.org/1999/xhtml" xml:lang="en" lang="en"><p>This value set includes codes based on the following rules:</p><ul><li>Include all codes defined in <a href="CodeSystem-mimic-diagnosis-icd9.html"><code>http://mimic.mit.edu/fhir/mimic/CodeSystem/mimic-diagnosis-icd9</code></a></li><li>Include all codes defined in <a href="CodeSystem-mimic-diagnosis-icd10.html"><code>http://mimic.mit.edu/fhir/mimic/CodeSystem/mimic-diagnosis-icd10</code></a></li></ul></div></text><url value="http://mimic.mit.edu/fhir/mimic/ValueSet/mimic-diagnosis-icd"/><version value="1.3.0"/><name value="MimicDiagnosisIcd"/><title value="MimicDiagnosisIcd"/><status value="draft"/><date value="2022-09-21T13:59:43-04:00"/><publisher value="KinD Lab"/><contact><name value="KinD Lab"/><telecom><system value="url"/><value value="http://fhir.kindlab.sickkids.ca"/></telecom></contact><description value="The diagnosis ICD9 and ICD10 codes for MIMIC"/><compose><include><system value="http://mimic.mit.edu/fhir/mimic/CodeSystem/mimic-diagnosis-icd9"/></include><include><system value="http://mimic.mit.edu/fhir/mimic/CodeSystem/mimic-diagnosis-icd10"/></include></compose></ValueSet>