<?xml version="1.0" encoding="UTF-8"?><ValueSet xmlns="http://hl7.org/fhir"><id value="mimic-datetimeevents-d-items"/><language value="en"/><text><status value="generated"/><div xmlns="http://www.w3.org/1999/xhtml" xml:lang="en" lang="en"><ul><li>Include these codes as defined in <a href="CodeSystem-mimic-d-items.html"><code>http://mimic.mit.edu/fhir/mimic/CodeSystem/mimic-d-items</code></a><table class="none"><tr><td style="white-space:nowrap"><b>Code</b></td><td><b>Display</b></td></tr><tr><td><a href="CodeSystem-mimic-d-items.html#mimic-d-items-228800">228800</a></td><td>Pressure ulcer #8- Dressing change</td></tr><tr><td><a href="CodeSystem-mimic-d-items.html#mimic-d-items-225756">225756</a></td><td>16 Gauge Insertion Date</td></tr><tr><td><a href="CodeSystem-mimic-d-items.html#mimic-d-items-228631">228631</a></td><td>Date signed</td></tr><tr><td><a href="CodeSystem-mimic-d-items.html#mimic-d-items-229886">229886</a></td><td>Pressure Ulcer #3- Date Indentified</td></tr><tr><td><a href="CodeSystem-mimic-d-items.html#mimic-d-items-226719">226719</a></td><td>Last menses</td></tr><tr><td><a href="CodeSystem-mimic-d-items.html#mimic-d-items-228215">228215</a></td><td>Tandem Heart Access Line Tubing Change</td></tr><tr><td><a href="CodeSystem-mimic-d-items.html#mimic-d-items-226132">226132</a></td><td>ICP Line Tubing Change</td></tr><tr><td><a href="CodeSystem-mimic-d-items.html#mimic-d-items-225386">225386</a></td><td>Presep Catheter Insertion Date</td></tr><tr><td><a href="CodeSystem-mimic-d-items.html#mimic-d-items-225224">225224</a></td><td>CCO PAC Dressing Change</td></tr><tr><td><a href="CodeSystem-mimic-d-items.html#mimic-d-items-224296">224296</a></td><td>Cordis/Introducer Insertion Date</td></tr><tr><td><a href="CodeSystem-mimic-d-items.html#mimic-d-items-229550">229550</a></td><td>Avalon Insertion Date</td></tr><tr><td><a href="CodeSystem-mimic-d-items.html#mimic-d-items-228796">228796</a></td><td>Pressure ulcer #4- Dressing change</td></tr><tr><td><a href="CodeSystem-mimic-d-items.html#mimic-d-items-225352">225352</a></td><td>PA Catheter Change over Wire Date</td></tr><tr><td><a href="CodeSystem-mimic-d-items.html#mimic-d-items-224185">224185</a></td><td>PICC Line Change over Wire Date</td></tr><tr><td><a href="CodeSystem-mimic-d-items.html#mimic-d-items-225319">225319</a></td><td>Dialysis Catheter Change over Wire Date</td></tr><tr><td><a href="CodeSystem-mimic-d-items.html#mimic-d-items-225222">225222</a></td><td>CCO PAC Change over Wire Date</td></tr><tr><td><a href="CodeSystem-mimic-d-items.html#mimic-d-items-229643">229643</a></td><td>Stroke NCP - Ed Given Date</td></tr><tr><td><a href="CodeSystem-mimic-d-items.html#mimic-d-items-225392">225392</a></td><td>Triple Introducer Change over Wire Date</td></tr><tr><td><a href="CodeSystem-mimic-d-items.html#mimic-d-items-225218">225218</a></td><td>Trauma Line Tubing Change</td></tr><tr><td><a href="CodeSystem-mimic-d-items.html#mimic-d-items-229735">229735</a></td><td>RIC Dressing Change</td></tr><tr><td><a href="CodeSystem-mimic-d-items.html#mimic-d-items-225340">225340</a></td><td>IABP Tubing Change</td></tr><tr><td><a href="CodeSystem-mimic-d-items.html#mimic-d-items-225396">225396</a></td><td>Triple Introducer Tubing Change</td></tr><tr><td><a href="CodeSystem-mimic-d-items.html#mimic-d-items-225348">225348</a></td><td>Midline Tubing Change</td></tr><tr><td><a href="CodeSystem-mimic-d-items.html#mimic-d-items-229892">229892</a></td><td>Pressure Ulcer #9- Date Indentified</td></tr><tr><td><a href="CodeSystem-mimic-d-items.html#mimic-d-items-225214">225214</a></td><td>Trauma Line Change over Wire Date</td></tr><tr><td><a href="CodeSystem-mimic-d-items.html#mimic-d-items-229731">229731</a></td><td>16 Gauge Dressing Change</td></tr><tr><td><a href="CodeSystem-mimic-d-items.html#mimic-d-items-227126">227126</a></td><td>Indwelling (PortaCath) Port #1 Date Accessed</td></tr><tr><td><a href="CodeSystem-mimic-d-items.html#mimic-d-items-227542">227542</a></td><td>ScvO2 (Presep) Calibrated</td></tr><tr><td><a href="CodeSystem-mimic-d-items.html#mimic-d-items-225216">225216</a></td><td>Trauma Line Dressing Change</td></tr><tr><td><a href="CodeSystem-mimic-d-items.html#mimic-d-items-227793">227793</a></td><td>Impaired Skin  - Dressing Change #4</td></tr><tr><td><a href="CodeSystem-mimic-d-items.html#mimic-d-items-225328">225328</a></td><td>Tunneled (Hickman) Change over Wire Date</td></tr><tr><td><a href="CodeSystem-mimic-d-items.html#mimic-d-items-225375">225375</a></td><td>Indwelling Port (PortaCath) Cap Change</td></tr><tr><td><a href="CodeSystem-mimic-d-items.html#mimic-d-items-229733">229733</a></td><td>22 Gauge Dressing Change</td></tr><tr><td><a href="CodeSystem-mimic-d-items.html#mimic-d-items-225330">225330</a></td><td>Tunneled (Hickman) Insertion Date</td></tr><tr><td><a href="CodeSystem-mimic-d-items.html#mimic-d-items-225383">225383</a></td><td>Presep Catheter Cap Change</td></tr><tr><td><a href="CodeSystem-mimic-d-items.html#mimic-d-items-224295">224295</a></td><td>Cordis/Introducer Dressing Change</td></tr><tr><td><a href="CodeSystem-mimic-d-items.html#mimic-d-items-225369">225369</a></td><td>Pheresis Catheter Dressing Change</td></tr><tr><td><a href="CodeSystem-mimic-d-items.html#mimic-d-items-227198">227198</a></td><td>Indwelling (PortaCath) Port #1 Date De-accessed</td></tr><tr><td><a href="CodeSystem-mimic-d-items.html#mimic-d-items-229738">229738</a></td><td>20 Gauge Cap Change</td></tr><tr><td><a href="CodeSystem-mimic-d-items.html#mimic-d-items-229885">229885</a></td><td>Pressure Ulcer #2- Date Indentified</td></tr><tr><td><a href="CodeSystem-mimic-d-items.html#mimic-d-items-227796">227796</a></td><td>Impaired Skin  - Dressing Change #7</td></tr><tr><td><a href="CodeSystem-mimic-d-items.html#mimic-d-items-227791">227791</a></td><td>Impaired Skin  - Dressing Change #2</td></tr><tr><td><a href="CodeSystem-mimic-d-items.html#mimic-d-items-225338">225338</a></td><td>IABP Insertion Date</td></tr><tr><td><a href="CodeSystem-mimic-d-items.html#mimic-d-items-227721">227721</a></td><td>AVA Change over Wire Date</td></tr><tr><td><a href="CodeSystem-mimic-d-items.html#mimic-d-items-229893">229893</a></td><td>Pressure Ulcer #10- Date Indentified</td></tr><tr><td><a href="CodeSystem-mimic-d-items.html#mimic-d-items-225368">225368</a></td><td>Pheresis Catheter Change over Wire Date</td></tr><tr><td><a href="CodeSystem-mimic-d-items.html#mimic-d-items-226516">226516</a></td><td>Discharge Date/Time</td></tr><tr><td><a href="CodeSystem-mimic-d-items.html#mimic-d-items-229555">229555</a></td><td>Cardiac Assist Cannula Change</td></tr><tr><td><a href="CodeSystem-mimic-d-items.html#mimic-d-items-228795">228795</a></td><td>Pressure ulcer #3- Dressing change</td></tr><tr><td><a href="CodeSystem-mimic-d-items.html#mimic-d-items-227800">227800</a></td><td>Impaired Skin  - Dressing Change #10</td></tr><tr><td><a href="CodeSystem-mimic-d-items.html#mimic-d-items-229737">229737</a></td><td>16 Gauge Cap Change</td></tr><tr><td><a href="CodeSystem-mimic-d-items.html#mimic-d-items-228798">228798</a></td><td>Pressure ulcer #6- Dressing change</td></tr><tr><td><a href="CodeSystem-mimic-d-items.html#mimic-d-items-229884">229884</a></td><td>Pressure Ulcer #1- Date Indentified</td></tr><tr><td><a href="CodeSystem-mimic-d-items.html#mimic-d-items-225370">225370</a></td><td>Pheresis Catheter Insertion Date</td></tr><tr><td><a href="CodeSystem-mimic-d-items.html#mimic-d-items-227720">227720</a></td><td>AVA Cap Change</td></tr><tr><td><a href="CodeSystem-mimic-d-items.html#mimic-d-items-225378">225378</a></td><td>Indwelling Port (PortaCath) Insertion Date</td></tr><tr><td><a href="CodeSystem-mimic-d-items.html#mimic-d-items-229352">229352</a></td><td>Foley Cath Insertion Date</td></tr><tr><td><a href="CodeSystem-mimic-d-items.html#mimic-d-items-227911">227911</a></td><td>Date - Therapist</td></tr><tr><td><a href="CodeSystem-mimic-d-items.html#mimic-d-items-224282">224282</a></td><td>Multi Lumen Tubing Change</td></tr><tr><td><a href="CodeSystem-mimic-d-items.html#mimic-d-items-225763">225763</a></td><td>Sheath Change over Wire Date</td></tr><tr><td><a href="CodeSystem-mimic-d-items.html#mimic-d-items-229471">229471</a></td><td>24 Gauge Insertion Date</td></tr><tr><td><a href="CodeSystem-mimic-d-items.html#mimic-d-items-225351">225351</a></td><td>PA Catheter Cap Change</td></tr><tr><td><a href="CodeSystem-mimic-d-items.html#mimic-d-items-229729">229729</a></td><td>18 Gauge Cap Change</td></tr><tr><td><a href="CodeSystem-mimic-d-items.html#mimic-d-items-228799">228799</a></td><td>Pressure ulcer #7- Dressing change</td></tr><tr><td><a href="CodeSystem-mimic-d-items.html#mimic-d-items-227729">227729</a></td><td>AVA Tubing Change</td></tr><tr><td><a href="CodeSystem-mimic-d-items.html#mimic-d-items-225765">225765</a></td><td>Sheath Dressing Change</td></tr><tr><td><a href="CodeSystem-mimic-d-items.html#mimic-d-items-229883">229883</a></td><td>Pressure ulcer #1- Date Indentified_OLD_1</td></tr><tr><td><a href="CodeSystem-mimic-d-items.html#mimic-d-items-229889">229889</a></td><td>Pressure Ulcer #6- Date Indentified</td></tr><tr><td><a href="CodeSystem-mimic-d-items.html#mimic-d-items-228794">228794</a></td><td>Pressure ulcer #2- Dressing change</td></tr><tr><td><a href="CodeSystem-mimic-d-items.html#mimic-d-items-225354">225354</a></td><td>PA Catheter Insertion Date</td></tr><tr><td><a href="CodeSystem-mimic-d-items.html#mimic-d-items-228291">228291</a></td><td>IO Insertion Date</td></tr><tr><td><a href="CodeSystem-mimic-d-items.html#mimic-d-items-227817">227817</a></td><td>Referral Date</td></tr><tr><td><a href="CodeSystem-mimic-d-items.html#mimic-d-items-225327">225327</a></td><td>Tunneled (Hickman) Cap Change</td></tr><tr><td><a href="CodeSystem-mimic-d-items.html#mimic-d-items-228797">228797</a></td><td>Pressure ulcer #5- Dressing change</td></tr><tr><td><a href="CodeSystem-mimic-d-items.html#mimic-d-items-228209">228209</a></td><td>Tandem Heart Access Line Insertion Date</td></tr><tr><td><a href="CodeSystem-mimic-d-items.html#mimic-d-items-225376">225376</a></td><td>Indwelling Port (PortaCath) Change over Wire Date</td></tr><tr><td><a href="CodeSystem-mimic-d-items.html#mimic-d-items-226724">226724</a></td><td>Hospital Admit Date</td></tr><tr><td><a href="CodeSystem-mimic-d-items.html#mimic-d-items-227798">227798</a></td><td>Impaired Skin  - Dressing Change #9</td></tr><tr><td><a href="CodeSystem-mimic-d-items.html#mimic-d-items-225384">225384</a></td><td>Presep Catheter Change over Wire Date</td></tr><tr><td><a href="CodeSystem-mimic-d-items.html#mimic-d-items-224261">224261</a></td><td>Multi Lumen Cap Change</td></tr><tr><td><a href="CodeSystem-mimic-d-items.html#mimic-d-items-229741">229741</a></td><td>RIC Cap Change</td></tr><tr><td><a href="CodeSystem-mimic-d-items.html#mimic-d-items-225321">225321</a></td><td>Dialysis Catheter Dressing Change</td></tr><tr><td><a href="CodeSystem-mimic-d-items.html#mimic-d-items-228218">228218</a></td><td>Tandem Heart Return Cannula Dressing Change</td></tr><tr><td><a href="CodeSystem-mimic-d-items.html#mimic-d-items-225380">225380</a></td><td>Indwelling Port (PortaCath)Tubing Change</td></tr><tr><td><a href="CodeSystem-mimic-d-items.html#mimic-d-items-225390">225390</a></td><td>Presep Catheter Tubing Change</td></tr><tr><td><a href="CodeSystem-mimic-d-items.html#mimic-d-items-229549">229549</a></td><td>Avalon Dressing Change</td></tr><tr><td><a href="CodeSystem-mimic-d-items.html#mimic-d-items-225226">225226</a></td><td>CCO PAC Tubing Change</td></tr><tr><td><a href="CodeSystem-mimic-d-items.html#mimic-d-items-229734">229734</a></td><td>24 Gauge Dressing Change</td></tr><tr><td><a href="CodeSystem-mimic-d-items.html#mimic-d-items-225335">225335</a></td><td>IABP Cap Change</td></tr><tr><td><a href="CodeSystem-mimic-d-items.html#mimic-d-items-226128">226128</a></td><td>ICP Line Insertion Date</td></tr><tr><td><a href="CodeSystem-mimic-d-items.html#mimic-d-items-224290">224290</a></td><td>Arterial line Tubing Change</td></tr><tr><td><a href="CodeSystem-mimic-d-items.html#mimic-d-items-226532">226532</a></td><td>Organ Bank Notified</td></tr><tr><td><a href="CodeSystem-mimic-d-items.html#mimic-d-items-225391">225391</a></td><td>Triple Introducer Cap Change</td></tr><tr><td><a href="CodeSystem-mimic-d-items.html#mimic-d-items-225324">225324</a></td><td>Dialysis CatheterTubing Change</td></tr><tr><td><a href="CodeSystem-mimic-d-items.html#mimic-d-items-220003">220003</a></td><td>ICU Admission date</td></tr><tr><td><a href="CodeSystem-mimic-d-items.html#mimic-d-items-229730">229730</a></td><td>14 Gauge Dressing Change</td></tr><tr><td><a href="CodeSystem-mimic-d-items.html#mimic-d-items-224184">224184</a></td><td>PICC Line Insertion Date</td></tr><tr><td><a href="CodeSystem-mimic-d-items.html#mimic-d-items-228160">228160</a></td><td>Impella Aortic Pressure Tubing Change</td></tr><tr><td><a href="CodeSystem-mimic-d-items.html#mimic-d-items-226126">226126</a></td><td>ICP Line Dressing Change</td></tr><tr><td><a href="CodeSystem-mimic-d-items.html#mimic-d-items-224186">224186</a></td><td>PICC Line Dressing Change</td></tr><tr><td><a href="CodeSystem-mimic-d-items.html#mimic-d-items-224285">224285</a></td><td>Arterial line Change over Wire Date</td></tr><tr><td><a href="CodeSystem-mimic-d-items.html#mimic-d-items-224262">224262</a></td><td>Multi Lumen Change over Wire Date</td></tr><tr><td><a href="CodeSystem-mimic-d-items.html#mimic-d-items-227197">227197</a></td><td>Indwelling (PortaCath) Port #2 Date Accessed</td></tr><tr><td><a href="CodeSystem-mimic-d-items.html#mimic-d-items-224187">224187</a></td><td>PICC Line Tubing Change</td></tr><tr><td><a href="CodeSystem-mimic-d-items.html#mimic-d-items-228793">228793</a></td><td>Pressure ulcer #1- Dressing change</td></tr><tr><td><a href="CodeSystem-mimic-d-items.html#mimic-d-items-229651">229651</a></td><td>Stroke NCP - Water Swallow Date</td></tr><tr><td><a href="CodeSystem-mimic-d-items.html#mimic-d-items-225755">225755</a></td><td>18 Gauge Insertion Date</td></tr><tr><td><a href="CodeSystem-mimic-d-items.html#mimic-d-items-229655">229655</a></td><td>Stroke NCP -  Fam Ed Given Date</td></tr><tr><td><a href="CodeSystem-mimic-d-items.html#mimic-d-items-228802">228802</a></td><td>Pressure ulcer #10- Dressing change</td></tr><tr><td><a href="CodeSystem-mimic-d-items.html#mimic-d-items-225336">225336</a></td><td>IABP Change over Wire Date</td></tr><tr><td><a href="CodeSystem-mimic-d-items.html#mimic-d-items-225279">225279</a></td><td>Date of Admission to Hospital</td></tr><tr><td><a href="CodeSystem-mimic-d-items.html#mimic-d-items-225322">225322</a></td><td>Dialysis Catheter Insertion Date</td></tr><tr><td><a href="CodeSystem-mimic-d-items.html#mimic-d-items-229728">229728</a></td><td>18 Gauge Dressing Change</td></tr><tr><td><a href="CodeSystem-mimic-d-items.html#mimic-d-items-225332">225332</a></td><td>Tunneled (Hickman) Tubing Change</td></tr><tr><td><a href="CodeSystem-mimic-d-items.html#mimic-d-items-225221">225221</a></td><td>CCO PAC Cap Change</td></tr><tr><td><a href="CodeSystem-mimic-d-items.html#mimic-d-items-229736">229736</a></td><td>14 Gauge Cap Change</td></tr><tr><td><a href="CodeSystem-mimic-d-items.html#mimic-d-items-227722">227722</a></td><td>AVA Dressing Change</td></tr><tr><td><a href="CodeSystem-mimic-d-items.html#mimic-d-items-224293">224293</a></td><td>Cordis/Introducer Change over Wire Date</td></tr><tr><td><a href="CodeSystem-mimic-d-items.html#mimic-d-items-228207">228207</a></td><td>Tandem Heart Access Line Dressing Change</td></tr><tr><td><a href="CodeSystem-mimic-d-items.html#mimic-d-items-228166">228166</a></td><td>Impella Dressing Change</td></tr><tr><td><a href="CodeSystem-mimic-d-items.html#mimic-d-items-228221">228221</a></td><td>Tandem Heart Return Cannula Insertion Date</td></tr><tr><td><a href="CodeSystem-mimic-d-items.html#mimic-d-items-229739">229739</a></td><td>22 Gauge Cap Change</td></tr><tr><td><a href="CodeSystem-mimic-d-items.html#mimic-d-items-227797">227797</a></td><td>Impaired Skin  - Dressing Change #8</td></tr><tr><td><a href="CodeSystem-mimic-d-items.html#mimic-d-items-225317">225317</a></td><td>Trauma Line Insertion Date</td></tr><tr><td><a href="CodeSystem-mimic-d-items.html#mimic-d-items-225083">225083</a></td><td>Pregnancy due date</td></tr><tr><td><a href="CodeSystem-mimic-d-items.html#mimic-d-items-225318">225318</a></td><td>Dialysis Catheter Cap Change</td></tr><tr><td><a href="CodeSystem-mimic-d-items.html#mimic-d-items-227584">227584</a></td><td>GU Catheter D/C Date</td></tr><tr><td><a href="CodeSystem-mimic-d-items.html#mimic-d-items-224287">224287</a></td><td>Arterial Line Dressing Change</td></tr><tr><td><a href="CodeSystem-mimic-d-items.html#mimic-d-items-227795">227795</a></td><td>Impaired Skin  - Dressing Change #6</td></tr><tr><td><a href="CodeSystem-mimic-d-items.html#mimic-d-items-225766">225766</a></td><td>Sheath Insertion Date</td></tr><tr><td><a href="CodeSystem-mimic-d-items.html#mimic-d-items-229353">229353</a></td><td>Foley Cath Removal Date</td></tr><tr><td><a href="CodeSystem-mimic-d-items.html#mimic-d-items-225758">225758</a></td><td>RIC Insertion Date</td></tr><tr><td><a href="CodeSystem-mimic-d-items.html#mimic-d-items-225757">225757</a></td><td>14 Gauge Insertion Date</td></tr><tr><td><a href="CodeSystem-mimic-d-items.html#mimic-d-items-224183">224183</a></td><td>PICC Line Cap Change</td></tr><tr><td><a href="CodeSystem-mimic-d-items.html#mimic-d-items-225367">225367</a></td><td>Pheresis Catheter Cap Change</td></tr><tr><td><a href="CodeSystem-mimic-d-items.html#mimic-d-items-225128">225128</a></td><td>Last dialysis</td></tr><tr><td><a href="CodeSystem-mimic-d-items.html#mimic-d-items-225753">225753</a></td><td>22 Gauge Insertion Date</td></tr><tr><td><a href="CodeSystem-mimic-d-items.html#mimic-d-items-229542">229542</a></td><td>EKOS Dressing Change</td></tr><tr><td><a href="CodeSystem-mimic-d-items.html#mimic-d-items-225769">225769</a></td><td>Sheath Tubing Change</td></tr><tr><td><a href="CodeSystem-mimic-d-items.html#mimic-d-items-224288">224288</a></td><td>Arterial line Insertion Date</td></tr><tr><td><a href="CodeSystem-mimic-d-items.html#mimic-d-items-229740">229740</a></td><td>24 Gauge Cap Change</td></tr><tr><td><a href="CodeSystem-mimic-d-items.html#mimic-d-items-229888">229888</a></td><td>Pressure Ulcer #5- Date Indentified</td></tr><tr><td><a href="CodeSystem-mimic-d-items.html#mimic-d-items-227541">227541</a></td><td>SvO2 Calibrated</td></tr><tr><td><a href="CodeSystem-mimic-d-items.html#mimic-d-items-226482">226482</a></td><td>Blood Clot Outdates</td></tr><tr><td><a href="CodeSystem-mimic-d-items.html#mimic-d-items-228165">228165</a></td><td>Impella Daily Tubing Change</td></tr><tr><td><a href="CodeSystem-mimic-d-items.html#mimic-d-items-226518">226518</a></td><td>Expected Discharge Date</td></tr><tr><td><a href="CodeSystem-mimic-d-items.html#mimic-d-items-225754">225754</a></td><td>20 Gauge Insertion Date</td></tr><tr><td><a href="CodeSystem-mimic-d-items.html#mimic-d-items-225346">225346</a></td><td>Midline Insertion Date</td></tr><tr><td><a href="CodeSystem-mimic-d-items.html#mimic-d-items-225353">225353</a></td><td>PA Catheter Dressing Change</td></tr><tr><td><a href="CodeSystem-mimic-d-items.html#mimic-d-items-225343">225343</a></td><td>Midline Cap Change</td></tr><tr><td><a href="CodeSystem-mimic-d-items.html#mimic-d-items-225372">225372</a></td><td>Pheresis Catheter Tubing Change</td></tr><tr><td><a href="CodeSystem-mimic-d-items.html#mimic-d-items-225762">225762</a></td><td>Sheath Cap Change</td></tr><tr><td><a href="CodeSystem-mimic-d-items.html#mimic-d-items-225394">225394</a></td><td>Triple Introducer Insertion Date</td></tr><tr><td><a href="CodeSystem-mimic-d-items.html#mimic-d-items-227790">227790</a></td><td>Impaired Skin  - Dressing Change #1</td></tr><tr><td><a href="CodeSystem-mimic-d-items.html#mimic-d-items-224292">224292</a></td><td>Cordis/Introducer Cap Change</td></tr><tr><td><a href="CodeSystem-mimic-d-items.html#mimic-d-items-228266">228266</a></td><td>FM Date/Time</td></tr><tr><td><a href="CodeSystem-mimic-d-items.html#mimic-d-items-225377">225377</a></td><td>Indwelling Port (PortaCath) Dressing Change</td></tr><tr><td><a href="CodeSystem-mimic-d-items.html#mimic-d-items-225356">225356</a></td><td>PA Catheter Tubing Change</td></tr><tr><td><a href="CodeSystem-mimic-d-items.html#mimic-d-items-225213">225213</a></td><td>Trauma Line Cap Change</td></tr><tr><td><a href="CodeSystem-mimic-d-items.html#mimic-d-items-229890">229890</a></td><td>Pressure Ulcer #7- Date Indentified</td></tr><tr><td><a href="CodeSystem-mimic-d-items.html#mimic-d-items-224298">224298</a></td><td>Cordis/Introducer Tubing Change</td></tr><tr><td><a href="CodeSystem-mimic-d-items.html#mimic-d-items-229556">229556</a></td><td>Cardiac Assist Cannula Date</td></tr><tr><td><a href="CodeSystem-mimic-d-items.html#mimic-d-items-229887">229887</a></td><td>Pressure Ulcer #4- Date Indentified</td></tr><tr><td><a href="CodeSystem-mimic-d-items.html#mimic-d-items-225393">225393</a></td><td>Triple Introducer Dressing Change</td></tr><tr><td><a href="CodeSystem-mimic-d-items.html#mimic-d-items-228331">228331</a></td><td>PC Time of visit</td></tr><tr><td><a href="CodeSystem-mimic-d-items.html#mimic-d-items-227724">227724</a></td><td>AVA Insertion Date</td></tr><tr><td><a href="CodeSystem-mimic-d-items.html#mimic-d-items-227199">227199</a></td><td>Indwelling (PortaCath) Port #2 Date De-accessed</td></tr><tr><td><a href="CodeSystem-mimic-d-items.html#mimic-d-items-225329">225329</a></td><td>Tunneled (Hickman) Dressing Change</td></tr><tr><td><a href="CodeSystem-mimic-d-items.html#mimic-d-items-225345">225345</a></td><td>Midline Dressing Change</td></tr><tr><td><a href="CodeSystem-mimic-d-items.html#mimic-d-items-224878">224878</a></td><td>GU Catheter Insertion Date</td></tr><tr><td><a href="CodeSystem-mimic-d-items.html#mimic-d-items-228321">228321</a></td><td>PC Date</td></tr><tr><td><a href="CodeSystem-mimic-d-items.html#mimic-d-items-228801">228801</a></td><td>Pressure ulcer #9- Dressing change</td></tr><tr><td><a href="CodeSystem-mimic-d-items.html#mimic-d-items-227907">227907</a></td><td>Date - Student</td></tr><tr><td><a href="CodeSystem-mimic-d-items.html#mimic-d-items-225316">225316</a></td><td>CCO PAC Insertion Date</td></tr><tr><td><a href="CodeSystem-mimic-d-items.html#mimic-d-items-224280">224280</a></td><td>Multi Lumen Insertion Date</td></tr><tr><td><a href="CodeSystem-mimic-d-items.html#mimic-d-items-229732">229732</a></td><td>20 Gauge Dressing Change</td></tr><tr><td><a href="CodeSystem-mimic-d-items.html#mimic-d-items-227792">227792</a></td><td>Impaired Skin  - Dressing Change #3</td></tr><tr><td><a href="CodeSystem-mimic-d-items.html#mimic-d-items-228168">228168</a></td><td>Impella Insertion Date</td></tr><tr><td><a href="CodeSystem-mimic-d-items.html#mimic-d-items-224279">224279</a></td><td>Multi Lumen Dressing Change</td></tr><tr><td><a href="CodeSystem-mimic-d-items.html#mimic-d-items-225344">225344</a></td><td>Midline Change over Wire Date</td></tr><tr><td><a href="CodeSystem-mimic-d-items.html#mimic-d-items-224284">224284</a></td><td>Arterial line Cap Change</td></tr><tr><td><a href="CodeSystem-mimic-d-items.html#mimic-d-items-226515">226515</a></td><td>Date of Birth</td></tr><tr><td><a href="CodeSystem-mimic-d-items.html#mimic-d-items-225337">225337</a></td><td>IABP Dressing Change</td></tr><tr><td><a href="CodeSystem-mimic-d-items.html#mimic-d-items-227361">227361</a></td><td>Indwelling (PortaCath) Dressing Change</td></tr><tr><td><a href="CodeSystem-mimic-d-items.html#mimic-d-items-225385">225385</a></td><td>Presep Catheter Dressing Change</td></tr><tr><td><a href="CodeSystem-mimic-d-items.html#mimic-d-items-229891">229891</a></td><td>Pressure Ulcer #8- Date Indentified</td></tr><tr><td><a href="CodeSystem-mimic-d-items.html#mimic-d-items-229541">229541</a></td><td>EKOS Insertion Date</td></tr><tr><td><a href="CodeSystem-mimic-d-items.html#mimic-d-items-227794">227794</a></td><td>Impaired Skin  - Dressing Change #5</td></tr></table></li></ul></div></text><url value="http://mimic.mit.edu/fhir/mimic/ValueSet/mimic-datetimeevents-d-items"/><version value="1.3.0"/><name value="MimicDatetimeeventsDItems"/><title value="MimicDatetimeeventsDItems"/><status value="draft"/><date value="2022-09-21T13:59:43-04:00"/><publisher value="KinD Lab"/><contact><name value="KinD Lab"/><telecom><system value="url"/><value value="http://fhir.kindlab.sickkids.ca"/></telecom></contact><description value="The datetime item codes used in MIMIC"/><compose><include><system value="http://mimic.mit.edu/fhir/mimic/CodeSystem/mimic-d-items"/><concept><code value="228800"/><display value="Pressure ulcer #8- Dressing change"/></concept><concept><code value="225756"/><display value="16 Gauge Insertion Date"/></concept><concept><code value="228631"/><display value="Date signed"/></concept><concept><code value="229886"/><display value="Pressure Ulcer #3- Date Indentified"/></concept><concept><code value="226719"/><display value="Last menses"/></concept><concept><code value="228215"/><display value="Tandem Heart Access Line Tubing Change"/></concept><concept><code value="226132"/><display value="ICP Line Tubing Change"/></concept><concept><code value="225386"/><display value="Presep Catheter Insertion Date"/></concept><concept><code value="225224"/><display value="CCO PAC Dressing Change"/></concept><concept><code value="224296"/><display value="Cordis/Introducer Insertion Date"/></concept><concept><code value="229550"/><display value="Avalon Insertion Date"/></concept><concept><code value="228796"/><display value="Pressure ulcer #4- Dressing change"/></concept><concept><code value="225352"/><display value="PA Catheter Change over Wire Date"/></concept><concept><code value="224185"/><display value="PICC Line Change over Wire Date"/></concept><concept><code value="225319"/><display value="Dialysis Catheter Change over Wire Date"/></concept><concept><code value="225222"/><display value="CCO PAC Change over Wire Date"/></concept><concept><code value="229643"/><display value="Stroke NCP - Ed Given Date"/></concept><concept><code value="225392"/><display value="Triple Introducer Change over Wire Date"/></concept><concept><code value="225218"/><display value="Trauma Line Tubing Change"/></concept><concept><code value="229735"/><display value="RIC Dressing Change"/></concept><concept><code value="225340"/><display value="IABP Tubing Change"/></concept><concept><code value="225396"/><display value="Triple Introducer Tubing Change"/></concept><concept><code value="225348"/><display value="Midline Tubing Change"/></concept><concept><code value="229892"/><display value="Pressure Ulcer #9- Date Indentified"/></concept><concept><code value="225214"/><display value="Trauma Line Change over Wire Date"/></concept><concept><code value="229731"/><display value="16 Gauge Dressing Change"/></concept><concept><code value="227126"/><display value="Indwelling (PortaCath) Port #1 Date Accessed"/></concept><concept><code value="227542"/><display value="ScvO2 (Presep) Calibrated"/></concept><concept><code value="225216"/><display value="Trauma Line Dressing Change"/></concept><concept><code value="227793"/><display value="Impaired Skin  - Dressing Change #4"/></concept><concept><code value="225328"/><display value="Tunneled (Hickman) Change over Wire Date"/></concept><concept><code value="225375"/><display value="Indwelling Port (PortaCath) Cap Change"/></concept><concept><code value="229733"/><display value="22 Gauge Dressing Change"/></concept><concept><code value="225330"/><display value="Tunneled (Hickman) Insertion Date"/></concept><concept><code value="225383"/><display value="Presep Catheter Cap Change"/></concept><concept><code value="224295"/><display value="Cordis/Introducer Dressing Change"/></concept><concept><code value="225369"/><display value="Pheresis Catheter Dressing Change"/></concept><concept><code value="227198"/><display value="Indwelling (PortaCath) Port #1 Date De-accessed"/></concept><concept><code value="229738"/><display value="20 Gauge Cap Change"/></concept><concept><code value="229885"/><display value="Pressure Ulcer #2- Date Indentified"/></concept><concept><code value="227796"/><display value="Impaired Skin  - Dressing Change #7"/></concept><concept><code value="227791"/><display value="Impaired Skin  - Dressing Change #2"/></concept><concept><code value="225338"/><display value="IABP Insertion Date"/></concept><concept><code value="227721"/><display value="AVA Change over Wire Date"/></concept><concept><code value="229893"/><display value="Pressure Ulcer #10- Date Indentified"/></concept><concept><code value="225368"/><display value="Pheresis Catheter Change over Wire Date"/></concept><concept><code value="226516"/><display value="Discharge Date/Time"/></concept><concept><code value="229555"/><display value="Cardiac Assist Cannula Change"/></concept><concept><code value="228795"/><display value="Pressure ulcer #3- Dressing change"/></concept><concept><code value="227800"/><display value="Impaired Skin  - Dressing Change #10"/></concept><concept><code value="229737"/><display value="16 Gauge Cap Change"/></concept><concept><code value="228798"/><display value="Pressure ulcer #6- Dressing change"/></concept><concept><code value="229884"/><display value="Pressure Ulcer #1- Date Indentified"/></concept><concept><code value="225370"/><display value="Pheresis Catheter Insertion Date"/></concept><concept><code value="227720"/><display value="AVA Cap Change"/></concept><concept><code value="225378"/><display value="Indwelling Port (PortaCath) Insertion Date"/></concept><concept><code value="229352"/><display value="Foley Cath Insertion Date"/></concept><concept><code value="227911"/><display value="Date - Therapist"/></concept><concept><code value="224282"/><display value="Multi Lumen Tubing Change"/></concept><concept><code value="225763"/><display value="Sheath Change over Wire Date"/></concept><concept><code value="229471"/><display value="24 Gauge Insertion Date"/></concept><concept><code value="225351"/><display value="PA Catheter Cap Change"/></concept><concept><code value="229729"/><display value="18 Gauge Cap Change"/></concept><concept><code value="228799"/><display value="Pressure ulcer #7- Dressing change"/></concept><concept><code value="227729"/><display value="AVA Tubing Change"/></concept><concept><code value="225765"/><display value="Sheath Dressing Change"/></concept><concept><code value="229883"/><display value="Pressure ulcer #1- Date Indentified_OLD_1"/></concept><concept><code value="229889"/><display value="Pressure Ulcer #6- Date Indentified"/></concept><concept><code value="228794"/><display value="Pressure ulcer #2- Dressing change"/></concept><concept><code value="225354"/><display value="PA Catheter Insertion Date"/></concept><concept><code value="228291"/><display value="IO Insertion Date"/></concept><concept><code value="227817"/><display value="Referral Date"/></concept><concept><code value="225327"/><display value="Tunneled (Hickman) Cap Change"/></concept><concept><code value="228797"/><display value="Pressure ulcer #5- Dressing change"/></concept><concept><code value="228209"/><display value="Tandem Heart Access Line Insertion Date"/></concept><concept><code value="225376"/><display value="Indwelling Port (PortaCath) Change over Wire Date"/></concept><concept><code value="226724"/><display value="Hospital Admit Date"/></concept><concept><code value="227798"/><display value="Impaired Skin  - Dressing Change #9"/></concept><concept><code value="225384"/><display value="Presep Catheter Change over Wire Date"/></concept><concept><code value="224261"/><display value="Multi Lumen Cap Change"/></concept><concept><code value="229741"/><display value="RIC Cap Change"/></concept><concept><code value="225321"/><display value="Dialysis Catheter Dressing Change"/></concept><concept><code value="228218"/><display value="Tandem Heart Return Cannula Dressing Change"/></concept><concept><code value="225380"/><display value="Indwelling Port (PortaCath)Tubing Change"/></concept><concept><code value="225390"/><display value="Presep Catheter Tubing Change"/></concept><concept><code value="229549"/><display value="Avalon Dressing Change"/></concept><concept><code value="225226"/><display value="CCO PAC Tubing Change"/></concept><concept><code value="229734"/><display value="24 Gauge Dressing Change"/></concept><concept><code value="225335"/><display value="IABP Cap Change"/></concept><concept><code value="226128"/><display value="ICP Line Insertion Date"/></concept><concept><code value="224290"/><display value="Arterial line Tubing Change"/></concept><concept><code value="226532"/><display value="Organ Bank Notified"/></concept><concept><code value="225391"/><display value="Triple Introducer Cap Change"/></concept><concept><code value="225324"/><display value="Dialysis CatheterTubing Change"/></concept><concept><code value="220003"/><display value="ICU Admission date"/></concept><concept><code value="229730"/><display value="14 Gauge Dressing Change"/></concept><concept><code value="224184"/><display value="PICC Line Insertion Date"/></concept><concept><code value="228160"/><display value="Impella Aortic Pressure Tubing Change"/></concept><concept><code value="226126"/><display value="ICP Line Dressing Change"/></concept><concept><code value="224186"/><display value="PICC Line Dressing Change"/></concept><concept><code value="224285"/><display value="Arterial line Change over Wire Date"/></concept><concept><code value="224262"/><display value="Multi Lumen Change over Wire Date"/></concept><concept><code value="227197"/><display value="Indwelling (PortaCath) Port #2 Date Accessed"/></concept><concept><code value="224187"/><display value="PICC Line Tubing Change"/></concept><concept><code value="228793"/><display value="Pressure ulcer #1- Dressing change"/></concept><concept><code value="229651"/><display value="Stroke NCP - Water Swallow Date"/></concept><concept><code value="225755"/><display value="18 Gauge Insertion Date"/></concept><concept><code value="229655"/><display value="Stroke NCP -  Fam Ed Given Date"/></concept><concept><code value="228802"/><display value="Pressure ulcer #10- Dressing change"/></concept><concept><code value="225336"/><display value="IABP Change over Wire Date"/></concept><concept><code value="225279"/><display value="Date of Admission to Hospital"/></concept><concept><code value="225322"/><display value="Dialysis Catheter Insertion Date"/></concept><concept><code value="229728"/><display value="18 Gauge Dressing Change"/></concept><concept><code value="225332"/><display value="Tunneled (Hickman) Tubing Change"/></concept><concept><code value="225221"/><display value="CCO PAC Cap Change"/></concept><concept><code value="229736"/><display value="14 Gauge Cap Change"/></concept><concept><code value="227722"/><display value="AVA Dressing Change"/></concept><concept><code value="224293"/><display value="Cordis/Introducer Change over Wire Date"/></concept><concept><code value="228207"/><display value="Tandem Heart Access Line Dressing Change"/></concept><concept><code value="228166"/><display value="Impella Dressing Change"/></concept><concept><code value="228221"/><display value="Tandem Heart Return Cannula Insertion Date"/></concept><concept><code value="229739"/><display value="22 Gauge Cap Change"/></concept><concept><code value="227797"/><display value="Impaired Skin  - Dressing Change #8"/></concept><concept><code value="225317"/><display value="Trauma Line Insertion Date"/></concept><concept><code value="225083"/><display value="Pregnancy due date"/></concept><concept><code value="225318"/><display value="Dialysis Catheter Cap Change"/></concept><concept><code value="227584"/><display value="GU Catheter D/C Date"/></concept><concept><code value="224287"/><display value="Arterial Line Dressing Change"/></concept><concept><code value="227795"/><display value="Impaired Skin  - Dressing Change #6"/></concept><concept><code value="225766"/><display value="Sheath Insertion Date"/></concept><concept><code value="229353"/><display value="Foley Cath Removal Date"/></concept><concept><code value="225758"/><display value="RIC Insertion Date"/></concept><concept><code value="225757"/><display value="14 Gauge Insertion Date"/></concept><concept><code value="224183"/><display value="PICC Line Cap Change"/></concept><concept><code value="225367"/><display value="Pheresis Catheter Cap Change"/></concept><concept><code value="225128"/><display value="Last dialysis"/></concept><concept><code value="225753"/><display value="22 Gauge Insertion Date"/></concept><concept><code value="229542"/><display value="EKOS Dressing Change"/></concept><concept><code value="225769"/><display value="Sheath Tubing Change"/></concept><concept><code value="224288"/><display value="Arterial line Insertion Date"/></concept><concept><code value="229740"/><display value="24 Gauge Cap Change"/></concept><concept><code value="229888"/><display value="Pressure Ulcer #5- Date Indentified"/></concept><concept><code value="227541"/><display value="SvO2 Calibrated"/></concept><concept><code value="226482"/><display value="Blood Clot Outdates"/></concept><concept><code value="228165"/><display value="Impella Daily Tubing Change"/></concept><concept><code value="226518"/><display value="Expected Discharge Date"/></concept><concept><code value="225754"/><display value="20 Gauge Insertion Date"/></concept><concept><code value="225346"/><display value="Midline Insertion Date"/></concept><concept><code value="225353"/><display value="PA Catheter Dressing Change"/></concept><concept><code value="225343"/><display value="Midline Cap Change"/></concept><concept><code value="225372"/><display value="Pheresis Catheter Tubing Change"/></concept><concept><code value="225762"/><display value="Sheath Cap Change"/></concept><concept><code value="225394"/><display value="Triple Introducer Insertion Date"/></concept><concept><code value="227790"/><display value="Impaired Skin  - Dressing Change #1"/></concept><concept><code value="224292"/><display value="Cordis/Introducer Cap Change"/></concept><concept><code value="228266"/><display value="FM Date/Time"/></concept><concept><code value="225377"/><display value="Indwelling Port (PortaCath) Dressing Change"/></concept><concept><code value="225356"/><display value="PA Catheter Tubing Change"/></concept><concept><code value="225213"/><display value="Trauma Line Cap Change"/></concept><concept><code value="229890"/><display value="Pressure Ulcer #7- Date Indentified"/></concept><concept><code value="224298"/><display value="Cordis/Introducer Tubing Change"/></concept><concept><code value="229556"/><display value="Cardiac Assist Cannula Date"/></concept><concept><code value="229887"/><display value="Pressure Ulcer #4- Date Indentified"/></concept><concept><code value="225393"/><display value="Triple Introducer Dressing Change"/></concept><concept><code value="228331"/><display value="PC Time of visit"/></concept><concept><code value="227724"/><display value="AVA Insertion Date"/></concept><concept><code value="227199"/><display value="Indwelling (PortaCath) Port #2 Date De-accessed"/></concept><concept><code value="225329"/><display value="Tunneled (Hickman) Dressing Change"/></concept><concept><code value="225345"/><display value="Midline Dressing Change"/></concept><concept><code value="224878"/><display value="GU Catheter Insertion Date"/></concept><concept><code value="228321"/><display value="PC Date"/></concept><concept><code value="228801"/><display value="Pressure ulcer #9- Dressing change"/></concept><concept><code value="227907"/><display value="Date - Student"/></concept><concept><code value="225316"/><display value="CCO PAC Insertion Date"/></concept><concept><code value="224280"/><display value="Multi Lumen Insertion Date"/></concept><concept><code value="229732"/><display value="20 Gauge Dressing Change"/></concept><concept><code value="227792"/><display value="Impaired Skin  - Dressing Change #3"/></concept><concept><code value="228168"/><display value="Impella Insertion Date"/></concept><concept><code value="224279"/><display value="Multi Lumen Dressing Change"/></concept><concept><code value="225344"/><display value="Midline Change over Wire Date"/></concept><concept><code value="224284"/><display value="Arterial line Cap Change"/></concept><concept><code value="226515"/><display value="Date of Birth"/></concept><concept><code value="225337"/><display value="IABP Dressing Change"/></concept><concept><code value="227361"/><display value="Indwelling (PortaCath) Dressing Change"/></concept><concept><code value="225385"/><display value="Presep Catheter Dressing Change"/></concept><concept><code value="229891"/><display value="Pressure Ulcer #8- Date Indentified"/></concept><concept><code value="229541"/><display value="EKOS Insertion Date"/></concept><concept><code value="227794"/><display value="Impaired Skin  - Dressing Change #5"/></concept></include></compose></ValueSet>