<?xml version="1.0" encoding="UTF-8"?><ValueSet xmlns="http://hl7.org/fhir"><id value="mimic-medication-etc"/><language value="en"/><text><status value="generated"/><div xmlns="http://www.w3.org/1999/xhtml" xml:lang="en" lang="en"><ul><li>Include all codes defined in <a href="CodeSystem-mimic-medication-etc.html"><code>http://mimic.mit.edu/fhir/mimic/CodeSystem/mimic-medication-etc</code></a></li></ul></div></text><url value="http://mimic.mit.edu/fhir/mimic/ValueSet/mimic-medication-etc"/><version value="1.3.0"/><name value="MimicMedicationEtc"/><title value="MimicMedicationEtc"/><status value="draft"/><date value="2022-09-21T13:59:43-04:00"/><publisher value="KinD Lab"/><contact><name value="KinD Lab"/><telecom><system value="url"/><value value="http://fhir.kindlab.sickkids.ca"/></telecom></contact><description value="The medication ETC (enhanced therapeutic class) codes for MIMIC"/><compose><include><system value="http://mimic.mit.edu/fhir/mimic/CodeSystem/mimic-medication-etc"/></include></compose></ValueSet>