<?xml version="1.0" encoding="UTF-8"?><ValueSet xmlns="http://hl7.org/fhir"><id value="mimic-procedure-types-ed"/><text><status value="generated"/><div xmlns="http://www.w3.org/1999/xhtml"><ul><li>Include these codes as defined in <a href="http://www.snomed.org/"><code>http://snomed.info/sct</code></a><table class="none"><tr><td style="white-space:nowrap"><b>Code</b></td><td><b>Display</b></td></tr><tr><td><a href="http://snomed.info/id/386478007">386478007</a></td><td>Triage: emergency center (procedure)</td></tr><tr><td><a href="http://snomed.info/id/410188000">410188000</a></td><td>Taking patient vital signs assessment (procedure)</td></tr></table></li></ul></div></text><url value="http://mimic.mit.edu/fhir/mimic/ValueSet/mimic-procedure-types-ed"/><version value="1.3.0"/><name value="MimicProcedureTypesED"/><title value="MIMIC-ED Procedure Code Types Value Set"/><status value="active"/><date value="2024-02-08T11:07:36-05:00"/><publisher value="KinD Lab"/><contact><name value="KinD Lab"/><telecom><system value="url"/><value value="http://fhir.kindlab.sickkids.ca"/></telecom></contact><description value="Selected codes from SNOMED CT that represent either triage or vitalsign measurements."/><compose><include><system value="http://snomed.info/sct"/><concept><code value="386478007"/><display value="Triage: emergency center (procedure)"/></concept><concept><code value="410188000"/><display value="Taking patient vital signs assessment (procedure)"/></concept></include></compose></ValueSet>