{"resourceType":"CodeSystem","id":"mimic-medication-route","language":"en","text":{"status":"generated","div":"<div xmlns=\"http://www.w3.org/1999/xhtml\" xml:lang=\"en\" lang=\"en\"><p>This  code system <code>http://mimic.mit.edu/fhir/mimic/CodeSystem/mimic-medication-route</code> defines the following codes:</p><table class=\"codes\"><tr><td style=\"white-space:nowrap\"><b>Code</b></td></tr><tr><td style=\"white-space:nowrap\">AD<a name=\"mimic-medication-route-AD\"> </a></td></tr><tr><td style=\"white-space:nowrap\">IH<a name=\"mimic-medication-route-IH\"> </a></td></tr><tr><td style=\"white-space:nowrap\">G TUBE<a name=\"mimic-medication-route-GTUBE\"> </a></td></tr><tr><td style=\"white-space:nowrap\">NG<a name=\"mimic-medication-route-NG\"> </a></td></tr><tr><td style=\"white-space:nowrap\">AERO<a name=\"mimic-medication-route-AERO\"> </a></td></tr><tr><td style=\"white-space:nowrap\">IL<a name=\"mimic-medication-route-IL\"> </a></td></tr><tr><td style=\"white-space:nowrap\">IT<a name=\"mimic-medication-route-IT\"> </a></td></tr><tr><td style=\"white-space:nowrap\">PO<a name=\"mimic-medication-route-PO\"> </a></td></tr><tr><td style=\"white-space:nowrap\">DWELL<a name=\"mimic-medication-route-DWELL\"> </a></td></tr><tr><td style=\"white-space:nowrap\">RIGHT EAR<a name=\"mimic-medication-route-RIGHTEAR\"> </a></td></tr><tr><td style=\"white-space:nowrap\">IU<a name=\"mimic-medication-route-IU\"> </a></td></tr><tr><td style=\"white-space:nowrap\">LEFT EAR<a name=\"mimic-medication-route-LEFTEAR\"> </a></td></tr><tr><td style=\"white-space:nowrap\">PO/NG<a name=\"mimic-medication-route-PO.47NG\"> </a></td></tr><tr><td style=\"white-space:nowrap\">INTRAVITREAL<a name=\"mimic-medication-route-INTRAVITREAL\"> </a></td></tr><tr><td style=\"white-space:nowrap\">PO OR ENTERAL TUBE<a name=\"mimic-medication-route-POORENTERALTUBE\"> </a></td></tr><tr><td style=\"white-space:nowrap\">SIDE PORT<a name=\"mimic-medication-route-SIDEPORT\"> </a></td></tr><tr><td style=\"white-space:nowrap\">FEMORAL VEIN<a name=\"mimic-medication-route-FEMORALVEIN\"> </a></td></tr><tr><td style=\"white-space:nowrap\">IV<a name=\"mimic-medication-route-IV\"> </a></td></tr><tr><td style=\"white-space:nowrap\">REPLACE<a name=\"mimic-medication-route-REPLACE\"> </a></td></tr><tr><td style=\"white-space:nowrap\">IA<a name=\"mimic-medication-route-IA\"> </a></td></tr><tr><td style=\"white-space:nowrap\">LEFT EYE<a name=\"mimic-medication-route-LEFTEYE\"> </a></td></tr><tr><td style=\"white-space:nowrap\">IV FLUSH<a name=\"mimic-medication-route-IVFLUSH\"> </a></td></tr><tr><td style=\"white-space:nowrap\">IP<a name=\"mimic-medication-route-IP\"> </a></td></tr><tr><td style=\"white-space:nowrap\">ED<a name=\"mimic-medication-route-ED\"> </a></td></tr><tr><td style=\"white-space:nowrap\">AS<a name=\"mimic-medication-route-AS\"> </a></td></tr><tr><td style=\"white-space:nowrap\">INTRA-ARTERIALLY<a name=\"mimic-medication-route-INTRA-ARTERIALLY\"> </a></td></tr><tr><td style=\"white-space:nowrap\">ORAL<a name=\"mimic-medication-route-ORAL\"> </a></td></tr><tr><td style=\"white-space:nowrap\">FLUSH<a name=\"mimic-medication-route-FLUSH\"> </a></td></tr><tr><td style=\"white-space:nowrap\">BOTH EYES<a name=\"mimic-medication-route-BOTHEYES\"> </a></td></tr><tr><td style=\"white-space:nowrap\">DIALYS<a name=\"mimic-medication-route-DIALYS\"> </a></td></tr><tr><td style=\"white-space:nowrap\">INFUSION VIA ON-Q PUMP<a name=\"mimic-medication-route-INFUSIONVIAON-QPUMP\"> </a></td></tr><tr><td style=\"white-space:nowrap\">PO/IV<a name=\"mimic-medication-route-PO.47IV\"> </a></td></tr><tr><td style=\"white-space:nowrap\">IVPCA<a name=\"mimic-medication-route-IVPCA\"> </a></td></tr><tr><td style=\"white-space:nowrap\">INHALATION<a name=\"mimic-medication-route-INHALATION\"> </a></td></tr><tr><td style=\"white-space:nowrap\">OD<a name=\"mimic-medication-route-OD\"> </a></td></tr><tr><td style=\"white-space:nowrap\">IV INFUSION<a name=\"mimic-medication-route-IVINFUSION\"> </a></td></tr><tr><td style=\"white-space:nowrap\">ND<a name=\"mimic-medication-route-ND\"> </a></td></tr><tr><td style=\"white-space:nowrap\">PO/OG<a name=\"mimic-medication-route-PO.47OG\"> </a></td></tr><tr><td style=\"white-space:nowrap\">EDPCA<a name=\"mimic-medication-route-EDPCA\"> </a></td></tr><tr><td style=\"white-space:nowrap\">PEG<a name=\"mimic-medication-route-PEG\"> </a></td></tr><tr><td style=\"white-space:nowrap\">SL<a name=\"mimic-medication-route-SL\"> </a></td></tr><tr><td style=\"white-space:nowrap\">BOTH EARS<a name=\"mimic-medication-route-BOTHEARS\"> </a></td></tr><tr><td style=\"white-space:nowrap\">IVS<a name=\"mimic-medication-route-IVS\"> </a></td></tr><tr><td style=\"white-space:nowrap\">IR<a name=\"mimic-medication-route-IR\"> </a></td></tr><tr><td style=\"white-space:nowrap\">NS<a name=\"mimic-medication-route-NS\"> </a></td></tr><tr><td style=\"white-space:nowrap\">AU<a name=\"mimic-medication-route-AU\"> </a></td></tr><tr><td style=\"white-space:nowrap\">OU<a name=\"mimic-medication-route-OU\"> </a></td></tr><tr><td style=\"white-space:nowrap\">IN<a name=\"mimic-medication-route-IN\"> </a></td></tr><tr><td style=\"white-space:nowrap\">INTRALESIONAL<a name=\"mimic-medication-route-INTRALESIONAL\"> </a></td></tr><tr><td style=\"white-space:nowrap\">P.O.<a name=\"mimic-medication-route-P.46O.46\"> </a></td></tr><tr><td style=\"white-space:nowrap\">TD<a name=\"mimic-medication-route-TD\"> </a></td></tr><tr><td style=\"white-space:nowrap\">NGT<a name=\"mimic-medication-route-NGT\"> </a></td></tr><tr><td style=\"white-space:nowrap\">INTRACORPOREAL<a name=\"mimic-medication-route-INTRACORPOREAL\"> </a></td></tr><tr><td style=\"white-space:nowrap\">NAS<a name=\"mimic-medication-route-NAS\"> </a></td></tr><tr><td style=\"white-space:nowrap\">Po<a name=\"mimic-medication-route-Po\"> </a></td></tr><tr><td style=\"white-space:nowrap\">IMPELLA<a name=\"mimic-medication-route-IMPELLA\"> </a></td></tr><tr><td style=\"white-space:nowrap\">ET<a name=\"mimic-medication-route-ET\"> </a></td></tr><tr><td style=\"white-space:nowrap\">EX-VIVO<a name=\"mimic-medication-route-EX-VIVO\"> </a></td></tr><tr><td style=\"white-space:nowrap\">NEB<a name=\"mimic-medication-route-NEB\"> </a></td></tr><tr><td style=\"white-space:nowrap\">IRR<a name=\"mimic-medication-route-IRR\"> </a></td></tr><tr><td style=\"white-space:nowrap\">SC INFUSION<a name=\"mimic-medication-route-SCINFUSION\"> </a></td></tr><tr><td style=\"white-space:nowrap\">PL<a name=\"mimic-medication-route-PL\"> </a></td></tr><tr><td style=\"white-space:nowrap\">ITPCA<a name=\"mimic-medication-route-ITPCA\"> </a></td></tr><tr><td style=\"white-space:nowrap\">LOCK<a name=\"mimic-medication-route-LOCK\"> </a></td></tr><tr><td style=\"white-space:nowrap\">IJ<a name=\"mimic-medication-route-IJ\"> </a></td></tr><tr><td style=\"white-space:nowrap\">IO<a name=\"mimic-medication-route-IO\"> </a></td></tr><tr><td style=\"white-space:nowrap\">OG<a name=\"mimic-medication-route-OG\"> </a></td></tr><tr><td style=\"white-space:nowrap\">TRANSDERMAL<a name=\"mimic-medication-route-TRANSDERMAL\"> </a></td></tr><tr><td style=\"white-space:nowrap\">OGT<a name=\"mimic-medication-route-OGT\"> </a></td></tr><tr><td style=\"white-space:nowrap\">SUBCUT INFUSION<a name=\"mimic-medication-route-SUBCUTINFUSION\"> </a></td></tr><tr><td style=\"white-space:nowrap\">VG<a name=\"mimic-medication-route-VG\"> </a></td></tr><tr><td style=\"white-space:nowrap\">SCPCA<a name=\"mimic-medication-route-SCPCA\"> </a></td></tr><tr><td style=\"white-space:nowrap\">IVCI<a name=\"mimic-medication-route-IVCI\"> </a></td></tr><tr><td style=\"white-space:nowrap\">IV FLUSH*<a name=\"mimic-medication-route-IVFLUSH.42\"> </a></td></tr><tr><td style=\"white-space:nowrap\">INTRAPLEURAL<a name=\"mimic-medication-route-INTRAPLEURAL\"> </a></td></tr><tr><td style=\"white-space:nowrap\">OS<a name=\"mimic-medication-route-OS\"> </a></td></tr><tr><td style=\"white-space:nowrap\">DLPICC<a name=\"mimic-medication-route-DLPICC\"> </a></td></tr><tr><td style=\"white-space:nowrap\">IV BOLUS<a name=\"mimic-medication-route-IVBOLUS\"> </a></td></tr><tr><td style=\"white-space:nowrap\">SC<a name=\"mimic-medication-route-SC\"> </a></td></tr><tr><td style=\"white-space:nowrap\">INTERSPACE<a name=\"mimic-medication-route-INTERSPACE\"> </a></td></tr><tr><td style=\"white-space:nowrap\">po<a name=\"mimic-medication-route-po\"> </a></td></tr><tr><td style=\"white-space:nowrap\">SCPUMP<a name=\"mimic-medication-route-SCPUMP\"> </a></td></tr><tr><td style=\"white-space:nowrap\">TT<a name=\"mimic-medication-route-TT\"> </a></td></tr><tr><td style=\"white-space:nowrap\">IV DRIP<a name=\"mimic-medication-route-IVDRIP\"> </a></td></tr><tr><td style=\"white-space:nowrap\">PB<a name=\"mimic-medication-route-PB\"> </a></td></tr><tr><td style=\"white-space:nowrap\">IVT<a name=\"mimic-medication-route-IVT\"> </a></td></tr><tr><td style=\"white-space:nowrap\">RIGHT EYE<a name=\"mimic-medication-route-RIGHTEYE\"> </a></td></tr><tr><td style=\"white-space:nowrap\">PR<a name=\"mimic-medication-route-PR\"> </a></td></tr><tr><td style=\"white-space:nowrap\">SUBCUT<a name=\"mimic-medication-route-SUBCUT\"> </a></td></tr><tr><td style=\"white-space:nowrap\">BUCCAL<a name=\"mimic-medication-route-BUCCAL\"> </a></td></tr><tr><td style=\"white-space:nowrap\">AC<a name=\"mimic-medication-route-AC\"> </a></td></tr><tr><td style=\"white-space:nowrap\">TP<a name=\"mimic-medication-route-TP\"> </a></td></tr><tr><td style=\"white-space:nowrap\">INTRAPERICARDIAL<a name=\"mimic-medication-route-INTRAPERICARDIAL\"> </a></td></tr><tr><td style=\"white-space:nowrap\">AXILLARY<a name=\"mimic-medication-route-AXILLARY\"> </a></td></tr><tr><td style=\"white-space:nowrap\">ng<a name=\"mimic-medication-route-ng\"> </a></td></tr><tr><td style=\"white-space:nowrap\">PERIPHNERVE<a name=\"mimic-medication-route-PERIPHNERVE\"> </a></td></tr><tr><td style=\"white-space:nowrap\">IC<a name=\"mimic-medication-route-IC\"> </a></td></tr><tr><td style=\"white-space:nowrap\">BU<a name=\"mimic-medication-route-BU\"> </a></td></tr><tr><td style=\"white-space:nowrap\">PV<a name=\"mimic-medication-route-PV\"> </a></td></tr><tr><td style=\"white-space:nowrap\">NU<a name=\"mimic-medication-route-NU\"> </a></td></tr><tr><td style=\"white-space:nowrap\">ENTERAL TUBE ONLY – NOT ORAL<a name=\"mimic-medication-route-ENTERALTUBEONLY.8211NOTORAL\"> </a></td></tr><tr><td style=\"white-space:nowrap\">J TUBE<a name=\"mimic-medication-route-JTUBE\"> </a></td></tr><tr><td style=\"white-space:nowrap\">LUMBAR PLEXUS<a name=\"mimic-medication-route-LUMBARPLEXUS\"> </a></td></tr><tr><td style=\"white-space:nowrap\">NG/OG<a name=\"mimic-medication-route-NG.47OG\"> </a></td></tr><tr><td style=\"white-space:nowrap\">ID<a name=\"mimic-medication-route-ID\"> </a></td></tr><tr><td style=\"white-space:nowrap\">IM<a name=\"mimic-medication-route-IM\"> </a></td></tr></table></div>"},"url":"http://mimic.mit.edu/fhir/mimic/CodeSystem/mimic-medication-route","version":"1.3.0","name":"MimicMedicationRoute","title":"MimicMedicationRoute","status":"draft","date":"2022-09-21T13:59:43-04:00","publisher":"KinD Lab","contact":[{"name":"KinD Lab","telecom":[{"system":"url","value":"http://fhir.kindlab.sickkids.ca"}]}],"description":"The medication route during administration for MIMIC","valueSet":"http://mimic.mit.edu/fhir/mimic/ValueSet/mimic-medication-route","content":"complete","concept":[{"code":"AD","designation":[{"language":"en","use":{"system":"http://terminology.hl7.org/CodeSystem/designation-usage","code":"display"}}]},{"code":"IH","designation":[{"language":"en","use":{"system":"http://terminology.hl7.org/CodeSystem/designation-usage","code":"display"}}]},{"code":"G TUBE","designation":[{"language":"en","use":{"system":"http://terminology.hl7.org/CodeSystem/designation-usage","code":"display"}}]},{"code":"NG","designation":[{"language":"en","use":{"system":"http://terminology.hl7.org/CodeSystem/designation-usage","code":"display"}}]},{"code":"AERO","designation":[{"language":"en","use":{"system":"http://terminology.hl7.org/CodeSystem/designation-usage","code":"display"}}]},{"code":"IL","designation":[{"language":"en","use":{"system":"http://terminology.hl7.org/CodeSystem/designation-usage","code":"display"}}]},{"code":"IT","designation":[{"language":"en","use":{"system":"http://terminology.hl7.org/CodeSystem/designation-usage","code":"display"}}]},{"code":"PO","designation":[{"language":"en","use":{"system":"http://terminology.hl7.org/CodeSystem/designation-usage","code":"display"}}]},{"code":"DWELL","designation":[{"language":"en","use":{"system":"http://terminology.hl7.org/CodeSystem/designation-usage","code":"display"}}]},{"code":"RIGHT EAR","designation":[{"language":"en","use":{"system":"http://terminology.hl7.org/CodeSystem/designation-usage","code":"display"}}]},{"code":"IU","designation":[{"language":"en","use":{"system":"http://terminology.hl7.org/CodeSystem/designation-usage","code":"display"}}]},{"code":"LEFT EAR","designation":[{"language":"en","use":{"system":"http://terminology.hl7.org/CodeSystem/designation-usage","code":"display"}}]},{"code":"PO/NG","designation":[{"language":"en","use":{"system":"http://terminology.hl7.org/CodeSystem/designation-usage","code":"display"}}]},{"code":"INTRAVITREAL","designation":[{"language":"en","use":{"system":"http://terminology.hl7.org/CodeSystem/designation-usage","code":"display"}}]},{"code":"PO OR ENTERAL TUBE","designation":[{"language":"en","use":{"system":"http://terminology.hl7.org/CodeSystem/designation-usage","code":"display"}}]},{"code":"SIDE PORT","designation":[{"language":"en","use":{"system":"http://terminology.hl7.org/CodeSystem/designation-usage","code":"display"}}]},{"code":"FEMORAL VEIN","designation":[{"language":"en","use":{"system":"http://terminology.hl7.org/CodeSystem/designation-usage","code":"display"}}]},{"code":"IV","designation":[{"language":"en","use":{"system":"http://terminology.hl7.org/CodeSystem/designation-usage","code":"display"}}]},{"code":"REPLACE","designation":[{"language":"en","use":{"system":"http://terminology.hl7.org/CodeSystem/designation-usage","code":"display"}}]},{"code":"IA","designation":[{"language":"en","use":{"system":"http://terminology.hl7.org/CodeSystem/designation-usage","code":"display"}}]},{"code":"LEFT EYE","designation":[{"language":"en","use":{"system":"http://terminology.hl7.org/CodeSystem/designation-usage","code":"display"}}]},{"code":"IV FLUSH","designation":[{"language":"en","use":{"system":"http://terminology.hl7.org/CodeSystem/designation-usage","code":"display"}}]},{"code":"IP","designation":[{"language":"en","use":{"system":"http://terminology.hl7.org/CodeSystem/designation-usage","code":"display"}}]},{"code":"ED","designation":[{"language":"en","use":{"system":"http://terminology.hl7.org/CodeSystem/designation-usage","code":"display"}}]},{"code":"AS","designation":[{"language":"en","use":{"system":"http://terminology.hl7.org/CodeSystem/designation-usage","code":"display"}}]},{"code":"INTRA-ARTERIALLY","designation":[{"language":"en","use":{"system":"http://terminology.hl7.org/CodeSystem/designation-usage","code":"display"}}]},{"code":"ORAL","designation":[{"language":"en","use":{"system":"http://terminology.hl7.org/CodeSystem/designation-usage","code":"display"}}]},{"code":"FLUSH","designation":[{"language":"en","use":{"system":"http://terminology.hl7.org/CodeSystem/designation-usage","code":"display"}}]},{"code":"BOTH EYES","designation":[{"language":"en","use":{"system":"http://terminology.hl7.org/CodeSystem/designation-usage","code":"display"}}]},{"code":"DIALYS","designation":[{"language":"en","use":{"system":"http://terminology.hl7.org/CodeSystem/designation-usage","code":"display"}}]},{"code":"INFUSION VIA ON-Q PUMP","designation":[{"language":"en","use":{"system":"http://terminology.hl7.org/CodeSystem/designation-usage","code":"display"}}]},{"code":"PO/IV","designation":[{"language":"en","use":{"system":"http://terminology.hl7.org/CodeSystem/designation-usage","code":"display"}}]},{"code":"IVPCA","designation":[{"language":"en","use":{"system":"http://terminology.hl7.org/CodeSystem/designation-usage","code":"display"}}]},{"code":"INHALATION","designation":[{"language":"en","use":{"system":"http://terminology.hl7.org/CodeSystem/designation-usage","code":"display"}}]},{"code":"OD","designation":[{"language":"en","use":{"system":"http://terminology.hl7.org/CodeSystem/designation-usage","code":"display"}}]},{"code":"IV INFUSION","designation":[{"language":"en","use":{"system":"http://terminology.hl7.org/CodeSystem/designation-usage","code":"display"}}]},{"code":"ND","designation":[{"language":"en","use":{"system":"http://terminology.hl7.org/CodeSystem/designation-usage","code":"display"}}]},{"code":"PO/OG","designation":[{"language":"en","use":{"system":"http://terminology.hl7.org/CodeSystem/designation-usage","code":"display"}}]},{"code":"EDPCA","designation":[{"language":"en","use":{"system":"http://terminology.hl7.org/CodeSystem/designation-usage","code":"display"}}]},{"code":"PEG","designation":[{"language":"en","use":{"system":"http://terminology.hl7.org/CodeSystem/designation-usage","code":"display"}}]},{"code":"SL","designation":[{"language":"en","use":{"system":"http://terminology.hl7.org/CodeSystem/designation-usage","code":"display"}}]},{"code":"BOTH EARS","designation":[{"language":"en","use":{"system":"http://terminology.hl7.org/CodeSystem/designation-usage","code":"display"}}]},{"code":"IVS","designation":[{"language":"en","use":{"system":"http://terminology.hl7.org/CodeSystem/designation-usage","code":"display"}}]},{"code":"IR","designation":[{"language":"en","use":{"system":"http://terminology.hl7.org/CodeSystem/designation-usage","code":"display"}}]},{"code":"NS","designation":[{"language":"en","use":{"system":"http://terminology.hl7.org/CodeSystem/designation-usage","code":"display"}}]},{"code":"AU","designation":[{"language":"en","use":{"system":"http://terminology.hl7.org/CodeSystem/designation-usage","code":"display"}}]},{"code":"OU","designation":[{"language":"en","use":{"system":"http://terminology.hl7.org/CodeSystem/designation-usage","code":"display"}}]},{"code":"IN","designation":[{"language":"en","use":{"system":"http://terminology.hl7.org/CodeSystem/designation-usage","code":"display"}}]},{"code":"INTRALESIONAL","designation":[{"language":"en","use":{"system":"http://terminology.hl7.org/CodeSystem/designation-usage","code":"display"}}]},{"code":"P.O.","designation":[{"language":"en","use":{"system":"http://terminology.hl7.org/CodeSystem/designation-usage","code":"display"}}]},{"code":"TD","designation":[{"language":"en","use":{"system":"http://terminology.hl7.org/CodeSystem/designation-usage","code":"display"}}]},{"code":"NGT","designation":[{"language":"en","use":{"system":"http://terminology.hl7.org/CodeSystem/designation-usage","code":"display"}}]},{"code":"INTRACORPOREAL","designation":[{"language":"en","use":{"system":"http://terminology.hl7.org/CodeSystem/designation-usage","code":"display"}}]},{"code":"NAS","designation":[{"language":"en","use":{"system":"http://terminology.hl7.org/CodeSystem/designation-usage","code":"display"}}]},{"code":"Po","designation":[{"language":"en","use":{"system":"http://terminology.hl7.org/CodeSystem/designation-usage","code":"display"}}]},{"code":"IMPELLA","designation":[{"language":"en","use":{"system":"http://terminology.hl7.org/CodeSystem/designation-usage","code":"display"}}]},{"code":"ET","designation":[{"language":"en","use":{"system":"http://terminology.hl7.org/CodeSystem/designation-usage","code":"display"}}]},{"code":"EX-VIVO","designation":[{"language":"en","use":{"system":"http://terminology.hl7.org/CodeSystem/designation-usage","code":"display"}}]},{"code":"NEB","designation":[{"language":"en","use":{"system":"http://terminology.hl7.org/CodeSystem/designation-usage","code":"display"}}]},{"code":"IRR","designation":[{"language":"en","use":{"system":"http://terminology.hl7.org/CodeSystem/designation-usage","code":"display"}}]},{"code":"SC INFUSION","designation":[{"language":"en","use":{"system":"http://terminology.hl7.org/CodeSystem/designation-usage","code":"display"}}]},{"code":"PL","designation":[{"language":"en","use":{"system":"http://terminology.hl7.org/CodeSystem/designation-usage","code":"display"}}]},{"code":"ITPCA","designation":[{"language":"en","use":{"system":"http://terminology.hl7.org/CodeSystem/designation-usage","code":"display"}}]},{"code":"LOCK","designation":[{"language":"en","use":{"system":"http://terminology.hl7.org/CodeSystem/designation-usage","code":"display"}}]},{"code":"IJ","designation":[{"language":"en","use":{"system":"http://terminology.hl7.org/CodeSystem/designation-usage","code":"display"}}]},{"code":"IO","designation":[{"language":"en","use":{"system":"http://terminology.hl7.org/CodeSystem/designation-usage","code":"display"}}]},{"code":"OG","designation":[{"language":"en","use":{"system":"http://terminology.hl7.org/CodeSystem/designation-usage","code":"display"}}]},{"code":"TRANSDERMAL","designation":[{"language":"en","use":{"system":"http://terminology.hl7.org/CodeSystem/designation-usage","code":"display"}}]},{"code":"OGT","designation":[{"language":"en","use":{"system":"http://terminology.hl7.org/CodeSystem/designation-usage","code":"display"}}]},{"code":"SUBCUT INFUSION","designation":[{"language":"en","use":{"system":"http://terminology.hl7.org/CodeSystem/designation-usage","code":"display"}}]},{"code":"VG","designation":[{"language":"en","use":{"system":"http://terminology.hl7.org/CodeSystem/designation-usage","code":"display"}}]},{"code":"SCPCA","designation":[{"language":"en","use":{"system":"http://terminology.hl7.org/CodeSystem/designation-usage","code":"display"}}]},{"code":"IVCI","designation":[{"language":"en","use":{"system":"http://terminology.hl7.org/CodeSystem/designation-usage","code":"display"}}]},{"code":"IV FLUSH*","designation":[{"language":"en","use":{"system":"http://terminology.hl7.org/CodeSystem/designation-usage","code":"display"}}]},{"code":"INTRAPLEURAL","designation":[{"language":"en","use":{"system":"http://terminology.hl7.org/CodeSystem/designation-usage","code":"display"}}]},{"code":"OS","designation":[{"language":"en","use":{"system":"http://terminology.hl7.org/CodeSystem/designation-usage","code":"display"}}]},{"code":"DLPICC","designation":[{"language":"en","use":{"system":"http://terminology.hl7.org/CodeSystem/designation-usage","code":"display"}}]},{"code":"IV BOLUS","designation":[{"language":"en","use":{"system":"http://terminology.hl7.org/CodeSystem/designation-usage","code":"display"}}]},{"code":"SC","designation":[{"language":"en","use":{"system":"http://terminology.hl7.org/CodeSystem/designation-usage","code":"display"}}]},{"code":"INTERSPACE","designation":[{"language":"en","use":{"system":"http://terminology.hl7.org/CodeSystem/designation-usage","code":"display"}}]},{"code":"po","designation":[{"language":"en","use":{"system":"http://terminology.hl7.org/CodeSystem/designation-usage","code":"display"}}]},{"code":"SCPUMP","designation":[{"language":"en","use":{"system":"http://terminology.hl7.org/CodeSystem/designation-usage","code":"display"}}]},{"code":"TT","designation":[{"language":"en","use":{"system":"http://terminology.hl7.org/CodeSystem/designation-usage","code":"display"}}]},{"code":"IV DRIP","designation":[{"language":"en","use":{"system":"http://terminology.hl7.org/CodeSystem/designation-usage","code":"display"}}]},{"code":"PB","designation":[{"language":"en","use":{"system":"http://terminology.hl7.org/CodeSystem/designation-usage","code":"display"}}]},{"code":"IVT","designation":[{"language":"en","use":{"system":"http://terminology.hl7.org/CodeSystem/designation-usage","code":"display"}}]},{"code":"RIGHT EYE","designation":[{"language":"en","use":{"system":"http://terminology.hl7.org/CodeSystem/designation-usage","code":"display"}}]},{"code":"PR","designation":[{"language":"en","use":{"system":"http://terminology.hl7.org/CodeSystem/designation-usage","code":"display"}}]},{"code":"SUBCUT","designation":[{"language":"en","use":{"system":"http://terminology.hl7.org/CodeSystem/designation-usage","code":"display"}}]},{"code":"BUCCAL","designation":[{"language":"en","use":{"system":"http://terminology.hl7.org/CodeSystem/designation-usage","code":"display"}}]},{"code":"AC","designation":[{"language":"en","use":{"system":"http://terminology.hl7.org/CodeSystem/designation-usage","code":"display"}}]},{"code":"TP","designation":[{"language":"en","use":{"system":"http://terminology.hl7.org/CodeSystem/designation-usage","code":"display"}}]},{"code":"INTRAPERICARDIAL","designation":[{"language":"en","use":{"system":"http://terminology.hl7.org/CodeSystem/designation-usage","code":"display"}}]},{"code":"AXILLARY","designation":[{"language":"en","use":{"system":"http://terminology.hl7.org/CodeSystem/designation-usage","code":"display"}}]},{"code":"ng","designation":[{"language":"en","use":{"system":"http://terminology.hl7.org/CodeSystem/designation-usage","code":"display"}}]},{"code":"PERIPHNERVE","designation":[{"language":"en","use":{"system":"http://terminology.hl7.org/CodeSystem/designation-usage","code":"display"}}]},{"code":"IC","designation":[{"language":"en","use":{"system":"http://terminology.hl7.org/CodeSystem/designation-usage","code":"display"}}]},{"code":"BU","designation":[{"language":"en","use":{"system":"http://terminology.hl7.org/CodeSystem/designation-usage","code":"display"}}]},{"code":"PV","designation":[{"language":"en","use":{"system":"http://terminology.hl7.org/CodeSystem/designation-usage","code":"display"}}]},{"code":"NU","designation":[{"language":"en","use":{"system":"http://terminology.hl7.org/CodeSystem/designation-usage","code":"display"}}]},{"code":"ENTERAL TUBE ONLY – NOT ORAL","designation":[{"language":"en","use":{"system":"http://terminology.hl7.org/CodeSystem/designation-usage","code":"display"}}]},{"code":"J TUBE","designation":[{"language":"en","use":{"system":"http://terminology.hl7.org/CodeSystem/designation-usage","code":"display"}}]},{"code":"LUMBAR PLEXUS","designation":[{"language":"en","use":{"system":"http://terminology.hl7.org/CodeSystem/designation-usage","code":"display"}}]},{"code":"NG/OG","designation":[{"language":"en","use":{"system":"http://terminology.hl7.org/CodeSystem/designation-usage","code":"display"}}]},{"code":"ID","designation":[{"language":"en","use":{"system":"http://terminology.hl7.org/CodeSystem/designation-usage","code":"display"}}]},{"code":"IM","designation":[{"language":"en","use":{"system":"http://terminology.hl7.org/CodeSystem/designation-usage","code":"display"}}]}]}