{"resourceType":"CodeSystem","id":"mimic-admit-source","language":"en","text":{"status":"generated","div":"<div xmlns=\"http://www.w3.org/1999/xhtml\" xml:lang=\"en\" lang=\"en\"><p>This  code system <code>http://mimic.mit.edu/fhir/mimic/CodeSystem/mimic-admit-source</code> defines the following codes:</p><table class=\"codes\"><tr><td style=\"white-space:nowrap\"><b>Code</b></td></tr><tr><td style=\"white-space:nowrap\">AMBULATORY SURGERY TRANSFER<a name=\"mimic-admit-source-AMBULATORYSURGERYTRANSFER\"> </a></td></tr><tr><td style=\"white-space:nowrap\">TRANSFER FROM SKILLED NURSING FACILITY<a name=\"mimic-admit-source-TRANSFERFROMSKILLEDNURSINGFACILITY\"> </a></td></tr><tr><td style=\"white-space:nowrap\">OTHER<a name=\"mimic-admit-source-OTHER\"> </a></td></tr><tr><td style=\"white-space:nowrap\">HELICOPTER<a name=\"mimic-admit-source-HELICOPTER\"> </a></td></tr><tr><td style=\"white-space:nowrap\">INTERNAL TRANSFER TO OR FROM PSYCH<a name=\"mimic-admit-source-INTERNALTRANSFERTOORFROMPSYCH\"> </a></td></tr><tr><td style=\"white-space:nowrap\">EMERGENCY ROOM<a name=\"mimic-admit-source-EMERGENCYROOM\"> </a></td></tr><tr><td style=\"white-space:nowrap\">PACU<a name=\"mimic-admit-source-PACU\"> </a></td></tr><tr><td style=\"white-space:nowrap\">AMBULANCE<a name=\"mimic-admit-source-AMBULANCE\"> </a></td></tr><tr><td style=\"white-space:nowrap\">CLINIC REFERRAL<a name=\"mimic-admit-source-CLINICREFERRAL\"> </a></td></tr><tr><td style=\"white-space:nowrap\">PROCEDURE SITE<a name=\"mimic-admit-source-PROCEDURESITE\"> </a></td></tr><tr><td style=\"white-space:nowrap\">UNKNOWN<a name=\"mimic-admit-source-UNKNOWN\"> </a></td></tr><tr><td style=\"white-space:nowrap\">WALK-IN/SELF REFERRAL<a name=\"mimic-admit-source-WALK-IN.47SELFREFERRAL\"> </a></td></tr><tr><td style=\"white-space:nowrap\">WALK IN<a name=\"mimic-admit-source-WALKIN\"> </a></td></tr><tr><td style=\"white-space:nowrap\">PHYSICIAN REFERRAL<a name=\"mimic-admit-source-PHYSICIANREFERRAL\"> </a></td></tr><tr><td style=\"white-space:nowrap\">INFORMATION NOT AVAILABLE<a name=\"mimic-admit-source-INFORMATIONNOTAVAILABLE\"> </a></td></tr><tr><td style=\"white-space:nowrap\">TRANSFER FROM HOSPITAL<a name=\"mimic-admit-source-TRANSFERFROMHOSPITAL\"> </a></td></tr></table></div>"},"url":"http://mimic.mit.edu/fhir/mimic/CodeSystem/mimic-admit-source","version":"1.3.0","name":"MimicAdmitSource","title":"MimicAdmitSource","status":"draft","date":"2022-09-21T13:59:43-04:00","publisher":"KinD Lab","contact":[{"name":"KinD Lab","telecom":[{"system":"url","value":"http://fhir.kindlab.sickkids.ca"}]}],"description":"The admission source for MIMIC","valueSet":"http://mimic.mit.edu/fhir/mimic/ValueSet/mimic-admit-source","content":"complete","concept":[{"code":"AMBULATORY SURGERY TRANSFER","designation":[{"language":"en","use":{"system":"http://terminology.hl7.org/CodeSystem/designation-usage","code":"display"}}]},{"code":"TRANSFER FROM SKILLED NURSING FACILITY","designation":[{"language":"en","use":{"system":"http://terminology.hl7.org/CodeSystem/designation-usage","code":"display"}}]},{"code":"OTHER","designation":[{"language":"en","use":{"system":"http://terminology.hl7.org/CodeSystem/designation-usage","code":"display"}}]},{"code":"HELICOPTER","designation":[{"language":"en","use":{"system":"http://terminology.hl7.org/CodeSystem/designation-usage","code":"display"}}]},{"code":"INTERNAL TRANSFER TO OR FROM PSYCH","designation":[{"language":"en","use":{"system":"http://terminology.hl7.org/CodeSystem/designation-usage","code":"display"}}]},{"code":"EMERGENCY ROOM","designation":[{"language":"en","use":{"system":"http://terminology.hl7.org/CodeSystem/designation-usage","code":"display"}}]},{"code":"PACU","designation":[{"language":"en","use":{"system":"http://terminology.hl7.org/CodeSystem/designation-usage","code":"display"}}]},{"code":"AMBULANCE","designation":[{"language":"en","use":{"system":"http://terminology.hl7.org/CodeSystem/designation-usage","code":"display"}}]},{"code":"CLINIC REFERRAL","designation":[{"language":"en","use":{"system":"http://terminology.hl7.org/CodeSystem/designation-usage","code":"display"}}]},{"code":"PROCEDURE SITE","designation":[{"language":"en","use":{"system":"http://terminology.hl7.org/CodeSystem/designation-usage","code":"display"}}]},{"code":"UNKNOWN","designation":[{"language":"en","use":{"system":"http://terminology.hl7.org/CodeSystem/designation-usage","code":"display"}}]},{"code":"WALK-IN/SELF REFERRAL","designation":[{"language":"en","use":{"system":"http://terminology.hl7.org/CodeSystem/designation-usage","code":"display"}}]},{"code":"WALK IN","designation":[{"language":"en","use":{"system":"http://terminology.hl7.org/CodeSystem/designation-usage","code":"display"}}]},{"code":"PHYSICIAN REFERRAL","designation":[{"language":"en","use":{"system":"http://terminology.hl7.org/CodeSystem/designation-usage","code":"display"}}]},{"code":"INFORMATION NOT AVAILABLE","designation":[{"language":"en","use":{"system":"http://terminology.hl7.org/CodeSystem/designation-usage","code":"display"}}]},{"code":"TRANSFER FROM HOSPITAL","designation":[{"language":"en","use":{"system":"http://terminology.hl7.org/CodeSystem/designation-usage","code":"display"}}]}]}