{"resourceType":"CodeSystem","id":"mimic-bodysite","language":"en","text":{"status":"generated","div":"<div xmlns=\"http://www.w3.org/1999/xhtml\" xml:lang=\"en\" lang=\"en\"><p>This  code system <code>http://mimic.mit.edu/fhir/mimic/CodeSystem/mimic-bodysite</code> defines the following codes:</p><table class=\"codes\"><tr><td style=\"white-space:nowrap\"><b>Code</b></td></tr><tr><td style=\"white-space:nowrap\">Right Ulnar<a name=\"mimic-bodysite-RightUlnar\"> </a></td></tr><tr><td style=\"white-space:nowrap\">L Ventricular<a name=\"mimic-bodysite-LVentricular\"> </a></td></tr><tr><td style=\"white-space:nowrap\">Left Humeral Head<a name=\"mimic-bodysite-LeftHumeralHead\"> </a></td></tr><tr><td style=\"white-space:nowrap\">RL Ant Forearm Lateral<a name=\"mimic-bodysite-RLAntForearmLateral\"> </a></td></tr><tr><td style=\"white-space:nowrap\">Right Subclavian<a name=\"mimic-bodysite-RightSubclavian\"> </a></td></tr><tr><td style=\"white-space:nowrap\">LU Ant Forearm<a name=\"mimic-bodysite-LUAntForearm\"> </a></td></tr><tr><td style=\"white-space:nowrap\">R Hand Medial<a name=\"mimic-bodysite-RHandMedial\"> </a></td></tr><tr><td style=\"white-space:nowrap\">Other<a name=\"mimic-bodysite-Other\"> </a></td></tr><tr><td style=\"white-space:nowrap\">Right Antecube<a name=\"mimic-bodysite-RightAntecube\"> </a></td></tr><tr><td style=\"white-space:nowrap\">R Wrist<a name=\"mimic-bodysite-RWrist\"> </a></td></tr><tr><td style=\"white-space:nowrap\">Right Accessory Cephalic<a name=\"mimic-bodysite-RightAccessoryCephalic\"> </a></td></tr><tr><td style=\"white-space:nowrap\">Right Cephalic Lower Arm<a name=\"mimic-bodysite-RightCephalicLowerArm\"> </a></td></tr><tr><td style=\"white-space:nowrap\">Left Axilla.<a name=\"mimic-bodysite-LeftAxilla.46\"> </a></td></tr><tr><td style=\"white-space:nowrap\">Left Digital<a name=\"mimic-bodysite-LeftDigital\"> </a></td></tr><tr><td style=\"white-space:nowrap\">Left Basilic Upper Arm<a name=\"mimic-bodysite-LeftBasilicUpperArm\"> </a></td></tr><tr><td style=\"white-space:nowrap\">Left Basilic Lower Arm<a name=\"mimic-bodysite-LeftBasilicLowerArm\"> </a></td></tr><tr><td style=\"white-space:nowrap\">Right Foot<a name=\"mimic-bodysite-RightFoot\"> </a></td></tr><tr><td style=\"white-space:nowrap\">RL Post Forearm<a name=\"mimic-bodysite-RLPostForearm\"> </a></td></tr><tr><td style=\"white-space:nowrap\">R Subclavian<a name=\"mimic-bodysite-RSubclavian\"> </a></td></tr><tr><td style=\"white-space:nowrap\">R Hand Lateral<a name=\"mimic-bodysite-RHandLateral\"> </a></td></tr><tr><td style=\"white-space:nowrap\">Right Axilla.<a name=\"mimic-bodysite-RightAxilla.46\"> </a></td></tr><tr><td style=\"white-space:nowrap\">Right Basilic Upper Arm<a name=\"mimic-bodysite-RightBasilicUpperArm\"> </a></td></tr><tr><td style=\"white-space:nowrap\">L Intraparenchymal<a name=\"mimic-bodysite-LIntraparenchymal\"> </a></td></tr><tr><td style=\"white-space:nowrap\">Left Radial<a name=\"mimic-bodysite-LeftRadial\"> </a></td></tr><tr><td style=\"white-space:nowrap\">Central.<a name=\"mimic-bodysite-Central.46\"> </a></td></tr><tr><td style=\"white-space:nowrap\">Left Antecubital<a name=\"mimic-bodysite-LeftAntecubital\"> </a></td></tr><tr><td style=\"white-space:nowrap\">R Wrist Lateral<a name=\"mimic-bodysite-RWristLateral\"> </a></td></tr><tr><td style=\"white-space:nowrap\">Left Femoral<a name=\"mimic-bodysite-LeftFemoral\"> </a></td></tr><tr><td style=\"white-space:nowrap\">R Antecube<a name=\"mimic-bodysite-RAntecube\"> </a></td></tr><tr><td style=\"white-space:nowrap\">R Ventricular<a name=\"mimic-bodysite-RVentricular\"> </a></td></tr><tr><td style=\"white-space:nowrap\">Left Femoral.<a name=\"mimic-bodysite-LeftFemoral.46\"> </a></td></tr><tr><td style=\"white-space:nowrap\">R Wrist Medial<a name=\"mimic-bodysite-RWristMedial\"> </a></td></tr><tr><td style=\"white-space:nowrap\">Left IJ.<a name=\"mimic-bodysite-LeftIJ.46\"> </a></td></tr><tr><td style=\"white-space:nowrap\">Left Antecube<a name=\"mimic-bodysite-LeftAntecube\"> </a></td></tr><tr><td style=\"white-space:nowrap\">Left Upper Arm<a name=\"mimic-bodysite-LeftUpperArm\"> </a></td></tr><tr><td style=\"white-space:nowrap\">Left Metacarpal<a name=\"mimic-bodysite-LeftMetacarpal\"> </a></td></tr><tr><td style=\"white-space:nowrap\">Right EJ<a name=\"mimic-bodysite-RightEJ\"> </a></td></tr><tr><td style=\"white-space:nowrap\">Left Accessory Basilic<a name=\"mimic-bodysite-LeftAccessoryBasilic\"> </a></td></tr><tr><td style=\"white-space:nowrap\">Central<a name=\"mimic-bodysite-Central\"> </a></td></tr><tr><td style=\"white-space:nowrap\">RU Ant Forearm Lateral<a name=\"mimic-bodysite-RUAntForearmLateral\"> </a></td></tr><tr><td style=\"white-space:nowrap\">LL Ant Forearm<a name=\"mimic-bodysite-LLAntForearm\"> </a></td></tr><tr><td style=\"white-space:nowrap\">Right IJ.<a name=\"mimic-bodysite-RightIJ.46\"> </a></td></tr><tr><td style=\"white-space:nowrap\">Right above Antecubital<a name=\"mimic-bodysite-RightaboveAntecubital\"> </a></td></tr><tr><td style=\"white-space:nowrap\">RU Ant Forearm Medial<a name=\"mimic-bodysite-RUAntForearmMedial\"> </a></td></tr><tr><td style=\"white-space:nowrap\">Right Axilla<a name=\"mimic-bodysite-RightAxilla\"> </a></td></tr><tr><td style=\"white-space:nowrap\">Right Metacarpal<a name=\"mimic-bodysite-RightMetacarpal\"> </a></td></tr><tr><td style=\"white-space:nowrap\">L Subclavian<a name=\"mimic-bodysite-LSubclavian\"> </a></td></tr><tr><td style=\"white-space:nowrap\">Right Accessory Basilic<a name=\"mimic-bodysite-RightAccessoryBasilic\"> </a></td></tr><tr><td style=\"white-space:nowrap\">Right IJ<a name=\"mimic-bodysite-RightIJ\"> </a></td></tr><tr><td style=\"white-space:nowrap\">Left Median Cubital<a name=\"mimic-bodysite-LeftMedianCubital\"> </a></td></tr><tr><td style=\"white-space:nowrap\">LU Ant Forearm Lateral<a name=\"mimic-bodysite-LUAntForearmLateral\"> </a></td></tr><tr><td style=\"white-space:nowrap\">Left Proximal Tibia<a name=\"mimic-bodysite-LeftProximalTibia\"> </a></td></tr><tr><td style=\"white-space:nowrap\">Right Radial<a name=\"mimic-bodysite-RightRadial\"> </a></td></tr><tr><td style=\"white-space:nowrap\">Left above Antecubital<a name=\"mimic-bodysite-LeftaboveAntecubital\"> </a></td></tr><tr><td style=\"white-space:nowrap\">RU Post Forearm<a name=\"mimic-bodysite-RUPostForearm\"> </a></td></tr><tr><td style=\"white-space:nowrap\">R Femoral<a name=\"mimic-bodysite-RFemoral\"> </a></td></tr><tr><td style=\"white-space:nowrap\">L Foot<a name=\"mimic-bodysite-LFoot\"> </a></td></tr><tr><td style=\"white-space:nowrap\">Right Brachial<a name=\"mimic-bodysite-RightBrachial\"> </a></td></tr><tr><td style=\"white-space:nowrap\">Right Proximal Tibia<a name=\"mimic-bodysite-RightProximalTibia\"> </a></td></tr><tr><td style=\"white-space:nowrap\">Left Side Head<a name=\"mimic-bodysite-LeftSideHead\"> </a></td></tr><tr><td style=\"white-space:nowrap\">LL Ant Forearm Medial<a name=\"mimic-bodysite-LLAntForearmMedial\"> </a></td></tr><tr><td style=\"white-space:nowrap\">L Hand<a name=\"mimic-bodysite-LHand\"> </a></td></tr><tr><td style=\"white-space:nowrap\">Left Cephalic Upper Arm<a name=\"mimic-bodysite-LeftCephalicUpperArm\"> </a></td></tr><tr><td style=\"white-space:nowrap\">Left Accessory Cephalic<a name=\"mimic-bodysite-LeftAccessoryCephalic\"> </a></td></tr><tr><td style=\"white-space:nowrap\">R Intraparenchymal<a name=\"mimic-bodysite-RIntraparenchymal\"> </a></td></tr><tr><td style=\"white-space:nowrap\">Right Basilic Lower Arm<a name=\"mimic-bodysite-RightBasilicLowerArm\"> </a></td></tr><tr><td style=\"white-space:nowrap\">Urethral<a name=\"mimic-bodysite-Urethral\"> </a></td></tr><tr><td style=\"white-space:nowrap\">L Wrist Medial<a name=\"mimic-bodysite-LWristMedial\"> </a></td></tr><tr><td style=\"white-space:nowrap\">RL Ant Forearm<a name=\"mimic-bodysite-RLAntForearm\"> </a></td></tr><tr><td style=\"white-space:nowrap\">Right Brachial.<a name=\"mimic-bodysite-RightBrachial.46\"> </a></td></tr><tr><td style=\"white-space:nowrap\">L Hand Medial<a name=\"mimic-bodysite-LHandMedial\"> </a></td></tr><tr><td style=\"white-space:nowrap\">Right Femoral<a name=\"mimic-bodysite-RightFemoral\"> </a></td></tr><tr><td style=\"white-space:nowrap\">Ostomy<a name=\"mimic-bodysite-Ostomy\"> </a></td></tr><tr><td style=\"white-space:nowrap\">Right Digital<a name=\"mimic-bodysite-RightDigital\"> </a></td></tr><tr><td style=\"white-space:nowrap\">Right Antecubital<a name=\"mimic-bodysite-RightAntecubital\"> </a></td></tr><tr><td style=\"white-space:nowrap\">LU Post Forearm<a name=\"mimic-bodysite-LUPostForearm\"> </a></td></tr><tr><td style=\"white-space:nowrap\">LL Ant Forearm Lateral<a name=\"mimic-bodysite-LLAntForearmLateral\"> </a></td></tr><tr><td style=\"white-space:nowrap\">Right Side Head<a name=\"mimic-bodysite-RightSideHead\"> </a></td></tr><tr><td style=\"white-space:nowrap\">R Foot<a name=\"mimic-bodysite-RFoot\"> </a></td></tr><tr><td style=\"white-space:nowrap\">R Hand<a name=\"mimic-bodysite-RHand\"> </a></td></tr><tr><td style=\"white-space:nowrap\">L Femoral<a name=\"mimic-bodysite-LFemoral\"> </a></td></tr><tr><td style=\"white-space:nowrap\">Lumbar<a name=\"mimic-bodysite-Lumbar\"> </a></td></tr><tr><td style=\"white-space:nowrap\">Right Humeral Head<a name=\"mimic-bodysite-RightHumeralHead\"> </a></td></tr><tr><td style=\"white-space:nowrap\">Right Upper Quadrant<a name=\"mimic-bodysite-RightUpperQuadrant\"> </a></td></tr><tr><td style=\"white-space:nowrap\">Right External Jugular<a name=\"mimic-bodysite-RightExternalJugular\"> </a></td></tr><tr><td style=\"white-space:nowrap\">Left Brachial.<a name=\"mimic-bodysite-LeftBrachial.46\"> </a></td></tr><tr><td style=\"white-space:nowrap\">Left Foot<a name=\"mimic-bodysite-LeftFoot\"> </a></td></tr><tr><td style=\"white-space:nowrap\">RL Ant Forearm Medial<a name=\"mimic-bodysite-RLAntForearmMedial\"> </a></td></tr><tr><td style=\"white-space:nowrap\">Left External Jugular<a name=\"mimic-bodysite-LeftExternalJugular\"> </a></td></tr><tr><td style=\"white-space:nowrap\">RU Ant Forearm<a name=\"mimic-bodysite-RUAntForearm\"> </a></td></tr><tr><td style=\"white-space:nowrap\">Left Brachial<a name=\"mimic-bodysite-LeftBrachial\"> </a></td></tr><tr><td style=\"white-space:nowrap\">Right Femoral.<a name=\"mimic-bodysite-RightFemoral.46\"> </a></td></tr><tr><td style=\"white-space:nowrap\">Left Lower Quadrant<a name=\"mimic-bodysite-LeftLowerQuadrant\"> </a></td></tr><tr><td style=\"white-space:nowrap\">L Wrist Lateral<a name=\"mimic-bodysite-LWristLateral\"> </a></td></tr><tr><td style=\"white-space:nowrap\">Left Cephalic Lower Arm<a name=\"mimic-bodysite-LeftCephalicLowerArm\"> </a></td></tr><tr><td style=\"white-space:nowrap\">Right Median Cubital<a name=\"mimic-bodysite-RightMedianCubital\"> </a></td></tr><tr><td style=\"white-space:nowrap\">L Wrist<a name=\"mimic-bodysite-LWrist\"> </a></td></tr><tr><td style=\"white-space:nowrap\">Left Subclavian<a name=\"mimic-bodysite-LeftSubclavian\"> </a></td></tr><tr><td style=\"white-space:nowrap\">L Antecube<a name=\"mimic-bodysite-LAntecube\"> </a></td></tr><tr><td style=\"white-space:nowrap\">Right Upper Arm<a name=\"mimic-bodysite-RightUpperArm\"> </a></td></tr><tr><td style=\"white-space:nowrap\">Left Upper Quadrant<a name=\"mimic-bodysite-LeftUpperQuadrant\"> </a></td></tr><tr><td style=\"white-space:nowrap\">Right Lower Quadrant<a name=\"mimic-bodysite-RightLowerQuadrant\"> </a></td></tr><tr><td style=\"white-space:nowrap\">Right Cephalic Upper Arm<a name=\"mimic-bodysite-RightCephalicUpperArm\"> </a></td></tr><tr><td style=\"white-space:nowrap\">Left EJ<a name=\"mimic-bodysite-LeftEJ\"> </a></td></tr><tr><td style=\"white-space:nowrap\">L Hand Lateral<a name=\"mimic-bodysite-LHandLateral\"> </a></td></tr><tr><td style=\"white-space:nowrap\">Left Axilla<a name=\"mimic-bodysite-LeftAxilla\"> </a></td></tr><tr><td style=\"white-space:nowrap\">LU Ant Forearm Medial<a name=\"mimic-bodysite-LUAntForearmMedial\"> </a></td></tr><tr><td style=\"white-space:nowrap\">LL Post Forearm<a name=\"mimic-bodysite-LLPostForearm\"> </a></td></tr><tr><td style=\"white-space:nowrap\">Left IJ<a name=\"mimic-bodysite-LeftIJ\"> </a></td></tr></table></div>"},"url":"http://mimic.mit.edu/fhir/mimic/CodeSystem/mimic-bodysite","version":"1.3.0","name":"MimicBodysite","title":"MimicBodysite","status":"draft","date":"2022-09-21T13:59:43-04:00","publisher":"KinD Lab","contact":[{"name":"KinD Lab","telecom":[{"system":"url","value":"http://fhir.kindlab.sickkids.ca"}]}],"description":"The bodysite codes for MIMIC","valueSet":"http://mimic.mit.edu/fhir/mimic/ValueSet/mimic-bodysite","content":"complete","concept":[{"code":"Right Ulnar","designation":[{"language":"en","use":{"system":"http://terminology.hl7.org/CodeSystem/designation-usage","code":"display"}}]},{"code":"L Ventricular","designation":[{"language":"en","use":{"system":"http://terminology.hl7.org/CodeSystem/designation-usage","code":"display"}}]},{"code":"Left Humeral Head","designation":[{"language":"en","use":{"system":"http://terminology.hl7.org/CodeSystem/designation-usage","code":"display"}}]},{"code":"RL Ant Forearm Lateral","designation":[{"language":"en","use":{"system":"http://terminology.hl7.org/CodeSystem/designation-usage","code":"display"}}]},{"code":"Right Subclavian","designation":[{"language":"en","use":{"system":"http://terminology.hl7.org/CodeSystem/designation-usage","code":"display"}}]},{"code":"LU Ant Forearm","designation":[{"language":"en","use":{"system":"http://terminology.hl7.org/CodeSystem/designation-usage","code":"display"}}]},{"code":"R Hand Medial","designation":[{"language":"en","use":{"system":"http://terminology.hl7.org/CodeSystem/designation-usage","code":"display"}}]},{"code":"Other","designation":[{"language":"en","use":{"system":"http://terminology.hl7.org/CodeSystem/designation-usage","code":"display"}}]},{"code":"Right Antecube","designation":[{"language":"en","use":{"system":"http://terminology.hl7.org/CodeSystem/designation-usage","code":"display"}}]},{"code":"R Wrist","designation":[{"language":"en","use":{"system":"http://terminology.hl7.org/CodeSystem/designation-usage","code":"display"}}]},{"code":"Right Accessory Cephalic","designation":[{"language":"en","use":{"system":"http://terminology.hl7.org/CodeSystem/designation-usage","code":"display"}}]},{"code":"Right Cephalic Lower Arm","designation":[{"language":"en","use":{"system":"http://terminology.hl7.org/CodeSystem/designation-usage","code":"display"}}]},{"code":"Left Axilla.","designation":[{"language":"en","use":{"system":"http://terminology.hl7.org/CodeSystem/designation-usage","code":"display"}}]},{"code":"Left Digital","designation":[{"language":"en","use":{"system":"http://terminology.hl7.org/CodeSystem/designation-usage","code":"display"}}]},{"code":"Left Basilic Upper Arm","designation":[{"language":"en","use":{"system":"http://terminology.hl7.org/CodeSystem/designation-usage","code":"display"}}]},{"code":"Left Basilic Lower Arm","designation":[{"language":"en","use":{"system":"http://terminology.hl7.org/CodeSystem/designation-usage","code":"display"}}]},{"code":"Right Foot","designation":[{"language":"en","use":{"system":"http://terminology.hl7.org/CodeSystem/designation-usage","code":"display"}}]},{"code":"RL Post Forearm","designation":[{"language":"en","use":{"system":"http://terminology.hl7.org/CodeSystem/designation-usage","code":"display"}}]},{"code":"R Subclavian","designation":[{"language":"en","use":{"system":"http://terminology.hl7.org/CodeSystem/designation-usage","code":"display"}}]},{"code":"R Hand Lateral","designation":[{"language":"en","use":{"system":"http://terminology.hl7.org/CodeSystem/designation-usage","code":"display"}}]},{"code":"Right Axilla.","designation":[{"language":"en","use":{"system":"http://terminology.hl7.org/CodeSystem/designation-usage","code":"display"}}]},{"code":"Right Basilic Upper Arm","designation":[{"language":"en","use":{"system":"http://terminology.hl7.org/CodeSystem/designation-usage","code":"display"}}]},{"code":"L Intraparenchymal","designation":[{"language":"en","use":{"system":"http://terminology.hl7.org/CodeSystem/designation-usage","code":"display"}}]},{"code":"Left Radial","designation":[{"language":"en","use":{"system":"http://terminology.hl7.org/CodeSystem/designation-usage","code":"display"}}]},{"code":"Central.","designation":[{"language":"en","use":{"system":"http://terminology.hl7.org/CodeSystem/designation-usage","code":"display"}}]},{"code":"Left Antecubital","designation":[{"language":"en","use":{"system":"http://terminology.hl7.org/CodeSystem/designation-usage","code":"display"}}]},{"code":"R Wrist Lateral","designation":[{"language":"en","use":{"system":"http://terminology.hl7.org/CodeSystem/designation-usage","code":"display"}}]},{"code":"Left Femoral","designation":[{"language":"en","use":{"system":"http://terminology.hl7.org/CodeSystem/designation-usage","code":"display"}}]},{"code":"R Antecube","designation":[{"language":"en","use":{"system":"http://terminology.hl7.org/CodeSystem/designation-usage","code":"display"}}]},{"code":"R Ventricular","designation":[{"language":"en","use":{"system":"http://terminology.hl7.org/CodeSystem/designation-usage","code":"display"}}]},{"code":"Left Femoral.","designation":[{"language":"en","use":{"system":"http://terminology.hl7.org/CodeSystem/designation-usage","code":"display"}}]},{"code":"R Wrist Medial","designation":[{"language":"en","use":{"system":"http://terminology.hl7.org/CodeSystem/designation-usage","code":"display"}}]},{"code":"Left IJ.","designation":[{"language":"en","use":{"system":"http://terminology.hl7.org/CodeSystem/designation-usage","code":"display"}}]},{"code":"Left Antecube","designation":[{"language":"en","use":{"system":"http://terminology.hl7.org/CodeSystem/designation-usage","code":"display"}}]},{"code":"Left Upper Arm","designation":[{"language":"en","use":{"system":"http://terminology.hl7.org/CodeSystem/designation-usage","code":"display"}}]},{"code":"Left Metacarpal","designation":[{"language":"en","use":{"system":"http://terminology.hl7.org/CodeSystem/designation-usage","code":"display"}}]},{"code":"Right EJ","designation":[{"language":"en","use":{"system":"http://terminology.hl7.org/CodeSystem/designation-usage","code":"display"}}]},{"code":"Left Accessory Basilic","designation":[{"language":"en","use":{"system":"http://terminology.hl7.org/CodeSystem/designation-usage","code":"display"}}]},{"code":"Central","designation":[{"language":"en","use":{"system":"http://terminology.hl7.org/CodeSystem/designation-usage","code":"display"}}]},{"code":"RU Ant Forearm Lateral","designation":[{"language":"en","use":{"system":"http://terminology.hl7.org/CodeSystem/designation-usage","code":"display"}}]},{"code":"LL Ant Forearm","designation":[{"language":"en","use":{"system":"http://terminology.hl7.org/CodeSystem/designation-usage","code":"display"}}]},{"code":"Right IJ.","designation":[{"language":"en","use":{"system":"http://terminology.hl7.org/CodeSystem/designation-usage","code":"display"}}]},{"code":"Right above Antecubital","designation":[{"language":"en","use":{"system":"http://terminology.hl7.org/CodeSystem/designation-usage","code":"display"}}]},{"code":"RU Ant Forearm Medial","designation":[{"language":"en","use":{"system":"http://terminology.hl7.org/CodeSystem/designation-usage","code":"display"}}]},{"code":"Right Axilla","designation":[{"language":"en","use":{"system":"http://terminology.hl7.org/CodeSystem/designation-usage","code":"display"}}]},{"code":"Right Metacarpal","designation":[{"language":"en","use":{"system":"http://terminology.hl7.org/CodeSystem/designation-usage","code":"display"}}]},{"code":"L Subclavian","designation":[{"language":"en","use":{"system":"http://terminology.hl7.org/CodeSystem/designation-usage","code":"display"}}]},{"code":"Right Accessory Basilic","designation":[{"language":"en","use":{"system":"http://terminology.hl7.org/CodeSystem/designation-usage","code":"display"}}]},{"code":"Right IJ","designation":[{"language":"en","use":{"system":"http://terminology.hl7.org/CodeSystem/designation-usage","code":"display"}}]},{"code":"Left Median Cubital","designation":[{"language":"en","use":{"system":"http://terminology.hl7.org/CodeSystem/designation-usage","code":"display"}}]},{"code":"LU Ant Forearm Lateral","designation":[{"language":"en","use":{"system":"http://terminology.hl7.org/CodeSystem/designation-usage","code":"display"}}]},{"code":"Left Proximal Tibia","designation":[{"language":"en","use":{"system":"http://terminology.hl7.org/CodeSystem/designation-usage","code":"display"}}]},{"code":"Right Radial","designation":[{"language":"en","use":{"system":"http://terminology.hl7.org/CodeSystem/designation-usage","code":"display"}}]},{"code":"Left above Antecubital","designation":[{"language":"en","use":{"system":"http://terminology.hl7.org/CodeSystem/designation-usage","code":"display"}}]},{"code":"RU Post Forearm","designation":[{"language":"en","use":{"system":"http://terminology.hl7.org/CodeSystem/designation-usage","code":"display"}}]},{"code":"R Femoral","designation":[{"language":"en","use":{"system":"http://terminology.hl7.org/CodeSystem/designation-usage","code":"display"}}]},{"code":"L Foot","designation":[{"language":"en","use":{"system":"http://terminology.hl7.org/CodeSystem/designation-usage","code":"display"}}]},{"code":"Right Brachial","designation":[{"language":"en","use":{"system":"http://terminology.hl7.org/CodeSystem/designation-usage","code":"display"}}]},{"code":"Right Proximal Tibia","designation":[{"language":"en","use":{"system":"http://terminology.hl7.org/CodeSystem/designation-usage","code":"display"}}]},{"code":"Left Side Head","designation":[{"language":"en","use":{"system":"http://terminology.hl7.org/CodeSystem/designation-usage","code":"display"}}]},{"code":"LL Ant Forearm Medial","designation":[{"language":"en","use":{"system":"http://terminology.hl7.org/CodeSystem/designation-usage","code":"display"}}]},{"code":"L Hand","designation":[{"language":"en","use":{"system":"http://terminology.hl7.org/CodeSystem/designation-usage","code":"display"}}]},{"code":"Left Cephalic Upper Arm","designation":[{"language":"en","use":{"system":"http://terminology.hl7.org/CodeSystem/designation-usage","code":"display"}}]},{"code":"Left Accessory Cephalic","designation":[{"language":"en","use":{"system":"http://terminology.hl7.org/CodeSystem/designation-usage","code":"display"}}]},{"code":"R Intraparenchymal","designation":[{"language":"en","use":{"system":"http://terminology.hl7.org/CodeSystem/designation-usage","code":"display"}}]},{"code":"Right Basilic Lower Arm","designation":[{"language":"en","use":{"system":"http://terminology.hl7.org/CodeSystem/designation-usage","code":"display"}}]},{"code":"Urethral","designation":[{"language":"en","use":{"system":"http://terminology.hl7.org/CodeSystem/designation-usage","code":"display"}}]},{"code":"L Wrist Medial","designation":[{"language":"en","use":{"system":"http://terminology.hl7.org/CodeSystem/designation-usage","code":"display"}}]},{"code":"RL Ant Forearm","designation":[{"language":"en","use":{"system":"http://terminology.hl7.org/CodeSystem/designation-usage","code":"display"}}]},{"code":"Right Brachial.","designation":[{"language":"en","use":{"system":"http://terminology.hl7.org/CodeSystem/designation-usage","code":"display"}}]},{"code":"L Hand Medial","designation":[{"language":"en","use":{"system":"http://terminology.hl7.org/CodeSystem/designation-usage","code":"display"}}]},{"code":"Right Femoral","designation":[{"language":"en","use":{"system":"http://terminology.hl7.org/CodeSystem/designation-usage","code":"display"}}]},{"code":"Ostomy","designation":[{"language":"en","use":{"system":"http://terminology.hl7.org/CodeSystem/designation-usage","code":"display"}}]},{"code":"Right Digital","designation":[{"language":"en","use":{"system":"http://terminology.hl7.org/CodeSystem/designation-usage","code":"display"}}]},{"code":"Right Antecubital","designation":[{"language":"en","use":{"system":"http://terminology.hl7.org/CodeSystem/designation-usage","code":"display"}}]},{"code":"LU Post Forearm","designation":[{"language":"en","use":{"system":"http://terminology.hl7.org/CodeSystem/designation-usage","code":"display"}}]},{"code":"LL Ant Forearm Lateral","designation":[{"language":"en","use":{"system":"http://terminology.hl7.org/CodeSystem/designation-usage","code":"display"}}]},{"code":"Right Side Head","designation":[{"language":"en","use":{"system":"http://terminology.hl7.org/CodeSystem/designation-usage","code":"display"}}]},{"code":"R Foot","designation":[{"language":"en","use":{"system":"http://terminology.hl7.org/CodeSystem/designation-usage","code":"display"}}]},{"code":"R Hand","designation":[{"language":"en","use":{"system":"http://terminology.hl7.org/CodeSystem/designation-usage","code":"display"}}]},{"code":"L Femoral","designation":[{"language":"en","use":{"system":"http://terminology.hl7.org/CodeSystem/designation-usage","code":"display"}}]},{"code":"Lumbar","designation":[{"language":"en","use":{"system":"http://terminology.hl7.org/CodeSystem/designation-usage","code":"display"}}]},{"code":"Right Humeral Head","designation":[{"language":"en","use":{"system":"http://terminology.hl7.org/CodeSystem/designation-usage","code":"display"}}]},{"code":"Right Upper Quadrant","designation":[{"language":"en","use":{"system":"http://terminology.hl7.org/CodeSystem/designation-usage","code":"display"}}]},{"code":"Right External Jugular","designation":[{"language":"en","use":{"system":"http://terminology.hl7.org/CodeSystem/designation-usage","code":"display"}}]},{"code":"Left Brachial.","designation":[{"language":"en","use":{"system":"http://terminology.hl7.org/CodeSystem/designation-usage","code":"display"}}]},{"code":"Left Foot","designation":[{"language":"en","use":{"system":"http://terminology.hl7.org/CodeSystem/designation-usage","code":"display"}}]},{"code":"RL Ant Forearm Medial","designation":[{"language":"en","use":{"system":"http://terminology.hl7.org/CodeSystem/designation-usage","code":"display"}}]},{"code":"Left External Jugular","designation":[{"language":"en","use":{"system":"http://terminology.hl7.org/CodeSystem/designation-usage","code":"display"}}]},{"code":"RU Ant Forearm","designation":[{"language":"en","use":{"system":"http://terminology.hl7.org/CodeSystem/designation-usage","code":"display"}}]},{"code":"Left Brachial","designation":[{"language":"en","use":{"system":"http://terminology.hl7.org/CodeSystem/designation-usage","code":"display"}}]},{"code":"Right Femoral.","designation":[{"language":"en","use":{"system":"http://terminology.hl7.org/CodeSystem/designation-usage","code":"display"}}]},{"code":"Left Lower Quadrant","designation":[{"language":"en","use":{"system":"http://terminology.hl7.org/CodeSystem/designation-usage","code":"display"}}]},{"code":"L Wrist Lateral","designation":[{"language":"en","use":{"system":"http://terminology.hl7.org/CodeSystem/designation-usage","code":"display"}}]},{"code":"Left Cephalic Lower Arm","designation":[{"language":"en","use":{"system":"http://terminology.hl7.org/CodeSystem/designation-usage","code":"display"}}]},{"code":"Right Median Cubital","designation":[{"language":"en","use":{"system":"http://terminology.hl7.org/CodeSystem/designation-usage","code":"display"}}]},{"code":"L Wrist","designation":[{"language":"en","use":{"system":"http://terminology.hl7.org/CodeSystem/designation-usage","code":"display"}}]},{"code":"Left Subclavian","designation":[{"language":"en","use":{"system":"http://terminology.hl7.org/CodeSystem/designation-usage","code":"display"}}]},{"code":"L Antecube","designation":[{"language":"en","use":{"system":"http://terminology.hl7.org/CodeSystem/designation-usage","code":"display"}}]},{"code":"Right Upper Arm","designation":[{"language":"en","use":{"system":"http://terminology.hl7.org/CodeSystem/designation-usage","code":"display"}}]},{"code":"Left Upper Quadrant","designation":[{"language":"en","use":{"system":"http://terminology.hl7.org/CodeSystem/designation-usage","code":"display"}}]},{"code":"Right Lower Quadrant","designation":[{"language":"en","use":{"system":"http://terminology.hl7.org/CodeSystem/designation-usage","code":"display"}}]},{"code":"Right Cephalic Upper Arm","designation":[{"language":"en","use":{"system":"http://terminology.hl7.org/CodeSystem/designation-usage","code":"display"}}]},{"code":"Left EJ","designation":[{"language":"en","use":{"system":"http://terminology.hl7.org/CodeSystem/designation-usage","code":"display"}}]},{"code":"L Hand Lateral","designation":[{"language":"en","use":{"system":"http://terminology.hl7.org/CodeSystem/designation-usage","code":"display"}}]},{"code":"Left Axilla","designation":[{"language":"en","use":{"system":"http://terminology.hl7.org/CodeSystem/designation-usage","code":"display"}}]},{"code":"LU Ant Forearm Medial","designation":[{"language":"en","use":{"system":"http://terminology.hl7.org/CodeSystem/designation-usage","code":"display"}}]},{"code":"LL Post Forearm","designation":[{"language":"en","use":{"system":"http://terminology.hl7.org/CodeSystem/designation-usage","code":"display"}}]},{"code":"Left IJ","designation":[{"language":"en","use":{"system":"http://terminology.hl7.org/CodeSystem/designation-usage","code":"display"}}]}]}