{"resourceType":"CodeSystem","id":"mimic-d-items","language":"en","text":{"status":"generated","div":"<div xmlns=\"http://www.w3.org/1999/xhtml\" xml:lang=\"en\" lang=\"en\"><p>This  code system <code>http://mimic.mit.edu/fhir/mimic/CodeSystem/mimic-d-items</code> defines the following codes:</p><table class=\"codes\"><tr><td style=\"white-space:nowrap\"><b>Code</b></td><td><b>Display</b></td></tr><tr><td style=\"white-space:nowrap\">227797<a name=\"mimic-d-items-227797\"> </a></td><td>Impaired Skin  - Dressing Change #8</td></tr><tr><td style=\"white-space:nowrap\">227795<a name=\"mimic-d-items-227795\"> </a></td><td>Impaired Skin  - Dressing Change #6</td></tr><tr><td style=\"white-space:nowrap\">225814<a name=\"mimic-d-items-225814\"> </a></td><td>Stool Culture</td></tr><tr><td style=\"white-space:nowrap\">225315<a name=\"mimic-d-items-225315\"> </a></td><td>Tunneled (Hickman) Line</td></tr><tr><td style=\"white-space:nowrap\">221223<a name=\"mimic-d-items-221223\"> </a></td><td>EEG</td></tr><tr><td style=\"white-space:nowrap\">225437<a name=\"mimic-d-items-225437\"> </a></td><td>CSF Culture</td></tr><tr><td style=\"white-space:nowrap\">225454<a name=\"mimic-d-items-225454\"> </a></td><td>Urine Culture</td></tr><tr><td style=\"white-space:nowrap\">228801<a name=\"mimic-d-items-228801\"> </a></td><td>Pressure ulcer #9- Dressing change</td></tr><tr><td style=\"white-space:nowrap\">225464<a name=\"mimic-d-items-225464\"> </a></td><td>Cardioversion/Defibrillation</td></tr><tr><td style=\"white-space:nowrap\">224458<a name=\"mimic-d-items-224458\"> </a></td><td>Drain Output_ingr</td></tr><tr><td style=\"white-space:nowrap\">225392<a name=\"mimic-d-items-225392\"> </a></td><td>Triple Introducer Change over Wire Date</td></tr><tr><td style=\"white-space:nowrap\">225802<a name=\"mimic-d-items-225802\"> </a></td><td>Dialysis - CRRT</td></tr><tr><td style=\"white-space:nowrap\">229352<a name=\"mimic-d-items-229352\"> </a></td><td>Foley Cath Insertion Date</td></tr><tr><td style=\"white-space:nowrap\">229298<a name=\"mimic-d-items-229298\"> </a></td><td>Speech and Swallow Evaluation</td></tr><tr><td style=\"white-space:nowrap\">226582<a name=\"mimic-d-items-226582\"> </a></td><td>Ostomy (output)</td></tr><tr><td style=\"white-space:nowrap\">226605<a name=\"mimic-d-items-226605\"> </a></td><td>Hemovac #2</td></tr><tr><td style=\"white-space:nowrap\">228127<a name=\"mimic-d-items-228127\"> </a></td><td>Family met with Social Worker</td></tr><tr><td style=\"white-space:nowrap\">226560<a name=\"mimic-d-items-226560\"> </a></td><td>Void</td></tr><tr><td style=\"white-space:nowrap\">225356<a name=\"mimic-d-items-225356\"> </a></td><td>PA Catheter Tubing Change</td></tr><tr><td style=\"white-space:nowrap\">224263<a name=\"mimic-d-items-224263\"> </a></td><td>Multi Lumen</td></tr><tr><td style=\"white-space:nowrap\">225321<a name=\"mimic-d-items-225321\"> </a></td><td>Dialysis Catheter Dressing Change</td></tr><tr><td style=\"white-space:nowrap\">224275<a name=\"mimic-d-items-224275\"> </a></td><td>20 Gauge</td></tr><tr><td style=\"white-space:nowrap\">226628<a name=\"mimic-d-items-226628\"> </a></td><td>PACU Drains</td></tr><tr><td style=\"white-space:nowrap\">227511<a name=\"mimic-d-items-227511\"> </a></td><td>TF Residual Output</td></tr><tr><td style=\"white-space:nowrap\">225393<a name=\"mimic-d-items-225393\"> </a></td><td>Triple Introducer Dressing Change</td></tr><tr><td style=\"white-space:nowrap\">225427<a name=\"mimic-d-items-225427\"> </a></td><td>Angiography</td></tr><tr><td style=\"white-space:nowrap\">225336<a name=\"mimic-d-items-225336\"> </a></td><td>IABP Change over Wire Date</td></tr><tr><td style=\"white-space:nowrap\">229529<a name=\"mimic-d-items-229529\"> </a></td><td>ECMO Inflow Line</td></tr><tr><td style=\"white-space:nowrap\">229528<a name=\"mimic-d-items-229528\"> </a></td><td>Centrimag Outflow Line</td></tr><tr><td style=\"white-space:nowrap\">225470<a name=\"mimic-d-items-225470\"> </a></td><td>OR Sent</td></tr><tr><td style=\"white-space:nowrap\">229351<a name=\"mimic-d-items-229351\"> </a></td><td>Foley Catheter</td></tr><tr><td style=\"white-space:nowrap\">227489<a name=\"mimic-d-items-227489\"> </a></td><td>GU Irrigant/Urine Volume Out</td></tr><tr><td style=\"white-space:nowrap\">224279<a name=\"mimic-d-items-224279\"> </a></td><td>Multi Lumen Dressing Change</td></tr><tr><td style=\"white-space:nowrap\">226623<a name=\"mimic-d-items-226623\"> </a></td><td>Penrose #1</td></tr><tr><td style=\"white-space:nowrap\">223253<a name=\"mimic-d-items-223253\"> </a></td><td>Magnetic Resonance Imaging</td></tr><tr><td style=\"white-space:nowrap\">229579<a name=\"mimic-d-items-229579\"> </a></td><td>Transfer Intercampus by Ambulance</td></tr><tr><td style=\"white-space:nowrap\">225316<a name=\"mimic-d-items-225316\"> </a></td><td>CCO PAC Insertion Date</td></tr><tr><td style=\"white-space:nowrap\">225330<a name=\"mimic-d-items-225330\"> </a></td><td>Tunneled (Hickman) Insertion Date</td></tr><tr><td style=\"white-space:nowrap\">225348<a name=\"mimic-d-items-225348\"> </a></td><td>Midline Tubing Change</td></tr><tr><td style=\"white-space:nowrap\">226602<a name=\"mimic-d-items-226602\"> </a></td><td>Jackson Pratt #4</td></tr><tr><td style=\"white-space:nowrap\">224292<a name=\"mimic-d-items-224292\"> </a></td><td>Cordis/Introducer Cap Change</td></tr><tr><td style=\"white-space:nowrap\">229380<a name=\"mimic-d-items-229380\"> </a></td><td>Nursing Water Swallow Screening</td></tr><tr><td style=\"white-space:nowrap\">226557<a name=\"mimic-d-items-226557\"> </a></td><td>R Ureteral Stent</td></tr><tr><td style=\"white-space:nowrap\">226574<a name=\"mimic-d-items-226574\"> </a></td><td>Jejunostomy</td></tr><tr><td style=\"white-space:nowrap\">229736<a name=\"mimic-d-items-229736\"> </a></td><td>14 Gauge Cap Change</td></tr><tr><td style=\"white-space:nowrap\">225803<a name=\"mimic-d-items-225803\"> </a></td><td>Dialysis - CVVHD</td></tr><tr><td style=\"white-space:nowrap\">225224<a name=\"mimic-d-items-225224\"> </a></td><td>CCO PAC Dressing Change</td></tr><tr><td style=\"white-space:nowrap\">226616<a name=\"mimic-d-items-226616\"> </a></td><td>Anderson</td></tr><tr><td style=\"white-space:nowrap\">226515<a name=\"mimic-d-items-226515\"> </a></td><td>Date of Birth</td></tr><tr><td style=\"white-space:nowrap\">225463<a name=\"mimic-d-items-225463\"> </a></td><td>TLS Spine</td></tr><tr><td style=\"white-space:nowrap\">229581<a name=\"mimic-d-items-229581\"> </a></td><td>Portable Chest X-Ray</td></tr><tr><td style=\"white-space:nowrap\">225345<a name=\"mimic-d-items-225345\"> </a></td><td>Midline Dressing Change</td></tr><tr><td style=\"white-space:nowrap\">227722<a name=\"mimic-d-items-227722\"> </a></td><td>AVA Dressing Change</td></tr><tr><td style=\"white-space:nowrap\">227199<a name=\"mimic-d-items-227199\"> </a></td><td>Indwelling (PortaCath) Port #2 Date De-accessed</td></tr><tr><td style=\"white-space:nowrap\">225436<a name=\"mimic-d-items-225436\"> </a></td><td>CRRT Filter Change</td></tr><tr><td style=\"white-space:nowrap\">225221<a name=\"mimic-d-items-225221\"> </a></td><td>CCO PAC Cap Change</td></tr><tr><td style=\"white-space:nowrap\">229555<a name=\"mimic-d-items-229555\"> </a></td><td>Cardiac Assist Cannula Change</td></tr><tr><td style=\"white-space:nowrap\">229891<a name=\"mimic-d-items-229891\"> </a></td><td>Pressure Ulcer #8- Date Indentified</td></tr><tr><td style=\"white-space:nowrap\">226477<a name=\"mimic-d-items-226477\"> </a></td><td>Temporary Pacemaker Wires Inserted</td></tr><tr><td style=\"white-space:nowrap\">225447<a name=\"mimic-d-items-225447\"> </a></td><td>Percutaneous Drain Insertion</td></tr><tr><td style=\"white-space:nowrap\">229580<a name=\"mimic-d-items-229580\"> </a></td><td>Line Placement at Bedside</td></tr><tr><td style=\"white-space:nowrap\">229755<a name=\"mimic-d-items-229755\"> </a></td><td>Trigger Initiated</td></tr><tr><td style=\"white-space:nowrap\">225369<a name=\"mimic-d-items-225369\"> </a></td><td>Pheresis Catheter Dressing Change</td></tr><tr><td style=\"white-space:nowrap\">225428<a name=\"mimic-d-items-225428\"> </a></td><td>Blakemore / Minnesota Tube D/C</td></tr><tr><td style=\"white-space:nowrap\">229577<a name=\"mimic-d-items-229577\"> </a></td><td>Cath Lab (Received)</td></tr><tr><td style=\"white-space:nowrap\">224296<a name=\"mimic-d-items-224296\"> </a></td><td>Cordis/Introducer Insertion Date</td></tr><tr><td style=\"white-space:nowrap\">224288<a name=\"mimic-d-items-224288\"> </a></td><td>Arterial line Insertion Date</td></tr><tr><td style=\"white-space:nowrap\">225794<a name=\"mimic-d-items-225794\"> </a></td><td>Non-invasive Ventilation</td></tr><tr><td style=\"white-space:nowrap\">228169<a name=\"mimic-d-items-228169\"> </a></td><td>Impella Line</td></tr><tr><td style=\"white-space:nowrap\">225335<a name=\"mimic-d-items-225335\"> </a></td><td>IABP Cap Change</td></tr><tr><td style=\"white-space:nowrap\">227794<a name=\"mimic-d-items-227794\"> </a></td><td>Impaired Skin  - Dressing Change #5</td></tr><tr><td style=\"white-space:nowrap\">225352<a name=\"mimic-d-items-225352\"> </a></td><td>PA Catheter Change over Wire Date</td></tr><tr><td style=\"white-space:nowrap\">221255<a name=\"mimic-d-items-221255\"> </a></td><td>Trans Esophageal Echo</td></tr><tr><td style=\"white-space:nowrap\">228201<a name=\"mimic-d-items-228201\"> </a></td><td>Tandem Heart Inflow Line</td></tr><tr><td style=\"white-space:nowrap\">229728<a name=\"mimic-d-items-229728\"> </a></td><td>18 Gauge Dressing Change</td></tr><tr><td style=\"white-space:nowrap\">226622<a name=\"mimic-d-items-226622\"> </a></td><td>Red Rubber</td></tr><tr><td style=\"white-space:nowrap\">228798<a name=\"mimic-d-items-228798\"> </a></td><td>Pressure ulcer #6- Dressing change</td></tr><tr><td style=\"white-space:nowrap\">225769<a name=\"mimic-d-items-225769\"> </a></td><td>Sheath Tubing Change</td></tr><tr><td style=\"white-space:nowrap\">229738<a name=\"mimic-d-items-229738\"> </a></td><td>20 Gauge Cap Change</td></tr><tr><td style=\"white-space:nowrap\">226532<a name=\"mimic-d-items-226532\"> </a></td><td>Organ Bank Notified</td></tr><tr><td style=\"white-space:nowrap\">224295<a name=\"mimic-d-items-224295\"> </a></td><td>Cordis/Introducer Dressing Change</td></tr><tr><td style=\"white-space:nowrap\">221217<a name=\"mimic-d-items-221217\"> </a></td><td>Ultrasound</td></tr><tr><td style=\"white-space:nowrap\">225383<a name=\"mimic-d-items-225383\"> </a></td><td>Presep Catheter Cap Change</td></tr><tr><td style=\"white-space:nowrap\">227911<a name=\"mimic-d-items-227911\"> </a></td><td>Date - Therapist</td></tr><tr><td style=\"white-space:nowrap\">229892<a name=\"mimic-d-items-229892\"> </a></td><td>Pressure Ulcer #9- Date Indentified</td></tr><tr><td style=\"white-space:nowrap\">227800<a name=\"mimic-d-items-227800\"> </a></td><td>Impaired Skin  - Dressing Change #10</td></tr><tr><td style=\"white-space:nowrap\">224560<a name=\"mimic-d-items-224560\"> </a></td><td>PA Catheter</td></tr><tr><td style=\"white-space:nowrap\">229517<a name=\"mimic-d-items-229517\"> </a></td><td>Multi Lumen Cooling Catheter</td></tr><tr><td style=\"white-space:nowrap\">225442<a name=\"mimic-d-items-225442\"> </a></td><td>Liver Biopsy</td></tr><tr><td style=\"white-space:nowrap\">225955<a name=\"mimic-d-items-225955\"> </a></td><td>Dialysis - SCUF</td></tr><tr><td style=\"white-space:nowrap\">225343<a name=\"mimic-d-items-225343\"> </a></td><td>Midline Cap Change</td></tr><tr><td style=\"white-space:nowrap\">228126<a name=\"mimic-d-items-228126\"> </a></td><td>Family met with Case Manager</td></tr><tr><td style=\"white-space:nowrap\">226563<a name=\"mimic-d-items-226563\"> </a></td><td>Suprapubic</td></tr><tr><td style=\"white-space:nowrap\">225340<a name=\"mimic-d-items-225340\"> </a></td><td>IABP Tubing Change</td></tr><tr><td style=\"white-space:nowrap\">226719<a name=\"mimic-d-items-226719\"> </a></td><td>Last menses</td></tr><tr><td style=\"white-space:nowrap\">225396<a name=\"mimic-d-items-225396\"> </a></td><td>Triple Introducer Tubing Change</td></tr><tr><td style=\"white-space:nowrap\">228165<a name=\"mimic-d-items-228165\"> </a></td><td>Impella Daily Tubing Change</td></tr><tr><td style=\"white-space:nowrap\">225429<a name=\"mimic-d-items-225429\"> </a></td><td>Blakemore / MinnesotaTube Inserted</td></tr><tr><td style=\"white-space:nowrap\">225328<a name=\"mimic-d-items-225328\"> </a></td><td>Tunneled (Hickman) Change over Wire Date</td></tr><tr><td style=\"white-space:nowrap\">225753<a name=\"mimic-d-items-225753\"> </a></td><td>22 Gauge Insertion Date</td></tr><tr><td style=\"white-space:nowrap\">229471<a name=\"mimic-d-items-229471\"> </a></td><td>24 Gauge Insertion Date</td></tr><tr><td style=\"white-space:nowrap\">227720<a name=\"mimic-d-items-227720\"> </a></td><td>AVA Cap Change</td></tr><tr><td style=\"white-space:nowrap\">225763<a name=\"mimic-d-items-225763\"> </a></td><td>Sheath Change over Wire Date</td></tr><tr><td style=\"white-space:nowrap\">227790<a name=\"mimic-d-items-227790\"> </a></td><td>Impaired Skin  - Dressing Change #1</td></tr><tr><td style=\"white-space:nowrap\">229522<a name=\"mimic-d-items-229522\"> </a></td><td>SEPS (Subdural Evacuating Port System)</td></tr><tr><td style=\"white-space:nowrap\">229515<a name=\"mimic-d-items-229515\"> </a></td><td>Avalon/Protek Duo</td></tr><tr><td style=\"white-space:nowrap\">225443<a name=\"mimic-d-items-225443\"> </a></td><td>Nuclear Medicine</td></tr><tr><td style=\"white-space:nowrap\">229643<a name=\"mimic-d-items-229643\"> </a></td><td>Stroke NCP - Ed Given Date</td></tr><tr><td style=\"white-space:nowrap\">229733<a name=\"mimic-d-items-229733\"> </a></td><td>22 Gauge Dressing Change</td></tr><tr><td style=\"white-space:nowrap\">226583<a name=\"mimic-d-items-226583\"> </a></td><td>Rectal Tube</td></tr><tr><td style=\"white-space:nowrap\">229885<a name=\"mimic-d-items-229885\"> </a></td><td>Pressure Ulcer #2- Date Indentified</td></tr><tr><td style=\"white-space:nowrap\">225386<a name=\"mimic-d-items-225386\"> </a></td><td>Presep Catheter Insertion Date</td></tr><tr><td style=\"white-space:nowrap\">229468<a name=\"mimic-d-items-229468\"> </a></td><td>24 Gauge</td></tr><tr><td style=\"white-space:nowrap\">229525<a name=\"mimic-d-items-229525\"> </a></td><td>Sheath (Arterial)</td></tr><tr><td style=\"white-space:nowrap\">226595<a name=\"mimic-d-items-226595\"> </a></td><td>R Pleural #2</td></tr><tr><td style=\"white-space:nowrap\">225758<a name=\"mimic-d-items-225758\"> </a></td><td>RIC Insertion Date</td></tr><tr><td style=\"white-space:nowrap\">225762<a name=\"mimic-d-items-225762\"> </a></td><td>Sheath Cap Change</td></tr><tr><td style=\"white-space:nowrap\">229527<a name=\"mimic-d-items-229527\"> </a></td><td>Centrimag Inflow Line</td></tr><tr><td style=\"white-space:nowrap\">228221<a name=\"mimic-d-items-228221\"> </a></td><td>Tandem Heart Return Cannula Insertion Date</td></tr><tr><td style=\"white-space:nowrap\">224185<a name=\"mimic-d-items-224185\"> </a></td><td>PICC Line Change over Wire Date</td></tr><tr><td style=\"white-space:nowrap\">228136<a name=\"mimic-d-items-228136\"> </a></td><td>Family notified of transfer</td></tr><tr><td style=\"white-space:nowrap\">227792<a name=\"mimic-d-items-227792\"> </a></td><td>Impaired Skin  - Dressing Change #3</td></tr><tr><td style=\"white-space:nowrap\">225400<a name=\"mimic-d-items-225400\"> </a></td><td>Bronchoscopy</td></tr><tr><td style=\"white-space:nowrap\">227724<a name=\"mimic-d-items-227724\"> </a></td><td>AVA Insertion Date</td></tr><tr><td style=\"white-space:nowrap\">226565<a name=\"mimic-d-items-226565\"> </a></td><td>L Nephrostomy</td></tr><tr><td style=\"white-space:nowrap\">229353<a name=\"mimic-d-items-229353\"> </a></td><td>Foley Cath Removal Date</td></tr><tr><td style=\"white-space:nowrap\">226599<a name=\"mimic-d-items-226599\"> </a></td><td>Jackson Pratt #1</td></tr><tr><td style=\"white-space:nowrap\">226482<a name=\"mimic-d-items-226482\"> </a></td><td>Blood Clot Outdates</td></tr><tr><td style=\"white-space:nowrap\">225218<a name=\"mimic-d-items-225218\"> </a></td><td>Trauma Line Tubing Change</td></tr><tr><td style=\"white-space:nowrap\">229585<a name=\"mimic-d-items-229585\"> </a></td><td>Surgical Procedure at Bedside</td></tr><tr><td style=\"white-space:nowrap\">227584<a name=\"mimic-d-items-227584\"> </a></td><td>GU Catheter D/C Date</td></tr><tr><td style=\"white-space:nowrap\">229520<a name=\"mimic-d-items-229520\"> </a></td><td>EVD #2</td></tr><tr><td style=\"white-space:nowrap\">225214<a name=\"mimic-d-items-225214\"> </a></td><td>Trauma Line Change over Wire Date</td></tr><tr><td style=\"white-space:nowrap\">228331<a name=\"mimic-d-items-228331\"> </a></td><td>PC Time of visit</td></tr><tr><td style=\"white-space:nowrap\">225439<a name=\"mimic-d-items-225439\"> </a></td><td>Endoscopy</td></tr><tr><td style=\"white-space:nowrap\">224276<a name=\"mimic-d-items-224276\"> </a></td><td>16 Gauge</td></tr><tr><td style=\"white-space:nowrap\">228128<a name=\"mimic-d-items-228128\"> </a></td><td>Family updated by MD</td></tr><tr><td style=\"white-space:nowrap\">226516<a name=\"mimic-d-items-226516\"> </a></td><td>Discharge Date/Time</td></tr><tr><td style=\"white-space:nowrap\">225351<a name=\"mimic-d-items-225351\"> </a></td><td>PA Catheter Cap Change</td></tr><tr><td style=\"white-space:nowrap\">220003<a name=\"mimic-d-items-220003\"> </a></td><td>ICU Admission date</td></tr><tr><td style=\"white-space:nowrap\">225478<a name=\"mimic-d-items-225478\"> </a></td><td>Operation</td></tr><tr><td style=\"white-space:nowrap\">224186<a name=\"mimic-d-items-224186\"> </a></td><td>PICC Line Dressing Change</td></tr><tr><td style=\"white-space:nowrap\">227126<a name=\"mimic-d-items-227126\"> </a></td><td>Indwelling (PortaCath) Port #1 Date Accessed</td></tr><tr><td style=\"white-space:nowrap\">224878<a name=\"mimic-d-items-224878\"> </a></td><td>GU Catheter Insertion Date</td></tr><tr><td style=\"white-space:nowrap\">224267<a name=\"mimic-d-items-224267\"> </a></td><td>Cordis/Introducer</td></tr><tr><td style=\"white-space:nowrap\">229366<a name=\"mimic-d-items-229366\"> </a></td><td>Epoprostenol (Inhaled)</td></tr><tr><td style=\"white-space:nowrap\">227715<a name=\"mimic-d-items-227715\"> </a></td><td>TLS Clearance</td></tr><tr><td style=\"white-space:nowrap\">229584<a name=\"mimic-d-items-229584\"> </a></td><td>EMG</td></tr><tr><td style=\"white-space:nowrap\">226558<a name=\"mimic-d-items-226558\"> </a></td><td>L Ureteral Stent</td></tr><tr><td style=\"white-space:nowrap\">226619<a name=\"mimic-d-items-226619\"> </a></td><td>Pigtail #1</td></tr><tr><td style=\"white-space:nowrap\">229883<a name=\"mimic-d-items-229883\"> </a></td><td>Pressure ulcer #1- Date Indentified_OLD_1</td></tr><tr><td style=\"white-space:nowrap\">226624<a name=\"mimic-d-items-226624\"> </a></td><td>Penrose #2</td></tr><tr><td style=\"white-space:nowrap\">224264<a name=\"mimic-d-items-224264\"> </a></td><td>PICC Line</td></tr><tr><td style=\"white-space:nowrap\">229586<a name=\"mimic-d-items-229586\"> </a></td><td>VAC Change</td></tr><tr><td style=\"white-space:nowrap\">224262<a name=\"mimic-d-items-224262\"> </a></td><td>Multi Lumen Change over Wire Date</td></tr><tr><td style=\"white-space:nowrap\">226626<a name=\"mimic-d-items-226626\"> </a></td><td>OR EBL</td></tr><tr><td style=\"white-space:nowrap\">229521<a name=\"mimic-d-items-229521\"> </a></td><td>ICP - PbtO2</td></tr><tr><td style=\"white-space:nowrap\">226631<a name=\"mimic-d-items-226631\"> </a></td><td>PACU Urine</td></tr><tr><td style=\"white-space:nowrap\">225377<a name=\"mimic-d-items-225377\"> </a></td><td>Indwelling Port (PortaCath) Dressing Change</td></tr><tr><td style=\"white-space:nowrap\">226580<a name=\"mimic-d-items-226580\"> </a></td><td>Fecal Bag</td></tr><tr><td style=\"white-space:nowrap\">229576<a name=\"mimic-d-items-229576\"> </a></td><td>ERCP (Done in unit)</td></tr><tr><td style=\"white-space:nowrap\">225789<a name=\"mimic-d-items-225789\"> </a></td><td>Sheath (Venous)</td></tr><tr><td style=\"white-space:nowrap\">227721<a name=\"mimic-d-items-227721\"> </a></td><td>AVA Change over Wire Date</td></tr><tr><td style=\"white-space:nowrap\">225430<a name=\"mimic-d-items-225430\"> </a></td><td>Cardiac Cath</td></tr><tr><td style=\"white-space:nowrap\">224277<a name=\"mimic-d-items-224277\"> </a></td><td>18 Gauge</td></tr><tr><td style=\"white-space:nowrap\">226586<a name=\"mimic-d-items-226586\"> </a></td><td>Stool Estimate</td></tr><tr><td style=\"white-space:nowrap\">224269<a name=\"mimic-d-items-224269\"> </a></td><td>CCO PAC</td></tr><tr><td style=\"white-space:nowrap\">227714<a name=\"mimic-d-items-227714\"> </a></td><td>Pericardial Drain Removed</td></tr><tr><td style=\"white-space:nowrap\">225354<a name=\"mimic-d-items-225354\"> </a></td><td>PA Catheter Insertion Date</td></tr><tr><td style=\"white-space:nowrap\">225472<a name=\"mimic-d-items-225472\"> </a></td><td>Pneumothorax</td></tr><tr><td style=\"white-space:nowrap\">227907<a name=\"mimic-d-items-227907\"> </a></td><td>Date - Student</td></tr><tr><td style=\"white-space:nowrap\">229735<a name=\"mimic-d-items-229735\"> </a></td><td>RIC Dressing Change</td></tr><tr><td style=\"white-space:nowrap\">228129<a name=\"mimic-d-items-228129\"> </a></td><td>Family updated by RN</td></tr><tr><td style=\"white-space:nowrap\">227817<a name=\"mimic-d-items-227817\"> </a></td><td>Referral Date</td></tr><tr><td style=\"white-space:nowrap\">226724<a name=\"mimic-d-items-226724\"> </a></td><td>Hospital Admit Date</td></tr><tr><td style=\"white-space:nowrap\">225765<a name=\"mimic-d-items-225765\"> </a></td><td>Sheath Dressing Change</td></tr><tr><td style=\"white-space:nowrap\">225279<a name=\"mimic-d-items-225279\"> </a></td><td>Date of Admission to Hospital</td></tr><tr><td style=\"white-space:nowrap\">229655<a name=\"mimic-d-items-229655\"> </a></td><td>Stroke NCP -  Fam Ed Given Date</td></tr><tr><td style=\"white-space:nowrap\">228793<a name=\"mimic-d-items-228793\"> </a></td><td>Pressure ulcer #1- Dressing change</td></tr><tr><td style=\"white-space:nowrap\">225477<a name=\"mimic-d-items-225477\"> </a></td><td>Unplanned Extubation (non-patient initiated)</td></tr><tr><td style=\"white-space:nowrap\">225384<a name=\"mimic-d-items-225384\"> </a></td><td>Presep Catheter Change over Wire Date</td></tr><tr><td style=\"white-space:nowrap\">224268<a name=\"mimic-d-items-224268\"> </a></td><td>Trauma line</td></tr><tr><td style=\"white-space:nowrap\">227194<a name=\"mimic-d-items-227194\"> </a></td><td>Extubation</td></tr><tr><td style=\"white-space:nowrap\">225378<a name=\"mimic-d-items-225378\"> </a></td><td>Indwelling Port (PortaCath) Insertion Date</td></tr><tr><td style=\"white-space:nowrap\">229514<a name=\"mimic-d-items-229514\"> </a></td><td>EKOS</td></tr><tr><td style=\"white-space:nowrap\">226632<a name=\"mimic-d-items-226632\"> </a></td><td>Cath Lab</td></tr><tr><td style=\"white-space:nowrap\">228266<a name=\"mimic-d-items-228266\"> </a></td><td>FM Date/Time</td></tr><tr><td style=\"white-space:nowrap\">225444<a name=\"mimic-d-items-225444\"> </a></td><td>Pan Culture</td></tr><tr><td style=\"white-space:nowrap\">228799<a name=\"mimic-d-items-228799\"> </a></td><td>Pressure ulcer #7- Dressing change</td></tr><tr><td style=\"white-space:nowrap\">225368<a name=\"mimic-d-items-225368\"> </a></td><td>Pheresis Catheter Change over Wire Date</td></tr><tr><td style=\"white-space:nowrap\">229739<a name=\"mimic-d-items-229739\"> </a></td><td>22 Gauge Cap Change</td></tr><tr><td style=\"white-space:nowrap\">229732<a name=\"mimic-d-items-229732\"> </a></td><td>20 Gauge Dressing Change</td></tr><tr><td style=\"white-space:nowrap\">226126<a name=\"mimic-d-items-226126\"> </a></td><td>ICP Line Dressing Change</td></tr><tr><td style=\"white-space:nowrap\">229983<a name=\"mimic-d-items-229983\"> </a></td><td>Isoflurane (Inhaled)</td></tr><tr><td style=\"white-space:nowrap\">225372<a name=\"mimic-d-items-225372\"> </a></td><td>Pheresis Catheter Tubing Change</td></tr><tr><td style=\"white-space:nowrap\">229526<a name=\"mimic-d-items-229526\"> </a></td><td>MAC</td></tr><tr><td style=\"white-space:nowrap\">225401<a name=\"mimic-d-items-225401\"> </a></td><td>Blood Cultured</td></tr><tr><td style=\"white-space:nowrap\">229549<a name=\"mimic-d-items-229549\"> </a></td><td>Avalon Dressing Change</td></tr><tr><td style=\"white-space:nowrap\">227198<a name=\"mimic-d-items-227198\"> </a></td><td>Indwelling (PortaCath) Port #1 Date De-accessed</td></tr><tr><td style=\"white-space:nowrap\">225451<a name=\"mimic-d-items-225451\"> </a></td><td>Sputum Culture</td></tr><tr><td style=\"white-space:nowrap\">226618<a name=\"mimic-d-items-226618\"> </a></td><td>Sump #2</td></tr><tr><td style=\"white-space:nowrap\">226570<a name=\"mimic-d-items-226570\"> </a></td><td>Blakemore</td></tr><tr><td style=\"white-space:nowrap\">227798<a name=\"mimic-d-items-227798\"> </a></td><td>Impaired Skin  - Dressing Change #9</td></tr><tr><td style=\"white-space:nowrap\">225390<a name=\"mimic-d-items-225390\"> </a></td><td>Presep Catheter Tubing Change</td></tr><tr><td style=\"white-space:nowrap\">229888<a name=\"mimic-d-items-229888\"> </a></td><td>Pressure Ulcer #5- Date Indentified</td></tr><tr><td style=\"white-space:nowrap\">226236<a name=\"mimic-d-items-226236\"> </a></td><td>Temporary Pacemaker Wires Discontinued</td></tr><tr><td style=\"white-space:nowrap\">229518<a name=\"mimic-d-items-229518\"> </a></td><td>ICP - Camino</td></tr><tr><td style=\"white-space:nowrap\">229887<a name=\"mimic-d-items-229887\"> </a></td><td>Pressure Ulcer #4- Date Indentified</td></tr><tr><td style=\"white-space:nowrap\">228800<a name=\"mimic-d-items-228800\"> </a></td><td>Pressure ulcer #8- Dressing change</td></tr><tr><td style=\"white-space:nowrap\">226128<a name=\"mimic-d-items-226128\"> </a></td><td>ICP Line Insertion Date</td></tr><tr><td style=\"white-space:nowrap\">229730<a name=\"mimic-d-items-229730\"> </a></td><td>14 Gauge Dressing Change</td></tr><tr><td style=\"white-space:nowrap\">224385<a name=\"mimic-d-items-224385\"> </a></td><td>Intubation</td></tr><tr><td style=\"white-space:nowrap\">225766<a name=\"mimic-d-items-225766\"> </a></td><td>Sheath Insertion Date</td></tr><tr><td style=\"white-space:nowrap\">225475<a name=\"mimic-d-items-225475\"> </a></td><td>Respiratory Arrest</td></tr><tr><td style=\"white-space:nowrap\">228291<a name=\"mimic-d-items-228291\"> </a></td><td>IO Insertion Date</td></tr><tr><td style=\"white-space:nowrap\">226613<a name=\"mimic-d-items-226613\"> </a></td><td>Wound Vac #1</td></tr><tr><td style=\"white-space:nowrap\">225467<a name=\"mimic-d-items-225467\"> </a></td><td>Chest Opened</td></tr><tr><td style=\"white-space:nowrap\">224287<a name=\"mimic-d-items-224287\"> </a></td><td>Arterial Line Dressing Change</td></tr><tr><td style=\"white-space:nowrap\">229886<a name=\"mimic-d-items-229886\"> </a></td><td>Pressure Ulcer #3- Date Indentified</td></tr><tr><td style=\"white-space:nowrap\">227729<a name=\"mimic-d-items-227729\"> </a></td><td>AVA Tubing Change</td></tr><tr><td style=\"white-space:nowrap\">225816<a name=\"mimic-d-items-225816\"> </a></td><td>Wound Culture</td></tr><tr><td style=\"white-space:nowrap\">225203<a name=\"mimic-d-items-225203\"> </a></td><td>Pheresis Catheter</td></tr><tr><td style=\"white-space:nowrap\">226592<a name=\"mimic-d-items-226592\"> </a></td><td>Mediastinal</td></tr><tr><td style=\"white-space:nowrap\">227796<a name=\"mimic-d-items-227796\"> </a></td><td>Impaired Skin  - Dressing Change #7</td></tr><tr><td style=\"white-space:nowrap\">226474<a name=\"mimic-d-items-226474\"> </a></td><td>ICP Bolt Inserted</td></tr><tr><td style=\"white-space:nowrap\">228228<a name=\"mimic-d-items-228228\"> </a></td><td>Family meeting attempted, unable</td></tr><tr><td style=\"white-space:nowrap\">229524<a name=\"mimic-d-items-229524\"> </a></td><td>Lumbar Drain</td></tr><tr><td style=\"white-space:nowrap\">229620<a name=\"mimic-d-items-229620\"> </a></td><td>Massive Transfusion</td></tr><tr><td style=\"white-space:nowrap\">224285<a name=\"mimic-d-items-224285\"> </a></td><td>Arterial line Change over Wire Date</td></tr><tr><td style=\"white-space:nowrap\">226124<a name=\"mimic-d-items-226124\"> </a></td><td>ICP Catheter</td></tr><tr><td style=\"white-space:nowrap\">226476<a name=\"mimic-d-items-226476\"> </a></td><td>Esophogeal Balloon</td></tr><tr><td style=\"white-space:nowrap\">225821<a name=\"mimic-d-items-225821\"> </a></td><td>Unplanned Line/Catheter Removal (Patient Initiated)</td></tr><tr><td style=\"white-space:nowrap\">225202<a name=\"mimic-d-items-225202\"> </a></td><td>Indwelling Port (PortaCath)</td></tr><tr><td style=\"white-space:nowrap\">229889<a name=\"mimic-d-items-229889\"> </a></td><td>Pressure Ulcer #6- Date Indentified</td></tr><tr><td style=\"white-space:nowrap\">227510<a name=\"mimic-d-items-227510\"> </a></td><td>TF Residual</td></tr><tr><td style=\"white-space:nowrap\">225457<a name=\"mimic-d-items-225457\"> </a></td><td>Abdominal X-Ray</td></tr><tr><td style=\"white-space:nowrap\">225222<a name=\"mimic-d-items-225222\"> </a></td><td>CCO PAC Change over Wire Date</td></tr><tr><td style=\"white-space:nowrap\">229531<a name=\"mimic-d-items-229531\"> </a></td><td>Tunneled Access Line</td></tr><tr><td style=\"white-space:nowrap\">229532<a name=\"mimic-d-items-229532\"> </a></td><td>Indwelling Port</td></tr><tr><td style=\"white-space:nowrap\">227541<a name=\"mimic-d-items-227541\"> </a></td><td>SvO2 Calibrated</td></tr><tr><td style=\"white-space:nowrap\">226579<a name=\"mimic-d-items-226579\"> </a></td><td>Stool</td></tr><tr><td style=\"white-space:nowrap\">225385<a name=\"mimic-d-items-225385\"> </a></td><td>Presep Catheter Dressing Change</td></tr><tr><td style=\"white-space:nowrap\">225450<a name=\"mimic-d-items-225450\"> </a></td><td>Radiation Therapy</td></tr><tr><td style=\"white-space:nowrap\">225376<a name=\"mimic-d-items-225376\"> </a></td><td>Indwelling Port (PortaCath) Change over Wire Date</td></tr><tr><td style=\"white-space:nowrap\">224290<a name=\"mimic-d-items-224290\"> </a></td><td>Arterial line Tubing Change</td></tr><tr><td style=\"white-space:nowrap\">226633<a name=\"mimic-d-items-226633\"> </a></td><td>Pre-Admission</td></tr><tr><td style=\"white-space:nowrap\">226612<a name=\"mimic-d-items-226612\"> </a></td><td>Pericardial</td></tr><tr><td style=\"white-space:nowrap\">225756<a name=\"mimic-d-items-225756\"> </a></td><td>16 Gauge Insertion Date</td></tr><tr><td style=\"white-space:nowrap\">228794<a name=\"mimic-d-items-228794\"> </a></td><td>Pressure ulcer #2- Dressing change</td></tr><tr><td style=\"white-space:nowrap\">229996<a name=\"mimic-d-items-229996\"> </a></td><td>Nitrous Oxide (Inhaled)</td></tr><tr><td style=\"white-space:nowrap\">225460<a name=\"mimic-d-items-225460\"> </a></td><td>Cervical Spine</td></tr><tr><td style=\"white-space:nowrap\">228715<a name=\"mimic-d-items-228715\"> </a></td><td>Transcranial Doppler</td></tr><tr><td style=\"white-space:nowrap\">227712<a name=\"mimic-d-items-227712\"> </a></td><td>Chest Tube Removed</td></tr><tr><td style=\"white-space:nowrap\">225317<a name=\"mimic-d-items-225317\"> </a></td><td>Trauma Line Insertion Date</td></tr><tr><td style=\"white-space:nowrap\">225327<a name=\"mimic-d-items-225327\"> </a></td><td>Tunneled (Hickman) Cap Change</td></tr><tr><td style=\"white-space:nowrap\">228130<a name=\"mimic-d-items-228130\"> </a></td><td>NEOB notified</td></tr><tr><td style=\"white-space:nowrap\">228795<a name=\"mimic-d-items-228795\"> </a></td><td>Pressure ulcer #3- Dressing change</td></tr><tr><td style=\"white-space:nowrap\">225370<a name=\"mimic-d-items-225370\"> </a></td><td>Pheresis Catheter Insertion Date</td></tr><tr><td style=\"white-space:nowrap\">226617<a name=\"mimic-d-items-226617\"> </a></td><td>Sump #1</td></tr><tr><td style=\"white-space:nowrap\">225967<a name=\"mimic-d-items-225967\"> </a></td><td>Rectal Swab</td></tr><tr><td style=\"white-space:nowrap\">225449<a name=\"mimic-d-items-225449\"> </a></td><td>Pericardiocentesis</td></tr><tr><td style=\"white-space:nowrap\">228209<a name=\"mimic-d-items-228209\"> </a></td><td>Tandem Heart Access Line Insertion Date</td></tr><tr><td style=\"white-space:nowrap\">225213<a name=\"mimic-d-items-225213\"> </a></td><td>Trauma Line Cap Change</td></tr><tr><td style=\"white-space:nowrap\">226590<a name=\"mimic-d-items-226590\"> </a></td><td>L Pleural #1</td></tr><tr><td style=\"white-space:nowrap\">226559<a name=\"mimic-d-items-226559\"> </a></td><td>Foley</td></tr><tr><td style=\"white-space:nowrap\">229884<a name=\"mimic-d-items-229884\"> </a></td><td>Pressure Ulcer #1- Date Indentified</td></tr><tr><td style=\"white-space:nowrap\">226588<a name=\"mimic-d-items-226588\"> </a></td><td>Chest Tube #1</td></tr><tr><td style=\"white-space:nowrap\">225434<a name=\"mimic-d-items-225434\"> </a></td><td>Colonoscopy</td></tr><tr><td style=\"white-space:nowrap\">225815<a name=\"mimic-d-items-225815\"> </a></td><td>Peritoneal Fluid</td></tr><tr><td style=\"white-space:nowrap\">225456<a name=\"mimic-d-items-225456\"> </a></td><td>Ventricular Drain</td></tr><tr><td style=\"white-space:nowrap\">229729<a name=\"mimic-d-items-229729\"> </a></td><td>18 Gauge Cap Change</td></tr><tr><td style=\"white-space:nowrap\">225817<a name=\"mimic-d-items-225817\"> </a></td><td>BAL Fluid Culture</td></tr><tr><td style=\"white-space:nowrap\">225805<a name=\"mimic-d-items-225805\"> </a></td><td>Peritoneal Dialysis</td></tr><tr><td style=\"white-space:nowrap\">225479<a name=\"mimic-d-items-225479\"> </a></td><td>Thoracentesis</td></tr><tr><td style=\"white-space:nowrap\">225461<a name=\"mimic-d-items-225461\"> </a></td><td>Pelvis</td></tr><tr><td style=\"white-space:nowrap\">228215<a name=\"mimic-d-items-228215\"> </a></td><td>Tandem Heart Access Line Tubing Change</td></tr><tr><td style=\"white-space:nowrap\">224284<a name=\"mimic-d-items-224284\"> </a></td><td>Arterial line Cap Change</td></tr><tr><td style=\"white-space:nowrap\">224298<a name=\"mimic-d-items-224298\"> </a></td><td>Cordis/Introducer Tubing Change</td></tr><tr><td style=\"white-space:nowrap\">227701<a name=\"mimic-d-items-227701\"> </a></td><td>Drainage Bag</td></tr><tr><td style=\"white-space:nowrap\">229413<a name=\"mimic-d-items-229413\"> </a></td><td>Chest Tube #3</td></tr><tr><td style=\"white-space:nowrap\">225402<a name=\"mimic-d-items-225402\"> </a></td><td>EKG</td></tr><tr><td style=\"white-space:nowrap\">229614<a name=\"mimic-d-items-229614\"> </a></td><td>EEG (Continuous)</td></tr><tr><td style=\"white-space:nowrap\">225440<a name=\"mimic-d-items-225440\"> </a></td><td>Fluoroscopy</td></tr><tr><td style=\"white-space:nowrap\">229501<a name=\"mimic-d-items-229501\"> </a></td><td>Small Bore Nasal Enteral Tube Placement</td></tr><tr><td style=\"white-space:nowrap\">225757<a name=\"mimic-d-items-225757\"> </a></td><td>14 Gauge Insertion Date</td></tr><tr><td style=\"white-space:nowrap\">221214<a name=\"mimic-d-items-221214\"> </a></td><td>CT scan</td></tr><tr><td style=\"white-space:nowrap\">226614<a name=\"mimic-d-items-226614\"> </a></td><td>Wound Vac #2</td></tr><tr><td style=\"white-space:nowrap\">226593<a name=\"mimic-d-items-226593\"> </a></td><td>R Pleural #1</td></tr><tr><td style=\"white-space:nowrap\">225216<a name=\"mimic-d-items-225216\"> </a></td><td>Trauma Line Dressing Change</td></tr><tr><td style=\"white-space:nowrap\">226567<a name=\"mimic-d-items-226567\"> </a></td><td>Straight Cath</td></tr><tr><td style=\"white-space:nowrap\">225468<a name=\"mimic-d-items-225468\"> </a></td><td>Unplanned Extubation (patient-initiated)</td></tr><tr><td style=\"white-space:nowrap\">229542<a name=\"mimic-d-items-229542\"> </a></td><td>EKOS Dressing Change</td></tr><tr><td style=\"white-space:nowrap\">226629<a name=\"mimic-d-items-226629\"> </a></td><td>PACU EBL</td></tr><tr><td style=\"white-space:nowrap\">228202<a name=\"mimic-d-items-228202\"> </a></td><td>Tandem Heart Outflow Line</td></tr><tr><td style=\"white-space:nowrap\">225329<a name=\"mimic-d-items-225329\"> </a></td><td>Tunneled (Hickman) Dressing Change</td></tr><tr><td style=\"white-space:nowrap\">224261<a name=\"mimic-d-items-224261\"> </a></td><td>Multi Lumen Cap Change</td></tr><tr><td style=\"white-space:nowrap\">225353<a name=\"mimic-d-items-225353\"> </a></td><td>PA Catheter Dressing Change</td></tr><tr><td style=\"white-space:nowrap\">227793<a name=\"mimic-d-items-227793\"> </a></td><td>Impaired Skin  - Dressing Change #4</td></tr><tr><td style=\"white-space:nowrap\">225432<a name=\"mimic-d-items-225432\"> </a></td><td>Transthoracic Echo</td></tr><tr><td style=\"white-space:nowrap\">226597<a name=\"mimic-d-items-226597\"> </a></td><td>JP Medial</td></tr><tr><td style=\"white-space:nowrap\">225761<a name=\"mimic-d-items-225761\"> </a></td><td>Sheath Insertion</td></tr><tr><td style=\"white-space:nowrap\">226572<a name=\"mimic-d-items-226572\"> </a></td><td>Ewald</td></tr><tr><td style=\"white-space:nowrap\">224187<a name=\"mimic-d-items-224187\"> </a></td><td>PICC Line Tubing Change</td></tr><tr><td style=\"white-space:nowrap\">224184<a name=\"mimic-d-items-224184\"> </a></td><td>PICC Line Insertion Date</td></tr><tr><td style=\"white-space:nowrap\">229519<a name=\"mimic-d-items-229519\"> </a></td><td>EVD #1</td></tr><tr><td style=\"white-space:nowrap\">225448<a name=\"mimic-d-items-225448\"> </a></td><td>Percutaneous Tracheostomy</td></tr><tr><td style=\"white-space:nowrap\">226621<a name=\"mimic-d-items-226621\"> </a></td><td>Davol</td></tr><tr><td style=\"white-space:nowrap\">229737<a name=\"mimic-d-items-229737\"> </a></td><td>16 Gauge Cap Change</td></tr><tr><td style=\"white-space:nowrap\">225446<a name=\"mimic-d-items-225446\"> </a></td><td>PEG Insertion</td></tr><tr><td style=\"white-space:nowrap\">229533<a name=\"mimic-d-items-229533\"> </a></td><td>Camino</td></tr><tr><td style=\"white-space:nowrap\">229740<a name=\"mimic-d-items-229740\"> </a></td><td>24 Gauge Cap Change</td></tr><tr><td style=\"white-space:nowrap\">227488<a name=\"mimic-d-items-227488\"> </a></td><td>GU Irrigant Volume In</td></tr><tr><td style=\"white-space:nowrap\">229741<a name=\"mimic-d-items-229741\"> </a></td><td>RIC Cap Change</td></tr><tr><td style=\"white-space:nowrap\">228321<a name=\"mimic-d-items-228321\"> </a></td><td>PC Date</td></tr><tr><td style=\"white-space:nowrap\">227550<a name=\"mimic-d-items-227550\"> </a></td><td>ERCP (Travel to)</td></tr><tr><td style=\"white-space:nowrap\">225391<a name=\"mimic-d-items-225391\"> </a></td><td>Triple Introducer Cap Change</td></tr><tr><td style=\"white-space:nowrap\">227713<a name=\"mimic-d-items-227713\"> </a></td><td>Epidural Placement</td></tr><tr><td style=\"white-space:nowrap\">225966<a name=\"mimic-d-items-225966\"> </a></td><td>Nasal Swab</td></tr><tr><td style=\"white-space:nowrap\">225818<a name=\"mimic-d-items-225818\"> </a></td><td>Pleural Fluid Culture</td></tr><tr><td style=\"white-space:nowrap\">226620<a name=\"mimic-d-items-226620\"> </a></td><td>Pigtail #2</td></tr><tr><td style=\"white-space:nowrap\">226600<a name=\"mimic-d-items-226600\"> </a></td><td>Jackson Pratt #2</td></tr><tr><td style=\"white-space:nowrap\">226584<a name=\"mimic-d-items-226584\"> </a></td><td>Ileoconduit</td></tr><tr><td style=\"white-space:nowrap\">229414<a name=\"mimic-d-items-229414\"> </a></td><td>Chest Tube #4</td></tr><tr><td style=\"white-space:nowrap\">225406<a name=\"mimic-d-items-225406\"> </a></td><td>Transferred to Floor</td></tr><tr><td style=\"white-space:nowrap\">226132<a name=\"mimic-d-items-226132\"> </a></td><td>ICP Line Tubing Change</td></tr><tr><td style=\"white-space:nowrap\">225755<a name=\"mimic-d-items-225755\"> </a></td><td>18 Gauge Insertion Date</td></tr><tr><td style=\"white-space:nowrap\">226566<a name=\"mimic-d-items-226566\"> </a></td><td>Urine and GU Irrigant Out</td></tr><tr><td style=\"white-space:nowrap\">226630<a name=\"mimic-d-items-226630\"> </a></td><td>PACU Gastric</td></tr><tr><td style=\"white-space:nowrap\">226564<a name=\"mimic-d-items-226564\"> </a></td><td>R Nephrostomy</td></tr><tr><td style=\"white-space:nowrap\">224272<a name=\"mimic-d-items-224272\"> </a></td><td>IABP line</td></tr><tr><td style=\"white-space:nowrap\">228797<a name=\"mimic-d-items-228797\"> </a></td><td>Pressure ulcer #5- Dressing change</td></tr><tr><td style=\"white-space:nowrap\">228168<a name=\"mimic-d-items-228168\"> </a></td><td>Impella Insertion Date</td></tr><tr><td style=\"white-space:nowrap\">226627<a name=\"mimic-d-items-226627\"> </a></td><td>OR Urine</td></tr><tr><td style=\"white-space:nowrap\">224270<a name=\"mimic-d-items-224270\"> </a></td><td>Dialysis Catheter</td></tr><tr><td style=\"white-space:nowrap\">226573<a name=\"mimic-d-items-226573\"> </a></td><td>Gastric Tube</td></tr><tr><td style=\"white-space:nowrap\">229550<a name=\"mimic-d-items-229550\"> </a></td><td>Avalon Insertion Date</td></tr><tr><td style=\"white-space:nowrap\">226598<a name=\"mimic-d-items-226598\"> </a></td><td>JP Lateral</td></tr><tr><td style=\"white-space:nowrap\">225337<a name=\"mimic-d-items-225337\"> </a></td><td>IABP Dressing Change</td></tr><tr><td style=\"white-space:nowrap\">229734<a name=\"mimic-d-items-229734\"> </a></td><td>24 Gauge Dressing Change</td></tr><tr><td style=\"white-space:nowrap\">224273<a name=\"mimic-d-items-224273\"> </a></td><td>Presep Catheter</td></tr><tr><td style=\"white-space:nowrap\">225754<a name=\"mimic-d-items-225754\"> </a></td><td>20 Gauge Insertion Date</td></tr><tr><td style=\"white-space:nowrap\">226625<a name=\"mimic-d-items-226625\"> </a></td><td>Tap</td></tr><tr><td style=\"white-space:nowrap\">229523<a name=\"mimic-d-items-229523\"> </a></td><td>Subdural Drain</td></tr><tr><td style=\"white-space:nowrap\">228631<a name=\"mimic-d-items-228631\"> </a></td><td>Date signed</td></tr><tr><td style=\"white-space:nowrap\">228218<a name=\"mimic-d-items-228218\"> </a></td><td>Tandem Heart Return Cannula Dressing Change</td></tr><tr><td style=\"white-space:nowrap\">226713<a name=\"mimic-d-items-226713\"> </a></td><td>Incontinent/voids (estimate)</td></tr><tr><td style=\"white-space:nowrap\">227487<a name=\"mimic-d-items-227487\"> </a></td><td>GU Irrigant Type</td></tr><tr><td style=\"white-space:nowrap\">229890<a name=\"mimic-d-items-229890\"> </a></td><td>Pressure Ulcer #7- Date Indentified</td></tr><tr><td style=\"white-space:nowrap\">225465<a name=\"mimic-d-items-225465\"> </a></td><td>Chest Pain</td></tr><tr><td style=\"white-space:nowrap\">225346<a name=\"mimic-d-items-225346\"> </a></td><td>Midline Insertion Date</td></tr><tr><td style=\"white-space:nowrap\">226569<a name=\"mimic-d-items-226569\"> </a></td><td>Anderson (gastric)</td></tr><tr><td style=\"white-space:nowrap\">226475<a name=\"mimic-d-items-226475\"> </a></td><td>Intraventricular Drain Inserted</td></tr><tr><td style=\"white-space:nowrap\">227719<a name=\"mimic-d-items-227719\"> </a></td><td>AVA</td></tr><tr><td style=\"white-space:nowrap\">228802<a name=\"mimic-d-items-228802\"> </a></td><td>Pressure ulcer #10- Dressing change</td></tr><tr><td style=\"white-space:nowrap\">226607<a name=\"mimic-d-items-226607\"> </a></td><td>Cerebral Ventricular #2</td></tr><tr><td style=\"white-space:nowrap\">229651<a name=\"mimic-d-items-229651\"> </a></td><td>Stroke NCP - Water Swallow Date</td></tr><tr><td style=\"white-space:nowrap\">229582<a name=\"mimic-d-items-229582\"> </a></td><td>Portable CT scan</td></tr><tr><td style=\"white-space:nowrap\">226571<a name=\"mimic-d-items-226571\"> </a></td><td>Emesis</td></tr><tr><td style=\"white-space:nowrap\">224183<a name=\"mimic-d-items-224183\"> </a></td><td>PICC Line Cap Change</td></tr><tr><td style=\"white-space:nowrap\">226561<a name=\"mimic-d-items-226561\"> </a></td><td>Condom Cath</td></tr><tr><td style=\"white-space:nowrap\">225332<a name=\"mimic-d-items-225332\"> </a></td><td>Tunneled (Hickman) Tubing Change</td></tr><tr><td style=\"white-space:nowrap\">229578<a name=\"mimic-d-items-229578\"> </a></td><td>Cath Lab (Sent)</td></tr><tr><td style=\"white-space:nowrap\">225809<a name=\"mimic-d-items-225809\"> </a></td><td>Dialysis - CVVHDF</td></tr><tr><td style=\"white-space:nowrap\">225466<a name=\"mimic-d-items-225466\"> </a></td><td>Cardiac Arrest</td></tr><tr><td style=\"white-space:nowrap\">226589<a name=\"mimic-d-items-226589\"> </a></td><td>Chest Tube #2</td></tr><tr><td style=\"white-space:nowrap\">225375<a name=\"mimic-d-items-225375\"> </a></td><td>Indwelling Port (PortaCath) Cap Change</td></tr><tr><td style=\"white-space:nowrap\">229893<a name=\"mimic-d-items-229893\"> </a></td><td>Pressure Ulcer #10- Date Indentified</td></tr><tr><td style=\"white-space:nowrap\">226601<a name=\"mimic-d-items-226601\"> </a></td><td>Jackson Pratt #3</td></tr><tr><td style=\"white-space:nowrap\">226576<a name=\"mimic-d-items-226576\"> </a></td><td>Oral Gastric</td></tr><tr><td style=\"white-space:nowrap\">226575<a name=\"mimic-d-items-226575\"> </a></td><td>Nasogastric</td></tr><tr><td style=\"white-space:nowrap\">225820<a name=\"mimic-d-items-225820\"> </a></td><td>C-Spine Clearance</td></tr><tr><td style=\"white-space:nowrap\">225338<a name=\"mimic-d-items-225338\"> </a></td><td>IABP Insertion Date</td></tr><tr><td style=\"white-space:nowrap\">221216<a name=\"mimic-d-items-221216\"> </a></td><td>X-ray</td></tr><tr><td style=\"white-space:nowrap\">229575<a name=\"mimic-d-items-229575\"> </a></td><td>Travel to Radiology</td></tr><tr><td style=\"white-space:nowrap\">227361<a name=\"mimic-d-items-227361\"> </a></td><td>Indwelling (PortaCath) Dressing Change</td></tr><tr><td style=\"white-space:nowrap\">226604<a name=\"mimic-d-items-226604\"> </a></td><td>Hemovac #1</td></tr><tr><td style=\"white-space:nowrap\">225462<a name=\"mimic-d-items-225462\"> </a></td><td>Interventional Radiology</td></tr><tr><td style=\"white-space:nowrap\">225318<a name=\"mimic-d-items-225318\"> </a></td><td>Dialysis Catheter Cap Change</td></tr><tr><td style=\"white-space:nowrap\">229541<a name=\"mimic-d-items-229541\"> </a></td><td>EKOS Insertion Date</td></tr><tr><td style=\"white-space:nowrap\">225322<a name=\"mimic-d-items-225322\"> </a></td><td>Dialysis Catheter Insertion Date</td></tr><tr><td style=\"white-space:nowrap\">225367<a name=\"mimic-d-items-225367\"> </a></td><td>Pheresis Catheter Cap Change</td></tr><tr><td style=\"white-space:nowrap\">228160<a name=\"mimic-d-items-228160\"> </a></td><td>Impella Aortic Pressure Tubing Change</td></tr><tr><td style=\"white-space:nowrap\">226603<a name=\"mimic-d-items-226603\"> </a></td><td>T Tube</td></tr><tr><td style=\"white-space:nowrap\">225199<a name=\"mimic-d-items-225199\"> </a></td><td>Triple Introducer</td></tr><tr><td style=\"white-space:nowrap\">228103<a name=\"mimic-d-items-228103\"> </a></td><td>Stool containment device placed</td></tr><tr><td style=\"white-space:nowrap\">227791<a name=\"mimic-d-items-227791\"> </a></td><td>Impaired Skin  - Dressing Change #2</td></tr><tr><td style=\"white-space:nowrap\">227551<a name=\"mimic-d-items-227551\"> </a></td><td>Plasma Pheresis.</td></tr><tr><td style=\"white-space:nowrap\">225433<a name=\"mimic-d-items-225433\"> </a></td><td>Chest Tube Placed</td></tr><tr><td style=\"white-space:nowrap\">224566<a name=\"mimic-d-items-224566\"> </a></td><td>14 Gauge</td></tr><tr><td style=\"white-space:nowrap\">227197<a name=\"mimic-d-items-227197\"> </a></td><td>Indwelling (PortaCath) Port #2 Date Accessed</td></tr><tr><td style=\"white-space:nowrap\">225752<a name=\"mimic-d-items-225752\"> </a></td><td>Arterial Line</td></tr><tr><td style=\"white-space:nowrap\">226608<a name=\"mimic-d-items-226608\"> </a></td><td>Cerebral Subdural #1</td></tr><tr><td style=\"white-space:nowrap\">228166<a name=\"mimic-d-items-228166\"> </a></td><td>Impella Dressing Change</td></tr><tr><td style=\"white-space:nowrap\">225205<a name=\"mimic-d-items-225205\"> </a></td><td>RIC</td></tr><tr><td style=\"white-space:nowrap\">224280<a name=\"mimic-d-items-224280\"> </a></td><td>Multi Lumen Insertion Date</td></tr><tr><td style=\"white-space:nowrap\">224274<a name=\"mimic-d-items-224274\"> </a></td><td>22 Gauge</td></tr><tr><td style=\"white-space:nowrap\">229516<a name=\"mimic-d-items-229516\"> </a></td><td>Single Lumen</td></tr><tr><td style=\"white-space:nowrap\">225469<a name=\"mimic-d-items-225469\"> </a></td><td>OR Received</td></tr><tr><td style=\"white-space:nowrap\">229731<a name=\"mimic-d-items-229731\"> </a></td><td>16 Gauge Dressing Change</td></tr><tr><td style=\"white-space:nowrap\">225819<a name=\"mimic-d-items-225819\"> </a></td><td>Brain Death</td></tr><tr><td style=\"white-space:nowrap\">227711<a name=\"mimic-d-items-227711\"> </a></td><td>Drain Removed</td></tr><tr><td style=\"white-space:nowrap\">225459<a name=\"mimic-d-items-225459\"> </a></td><td>Chest X-Ray</td></tr><tr><td style=\"white-space:nowrap\">225474<a name=\"mimic-d-items-225474\"> </a></td><td>Fall</td></tr><tr><td style=\"white-space:nowrap\">225128<a name=\"mimic-d-items-225128\"> </a></td><td>Last dialysis</td></tr><tr><td style=\"white-space:nowrap\">225399<a name=\"mimic-d-items-225399\"> </a></td><td>Lumbar Puncture</td></tr><tr><td style=\"white-space:nowrap\">225319<a name=\"mimic-d-items-225319\"> </a></td><td>Dialysis Catheter Change over Wire Date</td></tr><tr><td style=\"white-space:nowrap\">225324<a name=\"mimic-d-items-225324\"> </a></td><td>Dialysis CatheterTubing Change</td></tr><tr><td style=\"white-space:nowrap\">228207<a name=\"mimic-d-items-228207\"> </a></td><td>Tandem Heart Access Line Dressing Change</td></tr><tr><td style=\"white-space:nowrap\">225226<a name=\"mimic-d-items-225226\"> </a></td><td>CCO PAC Tubing Change</td></tr><tr><td style=\"white-space:nowrap\">226237<a name=\"mimic-d-items-226237\"> </a></td><td>Open Tracheostomy</td></tr><tr><td style=\"white-space:nowrap\">225476<a name=\"mimic-d-items-225476\"> </a></td><td>Unplanned Line/Catheter Removal (Non-Patient initated)</td></tr><tr><td style=\"white-space:nowrap\">225083<a name=\"mimic-d-items-225083\"> </a></td><td>Pregnancy due date</td></tr><tr><td style=\"white-space:nowrap\">226591<a name=\"mimic-d-items-226591\"> </a></td><td>L Pleural #2</td></tr><tr><td style=\"white-space:nowrap\">225204<a name=\"mimic-d-items-225204\"> </a></td><td>Midline</td></tr><tr><td style=\"white-space:nowrap\">227542<a name=\"mimic-d-items-227542\"> </a></td><td>ScvO2 (Presep) Calibrated</td></tr><tr><td style=\"white-space:nowrap\">229556<a name=\"mimic-d-items-229556\"> </a></td><td>Cardiac Assist Cannula Date</td></tr><tr><td style=\"white-space:nowrap\">225380<a name=\"mimic-d-items-225380\"> </a></td><td>Indwelling Port (PortaCath)Tubing Change</td></tr><tr><td style=\"white-space:nowrap\">226609<a name=\"mimic-d-items-226609\"> </a></td><td>Cerebral Subdural #2</td></tr><tr><td style=\"white-space:nowrap\">226606<a name=\"mimic-d-items-226606\"> </a></td><td>Cerebral Ventricular #1</td></tr><tr><td style=\"white-space:nowrap\">225441<a name=\"mimic-d-items-225441\"> </a></td><td>Hemodialysis</td></tr><tr><td style=\"white-space:nowrap\">226518<a name=\"mimic-d-items-226518\"> </a></td><td>Expected Discharge Date</td></tr><tr><td style=\"white-space:nowrap\">225344<a name=\"mimic-d-items-225344\"> </a></td><td>Midline Change over Wire Date</td></tr><tr><td style=\"white-space:nowrap\">229984<a name=\"mimic-d-items-229984\"> </a></td><td>Sevoflurane (Inhaled)</td></tr><tr><td style=\"white-space:nowrap\">228125<a name=\"mimic-d-items-228125\"> </a></td><td>Family meeting held</td></tr><tr><td style=\"white-space:nowrap\">224293<a name=\"mimic-d-items-224293\"> </a></td><td>Cordis/Introducer Change over Wire Date</td></tr><tr><td style=\"white-space:nowrap\">221219<a name=\"mimic-d-items-221219\"> </a></td><td>Venogram</td></tr><tr><td style=\"white-space:nowrap\">228286<a name=\"mimic-d-items-228286\"> </a></td><td>Intraosseous Device</td></tr><tr><td style=\"white-space:nowrap\">225394<a name=\"mimic-d-items-225394\"> </a></td><td>Triple Introducer Insertion Date</td></tr><tr><td style=\"white-space:nowrap\">225792<a name=\"mimic-d-items-225792\"> </a></td><td>Invasive Ventilation</td></tr><tr><td style=\"white-space:nowrap\">225445<a name=\"mimic-d-items-225445\"> </a></td><td>Paracentesis</td></tr><tr><td style=\"white-space:nowrap\">226610<a name=\"mimic-d-items-226610\"> </a></td><td>Lumbar</td></tr><tr><td style=\"white-space:nowrap\">229530<a name=\"mimic-d-items-229530\"> </a></td><td>ECMO Outflow Line</td></tr><tr><td style=\"white-space:nowrap\">228796<a name=\"mimic-d-items-228796\"> </a></td><td>Pressure ulcer #4- Dressing change</td></tr><tr><td style=\"white-space:nowrap\">224282<a name=\"mimic-d-items-224282\"> </a></td><td>Multi Lumen Tubing Change</td></tr></table></div>"},"url":"http://mimic.mit.edu/fhir/mimic/CodeSystem/mimic-d-items","version":"1.3.0","name":"MimicDItems","title":"MimicDItems","status":"draft","date":"2022-09-21T13:59:43-04:00","publisher":"KinD Lab","contact":[{"name":"KinD Lab","telecom":[{"system":"url","value":"http://fhir.kindlab.sickkids.ca"}]}],"description":"The item codes used throughout the ICU in MIMIC","valueSet":"http://mimic.mit.edu/fhir/mimic/ValueSet/mimic-d-items","content":"complete","concept":[{"code":"227797","display":"Impaired Skin  - Dressing Change #8"},{"code":"227795","display":"Impaired Skin  - Dressing Change #6"},{"code":"225814","display":"Stool Culture"},{"code":"225315","display":"Tunneled (Hickman) Line"},{"code":"221223","display":"EEG"},{"code":"225437","display":"CSF Culture"},{"code":"225454","display":"Urine Culture"},{"code":"228801","display":"Pressure ulcer #9- Dressing change"},{"code":"225464","display":"Cardioversion/Defibrillation"},{"code":"224458","display":"Drain Output_ingr"},{"code":"225392","display":"Triple Introducer Change over Wire Date"},{"code":"225802","display":"Dialysis - CRRT"},{"code":"229352","display":"Foley Cath Insertion Date"},{"code":"229298","display":"Speech and Swallow Evaluation"},{"code":"226582","display":"Ostomy (output)"},{"code":"226605","display":"Hemovac #2"},{"code":"228127","display":"Family met with Social Worker"},{"code":"226560","display":"Void"},{"code":"225356","display":"PA Catheter Tubing Change"},{"code":"224263","display":"Multi Lumen"},{"code":"225321","display":"Dialysis Catheter Dressing Change"},{"code":"224275","display":"20 Gauge"},{"code":"226628","display":"PACU Drains"},{"code":"227511","display":"TF Residual Output"},{"code":"225393","display":"Triple Introducer Dressing Change"},{"code":"225427","display":"Angiography"},{"code":"225336","display":"IABP Change over Wire Date"},{"code":"229529","display":"ECMO Inflow Line"},{"code":"229528","display":"Centrimag Outflow Line"},{"code":"225470","display":"OR Sent"},{"code":"229351","display":"Foley Catheter"},{"code":"227489","display":"GU Irrigant/Urine Volume Out"},{"code":"224279","display":"Multi Lumen Dressing Change"},{"code":"226623","display":"Penrose #1"},{"code":"223253","display":"Magnetic Resonance Imaging"},{"code":"229579","display":"Transfer Intercampus by Ambulance"},{"code":"225316","display":"CCO PAC Insertion Date"},{"code":"225330","display":"Tunneled (Hickman) Insertion Date"},{"code":"225348","display":"Midline Tubing Change"},{"code":"226602","display":"Jackson Pratt #4"},{"code":"224292","display":"Cordis/Introducer Cap Change"},{"code":"229380","display":"Nursing Water Swallow Screening"},{"code":"226557","display":"R Ureteral Stent"},{"code":"226574","display":"Jejunostomy"},{"code":"229736","display":"14 Gauge Cap Change"},{"code":"225803","display":"Dialysis - CVVHD"},{"code":"225224","display":"CCO PAC Dressing Change"},{"code":"226616","display":"Anderson"},{"code":"226515","display":"Date of Birth"},{"code":"225463","display":"TLS Spine"},{"code":"229581","display":"Portable Chest X-Ray"},{"code":"225345","display":"Midline Dressing Change"},{"code":"227722","display":"AVA Dressing Change"},{"code":"227199","display":"Indwelling (PortaCath) Port #2 Date De-accessed"},{"code":"225436","display":"CRRT Filter Change"},{"code":"225221","display":"CCO PAC Cap Change"},{"code":"229555","display":"Cardiac Assist Cannula Change"},{"code":"229891","display":"Pressure Ulcer #8- Date Indentified"},{"code":"226477","display":"Temporary Pacemaker Wires Inserted"},{"code":"225447","display":"Percutaneous Drain Insertion"},{"code":"229580","display":"Line Placement at Bedside"},{"code":"229755","display":"Trigger Initiated"},{"code":"225369","display":"Pheresis Catheter Dressing Change"},{"code":"225428","display":"Blakemore / Minnesota Tube D/C"},{"code":"229577","display":"Cath Lab (Received)"},{"code":"224296","display":"Cordis/Introducer Insertion Date"},{"code":"224288","display":"Arterial line Insertion Date"},{"code":"225794","display":"Non-invasive Ventilation"},{"code":"228169","display":"Impella Line"},{"code":"225335","display":"IABP Cap Change"},{"code":"227794","display":"Impaired Skin  - Dressing Change #5"},{"code":"225352","display":"PA Catheter Change over Wire Date"},{"code":"221255","display":"Trans Esophageal Echo"},{"code":"228201","display":"Tandem Heart Inflow Line"},{"code":"229728","display":"18 Gauge Dressing Change"},{"code":"226622","display":"Red Rubber"},{"code":"228798","display":"Pressure ulcer #6- Dressing change"},{"code":"225769","display":"Sheath Tubing Change"},{"code":"229738","display":"20 Gauge Cap Change"},{"code":"226532","display":"Organ Bank Notified"},{"code":"224295","display":"Cordis/Introducer Dressing Change"},{"code":"221217","display":"Ultrasound"},{"code":"225383","display":"Presep Catheter Cap Change"},{"code":"227911","display":"Date - Therapist"},{"code":"229892","display":"Pressure Ulcer #9- Date Indentified"},{"code":"227800","display":"Impaired Skin  - Dressing Change #10"},{"code":"224560","display":"PA Catheter"},{"code":"229517","display":"Multi Lumen Cooling Catheter"},{"code":"225442","display":"Liver Biopsy"},{"code":"225955","display":"Dialysis - SCUF"},{"code":"225343","display":"Midline Cap Change"},{"code":"228126","display":"Family met with Case Manager"},{"code":"226563","display":"Suprapubic"},{"code":"225340","display":"IABP Tubing Change"},{"code":"226719","display":"Last menses"},{"code":"225396","display":"Triple Introducer Tubing Change"},{"code":"228165","display":"Impella Daily Tubing Change"},{"code":"225429","display":"Blakemore / MinnesotaTube Inserted"},{"code":"225328","display":"Tunneled (Hickman) Change over Wire Date"},{"code":"225753","display":"22 Gauge Insertion Date"},{"code":"229471","display":"24 Gauge Insertion Date"},{"code":"227720","display":"AVA Cap Change"},{"code":"225763","display":"Sheath Change over Wire Date"},{"code":"227790","display":"Impaired Skin  - Dressing Change #1"},{"code":"229522","display":"SEPS (Subdural Evacuating Port System)"},{"code":"229515","display":"Avalon/Protek Duo"},{"code":"225443","display":"Nuclear Medicine"},{"code":"229643","display":"Stroke NCP - Ed Given Date"},{"code":"229733","display":"22 Gauge Dressing Change"},{"code":"226583","display":"Rectal Tube"},{"code":"229885","display":"Pressure Ulcer #2- Date Indentified"},{"code":"225386","display":"Presep Catheter Insertion Date"},{"code":"229468","display":"24 Gauge"},{"code":"229525","display":"Sheath (Arterial)"},{"code":"226595","display":"R Pleural #2"},{"code":"225758","display":"RIC Insertion Date"},{"code":"225762","display":"Sheath Cap Change"},{"code":"229527","display":"Centrimag Inflow Line"},{"code":"228221","display":"Tandem Heart Return Cannula Insertion Date"},{"code":"224185","display":"PICC Line Change over Wire Date"},{"code":"228136","display":"Family notified of transfer"},{"code":"227792","display":"Impaired Skin  - Dressing Change #3"},{"code":"225400","display":"Bronchoscopy"},{"code":"227724","display":"AVA Insertion Date"},{"code":"226565","display":"L Nephrostomy"},{"code":"229353","display":"Foley Cath Removal Date"},{"code":"226599","display":"Jackson Pratt #1"},{"code":"226482","display":"Blood Clot Outdates"},{"code":"225218","display":"Trauma Line Tubing Change"},{"code":"229585","display":"Surgical Procedure at Bedside"},{"code":"227584","display":"GU Catheter D/C Date"},{"code":"229520","display":"EVD #2"},{"code":"225214","display":"Trauma Line Change over Wire Date"},{"code":"228331","display":"PC Time of visit"},{"code":"225439","display":"Endoscopy"},{"code":"224276","display":"16 Gauge"},{"code":"228128","display":"Family updated by MD"},{"code":"226516","display":"Discharge Date/Time"},{"code":"225351","display":"PA Catheter Cap Change"},{"code":"220003","display":"ICU Admission date"},{"code":"225478","display":"Operation"},{"code":"224186","display":"PICC Line Dressing Change"},{"code":"227126","display":"Indwelling (PortaCath) Port #1 Date Accessed"},{"code":"224878","display":"GU Catheter Insertion Date"},{"code":"224267","display":"Cordis/Introducer"},{"code":"229366","display":"Epoprostenol (Inhaled)"},{"code":"227715","display":"TLS Clearance"},{"code":"229584","display":"EMG"},{"code":"226558","display":"L Ureteral Stent"},{"code":"226619","display":"Pigtail #1"},{"code":"229883","display":"Pressure ulcer #1- Date Indentified_OLD_1"},{"code":"226624","display":"Penrose #2"},{"code":"224264","display":"PICC Line"},{"code":"229586","display":"VAC Change"},{"code":"224262","display":"Multi Lumen Change over Wire Date"},{"code":"226626","display":"OR EBL"},{"code":"229521","display":"ICP - PbtO2"},{"code":"226631","display":"PACU Urine"},{"code":"225377","display":"Indwelling Port (PortaCath) Dressing Change"},{"code":"226580","display":"Fecal Bag"},{"code":"229576","display":"ERCP (Done in unit)"},{"code":"225789","display":"Sheath (Venous)"},{"code":"227721","display":"AVA Change over Wire Date"},{"code":"225430","display":"Cardiac Cath"},{"code":"224277","display":"18 Gauge"},{"code":"226586","display":"Stool Estimate"},{"code":"224269","display":"CCO PAC"},{"code":"227714","display":"Pericardial Drain Removed"},{"code":"225354","display":"PA Catheter Insertion Date"},{"code":"225472","display":"Pneumothorax"},{"code":"227907","display":"Date - Student"},{"code":"229735","display":"RIC Dressing Change"},{"code":"228129","display":"Family updated by RN"},{"code":"227817","display":"Referral Date"},{"code":"226724","display":"Hospital Admit Date"},{"code":"225765","display":"Sheath Dressing Change"},{"code":"225279","display":"Date of Admission to Hospital"},{"code":"229655","display":"Stroke NCP -  Fam Ed Given Date"},{"code":"228793","display":"Pressure ulcer #1- Dressing change"},{"code":"225477","display":"Unplanned Extubation (non-patient initiated)"},{"code":"225384","display":"Presep Catheter Change over Wire Date"},{"code":"224268","display":"Trauma line"},{"code":"227194","display":"Extubation"},{"code":"225378","display":"Indwelling Port (PortaCath) Insertion Date"},{"code":"229514","display":"EKOS"},{"code":"226632","display":"Cath Lab"},{"code":"228266","display":"FM Date/Time"},{"code":"225444","display":"Pan Culture"},{"code":"228799","display":"Pressure ulcer #7- Dressing change"},{"code":"225368","display":"Pheresis Catheter Change over Wire Date"},{"code":"229739","display":"22 Gauge Cap Change"},{"code":"229732","display":"20 Gauge Dressing Change"},{"code":"226126","display":"ICP Line Dressing Change"},{"code":"229983","display":"Isoflurane (Inhaled)"},{"code":"225372","display":"Pheresis Catheter Tubing Change"},{"code":"229526","display":"MAC"},{"code":"225401","display":"Blood Cultured"},{"code":"229549","display":"Avalon Dressing Change"},{"code":"227198","display":"Indwelling (PortaCath) Port #1 Date De-accessed"},{"code":"225451","display":"Sputum Culture"},{"code":"226618","display":"Sump #2"},{"code":"226570","display":"Blakemore"},{"code":"227798","display":"Impaired Skin  - Dressing Change #9"},{"code":"225390","display":"Presep Catheter Tubing Change"},{"code":"229888","display":"Pressure Ulcer #5- Date Indentified"},{"code":"226236","display":"Temporary Pacemaker Wires Discontinued"},{"code":"229518","display":"ICP - Camino"},{"code":"229887","display":"Pressure Ulcer #4- Date Indentified"},{"code":"228800","display":"Pressure ulcer #8- Dressing change"},{"code":"226128","display":"ICP Line Insertion Date"},{"code":"229730","display":"14 Gauge Dressing Change"},{"code":"224385","display":"Intubation"},{"code":"225766","display":"Sheath Insertion Date"},{"code":"225475","display":"Respiratory Arrest"},{"code":"228291","display":"IO Insertion Date"},{"code":"226613","display":"Wound Vac #1"},{"code":"225467","display":"Chest Opened"},{"code":"224287","display":"Arterial Line Dressing Change"},{"code":"229886","display":"Pressure Ulcer #3- Date Indentified"},{"code":"227729","display":"AVA Tubing Change"},{"code":"225816","display":"Wound Culture"},{"code":"225203","display":"Pheresis Catheter"},{"code":"226592","display":"Mediastinal"},{"code":"227796","display":"Impaired Skin  - Dressing Change #7"},{"code":"226474","display":"ICP Bolt Inserted"},{"code":"228228","display":"Family meeting attempted, unable"},{"code":"229524","display":"Lumbar Drain"},{"code":"229620","display":"Massive Transfusion"},{"code":"224285","display":"Arterial line Change over Wire Date"},{"code":"226124","display":"ICP Catheter"},{"code":"226476","display":"Esophogeal Balloon"},{"code":"225821","display":"Unplanned Line/Catheter Removal (Patient Initiated)"},{"code":"225202","display":"Indwelling Port (PortaCath)"},{"code":"229889","display":"Pressure Ulcer #6- Date Indentified"},{"code":"227510","display":"TF Residual"},{"code":"225457","display":"Abdominal X-Ray"},{"code":"225222","display":"CCO PAC Change over Wire Date"},{"code":"229531","display":"Tunneled Access Line"},{"code":"229532","display":"Indwelling Port"},{"code":"227541","display":"SvO2 Calibrated"},{"code":"226579","display":"Stool"},{"code":"225385","display":"Presep Catheter Dressing Change"},{"code":"225450","display":"Radiation Therapy"},{"code":"225376","display":"Indwelling Port (PortaCath) Change over Wire Date"},{"code":"224290","display":"Arterial line Tubing Change"},{"code":"226633","display":"Pre-Admission"},{"code":"226612","display":"Pericardial"},{"code":"225756","display":"16 Gauge Insertion Date"},{"code":"228794","display":"Pressure ulcer #2- Dressing change"},{"code":"229996","display":"Nitrous Oxide (Inhaled)"},{"code":"225460","display":"Cervical Spine"},{"code":"228715","display":"Transcranial Doppler"},{"code":"227712","display":"Chest Tube Removed"},{"code":"225317","display":"Trauma Line Insertion Date"},{"code":"225327","display":"Tunneled (Hickman) Cap Change"},{"code":"228130","display":"NEOB notified"},{"code":"228795","display":"Pressure ulcer #3- Dressing change"},{"code":"225370","display":"Pheresis Catheter Insertion Date"},{"code":"226617","display":"Sump #1"},{"code":"225967","display":"Rectal Swab"},{"code":"225449","display":"Pericardiocentesis"},{"code":"228209","display":"Tandem Heart Access Line Insertion Date"},{"code":"225213","display":"Trauma Line Cap Change"},{"code":"226590","display":"L Pleural #1"},{"code":"226559","display":"Foley"},{"code":"229884","display":"Pressure Ulcer #1- Date Indentified"},{"code":"226588","display":"Chest Tube #1"},{"code":"225434","display":"Colonoscopy"},{"code":"225815","display":"Peritoneal Fluid"},{"code":"225456","display":"Ventricular Drain"},{"code":"229729","display":"18 Gauge Cap Change"},{"code":"225817","display":"BAL Fluid Culture"},{"code":"225805","display":"Peritoneal Dialysis"},{"code":"225479","display":"Thoracentesis"},{"code":"225461","display":"Pelvis"},{"code":"228215","display":"Tandem Heart Access Line Tubing Change"},{"code":"224284","display":"Arterial line Cap Change"},{"code":"224298","display":"Cordis/Introducer Tubing Change"},{"code":"227701","display":"Drainage Bag"},{"code":"229413","display":"Chest Tube #3"},{"code":"225402","display":"EKG"},{"code":"229614","display":"EEG (Continuous)"},{"code":"225440","display":"Fluoroscopy"},{"code":"229501","display":"Small Bore Nasal Enteral Tube Placement"},{"code":"225757","display":"14 Gauge Insertion Date"},{"code":"221214","display":"CT scan"},{"code":"226614","display":"Wound Vac #2"},{"code":"226593","display":"R Pleural #1"},{"code":"225216","display":"Trauma Line Dressing Change"},{"code":"226567","display":"Straight Cath"},{"code":"225468","display":"Unplanned Extubation (patient-initiated)"},{"code":"229542","display":"EKOS Dressing Change"},{"code":"226629","display":"PACU EBL"},{"code":"228202","display":"Tandem Heart Outflow Line"},{"code":"225329","display":"Tunneled (Hickman) Dressing Change"},{"code":"224261","display":"Multi Lumen Cap Change"},{"code":"225353","display":"PA Catheter Dressing Change"},{"code":"227793","display":"Impaired Skin  - Dressing Change #4"},{"code":"225432","display":"Transthoracic Echo"},{"code":"226597","display":"JP Medial"},{"code":"225761","display":"Sheath Insertion"},{"code":"226572","display":"Ewald"},{"code":"224187","display":"PICC Line Tubing Change"},{"code":"224184","display":"PICC Line Insertion Date"},{"code":"229519","display":"EVD #1"},{"code":"225448","display":"Percutaneous Tracheostomy"},{"code":"226621","display":"Davol"},{"code":"229737","display":"16 Gauge Cap Change"},{"code":"225446","display":"PEG Insertion"},{"code":"229533","display":"Camino"},{"code":"229740","display":"24 Gauge Cap Change"},{"code":"227488","display":"GU Irrigant Volume In"},{"code":"229741","display":"RIC Cap Change"},{"code":"228321","display":"PC Date"},{"code":"227550","display":"ERCP (Travel to)"},{"code":"225391","display":"Triple Introducer Cap Change"},{"code":"227713","display":"Epidural Placement"},{"code":"225966","display":"Nasal Swab"},{"code":"225818","display":"Pleural Fluid Culture"},{"code":"226620","display":"Pigtail #2"},{"code":"226600","display":"Jackson Pratt #2"},{"code":"226584","display":"Ileoconduit"},{"code":"229414","display":"Chest Tube #4"},{"code":"225406","display":"Transferred to Floor"},{"code":"226132","display":"ICP Line Tubing Change"},{"code":"225755","display":"18 Gauge Insertion Date"},{"code":"226566","display":"Urine and GU Irrigant Out"},{"code":"226630","display":"PACU Gastric"},{"code":"226564","display":"R Nephrostomy"},{"code":"224272","display":"IABP line"},{"code":"228797","display":"Pressure ulcer #5- Dressing change"},{"code":"228168","display":"Impella Insertion Date"},{"code":"226627","display":"OR Urine"},{"code":"224270","display":"Dialysis Catheter"},{"code":"226573","display":"Gastric Tube"},{"code":"229550","display":"Avalon Insertion Date"},{"code":"226598","display":"JP Lateral"},{"code":"225337","display":"IABP Dressing Change"},{"code":"229734","display":"24 Gauge Dressing Change"},{"code":"224273","display":"Presep Catheter"},{"code":"225754","display":"20 Gauge Insertion Date"},{"code":"226625","display":"Tap"},{"code":"229523","display":"Subdural Drain"},{"code":"228631","display":"Date signed"},{"code":"228218","display":"Tandem Heart Return Cannula Dressing Change"},{"code":"226713","display":"Incontinent/voids (estimate)"},{"code":"227487","display":"GU Irrigant Type"},{"code":"229890","display":"Pressure Ulcer #7- Date Indentified"},{"code":"225465","display":"Chest Pain"},{"code":"225346","display":"Midline Insertion Date"},{"code":"226569","display":"Anderson (gastric)"},{"code":"226475","display":"Intraventricular Drain Inserted"},{"code":"227719","display":"AVA"},{"code":"228802","display":"Pressure ulcer #10- Dressing change"},{"code":"226607","display":"Cerebral Ventricular #2"},{"code":"229651","display":"Stroke NCP - Water Swallow Date"},{"code":"229582","display":"Portable CT scan"},{"code":"226571","display":"Emesis"},{"code":"224183","display":"PICC Line Cap Change"},{"code":"226561","display":"Condom Cath"},{"code":"225332","display":"Tunneled (Hickman) Tubing Change"},{"code":"229578","display":"Cath Lab (Sent)"},{"code":"225809","display":"Dialysis - CVVHDF"},{"code":"225466","display":"Cardiac Arrest"},{"code":"226589","display":"Chest Tube #2"},{"code":"225375","display":"Indwelling Port (PortaCath) Cap Change"},{"code":"229893","display":"Pressure Ulcer #10- Date Indentified"},{"code":"226601","display":"Jackson Pratt #3"},{"code":"226576","display":"Oral Gastric"},{"code":"226575","display":"Nasogastric"},{"code":"225820","display":"C-Spine Clearance"},{"code":"225338","display":"IABP Insertion Date"},{"code":"221216","display":"X-ray"},{"code":"229575","display":"Travel to Radiology"},{"code":"227361","display":"Indwelling (PortaCath) Dressing Change"},{"code":"226604","display":"Hemovac #1"},{"code":"225462","display":"Interventional Radiology"},{"code":"225318","display":"Dialysis Catheter Cap Change"},{"code":"229541","display":"EKOS Insertion Date"},{"code":"225322","display":"Dialysis Catheter Insertion Date"},{"code":"225367","display":"Pheresis Catheter Cap Change"},{"code":"228160","display":"Impella Aortic Pressure Tubing Change"},{"code":"226603","display":"T Tube"},{"code":"225199","display":"Triple Introducer"},{"code":"228103","display":"Stool containment device placed"},{"code":"227791","display":"Impaired Skin  - Dressing Change #2"},{"code":"227551","display":"Plasma Pheresis."},{"code":"225433","display":"Chest Tube Placed"},{"code":"224566","display":"14 Gauge"},{"code":"227197","display":"Indwelling (PortaCath) Port #2 Date Accessed"},{"code":"225752","display":"Arterial Line"},{"code":"226608","display":"Cerebral Subdural #1"},{"code":"228166","display":"Impella Dressing Change"},{"code":"225205","display":"RIC"},{"code":"224280","display":"Multi Lumen Insertion Date"},{"code":"224274","display":"22 Gauge"},{"code":"229516","display":"Single Lumen"},{"code":"225469","display":"OR Received"},{"code":"229731","display":"16 Gauge Dressing Change"},{"code":"225819","display":"Brain Death"},{"code":"227711","display":"Drain Removed"},{"code":"225459","display":"Chest X-Ray"},{"code":"225474","display":"Fall"},{"code":"225128","display":"Last dialysis"},{"code":"225399","display":"Lumbar Puncture"},{"code":"225319","display":"Dialysis Catheter Change over Wire Date"},{"code":"225324","display":"Dialysis CatheterTubing Change"},{"code":"228207","display":"Tandem Heart Access Line Dressing Change"},{"code":"225226","display":"CCO PAC Tubing Change"},{"code":"226237","display":"Open Tracheostomy"},{"code":"225476","display":"Unplanned Line/Catheter Removal (Non-Patient initated)"},{"code":"225083","display":"Pregnancy due date"},{"code":"226591","display":"L Pleural #2"},{"code":"225204","display":"Midline"},{"code":"227542","display":"ScvO2 (Presep) Calibrated"},{"code":"229556","display":"Cardiac Assist Cannula Date"},{"code":"225380","display":"Indwelling Port (PortaCath)Tubing Change"},{"code":"226609","display":"Cerebral Subdural #2"},{"code":"226606","display":"Cerebral Ventricular #1"},{"code":"225441","display":"Hemodialysis"},{"code":"226518","display":"Expected Discharge Date"},{"code":"225344","display":"Midline Change over Wire Date"},{"code":"229984","display":"Sevoflurane (Inhaled)"},{"code":"228125","display":"Family meeting held"},{"code":"224293","display":"Cordis/Introducer Change over Wire Date"},{"code":"221219","display":"Venogram"},{"code":"228286","display":"Intraosseous Device"},{"code":"225394","display":"Triple Introducer Insertion Date"},{"code":"225792","display":"Invasive Ventilation"},{"code":"225445","display":"Paracentesis"},{"code":"226610","display":"Lumbar"},{"code":"229530","display":"ECMO Outflow Line"},{"code":"228796","display":"Pressure ulcer #4- Dressing change"},{"code":"224282","display":"Multi Lumen Tubing Change"}]}