{"resourceType":"CodeSystem","id":"mimic-admission-class","language":"en","text":{"status":"generated","div":"<div xmlns=\"http://www.w3.org/1999/xhtml\" xml:lang=\"en\" lang=\"en\"><p>This  code system <code>http://mimic.mit.edu/fhir/mimic/CodeSystem/mimic-admission-class</code> defines the following codes:</p><table class=\"codes\"><tr><td style=\"white-space:nowrap\"><b>Code</b></td></tr><tr><td style=\"white-space:nowrap\">EU OBSERVATION<a name=\"mimic-admission-class-EUOBSERVATION\"> </a></td></tr><tr><td style=\"white-space:nowrap\">URGENT<a name=\"mimic-admission-class-URGENT\"> </a></td></tr><tr><td style=\"white-space:nowrap\">ELECTIVE<a name=\"mimic-admission-class-ELECTIVE\"> </a></td></tr><tr><td style=\"white-space:nowrap\">AMBULATORY OBSERVATION<a name=\"mimic-admission-class-AMBULATORYOBSERVATION\"> </a></td></tr><tr><td style=\"white-space:nowrap\">SURGICAL SAME DAY ADMISSION<a name=\"mimic-admission-class-SURGICALSAMEDAYADMISSION\"> </a></td></tr><tr><td style=\"white-space:nowrap\">DIRECT OBSERVATION<a name=\"mimic-admission-class-DIRECTOBSERVATION\"> </a></td></tr><tr><td style=\"white-space:nowrap\">DIRECT EMER.<a name=\"mimic-admission-class-DIRECTEMER.46\"> </a></td></tr><tr><td style=\"white-space:nowrap\">OBSERVATION ADMIT<a name=\"mimic-admission-class-OBSERVATIONADMIT\"> </a></td></tr><tr><td style=\"white-space:nowrap\">EW EMER.<a name=\"mimic-admission-class-EWEMER.46\"> </a></td></tr></table></div>"},"url":"http://mimic.mit.edu/fhir/mimic/CodeSystem/mimic-admission-class","version":"1.3.0","name":"MimicAdmissionClass","title":"MimicAdmissionClass","status":"draft","date":"2022-09-21T13:59:43-04:00","publisher":"KinD Lab","contact":[{"name":"KinD Lab","telecom":[{"system":"url","value":"http://fhir.kindlab.sickkids.ca"}]}],"description":"The admission class for MIMIC","content":"complete","concept":[{"code":"EU OBSERVATION","designation":[{"language":"en","use":{"system":"http://terminology.hl7.org/CodeSystem/designation-usage","code":"display"}}]},{"code":"URGENT","designation":[{"language":"en","use":{"system":"http://terminology.hl7.org/CodeSystem/designation-usage","code":"display"}}]},{"code":"ELECTIVE","designation":[{"language":"en","use":{"system":"http://terminology.hl7.org/CodeSystem/designation-usage","code":"display"}}]},{"code":"AMBULATORY OBSERVATION","designation":[{"language":"en","use":{"system":"http://terminology.hl7.org/CodeSystem/designation-usage","code":"display"}}]},{"code":"SURGICAL SAME DAY ADMISSION","designation":[{"language":"en","use":{"system":"http://terminology.hl7.org/CodeSystem/designation-usage","code":"display"}}]},{"code":"DIRECT OBSERVATION","designation":[{"language":"en","use":{"system":"http://terminology.hl7.org/CodeSystem/designation-usage","code":"display"}}]},{"code":"DIRECT EMER.","designation":[{"language":"en","use":{"system":"http://terminology.hl7.org/CodeSystem/designation-usage","code":"display"}}]},{"code":"OBSERVATION ADMIT","designation":[{"language":"en","use":{"system":"http://terminology.hl7.org/CodeSystem/designation-usage","code":"display"}}]},{"code":"EW EMER.","designation":[{"language":"en","use":{"system":"http://terminology.hl7.org/CodeSystem/designation-usage","code":"display"}}]}]}