{"resourceType":"CodeSystem","id":"mimic-medication-method","language":"en","text":{"status":"generated","div":"<div xmlns=\"http://www.w3.org/1999/xhtml\" xml:lang=\"en\" lang=\"en\"><p>This  code system <code>http://mimic.mit.edu/fhir/mimic/CodeSystem/mimic-medication-method</code> defines the following codes:</p><table class=\"codes\"><tr><td style=\"white-space:nowrap\"><b>Code</b></td></tr><tr><td style=\"white-space:nowrap\">Hold Dose<a name=\"mimic-medication-method-HoldDose\"> </a></td></tr><tr><td style=\"white-space:nowrap\">Partial Administered<a name=\"mimic-medication-method-PartialAdministered\"> </a></td></tr><tr><td style=\"white-space:nowrap\">Assessed<a name=\"mimic-medication-method-Assessed\"> </a></td></tr><tr><td style=\"white-space:nowrap\">Delayed Applied<a name=\"mimic-medication-method-DelayedApplied\"> </a></td></tr><tr><td style=\"white-space:nowrap\">in Other Location<a name=\"mimic-medication-method-inOtherLocation\"> </a></td></tr><tr><td style=\"white-space:nowrap\">Delayed Assessed<a name=\"mimic-medication-method-DelayedAssessed\"> </a></td></tr><tr><td style=\"white-space:nowrap\">Not Assessed<a name=\"mimic-medication-method-NotAssessed\"> </a></td></tr><tr><td style=\"white-space:nowrap\">Administered in Other Location<a name=\"mimic-medication-method-AdministeredinOtherLocation\"> </a></td></tr><tr><td style=\"white-space:nowrap\">Delayed<a name=\"mimic-medication-method-Delayed\"> </a></td></tr><tr><td style=\"white-space:nowrap\">Started<a name=\"mimic-medication-method-Started\"> </a></td></tr><tr><td style=\"white-space:nowrap\">Removed - Unscheduled<a name=\"mimic-medication-method-Removed-Unscheduled\"> </a></td></tr><tr><td style=\"white-space:nowrap\">Delayed Started<a name=\"mimic-medication-method-DelayedStarted\"> </a></td></tr><tr><td style=\"white-space:nowrap\">Not Given per Sliding Scale in Other Location<a name=\"mimic-medication-method-NotGivenperSlidingScaleinOtherLocation\"> </a></td></tr><tr><td style=\"white-space:nowrap\">Not Started<a name=\"mimic-medication-method-NotStarted\"> </a></td></tr><tr><td style=\"white-space:nowrap\">Not Given per Sliding Scale<a name=\"mimic-medication-method-NotGivenperSlidingScale\"> </a></td></tr><tr><td style=\"white-space:nowrap\">Partial<a name=\"mimic-medication-method-Partial\"> </a></td></tr><tr><td style=\"white-space:nowrap\">Stopped - Unscheduled in Other Location<a name=\"mimic-medication-method-Stopped-UnscheduledinOtherLocation\"> </a></td></tr><tr><td style=\"white-space:nowrap\">Restarted<a name=\"mimic-medication-method-Restarted\"> </a></td></tr><tr><td style=\"white-space:nowrap\">Started in Other Location<a name=\"mimic-medication-method-StartedinOtherLocation\"> </a></td></tr><tr><td style=\"white-space:nowrap\">Delayed Not Assessed<a name=\"mimic-medication-method-DelayedNotAssessed\"> </a></td></tr><tr><td style=\"white-space:nowrap\">Removed in Other Location<a name=\"mimic-medication-method-RemovedinOtherLocation\"> </a></td></tr><tr><td style=\"white-space:nowrap\">Infusion Reconciliation<a name=\"mimic-medication-method-InfusionReconciliation\"> </a></td></tr><tr><td style=\"white-space:nowrap\">Read in Other Location<a name=\"mimic-medication-method-ReadinOtherLocation\"> </a></td></tr><tr><td style=\"white-space:nowrap\">Not Confirmed<a name=\"mimic-medication-method-NotConfirmed\"> </a></td></tr><tr><td style=\"white-space:nowrap\">Delayed Not Stopped<a name=\"mimic-medication-method-DelayedNotStopped\"> </a></td></tr><tr><td style=\"white-space:nowrap\">TPN Rate Not Changed<a name=\"mimic-medication-method-TPNRateNotChanged\"> </a></td></tr><tr><td style=\"white-space:nowrap\">Confirmed in Other Location<a name=\"mimic-medication-method-ConfirmedinOtherLocation\"> </a></td></tr><tr><td style=\"white-space:nowrap\">Delayed Not Started<a name=\"mimic-medication-method-DelayedNotStarted\"> </a></td></tr><tr><td style=\"white-space:nowrap\">Stopped - Unscheduled<a name=\"mimic-medication-method-Stopped-Unscheduled\"> </a></td></tr><tr><td style=\"white-space:nowrap\">Confirmed<a name=\"mimic-medication-method-Confirmed\"> </a></td></tr><tr><td style=\"white-space:nowrap\">Stopped<a name=\"mimic-medication-method-Stopped\"> </a></td></tr><tr><td style=\"white-space:nowrap\">Not Flushed<a name=\"mimic-medication-method-NotFlushed\"> </a></td></tr><tr><td style=\"white-space:nowrap\">Rate Change in Other Location<a name=\"mimic-medication-method-RateChangeinOtherLocation\"> </a></td></tr><tr><td style=\"white-space:nowrap\">Delayed Rate Change<a name=\"mimic-medication-method-DelayedRateChange\"> </a></td></tr><tr><td style=\"white-space:nowrap\">Applied in Other Location<a name=\"mimic-medication-method-AppliedinOtherLocation\"> </a></td></tr><tr><td style=\"white-space:nowrap\">Administered<a name=\"mimic-medication-method-Administered\"> </a></td></tr><tr><td style=\"white-space:nowrap\">Delayed Not Flushed<a name=\"mimic-medication-method-DelayedNotFlushed\"> </a></td></tr><tr><td style=\"white-space:nowrap\">Not Given<a name=\"mimic-medication-method-NotGiven\"> </a></td></tr><tr><td style=\"white-space:nowrap\">Not Started per Sliding Scale<a name=\"mimic-medication-method-NotStartedperSlidingScale\"> </a></td></tr><tr><td style=\"white-space:nowrap\">Administered Bolus from IV Drip<a name=\"mimic-medication-method-AdministeredBolusfromIVDrip\"> </a></td></tr><tr><td style=\"white-space:nowrap\">Rate Change<a name=\"mimic-medication-method-RateChange\"> </a></td></tr><tr><td style=\"white-space:nowrap\">Not Stopped per Sliding Scale<a name=\"mimic-medication-method-NotStoppedperSlidingScale\"> </a></td></tr><tr><td style=\"white-space:nowrap\">Delayed Not Removed<a name=\"mimic-medication-method-DelayedNotRemoved\"> </a></td></tr><tr><td style=\"white-space:nowrap\">Assessed in Other Location<a name=\"mimic-medication-method-AssessedinOtherLocation\"> </a></td></tr><tr><td style=\"white-space:nowrap\">Restarted in Other Location<a name=\"mimic-medication-method-RestartedinOtherLocation\"> </a></td></tr><tr><td style=\"white-space:nowrap\">Delayed Flushed<a name=\"mimic-medication-method-DelayedFlushed\"> </a></td></tr><tr><td style=\"white-space:nowrap\">Delayed Stopped<a name=\"mimic-medication-method-DelayedStopped\"> </a></td></tr><tr><td style=\"white-space:nowrap\">Delayed Administered<a name=\"mimic-medication-method-DelayedAdministered\"> </a></td></tr><tr><td style=\"white-space:nowrap\">Removed<a name=\"mimic-medication-method-Removed\"> </a></td></tr><tr><td style=\"white-space:nowrap\">Delayed Stopped As Directed<a name=\"mimic-medication-method-DelayedStoppedAsDirected\"> </a></td></tr><tr><td style=\"white-space:nowrap\">Stopped in Other Location<a name=\"mimic-medication-method-StoppedinOtherLocation\"> </a></td></tr><tr><td style=\"white-space:nowrap\">Flushed in Other Location<a name=\"mimic-medication-method-FlushedinOtherLocation\"> </a></td></tr><tr><td style=\"white-space:nowrap\">Not Stopped<a name=\"mimic-medication-method-NotStopped\"> </a></td></tr><tr><td style=\"white-space:nowrap\">Delayed Not Applied<a name=\"mimic-medication-method-DelayedNotApplied\"> </a></td></tr><tr><td style=\"white-space:nowrap\">Delayed Confirmed<a name=\"mimic-medication-method-DelayedConfirmed\"> </a></td></tr><tr><td style=\"white-space:nowrap\">Not Removed<a name=\"mimic-medication-method-NotRemoved\"> </a></td></tr><tr><td style=\"white-space:nowrap\">Delayed Not Confirmed<a name=\"mimic-medication-method-DelayedNotConfirmed\"> </a></td></tr><tr><td style=\"white-space:nowrap\">Not Applied<a name=\"mimic-medication-method-NotApplied\"> </a></td></tr><tr><td style=\"white-space:nowrap\">Flushed<a name=\"mimic-medication-method-Flushed\"> </a></td></tr><tr><td style=\"white-space:nowrap\">Not Read<a name=\"mimic-medication-method-NotRead\"> </a></td></tr><tr><td style=\"white-space:nowrap\">Removed Existing / Applied New in Other Location<a name=\"mimic-medication-method-RemovedExisting.47AppliedNewinOtherLocation\"> </a></td></tr><tr><td style=\"white-space:nowrap\">Removed Existing / Applied New<a name=\"mimic-medication-method-RemovedExisting.47AppliedNew\"> </a></td></tr><tr><td style=\"white-space:nowrap\">Infusion Reconciliation Not Done<a name=\"mimic-medication-method-InfusionReconciliationNotDone\"> </a></td></tr><tr><td style=\"white-space:nowrap\">Read<a name=\"mimic-medication-method-Read\"> </a></td></tr><tr><td style=\"white-space:nowrap\">Infusion Reconciliation in Other Location<a name=\"mimic-medication-method-InfusionReconciliationinOtherLocation\"> </a></td></tr><tr><td style=\"white-space:nowrap\">Delayed Removed<a name=\"mimic-medication-method-DelayedRemoved\"> </a></td></tr><tr><td style=\"white-space:nowrap\">Stopped As Directed<a name=\"mimic-medication-method-StoppedAsDirected\"> </a></td></tr><tr><td style=\"white-space:nowrap\">Delayed Restarted<a name=\"mimic-medication-method-DelayedRestarted\"> </a></td></tr><tr><td style=\"white-space:nowrap\">Applied<a name=\"mimic-medication-method-Applied\"> </a></td></tr><tr><td style=\"white-space:nowrap\">Documented in O.R. Holding<a name=\"mimic-medication-method-DocumentedinO.46R.46Holding\"> </a></td></tr></table></div>"},"url":"http://mimic.mit.edu/fhir/mimic/CodeSystem/mimic-medication-method","version":"1.3.0","name":"MimicMedicationMethod","title":"MimicMedicationMethod","status":"draft","date":"2022-09-21T13:59:43-04:00","publisher":"KinD Lab","contact":[{"name":"KinD Lab","telecom":[{"system":"url","value":"http://fhir.kindlab.sickkids.ca"}]}],"description":"The medication delivery method for MIMIC","valueSet":"http://mimic.mit.edu/fhir/mimic/ValueSet/mimic-medication-method","content":"complete","concept":[{"code":"Hold Dose","designation":[{"language":"en","use":{"system":"http://terminology.hl7.org/CodeSystem/designation-usage","code":"display"}}]},{"code":"Partial Administered","designation":[{"language":"en","use":{"system":"http://terminology.hl7.org/CodeSystem/designation-usage","code":"display"}}]},{"code":"Assessed","designation":[{"language":"en","use":{"system":"http://terminology.hl7.org/CodeSystem/designation-usage","code":"display"}}]},{"code":"Delayed Applied","designation":[{"language":"en","use":{"system":"http://terminology.hl7.org/CodeSystem/designation-usage","code":"display"}}]},{"code":"in Other Location","designation":[{"language":"en","use":{"system":"http://terminology.hl7.org/CodeSystem/designation-usage","code":"display"}}]},{"code":"Delayed Assessed","designation":[{"language":"en","use":{"system":"http://terminology.hl7.org/CodeSystem/designation-usage","code":"display"}}]},{"code":"Not Assessed","designation":[{"language":"en","use":{"system":"http://terminology.hl7.org/CodeSystem/designation-usage","code":"display"}}]},{"code":"Administered in Other Location","designation":[{"language":"en","use":{"system":"http://terminology.hl7.org/CodeSystem/designation-usage","code":"display"}}]},{"code":"Delayed","designation":[{"language":"en","use":{"system":"http://terminology.hl7.org/CodeSystem/designation-usage","code":"display"}}]},{"code":"Started","designation":[{"language":"en","use":{"system":"http://terminology.hl7.org/CodeSystem/designation-usage","code":"display"}}]},{"code":"Removed - Unscheduled","designation":[{"language":"en","use":{"system":"http://terminology.hl7.org/CodeSystem/designation-usage","code":"display"}}]},{"code":"Delayed Started","designation":[{"language":"en","use":{"system":"http://terminology.hl7.org/CodeSystem/designation-usage","code":"display"}}]},{"code":"Not Given per Sliding Scale in Other Location","designation":[{"language":"en","use":{"system":"http://terminology.hl7.org/CodeSystem/designation-usage","code":"display"}}]},{"code":"Not Started","designation":[{"language":"en","use":{"system":"http://terminology.hl7.org/CodeSystem/designation-usage","code":"display"}}]},{"code":"Not Given per Sliding Scale","designation":[{"language":"en","use":{"system":"http://terminology.hl7.org/CodeSystem/designation-usage","code":"display"}}]},{"code":"Partial","designation":[{"language":"en","use":{"system":"http://terminology.hl7.org/CodeSystem/designation-usage","code":"display"}}]},{"code":"Stopped - Unscheduled in Other Location","designation":[{"language":"en","use":{"system":"http://terminology.hl7.org/CodeSystem/designation-usage","code":"display"}}]},{"code":"Restarted","designation":[{"language":"en","use":{"system":"http://terminology.hl7.org/CodeSystem/designation-usage","code":"display"}}]},{"code":"Started in Other Location","designation":[{"language":"en","use":{"system":"http://terminology.hl7.org/CodeSystem/designation-usage","code":"display"}}]},{"code":"Delayed Not Assessed","designation":[{"language":"en","use":{"system":"http://terminology.hl7.org/CodeSystem/designation-usage","code":"display"}}]},{"code":"Removed in Other Location","designation":[{"language":"en","use":{"system":"http://terminology.hl7.org/CodeSystem/designation-usage","code":"display"}}]},{"code":"Infusion Reconciliation","designation":[{"language":"en","use":{"system":"http://terminology.hl7.org/CodeSystem/designation-usage","code":"display"}}]},{"code":"Read in Other Location","designation":[{"language":"en","use":{"system":"http://terminology.hl7.org/CodeSystem/designation-usage","code":"display"}}]},{"code":"Not Confirmed","designation":[{"language":"en","use":{"system":"http://terminology.hl7.org/CodeSystem/designation-usage","code":"display"}}]},{"code":"Delayed Not Stopped","designation":[{"language":"en","use":{"system":"http://terminology.hl7.org/CodeSystem/designation-usage","code":"display"}}]},{"code":"TPN Rate Not Changed","designation":[{"language":"en","use":{"system":"http://terminology.hl7.org/CodeSystem/designation-usage","code":"display"}}]},{"code":"Confirmed in Other Location","designation":[{"language":"en","use":{"system":"http://terminology.hl7.org/CodeSystem/designation-usage","code":"display"}}]},{"code":"Delayed Not Started","designation":[{"language":"en","use":{"system":"http://terminology.hl7.org/CodeSystem/designation-usage","code":"display"}}]},{"code":"Stopped - Unscheduled","designation":[{"language":"en","use":{"system":"http://terminology.hl7.org/CodeSystem/designation-usage","code":"display"}}]},{"code":"Confirmed","designation":[{"language":"en","use":{"system":"http://terminology.hl7.org/CodeSystem/designation-usage","code":"display"}}]},{"code":"Stopped","designation":[{"language":"en","use":{"system":"http://terminology.hl7.org/CodeSystem/designation-usage","code":"display"}}]},{"code":"Not Flushed","designation":[{"language":"en","use":{"system":"http://terminology.hl7.org/CodeSystem/designation-usage","code":"display"}}]},{"code":"Rate Change in Other Location","designation":[{"language":"en","use":{"system":"http://terminology.hl7.org/CodeSystem/designation-usage","code":"display"}}]},{"code":"Delayed Rate Change","designation":[{"language":"en","use":{"system":"http://terminology.hl7.org/CodeSystem/designation-usage","code":"display"}}]},{"code":"Applied in Other Location","designation":[{"language":"en","use":{"system":"http://terminology.hl7.org/CodeSystem/designation-usage","code":"display"}}]},{"code":"Administered","designation":[{"language":"en","use":{"system":"http://terminology.hl7.org/CodeSystem/designation-usage","code":"display"}}]},{"code":"Delayed Not Flushed","designation":[{"language":"en","use":{"system":"http://terminology.hl7.org/CodeSystem/designation-usage","code":"display"}}]},{"code":"Not Given","designation":[{"language":"en","use":{"system":"http://terminology.hl7.org/CodeSystem/designation-usage","code":"display"}}]},{"code":"Not Started per Sliding Scale","designation":[{"language":"en","use":{"system":"http://terminology.hl7.org/CodeSystem/designation-usage","code":"display"}}]},{"code":"Administered Bolus from IV Drip","designation":[{"language":"en","use":{"system":"http://terminology.hl7.org/CodeSystem/designation-usage","code":"display"}}]},{"code":"Rate Change","designation":[{"language":"en","use":{"system":"http://terminology.hl7.org/CodeSystem/designation-usage","code":"display"}}]},{"code":"Not Stopped per Sliding Scale","designation":[{"language":"en","use":{"system":"http://terminology.hl7.org/CodeSystem/designation-usage","code":"display"}}]},{"code":"Delayed Not Removed","designation":[{"language":"en","use":{"system":"http://terminology.hl7.org/CodeSystem/designation-usage","code":"display"}}]},{"code":"Assessed in Other Location","designation":[{"language":"en","use":{"system":"http://terminology.hl7.org/CodeSystem/designation-usage","code":"display"}}]},{"code":"Restarted in Other Location","designation":[{"language":"en","use":{"system":"http://terminology.hl7.org/CodeSystem/designation-usage","code":"display"}}]},{"code":"Delayed Flushed","designation":[{"language":"en","use":{"system":"http://terminology.hl7.org/CodeSystem/designation-usage","code":"display"}}]},{"code":"Delayed Stopped","designation":[{"language":"en","use":{"system":"http://terminology.hl7.org/CodeSystem/designation-usage","code":"display"}}]},{"code":"Delayed Administered","designation":[{"language":"en","use":{"system":"http://terminology.hl7.org/CodeSystem/designation-usage","code":"display"}}]},{"code":"Removed","designation":[{"language":"en","use":{"system":"http://terminology.hl7.org/CodeSystem/designation-usage","code":"display"}}]},{"code":"Delayed Stopped As Directed","designation":[{"language":"en","use":{"system":"http://terminology.hl7.org/CodeSystem/designation-usage","code":"display"}}]},{"code":"Stopped in Other Location","designation":[{"language":"en","use":{"system":"http://terminology.hl7.org/CodeSystem/designation-usage","code":"display"}}]},{"code":"Flushed in Other Location","designation":[{"language":"en","use":{"system":"http://terminology.hl7.org/CodeSystem/designation-usage","code":"display"}}]},{"code":"Not Stopped","designation":[{"language":"en","use":{"system":"http://terminology.hl7.org/CodeSystem/designation-usage","code":"display"}}]},{"code":"Delayed Not Applied","designation":[{"language":"en","use":{"system":"http://terminology.hl7.org/CodeSystem/designation-usage","code":"display"}}]},{"code":"Delayed Confirmed","designation":[{"language":"en","use":{"system":"http://terminology.hl7.org/CodeSystem/designation-usage","code":"display"}}]},{"code":"Not Removed","designation":[{"language":"en","use":{"system":"http://terminology.hl7.org/CodeSystem/designation-usage","code":"display"}}]},{"code":"Delayed Not Confirmed","designation":[{"language":"en","use":{"system":"http://terminology.hl7.org/CodeSystem/designation-usage","code":"display"}}]},{"code":"Not Applied","designation":[{"language":"en","use":{"system":"http://terminology.hl7.org/CodeSystem/designation-usage","code":"display"}}]},{"code":"Flushed","designation":[{"language":"en","use":{"system":"http://terminology.hl7.org/CodeSystem/designation-usage","code":"display"}}]},{"code":"Not Read","designation":[{"language":"en","use":{"system":"http://terminology.hl7.org/CodeSystem/designation-usage","code":"display"}}]},{"code":"Removed Existing / Applied New in Other Location","designation":[{"language":"en","use":{"system":"http://terminology.hl7.org/CodeSystem/designation-usage","code":"display"}}]},{"code":"Removed Existing / Applied New","designation":[{"language":"en","use":{"system":"http://terminology.hl7.org/CodeSystem/designation-usage","code":"display"}}]},{"code":"Infusion Reconciliation Not Done","designation":[{"language":"en","use":{"system":"http://terminology.hl7.org/CodeSystem/designation-usage","code":"display"}}]},{"code":"Read","designation":[{"language":"en","use":{"system":"http://terminology.hl7.org/CodeSystem/designation-usage","code":"display"}}]},{"code":"Infusion Reconciliation in Other Location","designation":[{"language":"en","use":{"system":"http://terminology.hl7.org/CodeSystem/designation-usage","code":"display"}}]},{"code":"Delayed Removed","designation":[{"language":"en","use":{"system":"http://terminology.hl7.org/CodeSystem/designation-usage","code":"display"}}]},{"code":"Stopped As Directed","designation":[{"language":"en","use":{"system":"http://terminology.hl7.org/CodeSystem/designation-usage","code":"display"}}]},{"code":"Delayed Restarted","designation":[{"language":"en","use":{"system":"http://terminology.hl7.org/CodeSystem/designation-usage","code":"display"}}]},{"code":"Applied","designation":[{"language":"en","use":{"system":"http://terminology.hl7.org/CodeSystem/designation-usage","code":"display"}}]},{"code":"Documented in O.R. Holding","designation":[{"language":"en","use":{"system":"http://terminology.hl7.org/CodeSystem/designation-usage","code":"display"}}]}]}