{"resourceType":"CodeSystem","id":"mimic-discharge-disposition","language":"en","text":{"status":"generated","div":"<div xmlns=\"http://www.w3.org/1999/xhtml\" xml:lang=\"en\" lang=\"en\"><p>This  code system <code>http://mimic.mit.edu/fhir/mimic/CodeSystem/mimic-discharge-disposition</code> defines the following codes:</p><table class=\"codes\"><tr><td style=\"white-space:nowrap\"><b>Code</b></td></tr><tr><td style=\"white-space:nowrap\">ACUTE HOSPITAL<a name=\"mimic-discharge-disposition-ACUTEHOSPITAL\"> </a></td></tr><tr><td style=\"white-space:nowrap\">REHAB<a name=\"mimic-discharge-disposition-REHAB\"> </a></td></tr><tr><td style=\"white-space:nowrap\">LEFT AGAINST MEDICAL ADVICE<a name=\"mimic-discharge-disposition-LEFTAGAINSTMEDICALADVICE\"> </a></td></tr><tr><td style=\"white-space:nowrap\">OTHER<a name=\"mimic-discharge-disposition-OTHER\"> </a></td></tr><tr><td style=\"white-space:nowrap\">PSYCH FACILITY<a name=\"mimic-discharge-disposition-PSYCHFACILITY\"> </a></td></tr><tr><td style=\"white-space:nowrap\">EXPIRED<a name=\"mimic-discharge-disposition-EXPIRED\"> </a></td></tr><tr><td style=\"white-space:nowrap\">HOME<a name=\"mimic-discharge-disposition-HOME\"> </a></td></tr><tr><td style=\"white-space:nowrap\">AGAINST ADVICE<a name=\"mimic-discharge-disposition-AGAINSTADVICE\"> </a></td></tr><tr><td style=\"white-space:nowrap\">TRANSFER<a name=\"mimic-discharge-disposition-TRANSFER\"> </a></td></tr><tr><td style=\"white-space:nowrap\">HOSPICE<a name=\"mimic-discharge-disposition-HOSPICE\"> </a></td></tr><tr><td style=\"white-space:nowrap\">ELOPED<a name=\"mimic-discharge-disposition-ELOPED\"> </a></td></tr><tr><td style=\"white-space:nowrap\">SKILLED NURSING FACILITY<a name=\"mimic-discharge-disposition-SKILLEDNURSINGFACILITY\"> </a></td></tr><tr><td style=\"white-space:nowrap\">OTHER FACILITY<a name=\"mimic-discharge-disposition-OTHERFACILITY\"> </a></td></tr><tr><td style=\"white-space:nowrap\">CHRONIC/LONG TERM ACUTE CARE<a name=\"mimic-discharge-disposition-CHRONIC.47LONGTERMACUTECARE\"> </a></td></tr><tr><td style=\"white-space:nowrap\">HOME HEALTH CARE<a name=\"mimic-discharge-disposition-HOMEHEALTHCARE\"> </a></td></tr><tr><td style=\"white-space:nowrap\">HEALTHCARE FACILITY<a name=\"mimic-discharge-disposition-HEALTHCAREFACILITY\"> </a></td></tr><tr><td style=\"white-space:nowrap\">LEFT WITHOUT BEING SEEN<a name=\"mimic-discharge-disposition-LEFTWITHOUTBEINGSEEN\"> </a></td></tr><tr><td style=\"white-space:nowrap\">ADMITTED<a name=\"mimic-discharge-disposition-ADMITTED\"> </a></td></tr><tr><td style=\"white-space:nowrap\">ASSISTED LIVING<a name=\"mimic-discharge-disposition-ASSISTEDLIVING\"> </a></td></tr><tr><td style=\"white-space:nowrap\">DIED<a name=\"mimic-discharge-disposition-DIED\"> </a></td></tr></table></div>"},"url":"http://mimic.mit.edu/fhir/mimic/CodeSystem/mimic-discharge-disposition","version":"1.3.0","name":"MimicDischargeDisposition","title":"MimicDischargeDisposition","status":"draft","date":"2022-09-21T13:59:43-04:00","publisher":"KinD Lab","contact":[{"name":"KinD Lab","telecom":[{"system":"url","value":"http://fhir.kindlab.sickkids.ca"}]}],"description":"The discharge disposition for MIMIC","valueSet":"http://mimic.mit.edu/fhir/mimic/ValueSet/mimic-discharge-disposition","content":"complete","concept":[{"code":"ACUTE HOSPITAL","designation":[{"language":"en","use":{"system":"http://terminology.hl7.org/CodeSystem/designation-usage","code":"display"}}]},{"code":"REHAB","designation":[{"language":"en","use":{"system":"http://terminology.hl7.org/CodeSystem/designation-usage","code":"display"}}]},{"code":"LEFT AGAINST MEDICAL ADVICE","designation":[{"language":"en","use":{"system":"http://terminology.hl7.org/CodeSystem/designation-usage","code":"display"}}]},{"code":"OTHER","designation":[{"language":"en","use":{"system":"http://terminology.hl7.org/CodeSystem/designation-usage","code":"display"}}]},{"code":"PSYCH FACILITY","designation":[{"language":"en","use":{"system":"http://terminology.hl7.org/CodeSystem/designation-usage","code":"display"}}]},{"code":"EXPIRED","designation":[{"language":"en","use":{"system":"http://terminology.hl7.org/CodeSystem/designation-usage","code":"display"}}]},{"code":"HOME","designation":[{"language":"en","use":{"system":"http://terminology.hl7.org/CodeSystem/designation-usage","code":"display"}}]},{"code":"AGAINST ADVICE","designation":[{"language":"en","use":{"system":"http://terminology.hl7.org/CodeSystem/designation-usage","code":"display"}}]},{"code":"TRANSFER","designation":[{"language":"en","use":{"system":"http://terminology.hl7.org/CodeSystem/designation-usage","code":"display"}}]},{"code":"HOSPICE","designation":[{"language":"en","use":{"system":"http://terminology.hl7.org/CodeSystem/designation-usage","code":"display"}}]},{"code":"ELOPED","designation":[{"language":"en","use":{"system":"http://terminology.hl7.org/CodeSystem/designation-usage","code":"display"}}]},{"code":"SKILLED NURSING FACILITY","designation":[{"language":"en","use":{"system":"http://terminology.hl7.org/CodeSystem/designation-usage","code":"display"}}]},{"code":"OTHER FACILITY","designation":[{"language":"en","use":{"system":"http://terminology.hl7.org/CodeSystem/designation-usage","code":"display"}}]},{"code":"CHRONIC/LONG TERM ACUTE CARE","designation":[{"language":"en","use":{"system":"http://terminology.hl7.org/CodeSystem/designation-usage","code":"display"}}]},{"code":"HOME HEALTH CARE","designation":[{"language":"en","use":{"system":"http://terminology.hl7.org/CodeSystem/designation-usage","code":"display"}}]},{"code":"HEALTHCARE FACILITY","designation":[{"language":"en","use":{"system":"http://terminology.hl7.org/CodeSystem/designation-usage","code":"display"}}]},{"code":"LEFT WITHOUT BEING SEEN","designation":[{"language":"en","use":{"system":"http://terminology.hl7.org/CodeSystem/designation-usage","code":"display"}}]},{"code":"ADMITTED","designation":[{"language":"en","use":{"system":"http://terminology.hl7.org/CodeSystem/designation-usage","code":"display"}}]},{"code":"ASSISTED LIVING","designation":[{"language":"en","use":{"system":"http://terminology.hl7.org/CodeSystem/designation-usage","code":"display"}}]},{"code":"DIED","designation":[{"language":"en","use":{"system":"http://terminology.hl7.org/CodeSystem/designation-usage","code":"display"}}]}]}