{"resourceType":"ValueSet","id":"mimic-observation-type-ed","text":{"status":"generated","div":"<div xmlns=\"http://www.w3.org/1999/xhtml\"><ul><li>Include these codes as defined in <a href=\"http://loinc.org\"><code>http://loinc.org</code></a><table class=\"none\"><tr><td style=\"white-space:nowrap\"><b>Code</b></td><td><b>Display</b></td></tr><tr><td><a href=\"https://loinc.org/56839-4/\">56839-4</a></td><td>Acuity assessment Narrative</td></tr><tr><td><a href=\"https://loinc.org/8661-1/\">8661-1</a></td><td>Chief complaint - Reported</td></tr><tr><td><a href=\"https://loinc.org/98137-3/\">98137-3</a></td><td>Pain assessment report</td></tr><tr><td><a href=\"https://loinc.org/8884-9/\">8884-9</a></td><td>Heart rate rhythm</td></tr></table></li></ul></div>"},"url":"http://mimic.mit.edu/fhir/mimic/ValueSet/mimic-observation-type-ed","version":"1.3.0","name":"MimicObservationTypeED","title":"MIMIC-ED Observation Resource Types Value Set","status":"active","date":"2024-02-08T11:07:36-05:00","publisher":"KinD Lab","contact":[{"name":"KinD Lab","telecom":[{"system":"url","value":"http://fhir.kindlab.sickkids.ca"}]}],"description":"Selected codes from LOINC that represent values from the triage table in MIMIC-ED.","compose":{"include":[{"system":"http://loinc.org","concept":[{"code":"56839-4","display":"Acuity assessment Narrative"},{"code":"8661-1","display":"Chief complaint - Reported"},{"code":"98137-3","display":"Pain assessment report"},{"code":"8884-9","display":"Heart rate rhythm"}]}]}}