{"resourceType":"ValueSet","id":"mimic-lab-priority","language":"en","text":{"status":"generated","div":"<div xmlns=\"http://www.w3.org/1999/xhtml\" xml:lang=\"en\" lang=\"en\"><ul><li>Include all codes defined in <a href=\"CodeSystem-mimic-lab-priority.html\"><code>http://mimic.mit.edu/fhir/mimic/CodeSystem/mimic-lab-priority</code></a></li></ul></div>"},"url":"http://mimic.mit.edu/fhir/mimic/ValueSet/mimic-lab-priority","version":"1.3.0","name":"MimicLabPriority","title":"MimicLabPriority","status":"draft","date":"2022-09-21T13:59:43-04:00","publisher":"KinD Lab","contact":[{"name":"KinD Lab","telecom":[{"system":"url","value":"http://fhir.kindlab.sickkids.ca"}]}],"description":"The priority of the lab item in MIMIC","compose":{"include":[{"system":"http://mimic.mit.edu/fhir/mimic/CodeSystem/mimic-lab-priority"}]}}