{"resourceType":"ValueSet","id":"mimic-d-labitems","language":"en","text":{"status":"generated","div":"<div xmlns=\"http://www.w3.org/1999/xhtml\" xml:lang=\"en\" lang=\"en\"><ul><li>Include all codes defined in <a href=\"CodeSystem-mimic-d-labitems.html\"><code>http://mimic.mit.edu/fhir/mimic/CodeSystem/mimic-d-labitems</code></a></li></ul></div>"},"url":"http://mimic.mit.edu/fhir/mimic/ValueSet/mimic-d-labitems","version":"1.3.0","name":"MimicDLabitems","title":"MimicDLabitems","status":"draft","date":"2022-09-21T13:59:43-04:00","publisher":"KinD Lab","contact":[{"name":"KinD Lab","telecom":[{"system":"url","value":"http://fhir.kindlab.sickkids.ca"}]}],"description":"The lab item codes used in MIMIC","compose":{"include":[{"system":"http://mimic.mit.edu/fhir/mimic/CodeSystem/mimic-d-labitems"}]}}