{"resourceType":"ValueSet","id":"mimic-lab-interpretation","text":{"status":"extensions","div":"<div xmlns=\"http://www.w3.org/1999/xhtml\"><ul><li>Include these codes as defined in <a href=\"http://terminology.hl7.org/5.3.0/CodeSystem-v3-ObservationInterpretation.html\"><code>http://terminology.hl7.org/CodeSystem/v3-ObservationInterpretation</code></a><table class=\"none\"><tr><td style=\"white-space:nowrap\"><b>Code</b></td><td><b>Display</b></td><td><b>Definition</b></td></tr><tr><td><a href=\"http://terminology.hl7.org/5.3.0/CodeSystem-v3-ObservationInterpretation.html#v3-ObservationInterpretation-A\">A</a></td><td>Abnormal</td><td>The result or observation value is outside the reference range or expected norm (as defined for the respective test procedure).<br/><br/>\\[Note: Typically applies to non-numeric results.\\]</td></tr></table></li></ul></div>"},"url":"http://mimic.mit.edu/fhir/mimic/ValueSet/mimic-lab-interpretation","version":"1.3.0","name":"MimicLabInterpretation","title":"MIMIC Observation Lab interpretation Value Set","status":"active","date":"2024-02-08T11:07:36-05:00","publisher":"KinD Lab","contact":[{"name":"KinD Lab","telecom":[{"system":"url","value":"http://fhir.kindlab.sickkids.ca"}]}],"description":"Selected codes from ObservationInterpretation that represent interpretations in MIMIC.","compose":{"include":[{"system":"http://terminology.hl7.org/CodeSystem/v3-ObservationInterpretation","concept":[{"code":"A","display":"Abnormal"}]}]}}