<?xml version="1.0" encoding="UTF-8"?><CodeSystem xmlns="http://hl7.org/fhir"><id value="disability-status"/><text><status value="generated"/><div xmlns="http://www.w3.org/1999/xhtml"><p>This code system <code>https://voicecollab.ai/fhir/CodeSystem/disability-status</code> defines the following codes:</p><table class="codes"><tr><td style="white-space:nowrap"><b>Code</b></td><td><b>Display</b></td></tr><tr><td style="white-space:nowrap">AB<a name="disability-status-AB"> </a></td><td>Able-bodied</td></tr><tr><td style="white-space:nowrap">DAW<a name="disability-status-DAW"> </a></td><td>Disabled, able to work</td></tr><tr><td style="white-space:nowrap">DUW<a name="disability-status-DUW"> </a></td><td>Disabled, unable to work</td></tr><tr><td style="white-space:nowrap">PNA<a name="disability-status-PNA"> </a></td><td>Prefer not to answer</td></tr></table></div></text><url value="https://voicecollab.ai/fhir/CodeSystem/disability-status"/><version value="0.1.0"/><name value="DisabilityStatus"/><title value="Questionnaire codes Disability Status"/><status value="active"/><date value="2023-05-11"/><publisher value="KinD Lab"/><contact><name value="KinD Lab"/><telecom><system value="url"/><value value="http://fhir.kindlab.sickkids.ca"/></telecom></contact><description value="The codes required for Questionnaire's Disability Status"/><caseSensitive value="true"/><content value="complete"/><count value="4"/><concept><code value="AB"/><display value="Able-bodied"/></concept><concept><code value="DAW"/><display value="Disabled, able to work"/></concept><concept><code value="DUW"/><display value="Disabled, unable to work"/></concept><concept><code value="PNA"/><display value="Prefer not to answer"/></concept></CodeSystem>