<?xml version="1.0" encoding="UTF-8"?><ValueSet xmlns="http://hl7.org/fhir"><id value="employment-status"/><text><status value="generated"/><div xmlns="http://www.w3.org/1999/xhtml"><p>This value set contains 9 concepts</p><table class="codes"><tr><td style="white-space:nowrap"><b>Code</b></td><td><b>System</b></td><td><b>Display</b></td></tr><tr><td style="white-space:nowrap"><a name="https---voicecollab.ai-fhir-CodeSystem-employment-status-EF"> </a>  <a href="CodeSystem-employment-status.html#employment-status-EF">EF</a></td><td>https://voicecollab.ai/fhir/CodeSystem/employment-status</td><td>Employed, freelance </td></tr><tr><td style="white-space:nowrap"><a name="https---voicecollab.ai-fhir-CodeSystem-employment-status-EFT"> </a>  <a href="CodeSystem-employment-status.html#employment-status-EFT">EFT</a></td><td>https://voicecollab.ai/fhir/CodeSystem/employment-status</td><td>Employed, full time</td></tr><tr><td style="white-space:nowrap"><a name="https---voicecollab.ai-fhir-CodeSystem-employment-status-EPT"> </a>  <a href="CodeSystem-employment-status.html#employment-status-EPT">EPT</a></td><td>https://voicecollab.ai/fhir/CodeSystem/employment-status</td><td>Employed, part time</td></tr><tr><td style="white-space:nowrap"><a name="https---voicecollab.ai-fhir-CodeSystem-employment-status-EMPTJ"> </a>  <a href="CodeSystem-employment-status.html#employment-status-EMPTJ">EMPTJ</a></td><td>https://voicecollab.ai/fhir/CodeSystem/employment-status</td><td>Employed, multiple part time jobs</td></tr><tr><td style="white-space:nowrap"><a name="https---voicecollab.ai-fhir-CodeSystem-employment-status-S"> </a>  <a href="CodeSystem-employment-status.html#employment-status-S">S</a></td><td>https://voicecollab.ai/fhir/CodeSystem/employment-status</td><td>Student</td></tr><tr><td style="white-space:nowrap"><a name="https---voicecollab.ai-fhir-CodeSystem-employment-status-SE"> </a>  <a href="CodeSystem-employment-status.html#employment-status-SE">SE</a></td><td>https://voicecollab.ai/fhir/CodeSystem/employment-status</td><td>Self-employed</td></tr><tr><td style="white-space:nowrap"><a name="https---voicecollab.ai-fhir-CodeSystem-employment-status-R"> </a>  <a href="CodeSystem-employment-status.html#employment-status-R">R</a></td><td>https://voicecollab.ai/fhir/CodeSystem/employment-status</td><td>Retired</td></tr><tr><td style="white-space:nowrap"><a name="https---voicecollab.ai-fhir-CodeSystem-employment-status-U"> </a>  <a href="CodeSystem-employment-status.html#employment-status-U">U</a></td><td>https://voicecollab.ai/fhir/CodeSystem/employment-status</td><td>Unemployed</td></tr><tr><td style="white-space:nowrap"><a name="https---voicecollab.ai-fhir-CodeSystem-employment-status-O"> </a>  <a href="CodeSystem-employment-status.html#employment-status-O">O</a></td><td>https://voicecollab.ai/fhir/CodeSystem/employment-status</td><td>Other, please specify </td></tr></table></div></text><url value="https://voicecollab.ai/fhir/ValueSet/employment-status"/><version value="0.1.0"/><name value="EmploymentStatus"/><title value="Employment Status"/><status value="draft"/><experimental value="true"/><date value="2023-07-04T05:24:55+00:00"/><publisher value="KinD Lab"/><contact><name value="KinD Lab"/><telecom><system value="url"/><value value="http://fhir.kindlab.sickkids.ca"/></telecom></contact><description value="Valueset for capturing Employment status"/><compose><include><system value="https://voicecollab.ai/fhir/CodeSystem/employment-status"/><concept><code value="EF"/><display value="Employed, freelance"/></concept><concept><code value="EFT"/><display value="Employed, full time"/></concept><concept><code value="EPT"/><display value="Employed, part time"/></concept><concept><code value="EMPTJ"/><display value="Employed, multiple part time jobs"/></concept><concept><code value="S"/><display value="Student"/></concept><concept><code value="SE"/><display value="Self-employed"/></concept><concept><code value="R"/><display value="Retired"/></concept><concept><code value="U"/><display value="Unemployed"/></concept><concept><code value="O"/><display value="Other"/></concept></include></compose><expansion><timestamp value="2023-05-11T10:00:00Z"/><contains><system value="https://voicecollab.ai/fhir/CodeSystem/employment-status"/><code value="EF"/><display value="Employed, freelance "/></contains><contains><system value="https://voicecollab.ai/fhir/CodeSystem/employment-status"/><code value="EFT"/><display value="Employed, full time"/></contains><contains><system value="https://voicecollab.ai/fhir/CodeSystem/employment-status"/><code value="EPT"/><display value="Employed, part time"/></contains><contains><system value="https://voicecollab.ai/fhir/CodeSystem/employment-status"/><code value="EMPTJ"/><display value="Employed, multiple part time jobs"/></contains><contains><system value="https://voicecollab.ai/fhir/CodeSystem/employment-status"/><code value="S"/><display value="Student"/></contains><contains><system value="https://voicecollab.ai/fhir/CodeSystem/employment-status"/><code value="SE"/><display value="Self-employed"/></contains><contains><system value="https://voicecollab.ai/fhir/CodeSystem/employment-status"/><code value="R"/><display value="Retired"/></contains><contains><system value="https://voicecollab.ai/fhir/CodeSystem/employment-status"/><code value="U"/><display value="Unemployed"/></contains><contains><system value="https://voicecollab.ai/fhir/CodeSystem/employment-status"/><code value="O"/><display value="Other, please specify "/></contains></expansion></ValueSet>