<?xml version="1.0" encoding="UTF-8"?>

<CodeSystem xmlns="http://hl7.org/fhir">
  <id value="tumor-rln"/>
  <text>
    <status value="generated"/><div xmlns="http://www.w3.org/1999/xhtml"><p>This code system <code>https://voicecollab.ai/fhir/CodeSystem/tumor-rln</code> defines the following codes:</p><table class="codes"><tr><td style="white-space:nowrap"><b>Code</b></td><td><b>Display</b></td></tr><tr><td style="white-space:nowrap">1<a name="tumor-rln-1"> </a></td><td>Brain</td></tr><tr><td style="white-space:nowrap">2<a name="tumor-rln-2"> </a></td><td>Chest</td></tr><tr><td style="white-space:nowrap">3<a name="tumor-rln-3"> </a></td><td>Neck</td></tr></table></div>
  </text>
  <url value="https://voicecollab.ai/fhir/CodeSystem/tumor-rln"/>
  <version value="0.1.0"/>
  <name value="TumorRLN"/>
  <title value="Tumor invading RLN "/>
  <status value="active"/>
  <date value="2023-06-19"/>
  <publisher value="KinD Lab"/>
  <contact>
    <name value="KinD Lab"/>
    <telecom>
      <system value="url"/>
      <value value="http://fhir.kindlab.sickkids.ca"/>
    </telecom>
  </contact>
  <description value="The codes required for Diagnosis questionnaire"/>
  <caseSensitive value="true"/>
  <content value="complete"/>
  <count value="3"/>
  <concept>
    <code value="1"/>
    <display value="Brain"/>
  </concept>
  <concept>
    <code value="2"/>
    <display value="Chest"/>
  </concept>
  <concept>
    <code value="3"/>
    <display value="Neck"/>
  </concept>
</CodeSystem>