{
  "resourceType" : "ValueSet",
  "id" : "yesnosome",
  "text" : {
    "status" : "generated",
    "div" : "<div xmlns=\"http://www.w3.org/1999/xhtml\"><p>This value set contains 3 concepts</p><table class=\"codes\"><tr><td style=\"white-space:nowrap\"><b>Code</b></td><td><b>System</b></td><td><b>Display</b></td><td><b>Definition</b></td></tr><tr><td style=\"white-space:nowrap\"><a name=\"https---voicecollab.ai-fhir-CodeSystem-Yes-No-Some-Y\"> </a>\u00a0\u00a0<a href=\"CodeSystem-Yes-No-Some.html#Yes-No-Some-Y\">Y</a></td><td>https://voicecollab.ai/fhir/CodeSystem/Yes-No-Some</td><td>Yes</td><td><div><p>Yes</p>\n</div></td></tr><tr><td style=\"white-space:nowrap\"><a name=\"https---voicecollab.ai-fhir-CodeSystem-Yes-No-Some-N\"> </a>\u00a0\u00a0<a href=\"CodeSystem-Yes-No-Some.html#Yes-No-Some-N\">N</a></td><td>https://voicecollab.ai/fhir/CodeSystem/Yes-No-Some</td><td>No</td><td><div><p>No</p>\n</div></td></tr><tr><td style=\"white-space:nowrap\"><a name=\"https---voicecollab.ai-fhir-CodeSystem-Yes-No-Some-S\"> </a>\u00a0\u00a0<a href=\"CodeSystem-Yes-No-Some.html#Yes-No-Some-S\">S</a></td><td>https://voicecollab.ai/fhir/CodeSystem/Yes-No-Some</td><td>Some</td><td><div><p>Some</p>\n</div></td></tr></table></div>"
  },
  "url" : "https://voicecollab.ai/fhir/ValueSet/yesnosome",
  "version" : "0.1.0",
  "name" : "YesNoSome",
  "title" : "Yes/No/Some",
  "status" : "draft",
  "experimental" : true,
  "date" : "2023-07-04T05:24:55+00:00",
  "publisher" : "KinD Lab",
  "contact" : [{
    "name" : "KinD Lab",
    "telecom" : [{
      "system" : "url",
      "value" : "http://fhir.kindlab.sickkids.ca"
    }]
  }],
  "description" : "For Capturing simple yes-no-don't know answers",
  "compose" : {
    "include" : [{
      "system" : "https://voicecollab.ai/fhir/CodeSystem/Yes-No-Some",
      "concept" : [{
        "code" : "Y",
        "display" : "Yes"
      },
      {
        "code" : "N",
        "display" : "No"
      },
      {
        "code" : "S",
        "display" : "Some"
      }]
    }]
  },
  "expansion" : {
    "timestamp" : "2023-05-11T10:00:00Z",
    "contains" : [{
      "system" : "https://voicecollab.ai/fhir/CodeSystem/Yes-No-Some",
      "code" : "Y",
      "display" : "Yes"
    },
    {
      "system" : "https://voicecollab.ai/fhir/CodeSystem/Yes-No-Some",
      "code" : "N",
      "display" : "No"
    },
    {
      "system" : "https://voicecollab.ai/fhir/CodeSystem/Yes-No-Some",
      "code" : "S",
      "display" : "Some"
    }]
  }
}