{
  "resourceType" : "CodeSystem",
  "id" : "mimic-units",
  "language" : "en",
  "text" : {
    "status" : "generated",
    "div" : "<div xmlns=\"http://www.w3.org/1999/xhtml\" xml:lang=\"en\" lang=\"en\"><p>This  code system <code>http://mimic.mit.edu/fhir/mimic/CodeSystem/mimic-units</code> defines the following codes:</p><table class=\"codes\"><tr><td style=\"white-space:nowrap\"><b>Code</b></td></tr><tr><td style=\"white-space:nowrap\">mL/kg/hour<a name=\"mimic-units-mL.47kg.47hour\"> </a></td></tr><tr><td style=\"white-space:nowrap\">75<a name=\"mimic-units-75\"> </a></td></tr><tr><td style=\"white-space:nowrap\">BULK<a name=\"mimic-units-BULK\"> </a></td></tr><tr><td style=\"white-space:nowrap\">log10 IU/mL<a name=\"mimic-units-log10IU.47mL\"> </a></td></tr><tr><td style=\"white-space:nowrap\">MILLI UNITS/MIN<a name=\"mimic-units-MILLIUNITS.47MIN\"> </a></td></tr><tr><td style=\"white-space:nowrap\">drop ou<a name=\"mimic-units-dropou\"> </a></td></tr><tr><td style=\"white-space:nowrap\">mg tablet<a name=\"mimic-units-mgtablet\"> </a></td></tr><tr><td style=\"white-space:nowrap\">PTCH<a name=\"mimic-units-PTCH\"> </a></td></tr><tr><td style=\"white-space:nowrap\">tablets<a name=\"mimic-units-tablets\"> </a></td></tr><tr><td style=\"white-space:nowrap\">Units/Liter<a name=\"mimic-units-Units.47Liter\"> </a></td></tr><tr><td style=\"white-space:nowrap\">milligrams<a name=\"mimic-units-milligrams\"> </a></td></tr><tr><td style=\"white-space:nowrap\">mEq / hr<a name=\"mimic-units-mEq.47hr\"> </a></td></tr><tr><td style=\"white-space:nowrap\">sec<a name=\"mimic-units-sec\"> </a></td></tr><tr><td style=\"white-space:nowrap\">ug/dL<a name=\"mimic-units-ug.47dL\"> </a></td></tr><tr><td style=\"white-space:nowrap\">mg/actuation<a name=\"mimic-units-mg.47actuation\"> </a></td></tr><tr><td style=\"white-space:nowrap\">tiwst<a name=\"mimic-units-tiwst\"> </a></td></tr><tr><td style=\"white-space:nowrap\">OINT<a name=\"mimic-units-OINT\"> </a></td></tr><tr><td style=\"white-space:nowrap\">(10 mL)<a name=\"mimic-units-.4010mL.41\"> </a></td></tr><tr><td style=\"white-space:nowrap\">mcg/ml<a name=\"mimic-units-mcg.47ml\"> </a></td></tr><tr><td style=\"white-space:nowrap\">UNIT/HR<a name=\"mimic-units-UNIT.47HR\"> </a></td></tr><tr><td style=\"white-space:nowrap\">(0.5 %)<a name=\"mimic-units-.400.465.37.41\"> </a></td></tr><tr><td style=\"white-space:nowrap\">mEq/100 mL SW<a name=\"mimic-units-mEq.47100mLSW\"> </a></td></tr><tr><td style=\"white-space:nowrap\">MG<a name=\"mimic-units-MG\"> </a></td></tr><tr><td style=\"white-space:nowrap\">capsule<a name=\"mimic-units-capsule\"> </a></td></tr><tr><td style=\"white-space:nowrap\">mg/0.8 mL<a name=\"mimic-units-mg.470.468mL\"> </a></td></tr><tr><td style=\"white-space:nowrap\">mg or 92mg<a name=\"mimic-units-mgor92mg\"> </a></td></tr><tr><td style=\"white-space:nowrap\">Degree<a name=\"mimic-units-Degree\"> </a></td></tr><tr><td style=\"white-space:nowrap\">mg/0.67 mL<a name=\"mimic-units-mg.470.4667mL\"> </a></td></tr><tr><td style=\"white-space:nowrap\">(21)/75 mg (7)<a name=\"mimic-units-.4021.41.4775mg.407.41\"> </a></td></tr><tr><td style=\"white-space:nowrap\">mcg/0.5 mL<a name=\"mimic-units-mcg.470.465mL\"> </a></td></tr><tr><td style=\"white-space:nowrap\">LIQ<a name=\"mimic-units-LIQ\"> </a></td></tr><tr><td style=\"white-space:nowrap\">/min<a name=\"mimic-units-.47min\"> </a></td></tr><tr><td style=\"white-space:nowrap\">mcg/actuation<a name=\"mimic-units-mcg.47actuation\"> </a></td></tr><tr><td style=\"white-space:nowrap\">BAG<a name=\"mimic-units-BAG\"> </a></td></tr><tr><td style=\"white-space:nowrap\">% (40 mg/mL)<a name=\"mimic-units-.37.4040mg.47mL.41\"> </a></td></tr><tr><td style=\"white-space:nowrap\">CUP<a name=\"mimic-units-CUP\"> </a></td></tr><tr><td style=\"white-space:nowrap\">AMP<a name=\"mimic-units-AMP\"> </a></td></tr><tr><td style=\"white-space:nowrap\">mg/0mg<a name=\"mimic-units-mg.470mg\"> </a></td></tr><tr><td style=\"white-space:nowrap\">GUM<a name=\"mimic-units-GUM\"> </a></td></tr><tr><td style=\"white-space:nowrap\">600<a name=\"mimic-units-600\"> </a></td></tr><tr><td style=\"white-space:nowrap\">mg TID<a name=\"mimic-units-mgTID\"> </a></td></tr><tr><td style=\"white-space:nowrap\">drops each eye<a name=\"mimic-units-dropseacheye\"> </a></td></tr><tr><td style=\"white-space:nowrap\">Iu/0 iu<a name=\"mimic-units-Iu.470iu\"> </a></td></tr><tr><td style=\"white-space:nowrap\">unit/actuation<a name=\"mimic-units-unit.47actuation\"> </a></td></tr><tr><td style=\"white-space:nowrap\">18 mg iron<a name=\"mimic-units-18mgiron\"> </a></td></tr><tr><td style=\"white-space:nowrap\">mcg/mL) 2.4 mL<a name=\"mimic-units-mcg.47mL.412.464mL\"> </a></td></tr><tr><td style=\"white-space:nowrap\">(24)/75 mg (4)<a name=\"mimic-units-.4024.41.4775mg.404.41\"> </a></td></tr><tr><td style=\"white-space:nowrap\">EA<a name=\"mimic-units-EA\"> </a></td></tr><tr><td style=\"white-space:nowrap\">log10 cop/mL<a name=\"mimic-units-log10cop.47mL\"> </a></td></tr><tr><td style=\"white-space:nowrap\">INH<a name=\"mimic-units-INH\"> </a></td></tr><tr><td style=\"white-space:nowrap\">nMol/ml/min<a name=\"mimic-units-nMol.47ml.47min\"> </a></td></tr><tr><td style=\"white-space:nowrap\">g<a name=\"mimic-units-g\"> </a></td></tr><tr><td style=\"white-space:nowrap\">sprays<a name=\"mimic-units-sprays\"> </a></td></tr><tr><td style=\"white-space:nowrap\">mg / 0 mg<a name=\"mimic-units-mg.470mg\"> </a></td></tr><tr><td style=\"white-space:nowrap\">unit/mL<a name=\"mimic-units-unit.47mL\"> </a></td></tr><tr><td style=\"white-space:nowrap\">mL/m2<a name=\"mimic-units-mL.47m2\"> </a></td></tr><tr><td style=\"white-space:nowrap\">micrograms<a name=\"mimic-units-micrograms\"> </a></td></tr><tr><td style=\"white-space:nowrap\">(50,000 unit)<a name=\"mimic-units-.4050.44000unit.41\"> </a></td></tr><tr><td style=\"white-space:nowrap\">mg/61mg<a name=\"mimic-units-mg.4761mg\"> </a></td></tr><tr><td style=\"white-space:nowrap\">units/hr<a name=\"mimic-units-units.47hr\"> </a></td></tr><tr><td style=\"white-space:nowrap\">unit (10 mL)<a name=\"mimic-units-unit.4010mL.41\"> </a></td></tr><tr><td style=\"white-space:nowrap\">cell<a name=\"mimic-units-cell\"> </a></td></tr><tr><td style=\"white-space:nowrap\">350<a name=\"mimic-units-350\"> </a></td></tr><tr><td style=\"white-space:nowrap\">DEV<a name=\"mimic-units-DEV\"> </a></td></tr><tr><td style=\"white-space:nowrap\">mEq / 400 mL<a name=\"mimic-units-mEq.47400mL\"> </a></td></tr><tr><td style=\"white-space:nowrap\">Pos/Neg<a name=\"mimic-units-Pos.47Neg\"> </a></td></tr><tr><td style=\"white-space:nowrap\">(100 mcg/mL)<a name=\"mimic-units-.40100mcg.47mL.41\"> </a></td></tr><tr><td style=\"white-space:nowrap\">mg/24 hour<a name=\"mimic-units-mg.4724hour\"> </a></td></tr><tr><td style=\"white-space:nowrap\">600 mcg/2.4 mL<a name=\"mimic-units-600mcg.472.464mL\"> </a></td></tr><tr><td style=\"white-space:nowrap\">CAPs<a name=\"mimic-units-CAPs\"> </a></td></tr><tr><td style=\"white-space:nowrap\">500<a name=\"mimic-units-500\"> </a></td></tr><tr><td style=\"white-space:nowrap\">mg/24 mL<a name=\"mimic-units-mg.4724mL\"> </a></td></tr><tr><td style=\"white-space:nowrap\">SUSP<a name=\"mimic-units-SUSP\"> </a></td></tr><tr><td style=\"white-space:nowrap\">(25 mg/mL)<a name=\"mimic-units-.4025mg.47mL.41\"> </a></td></tr><tr><td style=\"white-space:nowrap\">SCOOP<a name=\"mimic-units-SCOOP\"> </a></td></tr><tr><td style=\"white-space:nowrap\">(1250 mg)<a name=\"mimic-units-.401250mg.41\"> </a></td></tr><tr><td style=\"white-space:nowrap\">mcg/kg/hr<a name=\"mimic-units-mcg.47kg.47hr\"> </a></td></tr><tr><td style=\"white-space:nowrap\">soak<a name=\"mimic-units-soak\"> </a></td></tr><tr><td style=\"white-space:nowrap\">ml<a name=\"mimic-units-ml\"> </a></td></tr><tr><td style=\"white-space:nowrap\">mEq/1000 mL NS<a name=\"mimic-units-mEq.471000mLNS\"> </a></td></tr><tr><td style=\"white-space:nowrap\">mL/h<a name=\"mimic-units-mL.47h\"> </a></td></tr><tr><td style=\"white-space:nowrap\">(300 mcg)<a name=\"mimic-units-.40300mcg.41\"> </a></td></tr><tr><td style=\"white-space:nowrap\">fL<a name=\"mimic-units-fL\"> </a></td></tr><tr><td style=\"white-space:nowrap\">units/hour<a name=\"mimic-units-units.47hour\"> </a></td></tr><tr><td style=\"white-space:nowrap\">L<a name=\"mimic-units-L\"> </a></td></tr><tr><td style=\"white-space:nowrap\">iu<a name=\"mimic-units-iu\"> </a></td></tr><tr><td style=\"white-space:nowrap\">mcg/0.8 mL<a name=\"mimic-units-mcg.470.468mL\"> </a></td></tr><tr><td style=\"white-space:nowrap\">Gram<a name=\"mimic-units-Gram\"> </a></td></tr><tr><td style=\"white-space:nowrap\">218000 unit<a name=\"mimic-units-218000unit\"> </a></td></tr><tr><td style=\"white-space:nowrap\">mg/ 0 mg<a name=\"mimic-units-mg.470mg\"> </a></td></tr><tr><td style=\"white-space:nowrap\">Iu/ 0 IU<a name=\"mimic-units-Iu.470IU\"> </a></td></tr><tr><td style=\"white-space:nowrap\">mg/dL<a name=\"mimic-units-mg.47dL\"> </a></td></tr><tr><td style=\"white-space:nowrap\">/0mg<a name=\"mimic-units-.470mg\"> </a></td></tr><tr><td style=\"white-space:nowrap\">1 cap<a name=\"mimic-units-1cap\"> </a></td></tr><tr><td style=\"white-space:nowrap\">spray<a name=\"mimic-units-spray\"> </a></td></tr><tr><td style=\"white-space:nowrap\">million units<a name=\"mimic-units-millionunits\"> </a></td></tr><tr><td style=\"white-space:nowrap\">240 mg (46)<a name=\"mimic-units-240mg.4046.41\"> </a></td></tr><tr><td style=\"white-space:nowrap\">BTL<a name=\"mimic-units-BTL\"> </a></td></tr><tr><td style=\"white-space:nowrap\">FILM<a name=\"mimic-units-FILM\"> </a></td></tr><tr><td style=\"white-space:nowrap\">PKG<a name=\"mimic-units-PKG\"> </a></td></tr><tr><td style=\"white-space:nowrap\">mEq./hour<a name=\"mimic-units-mEq.46.47hour\"> </a></td></tr><tr><td style=\"white-space:nowrap\">mg/ 0mg<a name=\"mimic-units-mg.470mg\"> </a></td></tr><tr><td style=\"white-space:nowrap\">0<a name=\"mimic-units-0\"> </a></td></tr><tr><td style=\"white-space:nowrap\">PUFFS<a name=\"mimic-units-PUFFS\"> </a></td></tr><tr><td style=\"white-space:nowrap\">U/L<a name=\"mimic-units-U.47L\"> </a></td></tr><tr><td style=\"white-space:nowrap\">+/-<a name=\"mimic-units-.43.47-\"> </a></td></tr><tr><td style=\"white-space:nowrap\">50 units/ml<a name=\"mimic-units-50units.47ml\"> </a></td></tr><tr><td style=\"white-space:nowrap\">mg /40 mg<a name=\"mimic-units-mg.4740mg\"> </a></td></tr><tr><td style=\"white-space:nowrap\">300<a name=\"mimic-units-300\"> </a></td></tr><tr><td style=\"white-space:nowrap\">mcg (30 doses)<a name=\"mimic-units-mcg.4030doses.41\"> </a></td></tr><tr><td style=\"white-space:nowrap\">mcg/mL<a name=\"mimic-units-mcg.47mL\"> </a></td></tr><tr><td style=\"white-space:nowrap\">-109,000 unit<a name=\"mimic-units--109.44000unit\"> </a></td></tr><tr><td style=\"white-space:nowrap\">Units<a name=\"mimic-units-Units\"> </a></td></tr><tr><td style=\"white-space:nowrap\">mg/0.6mL<a name=\"mimic-units-mg.470.466mL\"> </a></td></tr><tr><td style=\"white-space:nowrap\">RING<a name=\"mimic-units-RING\"> </a></td></tr><tr><td style=\"white-space:nowrap\">TRMT<a name=\"mimic-units-TRMT\"> </a></td></tr><tr><td style=\"white-space:nowrap\">°F<a name=\"mimic-units-.176F\"> </a></td></tr><tr><td style=\"white-space:nowrap\">PEN<a name=\"mimic-units-PEN\"> </a></td></tr><tr><td style=\"white-space:nowrap\">mEq (1,080 mg)<a name=\"mimic-units-mEq.401.44080mg.41\"> </a></td></tr><tr><td style=\"white-space:nowrap\">unit/mL (75-25)<a name=\"mimic-units-unit.47mL.4075-25.41\"> </a></td></tr><tr><td style=\"white-space:nowrap\">uL<a name=\"mimic-units-uL\"> </a></td></tr><tr><td style=\"white-space:nowrap\">mL/beat<a name=\"mimic-units-mL.47beat\"> </a></td></tr><tr><td style=\"white-space:nowrap\">mg/mL<a name=\"mimic-units-mg.47mL\"> </a></td></tr><tr><td style=\"white-space:nowrap\">UNIT/kg/HR<a name=\"mimic-units-UNIT.47kg.47HR\"> </a></td></tr><tr><td style=\"white-space:nowrap\">ENEMA<a name=\"mimic-units-ENEMA\"> </a></td></tr><tr><td style=\"white-space:nowrap\">/hr<a name=\"mimic-units-.47hr\"> </a></td></tr><tr><td style=\"white-space:nowrap\">mg/mL (25 %)<a name=\"mimic-units-mg.47mL.4025.37.41\"> </a></td></tr><tr><td style=\"white-space:nowrap\">mg/88mg<a name=\"mimic-units-mg.4788mg\"> </a></td></tr><tr><td style=\"white-space:nowrap\">Inch<a name=\"mimic-units-Inch\"> </a></td></tr><tr><td style=\"white-space:nowrap\">mcg/ACT<a name=\"mimic-units-mcg.47ACT\"> </a></td></tr><tr><td style=\"white-space:nowrap\">/3 mL (0.083 %)<a name=\"mimic-units-.473mL.400.46083.37.41\"> </a></td></tr><tr><td style=\"white-space:nowrap\">mg or 88mg<a name=\"mimic-units-mgor88mg\"> </a></td></tr><tr><td style=\"white-space:nowrap\">Grams<a name=\"mimic-units-Grams\"> </a></td></tr><tr><td style=\"white-space:nowrap\">ENE<a name=\"mimic-units-ENE\"> </a></td></tr><tr><td style=\"white-space:nowrap\">/hour<a name=\"mimic-units-.47hour\"> </a></td></tr><tr><td style=\"white-space:nowrap\">K/uL<a name=\"mimic-units-K.47uL\"> </a></td></tr><tr><td style=\"white-space:nowrap\">ML<a name=\"mimic-units-ML\"> </a></td></tr><tr><td style=\"white-space:nowrap\">dynes*sec/cm5/m2<a name=\"mimic-units-dynes.42sec.47cm5.47m2\"> </a></td></tr><tr><td style=\"white-space:nowrap\">DRP<a name=\"mimic-units-DRP\"> </a></td></tr><tr><td style=\"white-space:nowrap\">STCK<a name=\"mimic-units-STCK\"> </a></td></tr><tr><td style=\"white-space:nowrap\">CRE<a name=\"mimic-units-CRE\"> </a></td></tr><tr><td style=\"white-space:nowrap\">40mg<a name=\"mimic-units-40mg\"> </a></td></tr><tr><td style=\"white-space:nowrap\">mg\\ 150 mg<a name=\"mimic-units-mg.92150mg\"> </a></td></tr><tr><td style=\"white-space:nowrap\">grams<a name=\"mimic-units-grams\"> </a></td></tr><tr><td style=\"white-space:nowrap\">IU/ 0 iu<a name=\"mimic-units-IU.470iu\"> </a></td></tr><tr><td style=\"white-space:nowrap\">Mg/hr<a name=\"mimic-units-Mg.47hr\"> </a></td></tr><tr><td style=\"white-space:nowrap\">SPG<a name=\"mimic-units-SPG\"> </a></td></tr><tr><td style=\"white-space:nowrap\">kcal/day<a name=\"mimic-units-kcal.47day\"> </a></td></tr><tr><td style=\"white-space:nowrap\">mcg/kg/min<a name=\"mimic-units-mcg.47kg.47min\"> </a></td></tr><tr><td style=\"white-space:nowrap\">mEq / mL SW<a name=\"mimic-units-mEq.47mLSW\"> </a></td></tr><tr><td style=\"white-space:nowrap\">iu/0u<a name=\"mimic-units-iu.470u\"> </a></td></tr><tr><td style=\"white-space:nowrap\">Neb<a name=\"mimic-units-Neb\"> </a></td></tr><tr><td style=\"white-space:nowrap\">ea<a name=\"mimic-units-ea\"> </a></td></tr><tr><td style=\"white-space:nowrap\">mL/mL<a name=\"mimic-units-mL.47mL\"> </a></td></tr><tr><td style=\"white-space:nowrap\">mcg/2 mL<a name=\"mimic-units-mcg.472mL\"> </a></td></tr><tr><td style=\"white-space:nowrap\">UNIT/1000ML<a name=\"mimic-units-UNIT.471000ML\"> </a></td></tr><tr><td style=\"white-space:nowrap\">MG/0MG<a name=\"mimic-units-MG.470MG\"> </a></td></tr><tr><td style=\"white-space:nowrap\">83900 unit<a name=\"mimic-units-83900unit\"> </a></td></tr><tr><td style=\"white-space:nowrap\">700<a name=\"mimic-units-700\"> </a></td></tr><tr><td style=\"white-space:nowrap\">(1000 mg)<a name=\"mimic-units-.401000mg.41\"> </a></td></tr><tr><td style=\"white-space:nowrap\">G<a name=\"mimic-units-G\"> </a></td></tr><tr><td style=\"white-space:nowrap\">g/hr<a name=\"mimic-units-g.47hr\"> </a></td></tr><tr><td style=\"white-space:nowrap\">in<a name=\"mimic-units-in\"> </a></td></tr><tr><td style=\"white-space:nowrap\">mg/50 mL<a name=\"mimic-units-mg.4750mL\"> </a></td></tr><tr><td style=\"white-space:nowrap\">mg//min<a name=\"mimic-units-mg.47.47min\"> </a></td></tr><tr><td style=\"white-space:nowrap\">GR<a name=\"mimic-units-GR\"> </a></td></tr><tr><td style=\"white-space:nowrap\">PTCHs<a name=\"mimic-units-PTCHs\"> </a></td></tr><tr><td style=\"white-space:nowrap\">dose<a name=\"mimic-units-dose\"> </a></td></tr><tr><td style=\"white-space:nowrap\">vial<a name=\"mimic-units-vial\"> </a></td></tr><tr><td style=\"white-space:nowrap\">% (0.1 mg/gram)<a name=\"mimic-units-.37.400.461mg.47gram.41\"> </a></td></tr><tr><td style=\"white-space:nowrap\">mg\\40 mg<a name=\"mimic-units-mg.9240mg\"> </a></td></tr><tr><td style=\"white-space:nowrap\">mg/24h<a name=\"mimic-units-mg.4724h\"> </a></td></tr><tr><td style=\"white-space:nowrap\">8<a name=\"mimic-units-8\"> </a></td></tr><tr><td style=\"white-space:nowrap\">mEq/1,000 mL<a name=\"mimic-units-mEq.471.44000mL\"> </a></td></tr><tr><td style=\"white-space:nowrap\">SYRP<a name=\"mimic-units-SYRP\"> </a></td></tr><tr><td style=\"white-space:nowrap\">KIT<a name=\"mimic-units-KIT\"> </a></td></tr><tr><td style=\"white-space:nowrap\">(18 mg/3 mL)<a name=\"mimic-units-.4018mg.473mL.41\"> </a></td></tr><tr><td style=\"white-space:nowrap\">mcg/min<a name=\"mimic-units-mcg.47min\"> </a></td></tr><tr><td style=\"white-space:nowrap\">mg/5 gram (1 %)<a name=\"mimic-units-mg.475gram.401.37.41\"> </a></td></tr><tr><td style=\"white-space:nowrap\">15U SQ<a name=\"mimic-units-15USQ\"> </a></td></tr><tr><td style=\"white-space:nowrap\">mEq/L<a name=\"mimic-units-mEq.47L\"> </a></td></tr><tr><td style=\"white-space:nowrap\">topical<a name=\"mimic-units-topical\"> </a></td></tr><tr><td style=\"white-space:nowrap\">sheet<a name=\"mimic-units-sheet\"> </a></td></tr><tr><td style=\"white-space:nowrap\">#/hpf<a name=\"mimic-units-.35.47hpf\"> </a></td></tr><tr><td style=\"white-space:nowrap\">hrs<a name=\"mimic-units-hrs\"> </a></td></tr><tr><td style=\"white-space:nowrap\">800 mcg<a name=\"mimic-units-800mcg\"> </a></td></tr><tr><td style=\"white-space:nowrap\">mEq/1000NS<a name=\"mimic-units-mEq.471000NS\"> </a></td></tr><tr><td style=\"white-space:nowrap\">N/A<a name=\"mimic-units-N.47A\"> </a></td></tr><tr><td style=\"white-space:nowrap\">application<a name=\"mimic-units-application\"> </a></td></tr><tr><td style=\"white-space:nowrap\">nanograms/kg/minute<a name=\"mimic-units-nanograms.47kg.47minute\"> </a></td></tr><tr><td style=\"white-space:nowrap\">mg/0.3 mL<a name=\"mimic-units-mg.470.463mL\"> </a></td></tr><tr><td style=\"white-space:nowrap\">DBTL<a name=\"mimic-units-DBTL\"> </a></td></tr><tr><td style=\"white-space:nowrap\">gram/12 gram<a name=\"mimic-units-gram.4712gram\"> </a></td></tr><tr><td style=\"white-space:nowrap\">iu/0iu<a name=\"mimic-units-iu.470iu\"> </a></td></tr><tr><td style=\"white-space:nowrap\">(50 mg/5 gram)<a name=\"mimic-units-.4050mg.475gram.41\"> </a></td></tr><tr><td style=\"white-space:nowrap\">-400 unit<a name=\"mimic-units--400unit\"> </a></td></tr><tr><td style=\"white-space:nowrap\">-60000 unit<a name=\"mimic-units--60000unit\"> </a></td></tr><tr><td style=\"white-space:nowrap\">mg-unit-mg-mg<a name=\"mimic-units-mg-unit-mg-mg\"> </a></td></tr><tr><td style=\"white-space:nowrap\">INJ<a name=\"mimic-units-INJ\"> </a></td></tr><tr><td style=\"white-space:nowrap\">g/h<a name=\"mimic-units-g.47h\"> </a></td></tr><tr><td style=\"white-space:nowrap\">million<a name=\"mimic-units-million\"> </a></td></tr><tr><td style=\"white-space:nowrap\">mg base)/3 mL<a name=\"mimic-units-mgbase.41.473mL\"> </a></td></tr><tr><td style=\"white-space:nowrap\">% of current infusion rate<a name=\"mimic-units-.37ofcurrentinfusionrate\"> </a></td></tr><tr><td style=\"white-space:nowrap\">mg/500 ml<a name=\"mimic-units-mg.47500ml\"> </a></td></tr><tr><td style=\"white-space:nowrap\">(84)/10 mcg (7)<a name=\"mimic-units-.4084.41.4710mcg.407.41\"> </a></td></tr><tr><td style=\"white-space:nowrap\">mg/2mL<a name=\"mimic-units-mg.472mL\"> </a></td></tr><tr><td style=\"white-space:nowrap\">mg\\ 0 mg<a name=\"mimic-units-mg.920mg\"> </a></td></tr><tr><td style=\"white-space:nowrap\">mEq/500ml<a name=\"mimic-units-mEq.47500ml\"> </a></td></tr><tr><td style=\"white-space:nowrap\">40<a name=\"mimic-units-40\"> </a></td></tr><tr><td style=\"white-space:nowrap\">mg\\960 mg<a name=\"mimic-units-mg.92960mg\"> </a></td></tr><tr><td style=\"white-space:nowrap\">cmH2O<a name=\"mimic-units-cmH2O\"> </a></td></tr><tr><td style=\"white-space:nowrap\">g/kg<a name=\"mimic-units-g.47kg\"> </a></td></tr><tr><td style=\"white-space:nowrap\">mg/day<a name=\"mimic-units-mg.47day\"> </a></td></tr><tr><td style=\"white-space:nowrap\">mg/960mg<a name=\"mimic-units-mg.47960mg\"> </a></td></tr><tr><td style=\"white-space:nowrap\">cps<a name=\"mimic-units-cps\"> </a></td></tr><tr><td style=\"white-space:nowrap\">Enema<a name=\"mimic-units-Enema\"> </a></td></tr><tr><td style=\"white-space:nowrap\">mg/250 mL<a name=\"mimic-units-mg.47250mL\"> </a></td></tr><tr><td style=\"white-space:nowrap\">uU/ML<a name=\"mimic-units-uU.47ML\"> </a></td></tr><tr><td style=\"white-space:nowrap\">mg/5 mL<a name=\"mimic-units-mg.475mL\"> </a></td></tr><tr><td style=\"white-space:nowrap\">mL/min<a name=\"mimic-units-mL.47min\"> </a></td></tr><tr><td style=\"white-space:nowrap\">pg<a name=\"mimic-units-pg\"> </a></td></tr><tr><td style=\"white-space:nowrap\">MIU<a name=\"mimic-units-MIU\"> </a></td></tr><tr><td style=\"white-space:nowrap\">mcg\\ 0 mcg<a name=\"mimic-units-mcg.920mcg\"> </a></td></tr><tr><td style=\"white-space:nowrap\">cc/hr<a name=\"mimic-units-cc.47hr\"> </a></td></tr><tr><td style=\"white-space:nowrap\">U/g/Hb<a name=\"mimic-units-U.47g.47Hb\"> </a></td></tr><tr><td style=\"white-space:nowrap\">%(700 mg/patch)<a name=\"mimic-units-.37.40700mg.47patch.41\"> </a></td></tr><tr><td style=\"white-space:nowrap\">MPL<a name=\"mimic-units-MPL\"> </a></td></tr><tr><td style=\"white-space:nowrap\">mg/mL (1 %)<a name=\"mimic-units-mg.47mL.401.37.41\"> </a></td></tr><tr><td style=\"white-space:nowrap\">lbs<a name=\"mimic-units-lbs\"> </a></td></tr><tr><td style=\"white-space:nowrap\">gummies<a name=\"mimic-units-gummies\"> </a></td></tr><tr><td style=\"white-space:nowrap\">mcgr<a name=\"mimic-units-mcgr\"> </a></td></tr><tr><td style=\"white-space:nowrap\">5 mL<a name=\"mimic-units-5mL\"> </a></td></tr><tr><td style=\"white-space:nowrap\">oz<a name=\"mimic-units-oz\"> </a></td></tr><tr><td style=\"white-space:nowrap\">iu/0IU<a name=\"mimic-units-iu.470IU\"> </a></td></tr><tr><td style=\"white-space:nowrap\">drops<a name=\"mimic-units-drops\"> </a></td></tr><tr><td style=\"white-space:nowrap\">(1.5 mL)<a name=\"mimic-units-.401.465mL.41\"> </a></td></tr><tr><td style=\"white-space:nowrap\">GTT<a name=\"mimic-units-GTT\"> </a></td></tr><tr><td style=\"white-space:nowrap\">grams/hour<a name=\"mimic-units-grams.47hour\"> </a></td></tr><tr><td style=\"white-space:nowrap\">400<a name=\"mimic-units-400\"> </a></td></tr><tr><td style=\"white-space:nowrap\">mg/6 mL (6 mL)<a name=\"mimic-units-mg.476mL.406mL.41\"> </a></td></tr><tr><td style=\"white-space:nowrap\">Ratio<a name=\"mimic-units-Ratio\"> </a></td></tr><tr><td style=\"white-space:nowrap\">puff<a name=\"mimic-units-puff\"> </a></td></tr><tr><td style=\"white-space:nowrap\">pump<a name=\"mimic-units-pump\"> </a></td></tr><tr><td style=\"white-space:nowrap\">iu/0 iu<a name=\"mimic-units-iu.470iu\"> </a></td></tr><tr><td style=\"white-space:nowrap\">Units VWF:RCo<a name=\"mimic-units-UnitsVWF.58RCo\"> </a></td></tr><tr><td style=\"white-space:nowrap\">DROPS<a name=\"mimic-units-DROPS\"> </a></td></tr><tr><td style=\"white-space:nowrap\">mOsm/kg<a name=\"mimic-units-mOsm.47kg\"> </a></td></tr><tr><td style=\"white-space:nowrap\">g/dl<a name=\"mimic-units-g.47dl\"> </a></td></tr><tr><td style=\"white-space:nowrap\">SUPP<a name=\"mimic-units-SUPP\"> </a></td></tr><tr><td style=\"white-space:nowrap\">mEq/500ml D5W<a name=\"mimic-units-mEq.47500mlD5W\"> </a></td></tr><tr><td style=\"white-space:nowrap\">mch/kg/min<a name=\"mimic-units-mch.47kg.47min\"> </a></td></tr><tr><td style=\"white-space:nowrap\">EU/dL<a name=\"mimic-units-EU.47dL\"> </a></td></tr><tr><td style=\"white-space:nowrap\">-109000 unit<a name=\"mimic-units--109000unit\"> </a></td></tr><tr><td style=\"white-space:nowrap\">mA<a name=\"mimic-units-mA\"> </a></td></tr><tr><td style=\"white-space:nowrap\">nanogram<a name=\"mimic-units-nanogram\"> </a></td></tr><tr><td style=\"white-space:nowrap\">Score<a name=\"mimic-units-Score\"> </a></td></tr><tr><td style=\"white-space:nowrap\">packet<a name=\"mimic-units-packet\"> </a></td></tr><tr><td style=\"white-space:nowrap\">ampule<a name=\"mimic-units-ampule\"> </a></td></tr><tr><td style=\"white-space:nowrap\">mcg/hour<a name=\"mimic-units-mcg.47hour\"> </a></td></tr><tr><td style=\"white-space:nowrap\">mcg/ kg/ hr<a name=\"mimic-units-mcg.47kg.47hr\"> </a></td></tr><tr><td style=\"white-space:nowrap\">log10 copies/mL<a name=\"mimic-units-log10copies.47mL\"> </a></td></tr><tr><td style=\"white-space:nowrap\">QHS<a name=\"mimic-units-QHS\"> </a></td></tr><tr><td style=\"white-space:nowrap\">mg-mcg<a name=\"mimic-units-mg-mcg\"> </a></td></tr><tr><td style=\"white-space:nowrap\">-<a name=\"mimic-units--\"> </a></td></tr><tr><td style=\"white-space:nowrap\">Mg<a name=\"mimic-units-Mg\"> </a></td></tr><tr><td style=\"white-space:nowrap\">PKT<a name=\"mimic-units-PKT\"> </a></td></tr><tr><td style=\"white-space:nowrap\">years<a name=\"mimic-units-years\"> </a></td></tr><tr><td style=\"white-space:nowrap\">(3 mL)<a name=\"mimic-units-.403mL.41\"> </a></td></tr><tr><td style=\"white-space:nowrap\">mg/8 mL<a name=\"mimic-units-mg.478mL\"> </a></td></tr><tr><td style=\"white-space:nowrap\">mEq/500D5W<a name=\"mimic-units-mEq.47500D5W\"> </a></td></tr><tr><td style=\"white-space:nowrap\">mg-mg-mcg-mg<a name=\"mimic-units-mg-mg-mcg-mg\"> </a></td></tr><tr><td style=\"white-space:nowrap\">%-1:200,000<a name=\"mimic-units-.37-1.58200.44000\"> </a></td></tr><tr><td style=\"white-space:nowrap\">mg PE<a name=\"mimic-units-mgPE\"> </a></td></tr><tr><td style=\"white-space:nowrap\">mg-mg<a name=\"mimic-units-mg-mg\"> </a></td></tr><tr><td style=\"white-space:nowrap\">U/mL<a name=\"mimic-units-U.47mL\"> </a></td></tr><tr><td style=\"white-space:nowrap\">BID<a name=\"mimic-units-BID\"> </a></td></tr><tr><td style=\"white-space:nowrap\">100<a name=\"mimic-units-100\"> </a></td></tr><tr><td style=\"white-space:nowrap\">psi<a name=\"mimic-units-psi\"> </a></td></tr><tr><td style=\"white-space:nowrap\">tablet<a name=\"mimic-units-tablet\"> </a></td></tr><tr><td style=\"white-space:nowrap\">TC<a name=\"mimic-units-TC\"> </a></td></tr><tr><td style=\"white-space:nowrap\">(0.06 %)<a name=\"mimic-units-.400.4606.37.41\"> </a></td></tr><tr><td style=\"white-space:nowrap\">PTCHS<a name=\"mimic-units-PTCHS\"> </a></td></tr><tr><td style=\"white-space:nowrap\">VIAL<a name=\"mimic-units-VIAL\"> </a></td></tr><tr><td style=\"white-space:nowrap\">TABS<a name=\"mimic-units-TABS\"> </a></td></tr><tr><td style=\"white-space:nowrap\">(40 mg/mL)<a name=\"mimic-units-.4040mg.47mL.41\"> </a></td></tr><tr><td style=\"white-space:nowrap\">mEq/15 mL<a name=\"mimic-units-mEq.4715mL\"> </a></td></tr><tr><td style=\"white-space:nowrap\">g/1L NS<a name=\"mimic-units-g.471LNS\"> </a></td></tr><tr><td style=\"white-space:nowrap\">SPRY<a name=\"mimic-units-SPRY\"> </a></td></tr><tr><td style=\"white-space:nowrap\">Iu/ 0 iu<a name=\"mimic-units-Iu.470iu\"> </a></td></tr><tr><td style=\"white-space:nowrap\">dynes.sec.cm-5/m2<a name=\"mimic-units-dynes.46sec.46cm-5.47m2\"> </a></td></tr><tr><td style=\"white-space:nowrap\">lozenge<a name=\"mimic-units-lozenge\"> </a></td></tr><tr><td style=\"white-space:nowrap\">kg<a name=\"mimic-units-kg\"> </a></td></tr><tr><td style=\"white-space:nowrap\">mEQ<a name=\"mimic-units-mEQ\"> </a></td></tr><tr><td style=\"white-space:nowrap\">bottle<a name=\"mimic-units-bottle\"> </a></td></tr><tr><td style=\"white-space:nowrap\">#/uL<a name=\"mimic-units-.35.47uL\"> </a></td></tr><tr><td style=\"white-space:nowrap\">UNIT<a name=\"mimic-units-UNIT\"> </a></td></tr><tr><td style=\"white-space:nowrap\">mcg/dose<a name=\"mimic-units-mcg.47dose\"> </a></td></tr><tr><td style=\"white-space:nowrap\">IU/0 IU<a name=\"mimic-units-IU.470IU\"> </a></td></tr><tr><td style=\"white-space:nowrap\">DROPs<a name=\"mimic-units-DROPs\"> </a></td></tr><tr><td style=\"white-space:nowrap\">tabs<a name=\"mimic-units-tabs\"> </a></td></tr><tr><td style=\"white-space:nowrap\">pg/mL<a name=\"mimic-units-pg.47mL\"> </a></td></tr><tr><td style=\"white-space:nowrap\">80<a name=\"mimic-units-80\"> </a></td></tr><tr><td style=\"white-space:nowrap\">950<a name=\"mimic-units-950\"> </a></td></tr><tr><td style=\"white-space:nowrap\">D5W<a name=\"mimic-units-D5W\"> </a></td></tr><tr><td style=\"white-space:nowrap\">mg/5 mL (5 mL)<a name=\"mimic-units-mg.475mL.405mL.41\"> </a></td></tr><tr><td style=\"white-space:nowrap\">L/hr<a name=\"mimic-units-L.47hr\"> </a></td></tr><tr><td style=\"white-space:nowrap\">IU/mL<a name=\"mimic-units-IU.47mL\"> </a></td></tr><tr><td style=\"white-space:nowrap\">150<a name=\"mimic-units-150\"> </a></td></tr><tr><td style=\"white-space:nowrap\">Tabs<a name=\"mimic-units-Tabs\"> </a></td></tr><tr><td style=\"white-space:nowrap\">Liters<a name=\"mimic-units-Liters\"> </a></td></tr><tr><td style=\"white-space:nowrap\">-120000 unit<a name=\"mimic-units--120000unit\"> </a></td></tr><tr><td style=\"white-space:nowrap\">L/min<a name=\"mimic-units-L.47min\"> </a></td></tr><tr><td style=\"white-space:nowrap\">mg/2.625 mL<a name=\"mimic-units-mg.472.46625mL\"> </a></td></tr><tr><td style=\"white-space:nowrap\">SYR<a name=\"mimic-units-SYR\"> </a></td></tr><tr><td style=\"white-space:nowrap\">drop<a name=\"mimic-units-drop\"> </a></td></tr><tr><td style=\"white-space:nowrap\">mg/dose<a name=\"mimic-units-mg.47dose\"> </a></td></tr><tr><td style=\"white-space:nowrap\">200<a name=\"mimic-units-200\"> </a></td></tr><tr><td style=\"white-space:nowrap\">(205.5 mcg)<a name=\"mimic-units-.40205.465mcg.41\"> </a></td></tr><tr><td style=\"white-space:nowrap\">mg/0.1mL<a name=\"mimic-units-mg.470.461mL\"> </a></td></tr><tr><td style=\"white-space:nowrap\">Spray<a name=\"mimic-units-Spray\"> </a></td></tr><tr><td style=\"white-space:nowrap\">U<a name=\"mimic-units-U\"> </a></td></tr><tr><td style=\"white-space:nowrap\">650<a name=\"mimic-units-650\"> </a></td></tr><tr><td style=\"white-space:nowrap\">L/min/m2<a name=\"mimic-units-L.47min.47m2\"> </a></td></tr><tr><td style=\"white-space:nowrap\">CAN<a name=\"mimic-units-CAN\"> </a></td></tr><tr><td style=\"white-space:nowrap\">gm/kg<a name=\"mimic-units-gm.47kg\"> </a></td></tr><tr><td style=\"white-space:nowrap\">mcg<a name=\"mimic-units-mcg\"> </a></td></tr><tr><td style=\"white-space:nowrap\">Mg/0mg<a name=\"mimic-units-Mg.470mg\"> </a></td></tr><tr><td style=\"white-space:nowrap\">mg/min<a name=\"mimic-units-mg.47min\"> </a></td></tr><tr><td style=\"white-space:nowrap\">Mg/ 0 mg<a name=\"mimic-units-Mg.470mg\"> </a></td></tr><tr><td style=\"white-space:nowrap\">Appl<a name=\"mimic-units-Appl\"> </a></td></tr><tr><td style=\"white-space:nowrap\">mcg/hr<a name=\"mimic-units-mcg.47hr\"> </a></td></tr><tr><td style=\"white-space:nowrap\">chamber<a name=\"mimic-units-chamber\"> </a></td></tr><tr><td style=\"white-space:nowrap\">/ 0 Units<a name=\"mimic-units-.470Units\"> </a></td></tr><tr><td style=\"white-space:nowrap\">mg/m2<a name=\"mimic-units-mg.47m2\"> </a></td></tr><tr><td style=\"white-space:nowrap\">mg iron/5 mL<a name=\"mimic-units-mgiron.475mL\"> </a></td></tr><tr><td style=\"white-space:nowrap\">_UNIT<a name=\"mimic-units-_UNIT\"> </a></td></tr><tr><td style=\"white-space:nowrap\">U/hr<a name=\"mimic-units-U.47hr\"> </a></td></tr><tr><td style=\"white-space:nowrap\">ng/dL<a name=\"mimic-units-ng.47dL\"> </a></td></tr><tr><td style=\"white-space:nowrap\">CREA<a name=\"mimic-units-CREA\"> </a></td></tr><tr><td style=\"white-space:nowrap\">12 ml<a name=\"mimic-units-12ml\"> </a></td></tr><tr><td style=\"white-space:nowrap\">ml/kg<a name=\"mimic-units-ml.47kg\"> </a></td></tr><tr><td style=\"white-space:nowrap\">IU<a name=\"mimic-units-IU\"> </a></td></tr><tr><td style=\"white-space:nowrap\">unit<a name=\"mimic-units-unit\"> </a></td></tr><tr><td style=\"white-space:nowrap\">units\\ 0 units<a name=\"mimic-units-units.920units\"> </a></td></tr><tr><td style=\"white-space:nowrap\">-82,000 unit<a name=\"mimic-units--82.44000unit\"> </a></td></tr><tr><td style=\"white-space:nowrap\">mg/1.25 gram)<a name=\"mimic-units-mg.471.4625gram.41\"> </a></td></tr><tr><td style=\"white-space:nowrap\">mf<a name=\"mimic-units-mf\"> </a></td></tr><tr><td style=\"white-space:nowrap\">mEq / 1L NS<a name=\"mimic-units-mEq.471LNS\"> </a></td></tr><tr><td style=\"white-space:nowrap\">LOZ<a name=\"mimic-units-LOZ\"> </a></td></tr><tr><td style=\"white-space:nowrap\">mg/kg/hour<a name=\"mimic-units-mg.47kg.47hour\"> </a></td></tr><tr><td style=\"white-space:nowrap\">mEq in 500ml D5W<a name=\"mimic-units-mEqin500mlD5W\"> </a></td></tr><tr><td style=\"white-space:nowrap\">scp<a name=\"mimic-units-scp\"> </a></td></tr><tr><td style=\"white-space:nowrap\">180000 unit<a name=\"mimic-units-180000unit\"> </a></td></tr><tr><td style=\"white-space:nowrap\">mg-mg-mcg<a name=\"mimic-units-mg-mg-mcg\"> </a></td></tr><tr><td style=\"white-space:nowrap\">tsp<a name=\"mimic-units-tsp\"> </a></td></tr><tr><td style=\"white-space:nowrap\">mg/20 mL<a name=\"mimic-units-mg.4720mL\"> </a></td></tr><tr><td style=\"white-space:nowrap\">mg/0.5mL (0.51)<a name=\"mimic-units-mg.470.465mL.400.4651.41\"> </a></td></tr><tr><td style=\"white-space:nowrap\">Tab<a name=\"mimic-units-Tab\"> </a></td></tr><tr><td style=\"white-space:nowrap\">(0.1 %)<a name=\"mimic-units-.400.461.37.41\"> </a></td></tr><tr><td style=\"white-space:nowrap\">min<a name=\"mimic-units-min\"> </a></td></tr><tr><td style=\"white-space:nowrap\">CAP<a name=\"mimic-units-CAP\"> </a></td></tr><tr><td style=\"white-space:nowrap\">mL<a name=\"mimic-units-mL\"> </a></td></tr><tr><td style=\"white-space:nowrap\">PUFF<a name=\"mimic-units-PUFF\"> </a></td></tr><tr><td style=\"white-space:nowrap\">mg/40mg<a name=\"mimic-units-mg.4740mg\"> </a></td></tr><tr><td style=\"white-space:nowrap\">mg/50 ml<a name=\"mimic-units-mg.4750ml\"> </a></td></tr><tr><td style=\"white-space:nowrap\">mm Hg<a name=\"mimic-units-mmHg\"> </a></td></tr><tr><td style=\"white-space:nowrap\">UNITS<a name=\"mimic-units-UNITS\"> </a></td></tr><tr><td style=\"white-space:nowrap\">IU/L<a name=\"mimic-units-IU.47L\"> </a></td></tr><tr><td style=\"white-space:nowrap\">Floor Stock Bag<a name=\"mimic-units-FloorStockBag\"> </a></td></tr><tr><td style=\"white-space:nowrap\">NEEDLE<a name=\"mimic-units-NEEDLE\"> </a></td></tr><tr><td style=\"white-space:nowrap\">cc<a name=\"mimic-units-cc\"> </a></td></tr><tr><td style=\"white-space:nowrap\">mg\\ 40mg<a name=\"mimic-units-mg.9240mg\"> </a></td></tr><tr><td style=\"white-space:nowrap\">mgs/min<a name=\"mimic-units-mgs.47min\"> </a></td></tr><tr><td style=\"white-space:nowrap\">IO/0 IU<a name=\"mimic-units-IO.470IU\"> </a></td></tr><tr><td style=\"white-space:nowrap\">4ML<a name=\"mimic-units-4ML\"> </a></td></tr><tr><td style=\"white-space:nowrap\">caps<a name=\"mimic-units-caps\"> </a></td></tr><tr><td style=\"white-space:nowrap\">gm<a name=\"mimic-units-gm\"> </a></td></tr><tr><td style=\"white-space:nowrap\">teaspoon<a name=\"mimic-units-teaspoon\"> </a></td></tr><tr><td style=\"white-space:nowrap\">AERA<a name=\"mimic-units-AERA\"> </a></td></tr><tr><td style=\"white-space:nowrap\">doses<a name=\"mimic-units-doses\"> </a></td></tr><tr><td style=\"white-space:nowrap\">mg/h<a name=\"mimic-units-mg.47h\"> </a></td></tr><tr><td style=\"white-space:nowrap\">mEq/hr<a name=\"mimic-units-mEq.47hr\"> </a></td></tr><tr><td style=\"white-space:nowrap\">IU/ 0 IU<a name=\"mimic-units-IU.470IU\"> </a></td></tr><tr><td style=\"white-space:nowrap\">mEq in 1L<a name=\"mimic-units-mEqin1L\"> </a></td></tr><tr><td style=\"white-space:nowrap\">mg/2 mL<a name=\"mimic-units-mg.472mL\"> </a></td></tr><tr><td style=\"white-space:nowrap\">(65 mg iron)<a name=\"mimic-units-.4065mgiron.41\"> </a></td></tr><tr><td style=\"white-space:nowrap\">tbsp<a name=\"mimic-units-tbsp\"> </a></td></tr><tr><td style=\"white-space:nowrap\">unit/hour<a name=\"mimic-units-unit.47hour\"> </a></td></tr><tr><td style=\"white-space:nowrap\">MCG/KG<a name=\"mimic-units-MCG.47KG\"> </a></td></tr><tr><td style=\"white-space:nowrap\">MU<a name=\"mimic-units-MU\"> </a></td></tr><tr><td style=\"white-space:nowrap\">mg (1 mL)<a name=\"mimic-units-mg.401mL.41\"> </a></td></tr><tr><td style=\"white-space:nowrap\">units/min<a name=\"mimic-units-units.47min\"> </a></td></tr><tr><td style=\"white-space:nowrap\">(100 mg/mL)<a name=\"mimic-units-.40100mg.47mL.41\"> </a></td></tr><tr><td style=\"white-space:nowrap\">___<a name=\"mimic-units-___\"> </a></td></tr><tr><td style=\"white-space:nowrap\">gram/100 mL<a name=\"mimic-units-gram.47100mL\"> </a></td></tr><tr><td style=\"white-space:nowrap\">100mL SW<a name=\"mimic-units-100mLSW\"> </a></td></tr><tr><td style=\"white-space:nowrap\">300 mL SW<a name=\"mimic-units-300mLSW\"> </a></td></tr><tr><td style=\"white-space:nowrap\">1000ML NS<a name=\"mimic-units-1000MLNS\"> </a></td></tr><tr><td style=\"white-space:nowrap\">grains<a name=\"mimic-units-grains\"> </a></td></tr><tr><td style=\"white-space:nowrap\">ng/kg/min<a name=\"mimic-units-ng.47kg.47min\"> </a></td></tr><tr><td style=\"white-space:nowrap\">(1:1,000)<a name=\"mimic-units-.401.581.44000.41\"> </a></td></tr><tr><td style=\"white-space:nowrap\">pray<a name=\"mimic-units-pray\"> </a></td></tr><tr><td style=\"white-space:nowrap\">meq<a name=\"mimic-units-meq\"> </a></td></tr><tr><td style=\"white-space:nowrap\">mg/kg<a name=\"mimic-units-mg.47kg\"> </a></td></tr><tr><td style=\"white-space:nowrap\">Ml<a name=\"mimic-units-Ml\"> </a></td></tr><tr><td style=\"white-space:nowrap\">Umits<a name=\"mimic-units-Umits\"> </a></td></tr><tr><td style=\"white-space:nowrap\">CART<a name=\"mimic-units-CART\"> </a></td></tr><tr><td style=\"white-space:nowrap\">1 mg/mL<a name=\"mimic-units-1mg.47mL\"> </a></td></tr><tr><td style=\"white-space:nowrap\">AERO<a name=\"mimic-units-AERO\"> </a></td></tr><tr><td style=\"white-space:nowrap\">/hpf<a name=\"mimic-units-.47hpf\"> </a></td></tr><tr><td style=\"white-space:nowrap\">mg/30 mL<a name=\"mimic-units-mg.4730mL\"> </a></td></tr><tr><td style=\"white-space:nowrap\">can<a name=\"mimic-units-can\"> </a></td></tr><tr><td style=\"white-space:nowrap\">mL/Lumen<a name=\"mimic-units-mL.47Lumen\"> </a></td></tr><tr><td style=\"white-space:nowrap\">gram/60 mL<a name=\"mimic-units-gram.4760mL\"> </a></td></tr><tr><td style=\"white-space:nowrap\">2.5 ml 1 drop<a name=\"mimic-units-2.465ml1drop\"> </a></td></tr><tr><td style=\"white-space:nowrap\">mg/L<a name=\"mimic-units-mg.47L\"> </a></td></tr><tr><td style=\"white-space:nowrap\">mg-unit<a name=\"mimic-units-mg-unit\"> </a></td></tr><tr><td style=\"white-space:nowrap\">ml/hr<a name=\"mimic-units-ml.47hr\"> </a></td></tr><tr><td style=\"white-space:nowrap\">(30 mg/mL)<a name=\"mimic-units-.4030mg.47mL.41\"> </a></td></tr><tr><td style=\"white-space:nowrap\">puffs<a name=\"mimic-units-puffs\"> </a></td></tr><tr><td style=\"white-space:nowrap\">PWDR<a name=\"mimic-units-PWDR\"> </a></td></tr><tr><td style=\"white-space:nowrap\">Mcg<a name=\"mimic-units-Mcg\"> </a></td></tr><tr><td style=\"white-space:nowrap\">amp<a name=\"mimic-units-amp\"> </a></td></tr><tr><td style=\"white-space:nowrap\">3mg<a name=\"mimic-units-3mg\"> </a></td></tr><tr><td style=\"white-space:nowrap\">CAPS<a name=\"mimic-units-CAPS\"> </a></td></tr><tr><td style=\"white-space:nowrap\">mg/g<a name=\"mimic-units-mg.47g\"> </a></td></tr><tr><td style=\"white-space:nowrap\">Unit<a name=\"mimic-units-Unit\"> </a></td></tr><tr><td style=\"white-space:nowrap\">gram/59 mL<a name=\"mimic-units-gram.4759mL\"> </a></td></tr><tr><td style=\"white-space:nowrap\">lozenges<a name=\"mimic-units-lozenges\"> </a></td></tr><tr><td style=\"white-space:nowrap\">ml/day<a name=\"mimic-units-ml.47day\"> </a></td></tr><tr><td style=\"white-space:nowrap\">grams/min<a name=\"mimic-units-grams.47min\"> </a></td></tr><tr><td style=\"white-space:nowrap\">(0.6 mg/mL)<a name=\"mimic-units-.400.466mg.47mL.41\"> </a></td></tr><tr><td style=\"white-space:nowrap\">nmol/L<a name=\"mimic-units-nmol.47L\"> </a></td></tr><tr><td style=\"white-space:nowrap\">mgPE<a name=\"mimic-units-mgPE\"> </a></td></tr><tr><td style=\"white-space:nowrap\">mgs<a name=\"mimic-units-mgs\"> </a></td></tr><tr><td style=\"white-space:nowrap\">GEL<a name=\"mimic-units-GEL\"> </a></td></tr><tr><td style=\"white-space:nowrap\">-250 unit<a name=\"mimic-units--250unit\"> </a></td></tr><tr><td style=\"white-space:nowrap\">mcg/h<a name=\"mimic-units-mcg.47h\"> </a></td></tr><tr><td style=\"white-space:nowrap\">tab<a name=\"mimic-units-tab\"> </a></td></tr><tr><td style=\"white-space:nowrap\">spacer<a name=\"mimic-units-spacer\"> </a></td></tr><tr><td style=\"white-space:nowrap\">gram-kcal/mL<a name=\"mimic-units-gram-kcal.47mL\"> </a></td></tr><tr><td style=\"white-space:nowrap\">-61000 unit<a name=\"mimic-units--61000unit\"> </a></td></tr><tr><td style=\"white-space:nowrap\">550<a name=\"mimic-units-550\"> </a></td></tr><tr><td style=\"white-space:nowrap\">GPL<a name=\"mimic-units-GPL\"> </a></td></tr><tr><td style=\"white-space:nowrap\">mg/24hr<a name=\"mimic-units-mg.4724hr\"> </a></td></tr><tr><td style=\"white-space:nowrap\">BAGS<a name=\"mimic-units-BAGS\"> </a></td></tr><tr><td style=\"white-space:nowrap\">mcg (120 doses)<a name=\"mimic-units-mcg.40120doses.41\"> </a></td></tr><tr><td style=\"white-space:nowrap\">-0.0194 mg<a name=\"mimic-units--0.460194mg\"> </a></td></tr><tr><td style=\"white-space:nowrap\">mEq/100mL<a name=\"mimic-units-mEq.47100mL\"> </a></td></tr><tr><td style=\"white-space:nowrap\">-30000 unit<a name=\"mimic-units--30000unit\"> </a></td></tr><tr><td style=\"white-space:nowrap\">mg/0.4 mL<a name=\"mimic-units-mg.470.464mL\"> </a></td></tr><tr><td style=\"white-space:nowrap\">mg/omg<a name=\"mimic-units-mg.47omg\"> </a></td></tr><tr><td style=\"white-space:nowrap\">RPM<a name=\"mimic-units-RPM\"> </a></td></tr><tr><td style=\"white-space:nowrap\">mg ER<a name=\"mimic-units-mgER\"> </a></td></tr><tr><td style=\"white-space:nowrap\">40 units<a name=\"mimic-units-40units\"> </a></td></tr><tr><td style=\"white-space:nowrap\">(4 mg/mL)<a name=\"mimic-units-.404mg.47mL.41\"> </a></td></tr><tr><td style=\"white-space:nowrap\">gram/ml<a name=\"mimic-units-gram.47ml\"> </a></td></tr><tr><td style=\"white-space:nowrap\">TAB<a name=\"mimic-units-TAB\"> </a></td></tr><tr><td style=\"white-space:nowrap\">mg/mL (10%)<a name=\"mimic-units-mg.47mL.4010.37.41\"> </a></td></tr><tr><td style=\"white-space:nowrap\">msec<a name=\"mimic-units-msec\"> </a></td></tr><tr><td style=\"white-space:nowrap\">%<a name=\"mimic-units-.37\"> </a></td></tr><tr><td style=\"white-space:nowrap\">mg/ml<a name=\"mimic-units-mg.47ml\"> </a></td></tr><tr><td style=\"white-space:nowrap\">kcal/mL<a name=\"mimic-units-kcal.47mL\"> </a></td></tr><tr><td style=\"white-space:nowrap\">inches<a name=\"mimic-units-inches\"> </a></td></tr><tr><td style=\"white-space:nowrap\">SPRAY<a name=\"mimic-units-SPRAY\"> </a></td></tr><tr><td style=\"white-space:nowrap\">mg/67mg<a name=\"mimic-units-mg.4767mg\"> </a></td></tr><tr><td style=\"white-space:nowrap\">BU<a name=\"mimic-units-BU\"> </a></td></tr><tr><td style=\"white-space:nowrap\">136000 unit<a name=\"mimic-units-136000unit\"> </a></td></tr><tr><td style=\"white-space:nowrap\">(60 mg/mL)<a name=\"mimic-units-.4060mg.47mL.41\"> </a></td></tr><tr><td style=\"white-space:nowrap\">WAF<a name=\"mimic-units-WAF\"> </a></td></tr><tr><td style=\"white-space:nowrap\">Bottle<a name=\"mimic-units-Bottle\"> </a></td></tr><tr><td style=\"white-space:nowrap\">mg/80mg<a name=\"mimic-units-mg.4780mg\"> </a></td></tr><tr><td style=\"white-space:nowrap\">pills<a name=\"mimic-units-pills\"> </a></td></tr><tr><td style=\"white-space:nowrap\">24<a name=\"mimic-units-24\"> </a></td></tr><tr><td style=\"white-space:nowrap\">0/mg<a name=\"mimic-units-0.47mg\"> </a></td></tr><tr><td style=\"white-space:nowrap\">CC<a name=\"mimic-units-CC\"> </a></td></tr><tr><td style=\"white-space:nowrap\">mg/0 mg<a name=\"mimic-units-mg.470mg\"> </a></td></tr><tr><td style=\"white-space:nowrap\">ERT<a name=\"mimic-units-ERT\"> </a></td></tr><tr><td style=\"white-space:nowrap\">540,000IU / 0 IU<a name=\"mimic-units-540.44000IU.470IU\"> </a></td></tr><tr><td style=\"white-space:nowrap\">(36 mg iron)<a name=\"mimic-units-.4036mgiron.41\"> </a></td></tr><tr><td style=\"white-space:nowrap\">CADD<a name=\"mimic-units-CADD\"> </a></td></tr><tr><td style=\"white-space:nowrap\">gr<a name=\"mimic-units-gr\"> </a></td></tr><tr><td style=\"white-space:nowrap\">50<a name=\"mimic-units-50\"> </a></td></tr><tr><td style=\"white-space:nowrap\">mg/mL (4 %)<a name=\"mimic-units-mg.47mL.404.37.41\"> </a></td></tr><tr><td style=\"white-space:nowrap\">MCG<a name=\"mimic-units-MCG\"> </a></td></tr><tr><td style=\"white-space:nowrap\">unit/mL (5 mL)<a name=\"mimic-units-unit.47mL.405mL.41\"> </a></td></tr><tr><td style=\"white-space:nowrap\">mg/15 mL<a name=\"mimic-units-mg.4715mL\"> </a></td></tr><tr><td style=\"white-space:nowrap\">PAD<a name=\"mimic-units-PAD\"> </a></td></tr><tr><td style=\"white-space:nowrap\">mmHg<a name=\"mimic-units-mmHg\"> </a></td></tr><tr><td style=\"white-space:nowrap\">gm/hr<a name=\"mimic-units-gm.47hr\"> </a></td></tr><tr><td style=\"white-space:nowrap\">mcg/kg<a name=\"mimic-units-mcg.47kg\"> </a></td></tr><tr><td style=\"white-space:nowrap\">(2 mg/mL)<a name=\"mimic-units-.402mg.47mL.41\"> </a></td></tr><tr><td style=\"white-space:nowrap\">-120,000 unit<a name=\"mimic-units--120.44000unit\"> </a></td></tr><tr><td style=\"white-space:nowrap\">unit/gram<a name=\"mimic-units-unit.47gram\"> </a></td></tr><tr><td style=\"white-space:nowrap\">-200 mg<a name=\"mimic-units--200mg\"> </a></td></tr><tr><td style=\"white-space:nowrap\">ounces<a name=\"mimic-units-ounces\"> </a></td></tr><tr><td style=\"white-space:nowrap\">mcg/24 hr<a name=\"mimic-units-mcg.4724hr\"> </a></td></tr><tr><td style=\"white-space:nowrap\">mEq<a name=\"mimic-units-mEq\"> </a></td></tr><tr><td style=\"white-space:nowrap\">mg/0mgs<a name=\"mimic-units-mg.470mgs\"> </a></td></tr><tr><td style=\"white-space:nowrap\">0 mg<a name=\"mimic-units-0mg\"> </a></td></tr><tr><td style=\"white-space:nowrap\">250<a name=\"mimic-units-250\"> </a></td></tr><tr><td style=\"white-space:nowrap\">droperette<a name=\"mimic-units-droperette\"> </a></td></tr><tr><td style=\"white-space:nowrap\">mg<a name=\"mimic-units-mg\"> </a></td></tr><tr><td style=\"white-space:nowrap\">mcg/kg/hour<a name=\"mimic-units-mcg.47kg.47hour\"> </a></td></tr><tr><td style=\"white-space:nowrap\">mls<a name=\"mimic-units-mls\"> </a></td></tr><tr><td style=\"white-space:nowrap\">Million Units<a name=\"mimic-units-MillionUnits\"> </a></td></tr><tr><td style=\"white-space:nowrap\">mg/2.5 mL<a name=\"mimic-units-mg.472.465mL\"> </a></td></tr><tr><td style=\"white-space:nowrap\">mg/250 ml<a name=\"mimic-units-mg.47250ml\"> </a></td></tr><tr><td style=\"white-space:nowrap\">cm3<a name=\"mimic-units-cm3\"> </a></td></tr><tr><td style=\"white-space:nowrap\">NS<a name=\"mimic-units-NS\"> </a></td></tr><tr><td style=\"white-space:nowrap\">m/uL<a name=\"mimic-units-m.47uL\"> </a></td></tr><tr><td style=\"white-space:nowrap\">mcg'ml-mg/ml<a name=\"mimic-units-mcg.39ml-mg.47ml\"> </a></td></tr><tr><td style=\"white-space:nowrap\">15000 unit<a name=\"mimic-units-15000unit\"> </a></td></tr><tr><td style=\"white-space:nowrap\">CON<a name=\"mimic-units-CON\"> </a></td></tr><tr><td style=\"white-space:nowrap\">mEq/200 mL NS<a name=\"mimic-units-mEq.47200mLNS\"> </a></td></tr><tr><td style=\"white-space:nowrap\">mmol/L<a name=\"mimic-units-mmol.47L\"> </a></td></tr><tr><td style=\"white-space:nowrap\">mm/hr<a name=\"mimic-units-mm.47hr\"> </a></td></tr><tr><td style=\"white-space:nowrap\">mcg/day<a name=\"mimic-units-mcg.47day\"> </a></td></tr><tr><td style=\"white-space:nowrap\">ppm<a name=\"mimic-units-ppm\"> </a></td></tr><tr><td style=\"white-space:nowrap\">Units/Hr<a name=\"mimic-units-Units.47Hr\"> </a></td></tr><tr><td style=\"white-space:nowrap\">UDCUP<a name=\"mimic-units-UDCUP\"> </a></td></tr><tr><td style=\"white-space:nowrap\">PUMP<a name=\"mimic-units-PUMP\"> </a></td></tr><tr><td style=\"white-space:nowrap\">mEq/200mL<a name=\"mimic-units-mEq.47200mL\"> </a></td></tr><tr><td style=\"white-space:nowrap\">mg PE/kg<a name=\"mimic-units-mgPE.47kg\"> </a></td></tr><tr><td style=\"white-space:nowrap\">-200 unit<a name=\"mimic-units--200unit\"> </a></td></tr><tr><td style=\"white-space:nowrap\">Enemas<a name=\"mimic-units-Enemas\"> </a></td></tr><tr><td style=\"white-space:nowrap\">mcg-mg/mL<a name=\"mimic-units-mcg-mg.47mL\"> </a></td></tr><tr><td style=\"white-space:nowrap\">/mm3<a name=\"mimic-units-.47mm3\"> </a></td></tr><tr><td style=\"white-space:nowrap\">bpm<a name=\"mimic-units-bpm\"> </a></td></tr><tr><td style=\"white-space:nowrap\">film<a name=\"mimic-units-film\"> </a></td></tr><tr><td style=\"white-space:nowrap\">#/lpf<a name=\"mimic-units-.35.47lpf\"> </a></td></tr><tr><td style=\"white-space:nowrap\">/ 500mL D5W<a name=\"mimic-units-.47500mLD5W\"> </a></td></tr><tr><td style=\"white-space:nowrap\">mg/0.5 mL<a name=\"mimic-units-mg.470.465mL\"> </a></td></tr><tr><td style=\"white-space:nowrap\">tab'<a name=\"mimic-units-tab.39\"> </a></td></tr><tr><td style=\"white-space:nowrap\">mL/hr<a name=\"mimic-units-mL.47hr\"> </a></td></tr><tr><td style=\"white-space:nowrap\">DROP<a name=\"mimic-units-DROP\"> </a></td></tr><tr><td style=\"white-space:nowrap\">MCG/KG/MIN<a name=\"mimic-units-MCG.47KG.47MIN\"> </a></td></tr><tr><td style=\"white-space:nowrap\">iu/ 0 iu<a name=\"mimic-units-iu.470iu\"> </a></td></tr><tr><td style=\"white-space:nowrap\">Drop<a name=\"mimic-units-Drop\"> </a></td></tr><tr><td style=\"white-space:nowrap\">unit per ISS<a name=\"mimic-units-unitperISS\"> </a></td></tr><tr><td style=\"white-space:nowrap\">JAR<a name=\"mimic-units-JAR\"> </a></td></tr><tr><td style=\"white-space:nowrap\">mL/Day<a name=\"mimic-units-mL.47Day\"> </a></td></tr><tr><td style=\"white-space:nowrap\">Units/kg<a name=\"mimic-units-Units.47kg\"> </a></td></tr><tr><td style=\"white-space:nowrap\">thin strip on lower lid<a name=\"mimic-units-thinstriponlowerlid\"> </a></td></tr><tr><td style=\"white-space:nowrap\">°C<a name=\"mimic-units-.176C\"> </a></td></tr><tr><td style=\"white-space:nowrap\">tABS<a name=\"mimic-units-tABS\"> </a></td></tr><tr><td style=\"white-space:nowrap\">mEq/200SW<a name=\"mimic-units-mEq.47200SW\"> </a></td></tr><tr><td style=\"white-space:nowrap\">pL<a name=\"mimic-units-pL\"> </a></td></tr><tr><td style=\"white-space:nowrap\">-5.86 gram<a name=\"mimic-units--5.4686gram\"> </a></td></tr><tr><td style=\"white-space:nowrap\">units/kg/hr<a name=\"mimic-units-units.47kg.47hr\"> </a></td></tr><tr><td style=\"white-space:nowrap\">mL/Syringe<a name=\"mimic-units-mL.47Syringe\"> </a></td></tr><tr><td style=\"white-space:nowrap\">60<a name=\"mimic-units-60\"> </a></td></tr><tr><td style=\"white-space:nowrap\">mL/hour<a name=\"mimic-units-mL.47hour\"> </a></td></tr><tr><td style=\"white-space:nowrap\">units/kg/hour<a name=\"mimic-units-units.47kg.47hour\"> </a></td></tr><tr><td style=\"white-space:nowrap\">gtt<a name=\"mimic-units-gtt\"> </a></td></tr><tr><td style=\"white-space:nowrap\">NG/<a name=\"mimic-units-NG.47\"> </a></td></tr><tr><td style=\"white-space:nowrap\">gram/mL iron<a name=\"mimic-units-gram.47mLiron\"> </a></td></tr><tr><td style=\"white-space:nowrap\">mg/74mg<a name=\"mimic-units-mg.4774mg\"> </a></td></tr><tr><td style=\"white-space:nowrap\">mg/kg/hr<a name=\"mimic-units-mg.47kg.47hr\"> </a></td></tr><tr><td style=\"white-space:nowrap\">PE (Phenytoin Sodium Equivalent)<a name=\"mimic-units-PE.40PhenytoinSodiumEquivalent.41\"> </a></td></tr><tr><td style=\"white-space:nowrap\">bo<a name=\"mimic-units-bo\"> </a></td></tr><tr><td style=\"white-space:nowrap\">mg/kg/min<a name=\"mimic-units-mg.47kg.47min\"> </a></td></tr><tr><td style=\"white-space:nowrap\">Film<a name=\"mimic-units-Film\"> </a></td></tr><tr><td style=\"white-space:nowrap\">TROC<a name=\"mimic-units-TROC\"> </a></td></tr><tr><td style=\"white-space:nowrap\">ug/mL<a name=\"mimic-units-ug.47mL\"> </a></td></tr><tr><td style=\"white-space:nowrap\">61500 unit<a name=\"mimic-units-61500unit\"> </a></td></tr><tr><td style=\"white-space:nowrap\">(25 mg/2.5gram)<a name=\"mimic-units-.4025mg.472.465gram.41\"> </a></td></tr><tr><td style=\"white-space:nowrap\">gram/15 mL<a name=\"mimic-units-gram.4715mL\"> </a></td></tr><tr><td style=\"white-space:nowrap\">pumps<a name=\"mimic-units-pumps\"> </a></td></tr><tr><td style=\"white-space:nowrap\">SOLN<a name=\"mimic-units-SOLN\"> </a></td></tr><tr><td style=\"white-space:nowrap\">unit/0.72 mL<a name=\"mimic-units-unit.470.4672mL\"> </a></td></tr><tr><td style=\"white-space:nowrap\">mg/3ml<a name=\"mimic-units-mg.473ml\"> </a></td></tr><tr><td style=\"white-space:nowrap\">If/0iu<a name=\"mimic-units-If.470iu\"> </a></td></tr><tr><td style=\"white-space:nowrap\">Cap<a name=\"mimic-units-Cap\"> </a></td></tr><tr><td style=\"white-space:nowrap\">200 unit<a name=\"mimic-units-200unit\"> </a></td></tr><tr><td style=\"white-space:nowrap\">Milligrams<a name=\"mimic-units-Milligrams\"> </a></td></tr><tr><td style=\"white-space:nowrap\">leaf<a name=\"mimic-units-leaf\"> </a></td></tr><tr><td style=\"white-space:nowrap\">IU/0IU<a name=\"mimic-units-IU.470IU\"> </a></td></tr><tr><td style=\"white-space:nowrap\">% (5 mg/mL)<a name=\"mimic-units-.37.405mg.47mL.41\"> </a></td></tr><tr><td style=\"white-space:nowrap\">mg/100 mL<a name=\"mimic-units-mg.47100mL\"> </a></td></tr><tr><td style=\"white-space:nowrap\">enema<a name=\"mimic-units-enema\"> </a></td></tr><tr><td style=\"white-space:nowrap\">flinstones<a name=\"mimic-units-flinstones\"> </a></td></tr><tr><td style=\"white-space:nowrap\">mg-mcg-mcg<a name=\"mimic-units-mg-mcg-mcg\"> </a></td></tr><tr><td style=\"white-space:nowrap\">mmHg.<a name=\"mimic-units-mmHg.46\"> </a></td></tr><tr><td style=\"white-space:nowrap\">hour<a name=\"mimic-units-hour\"> </a></td></tr><tr><td style=\"white-space:nowrap\">mg/ 82mg<a name=\"mimic-units-mg.4782mg\"> </a></td></tr><tr><td style=\"white-space:nowrap\">mcq<a name=\"mimic-units-mcq\"> </a></td></tr><tr><td style=\"white-space:nowrap\">Tablets<a name=\"mimic-units-Tablets\"> </a></td></tr><tr><td style=\"white-space:nowrap\">(10 mg/mL)<a name=\"mimic-units-.4010mg.47mL.41\"> </a></td></tr><tr><td style=\"white-space:nowrap\">ng/mL<a name=\"mimic-units-ng.47mL\"> </a></td></tr><tr><td style=\"white-space:nowrap\">pad<a name=\"mimic-units-pad\"> </a></td></tr><tr><td style=\"white-space:nowrap\">neb<a name=\"mimic-units-neb\"> </a></td></tr><tr><td style=\"white-space:nowrap\">CONC<a name=\"mimic-units-CONC\"> </a></td></tr><tr><td style=\"white-space:nowrap\">mcg/2.7 mL<a name=\"mimic-units-mcg.472.467mL\"> </a></td></tr><tr><td style=\"white-space:nowrap\">cmH2O/L/seconds<a name=\"mimic-units-cmH2O.47L.47seconds\"> </a></td></tr><tr><td style=\"white-space:nowrap\">IU/0U<a name=\"mimic-units-IU.470U\"> </a></td></tr><tr><td style=\"white-space:nowrap\">mg-35 mcg (28)<a name=\"mimic-units-mg-35mcg.4028.41\"> </a></td></tr><tr><td style=\"white-space:nowrap\">ng/mL DDU<a name=\"mimic-units-ng.47mLDDU\"> </a></td></tr><tr><td style=\"white-space:nowrap\">MD to order daily dose<a name=\"mimic-units-MDtoorderdailydose\"> </a></td></tr><tr><td style=\"white-space:nowrap\">10 ml<a name=\"mimic-units-10ml\"> </a></td></tr><tr><td style=\"white-space:nowrap\">Million Cells<a name=\"mimic-units-MillionCells\"> </a></td></tr><tr><td style=\"white-space:nowrap\">(morphine)<a name=\"mimic-units-.40morphine.41\"> </a></td></tr><tr><td style=\"white-space:nowrap\">u<a name=\"mimic-units-u\"> </a></td></tr><tr><td style=\"white-space:nowrap\">mg/mg<a name=\"mimic-units-mg.47mg\"> </a></td></tr><tr><td style=\"white-space:nowrap\">GM<a name=\"mimic-units-GM\"> </a></td></tr><tr><td style=\"white-space:nowrap\">gram/118 mL<a name=\"mimic-units-gram.47118mL\"> </a></td></tr><tr><td style=\"white-space:nowrap\">NEB<a name=\"mimic-units-NEB\"> </a></td></tr><tr><td style=\"white-space:nowrap\">(500 mg)<a name=\"mimic-units-.40500mg.41\"> </a></td></tr><tr><td style=\"white-space:nowrap\">mIU/mL<a name=\"mimic-units-mIU.47mL\"> </a></td></tr><tr><td style=\"white-space:nowrap\">mEq/kg<a name=\"mimic-units-mEq.47kg\"> </a></td></tr><tr><td style=\"white-space:nowrap\">mEq/5 mL<a name=\"mimic-units-mEq.475mL\"> </a></td></tr><tr><td style=\"white-space:nowrap\">SWAB<a name=\"mimic-units-SWAB\"> </a></td></tr><tr><td style=\"white-space:nowrap\">kcal/kg<a name=\"mimic-units-kcal.47kg\"> </a></td></tr><tr><td style=\"white-space:nowrap\">mg/hour<a name=\"mimic-units-mg.47hour\"> </a></td></tr><tr><td style=\"white-space:nowrap\">mg/3 mL<a name=\"mimic-units-mg.473mL\"> </a></td></tr><tr><td style=\"white-space:nowrap\">per L<a name=\"mimic-units-perL\"> </a></td></tr><tr><td style=\"white-space:nowrap\">dynes*sec/cm5<a name=\"mimic-units-dynes.42sec.47cm5\"> </a></td></tr><tr><td style=\"white-space:nowrap\">30<a name=\"mimic-units-30\"> </a></td></tr><tr><td style=\"white-space:nowrap\">powder<a name=\"mimic-units-powder\"> </a></td></tr><tr><td style=\"white-space:nowrap\">UNIT/L<a name=\"mimic-units-UNIT.47L\"> </a></td></tr><tr><td style=\"white-space:nowrap\">uIU/mL<a name=\"mimic-units-uIU.47mL\"> </a></td></tr><tr><td style=\"white-space:nowrap\">mg/24 hr<a name=\"mimic-units-mg.4724hr\"> </a></td></tr><tr><td style=\"white-space:nowrap\">(24 ml)<a name=\"mimic-units-.4024ml.41\"> </a></td></tr><tr><td style=\"white-space:nowrap\">mEq/1000 ml NS<a name=\"mimic-units-mEq.471000mlNS\"> </a></td></tr><tr><td style=\"white-space:nowrap\">cap<a name=\"mimic-units-cap\"> </a></td></tr><tr><td style=\"white-space:nowrap\">60mg<a name=\"mimic-units-60mg\"> </a></td></tr><tr><td style=\"white-space:nowrap\">STRP<a name=\"mimic-units-STRP\"> </a></td></tr><tr><td style=\"white-space:nowrap\">Dose<a name=\"mimic-units-Dose\"> </a></td></tr><tr><td style=\"white-space:nowrap\">450<a name=\"mimic-units-450\"> </a></td></tr><tr><td style=\"white-space:nowrap\">LOT<a name=\"mimic-units-LOT\"> </a></td></tr><tr><td style=\"white-space:nowrap\">SC<a name=\"mimic-units-SC\"> </a></td></tr><tr><td style=\"white-space:nowrap\">iron)/5 mL<a name=\"mimic-units-iron.41.475mL\"> </a></td></tr><tr><td style=\"white-space:nowrap\">mg BID<a name=\"mimic-units-mgBID\"> </a></td></tr><tr><td style=\"white-space:nowrap\">insp/min<a name=\"mimic-units-insp.47min\"> </a></td></tr><tr><td style=\"white-space:nowrap\">Iu/0IU<a name=\"mimic-units-Iu.470IU\"> </a></td></tr><tr><td style=\"white-space:nowrap\">-125 unit<a name=\"mimic-units--125unit\"> </a></td></tr><tr><td style=\"white-space:nowrap\">mg/hr<a name=\"mimic-units-mg.47hr\"> </a></td></tr><tr><td style=\"white-space:nowrap\">cm<a name=\"mimic-units-cm\"> </a></td></tr><tr><td style=\"white-space:nowrap\">INCH<a name=\"mimic-units-INCH\"> </a></td></tr><tr><td style=\"white-space:nowrap\">mEq/mL<a name=\"mimic-units-mEq.47mL\"> </a></td></tr><tr><td style=\"white-space:nowrap\">mg/ 2ml<a name=\"mimic-units-mg.472ml\"> </a></td></tr><tr><td style=\"white-space:nowrap\">cp<a name=\"mimic-units-cp\"> </a></td></tr><tr><td style=\"white-space:nowrap\">International Units<a name=\"mimic-units-InternationalUnits\"> </a></td></tr><tr><td style=\"white-space:nowrap\">%(50 mg/5 gram)<a name=\"mimic-units-.37.4050mg.475gram.41\"> </a></td></tr><tr><td style=\"white-space:nowrap\">mg/gm<a name=\"mimic-units-mg.47gm\"> </a></td></tr><tr><td style=\"white-space:nowrap\">unit/mL (70-30)<a name=\"mimic-units-unit.47mL.4070-30.41\"> </a></td></tr><tr><td style=\"white-space:nowrap\">mEq (1080 mg)<a name=\"mimic-units-mEq.401080mg.41\"> </a></td></tr><tr><td style=\"white-space:nowrap\">ml/min<a name=\"mimic-units-ml.47min\"> </a></td></tr><tr><td style=\"white-space:nowrap\">mg iron<a name=\"mimic-units-mgiron\"> </a></td></tr><tr><td style=\"white-space:nowrap\">ELIX<a name=\"mimic-units-ELIX\"> </a></td></tr><tr><td style=\"white-space:nowrap\">0mg<a name=\"mimic-units-0mg\"> </a></td></tr><tr><td style=\"white-space:nowrap\">gram<a name=\"mimic-units-gram\"> </a></td></tr><tr><td style=\"white-space:nowrap\">thin layer<a name=\"mimic-units-thinlayer\"> </a></td></tr><tr><td style=\"white-space:nowrap\">0mg/mg<a name=\"mimic-units-0mg.47mg\"> </a></td></tr><tr><td style=\"white-space:nowrap\">units<a name=\"mimic-units-units\"> </a></td></tr><tr><td style=\"white-space:nowrap\">mg/mL (2 %)<a name=\"mimic-units-mg.47mL.402.37.41\"> </a></td></tr><tr><td style=\"white-space:nowrap\">PATCHES<a name=\"mimic-units-PATCHES\"> </a></td></tr><tr><td style=\"white-space:nowrap\">CPT<a name=\"mimic-units-CPT\"> </a></td></tr><tr><td style=\"white-space:nowrap\">1<a name=\"mimic-units-1\"> </a></td></tr><tr><td style=\"white-space:nowrap\">g/dL<a name=\"mimic-units-g.47dL\"> </a></td></tr><tr><td style=\"white-space:nowrap\">mm^3<a name=\"mimic-units-mm.943\"> </a></td></tr><tr><td style=\"white-space:nowrap\">nL<a name=\"mimic-units-nL\"> </a></td></tr><tr><td style=\"white-space:nowrap\">mV<a name=\"mimic-units-mV\"> </a></td></tr><tr><td style=\"white-space:nowrap\">Mcg/kg/hr<a name=\"mimic-units-Mcg.47kg.47hr\"> </a></td></tr><tr><td style=\"white-space:nowrap\">tube<a name=\"mimic-units-tube\"> </a></td></tr><tr><td style=\"white-space:nowrap\">ng/mL FEU<a name=\"mimic-units-ng.47mLFEU\"> </a></td></tr><tr><td style=\"white-space:nowrap\">UNIT/KG<a name=\"mimic-units-UNIT.47KG\"> </a></td></tr><tr><td style=\"white-space:nowrap\">mmol<a name=\"mimic-units-mmol\"> </a></td></tr><tr><td style=\"white-space:nowrap\">DOSE<a name=\"mimic-units-DOSE\"> </a></td></tr><tr><td style=\"white-space:nowrap\">mg/89mg<a name=\"mimic-units-mg.4789mg\"> </a></td></tr><tr><td style=\"white-space:nowrap\">mg/68mg<a name=\"mimic-units-mg.4768mg\"> </a></td></tr><tr><td style=\"white-space:nowrap\">PO<a name=\"mimic-units-PO\"> </a></td></tr><tr><td style=\"white-space:nowrap\">(5)/125-30(10)<a name=\"mimic-units-.405.41.47125-30.4010.41\"> </a></td></tr><tr><td style=\"white-space:nowrap\">Mmg<a name=\"mimic-units-Mmg\"> </a></td></tr><tr><td style=\"white-space:nowrap\">TUBE<a name=\"mimic-units-TUBE\"> </a></td></tr><tr><td style=\"white-space:nowrap\">mg/6mL<a name=\"mimic-units-mg.476mL\"> </a></td></tr><tr><td style=\"white-space:nowrap\">gummy<a name=\"mimic-units-gummy\"> </a></td></tr><tr><td style=\"white-space:nowrap\">mEq.<a name=\"mimic-units-mEq.46\"> </a></td></tr><tr><td style=\"white-space:nowrap\">mg/100mg<a name=\"mimic-units-mg.47100mg\"> </a></td></tr><tr><td style=\"white-space:nowrap\">umol/L<a name=\"mimic-units-umol.47L\"> </a></td></tr><tr><td style=\"white-space:nowrap\">PACK<a name=\"mimic-units-PACK\"> </a></td></tr><tr><td style=\"white-space:nowrap\">mg (950 mg)<a name=\"mimic-units-mg.40950mg.41\"> </a></td></tr><tr><td style=\"white-space:nowrap\">billion cell<a name=\"mimic-units-billioncell\"> </a></td></tr></table></div>"
  },
  "url" : "http://mimic.mit.edu/fhir/mimic/CodeSystem/mimic-units",
  "version" : "1.3.0",
  "name" : "MimicUnits",
  "title" : "MimicUnits",
  "status" : "draft",
  "date" : "2022-09-21T13:59:43-04:00",
  "publisher" : "KinD Lab",
  "contact" : [{
    "name" : "KinD Lab",
    "telecom" : [{
      "system" : "url",
      "value" : "http://fhir.kindlab.sickkids.ca"
    }]
  }],
  "description" : "The units used throughout MIMIC",
  "valueSet" : "http://mimic.mit.edu/fhir/mimic/ValueSet/mimic-units",
  "content" : "complete",
  "concept" : [{
    "code" : "mL/kg/hour"
  },
  {
    "code" : "75"
  },
  {
    "code" : "BULK"
  },
  {
    "code" : "log10 IU/mL"
  },
  {
    "code" : "MILLI UNITS/MIN"
  },
  {
    "code" : "drop ou"
  },
  {
    "code" : "mg tablet"
  },
  {
    "code" : "PTCH"
  },
  {
    "code" : "tablets"
  },
  {
    "code" : "Units/Liter"
  },
  {
    "code" : "milligrams"
  },
  {
    "code" : "mEq / hr"
  },
  {
    "code" : "sec"
  },
  {
    "code" : "ug/dL"
  },
  {
    "code" : "mg/actuation"
  },
  {
    "code" : "tiwst"
  },
  {
    "code" : "OINT"
  },
  {
    "code" : "(10 mL)"
  },
  {
    "code" : "mcg/ml"
  },
  {
    "code" : "UNIT/HR"
  },
  {
    "code" : "(0.5 %)"
  },
  {
    "code" : "mEq/100 mL SW"
  },
  {
    "code" : "MG"
  },
  {
    "code" : "capsule"
  },
  {
    "code" : "mg/0.8 mL"
  },
  {
    "code" : "mg or 92mg"
  },
  {
    "code" : "Degree"
  },
  {
    "code" : "mg/0.67 mL"
  },
  {
    "code" : "(21)/75 mg (7)"
  },
  {
    "code" : "mcg/0.5 mL"
  },
  {
    "code" : "LIQ"
  },
  {
    "code" : "/min"
  },
  {
    "code" : "mcg/actuation"
  },
  {
    "code" : "BAG"
  },
  {
    "code" : "% (40 mg/mL)"
  },
  {
    "code" : "CUP"
  },
  {
    "code" : "AMP"
  },
  {
    "code" : "mg/0mg"
  },
  {
    "code" : "GUM"
  },
  {
    "code" : "600"
  },
  {
    "code" : "mg TID"
  },
  {
    "code" : "drops each eye"
  },
  {
    "code" : "Iu/0 iu"
  },
  {
    "code" : "unit/actuation"
  },
  {
    "code" : "18 mg iron"
  },
  {
    "code" : "mcg/mL) 2.4 mL"
  },
  {
    "code" : "(24)/75 mg (4)"
  },
  {
    "code" : "EA"
  },
  {
    "code" : "log10 cop/mL"
  },
  {
    "code" : "INH"
  },
  {
    "code" : "nMol/ml/min"
  },
  {
    "code" : "g"
  },
  {
    "code" : "sprays"
  },
  {
    "code" : "mg / 0 mg"
  },
  {
    "code" : "unit/mL"
  },
  {
    "code" : "mL/m2"
  },
  {
    "code" : "micrograms"
  },
  {
    "code" : "(50,000 unit)"
  },
  {
    "code" : "mg/61mg"
  },
  {
    "code" : "units/hr"
  },
  {
    "code" : "unit (10 mL)"
  },
  {
    "code" : "cell"
  },
  {
    "code" : "350"
  },
  {
    "code" : "DEV"
  },
  {
    "code" : "mEq / 400 mL"
  },
  {
    "code" : "Pos/Neg"
  },
  {
    "code" : "(100 mcg/mL)"
  },
  {
    "code" : "mg/24 hour"
  },
  {
    "code" : "600 mcg/2.4 mL"
  },
  {
    "code" : "CAPs"
  },
  {
    "code" : "500"
  },
  {
    "code" : "mg/24 mL"
  },
  {
    "code" : "SUSP"
  },
  {
    "code" : "(25 mg/mL)"
  },
  {
    "code" : "SCOOP"
  },
  {
    "code" : "(1250 mg)"
  },
  {
    "code" : "mcg/kg/hr"
  },
  {
    "code" : "soak"
  },
  {
    "code" : "ml"
  },
  {
    "code" : "mEq/1000 mL NS"
  },
  {
    "code" : "mL/h"
  },
  {
    "code" : "(300 mcg)"
  },
  {
    "code" : "fL"
  },
  {
    "code" : "units/hour"
  },
  {
    "code" : "L"
  },
  {
    "code" : "iu"
  },
  {
    "code" : "mcg/0.8 mL"
  },
  {
    "code" : "Gram"
  },
  {
    "code" : "218000 unit"
  },
  {
    "code" : "mg/ 0 mg"
  },
  {
    "code" : "Iu/ 0 IU"
  },
  {
    "code" : "mg/dL"
  },
  {
    "code" : "/0mg"
  },
  {
    "code" : "1 cap"
  },
  {
    "code" : "spray"
  },
  {
    "code" : "million units"
  },
  {
    "code" : "240 mg (46)"
  },
  {
    "code" : "BTL"
  },
  {
    "code" : "FILM"
  },
  {
    "code" : "PKG"
  },
  {
    "code" : "mEq./hour"
  },
  {
    "code" : "mg/ 0mg"
  },
  {
    "code" : "0"
  },
  {
    "code" : "PUFFS"
  },
  {
    "code" : "U/L"
  },
  {
    "code" : "+/-"
  },
  {
    "code" : "50 units/ml"
  },
  {
    "code" : "mg /40 mg"
  },
  {
    "code" : "300"
  },
  {
    "code" : "mcg (30 doses)"
  },
  {
    "code" : "mcg/mL"
  },
  {
    "code" : "-109,000 unit"
  },
  {
    "code" : "Units"
  },
  {
    "code" : "mg/0.6mL"
  },
  {
    "code" : "RING"
  },
  {
    "code" : "TRMT"
  },
  {
    "code" : "°F"
  },
  {
    "code" : "PEN"
  },
  {
    "code" : "mEq (1,080 mg)"
  },
  {
    "code" : "unit/mL (75-25)"
  },
  {
    "code" : "uL"
  },
  {
    "code" : "mL/beat"
  },
  {
    "code" : "mg/mL"
  },
  {
    "code" : "UNIT/kg/HR"
  },
  {
    "code" : "ENEMA"
  },
  {
    "code" : "/hr"
  },
  {
    "code" : "mg/mL (25 %)"
  },
  {
    "code" : "mg/88mg"
  },
  {
    "code" : "Inch"
  },
  {
    "code" : "mcg/ACT"
  },
  {
    "code" : "/3 mL (0.083 %)"
  },
  {
    "code" : "mg or 88mg"
  },
  {
    "code" : "Grams"
  },
  {
    "code" : "ENE"
  },
  {
    "code" : "/hour"
  },
  {
    "code" : "K/uL"
  },
  {
    "code" : "ML"
  },
  {
    "code" : "dynes*sec/cm5/m2"
  },
  {
    "code" : "DRP"
  },
  {
    "code" : "STCK"
  },
  {
    "code" : "CRE"
  },
  {
    "code" : "40mg"
  },
  {
    "code" : "mg\\ 150 mg"
  },
  {
    "code" : "grams"
  },
  {
    "code" : "IU/ 0 iu"
  },
  {
    "code" : "Mg/hr"
  },
  {
    "code" : "SPG"
  },
  {
    "code" : "kcal/day"
  },
  {
    "code" : "mcg/kg/min"
  },
  {
    "code" : "mEq / mL SW"
  },
  {
    "code" : "iu/0u"
  },
  {
    "code" : "Neb"
  },
  {
    "code" : "ea"
  },
  {
    "code" : "mL/mL"
  },
  {
    "code" : "mcg/2 mL"
  },
  {
    "code" : "UNIT/1000ML"
  },
  {
    "code" : "MG/0MG"
  },
  {
    "code" : "83900 unit"
  },
  {
    "code" : "700"
  },
  {
    "code" : "(1000 mg)"
  },
  {
    "code" : "G"
  },
  {
    "code" : "g/hr"
  },
  {
    "code" : "in"
  },
  {
    "code" : "mg/50 mL"
  },
  {
    "code" : "mg//min"
  },
  {
    "code" : "GR"
  },
  {
    "code" : "PTCHs"
  },
  {
    "code" : "dose"
  },
  {
    "code" : "vial"
  },
  {
    "code" : "% (0.1 mg/gram)"
  },
  {
    "code" : "mg\\40 mg"
  },
  {
    "code" : "mg/24h"
  },
  {
    "code" : "8"
  },
  {
    "code" : "mEq/1,000 mL"
  },
  {
    "code" : "SYRP"
  },
  {
    "code" : "KIT"
  },
  {
    "code" : "(18 mg/3 mL)"
  },
  {
    "code" : "mcg/min"
  },
  {
    "code" : "mg/5 gram (1 %)"
  },
  {
    "code" : "15U SQ"
  },
  {
    "code" : "mEq/L"
  },
  {
    "code" : "topical"
  },
  {
    "code" : "sheet"
  },
  {
    "code" : "#/hpf"
  },
  {
    "code" : "hrs"
  },
  {
    "code" : "800 mcg"
  },
  {
    "code" : "mEq/1000NS"
  },
  {
    "code" : "N/A"
  },
  {
    "code" : "application"
  },
  {
    "code" : "nanograms/kg/minute"
  },
  {
    "code" : "mg/0.3 mL"
  },
  {
    "code" : "DBTL"
  },
  {
    "code" : "gram/12 gram"
  },
  {
    "code" : "iu/0iu"
  },
  {
    "code" : "(50 mg/5 gram)"
  },
  {
    "code" : "-400 unit"
  },
  {
    "code" : "-60000 unit"
  },
  {
    "code" : "mg-unit-mg-mg"
  },
  {
    "code" : "INJ"
  },
  {
    "code" : "g/h"
  },
  {
    "code" : "million"
  },
  {
    "code" : "mg base)/3 mL"
  },
  {
    "code" : "% of current infusion rate"
  },
  {
    "code" : "mg/500 ml"
  },
  {
    "code" : "(84)/10 mcg (7)"
  },
  {
    "code" : "mg/2mL"
  },
  {
    "code" : "mg\\ 0 mg"
  },
  {
    "code" : "mEq/500ml"
  },
  {
    "code" : "40"
  },
  {
    "code" : "mg\\960 mg"
  },
  {
    "code" : "cmH2O"
  },
  {
    "code" : "g/kg"
  },
  {
    "code" : "mg/day"
  },
  {
    "code" : "mg/960mg"
  },
  {
    "code" : "cps"
  },
  {
    "code" : "Enema"
  },
  {
    "code" : "mg/250 mL"
  },
  {
    "code" : "uU/ML"
  },
  {
    "code" : "mg/5 mL"
  },
  {
    "code" : "mL/min"
  },
  {
    "code" : "pg"
  },
  {
    "code" : "MIU"
  },
  {
    "code" : "mcg\\ 0 mcg"
  },
  {
    "code" : "cc/hr"
  },
  {
    "code" : "U/g/Hb"
  },
  {
    "code" : "%(700 mg/patch)"
  },
  {
    "code" : "MPL"
  },
  {
    "code" : "mg/mL (1 %)"
  },
  {
    "code" : "lbs"
  },
  {
    "code" : "gummies"
  },
  {
    "code" : "mcgr"
  },
  {
    "code" : "5 mL"
  },
  {
    "code" : "oz"
  },
  {
    "code" : "iu/0IU"
  },
  {
    "code" : "drops"
  },
  {
    "code" : "(1.5 mL)"
  },
  {
    "code" : "GTT"
  },
  {
    "code" : "grams/hour"
  },
  {
    "code" : "400"
  },
  {
    "code" : "mg/6 mL (6 mL)"
  },
  {
    "code" : "Ratio"
  },
  {
    "code" : "puff"
  },
  {
    "code" : "pump"
  },
  {
    "code" : "iu/0 iu"
  },
  {
    "code" : "Units VWF:RCo"
  },
  {
    "code" : "DROPS"
  },
  {
    "code" : "mOsm/kg"
  },
  {
    "code" : "g/dl"
  },
  {
    "code" : "SUPP"
  },
  {
    "code" : "mEq/500ml D5W"
  },
  {
    "code" : "mch/kg/min"
  },
  {
    "code" : "EU/dL"
  },
  {
    "code" : "-109000 unit"
  },
  {
    "code" : "mA"
  },
  {
    "code" : "nanogram"
  },
  {
    "code" : "Score"
  },
  {
    "code" : "packet"
  },
  {
    "code" : "ampule"
  },
  {
    "code" : "mcg/hour"
  },
  {
    "code" : "mcg/ kg/ hr"
  },
  {
    "code" : "log10 copies/mL"
  },
  {
    "code" : "QHS"
  },
  {
    "code" : "mg-mcg"
  },
  {
    "code" : "-"
  },
  {
    "code" : "Mg"
  },
  {
    "code" : "PKT"
  },
  {
    "code" : "years"
  },
  {
    "code" : "(3 mL)"
  },
  {
    "code" : "mg/8 mL"
  },
  {
    "code" : "mEq/500D5W"
  },
  {
    "code" : "mg-mg-mcg-mg"
  },
  {
    "code" : "%-1:200,000"
  },
  {
    "code" : "mg PE"
  },
  {
    "code" : "mg-mg"
  },
  {
    "code" : "U/mL"
  },
  {
    "code" : "BID"
  },
  {
    "code" : "100"
  },
  {
    "code" : "psi"
  },
  {
    "code" : "tablet"
  },
  {
    "code" : "TC"
  },
  {
    "code" : "(0.06 %)"
  },
  {
    "code" : "PTCHS"
  },
  {
    "code" : "VIAL"
  },
  {
    "code" : "TABS"
  },
  {
    "code" : "(40 mg/mL)"
  },
  {
    "code" : "mEq/15 mL"
  },
  {
    "code" : "g/1L NS"
  },
  {
    "code" : "SPRY"
  },
  {
    "code" : "Iu/ 0 iu"
  },
  {
    "code" : "dynes.sec.cm-5/m2"
  },
  {
    "code" : "lozenge"
  },
  {
    "code" : "kg"
  },
  {
    "code" : "mEQ"
  },
  {
    "code" : "bottle"
  },
  {
    "code" : "#/uL"
  },
  {
    "code" : "UNIT"
  },
  {
    "code" : "mcg/dose"
  },
  {
    "code" : "IU/0 IU"
  },
  {
    "code" : "DROPs"
  },
  {
    "code" : "tabs"
  },
  {
    "code" : "pg/mL"
  },
  {
    "code" : "80"
  },
  {
    "code" : "950"
  },
  {
    "code" : "D5W"
  },
  {
    "code" : "mg/5 mL (5 mL)"
  },
  {
    "code" : "L/hr"
  },
  {
    "code" : "IU/mL"
  },
  {
    "code" : "150"
  },
  {
    "code" : "Tabs"
  },
  {
    "code" : "Liters"
  },
  {
    "code" : "-120000 unit"
  },
  {
    "code" : "L/min"
  },
  {
    "code" : "mg/2.625 mL"
  },
  {
    "code" : "SYR"
  },
  {
    "code" : "drop"
  },
  {
    "code" : "mg/dose"
  },
  {
    "code" : "200"
  },
  {
    "code" : "(205.5 mcg)"
  },
  {
    "code" : "mg/0.1mL"
  },
  {
    "code" : "Spray"
  },
  {
    "code" : "U"
  },
  {
    "code" : "650"
  },
  {
    "code" : "L/min/m2"
  },
  {
    "code" : "CAN"
  },
  {
    "code" : "gm/kg"
  },
  {
    "code" : "mcg"
  },
  {
    "code" : "Mg/0mg"
  },
  {
    "code" : "mg/min"
  },
  {
    "code" : "Mg/ 0 mg"
  },
  {
    "code" : "Appl"
  },
  {
    "code" : "mcg/hr"
  },
  {
    "code" : "chamber"
  },
  {
    "code" : "/ 0 Units"
  },
  {
    "code" : "mg/m2"
  },
  {
    "code" : "mg iron/5 mL"
  },
  {
    "code" : "_UNIT"
  },
  {
    "code" : "U/hr"
  },
  {
    "code" : "ng/dL"
  },
  {
    "code" : "CREA"
  },
  {
    "code" : "12 ml"
  },
  {
    "code" : "ml/kg"
  },
  {
    "code" : "IU"
  },
  {
    "code" : "unit"
  },
  {
    "code" : "units\\ 0 units"
  },
  {
    "code" : "-82,000 unit"
  },
  {
    "code" : "mg/1.25 gram)"
  },
  {
    "code" : "mf"
  },
  {
    "code" : "mEq / 1L NS"
  },
  {
    "code" : "LOZ"
  },
  {
    "code" : "mg/kg/hour"
  },
  {
    "code" : "mEq in 500ml D5W"
  },
  {
    "code" : "scp"
  },
  {
    "code" : "180000 unit"
  },
  {
    "code" : "mg-mg-mcg"
  },
  {
    "code" : "tsp"
  },
  {
    "code" : "mg/20 mL"
  },
  {
    "code" : "mg/0.5mL (0.51)"
  },
  {
    "code" : "Tab"
  },
  {
    "code" : "(0.1 %)"
  },
  {
    "code" : "min"
  },
  {
    "code" : "CAP"
  },
  {
    "code" : "mL"
  },
  {
    "code" : "PUFF"
  },
  {
    "code" : "mg/40mg"
  },
  {
    "code" : "mg/50 ml"
  },
  {
    "code" : "mm Hg"
  },
  {
    "code" : "UNITS"
  },
  {
    "code" : "IU/L"
  },
  {
    "code" : "Floor Stock Bag"
  },
  {
    "code" : "NEEDLE"
  },
  {
    "code" : "cc"
  },
  {
    "code" : "mg\\ 40mg"
  },
  {
    "code" : "mgs/min"
  },
  {
    "code" : "IO/0 IU"
  },
  {
    "code" : "4ML"
  },
  {
    "code" : "caps"
  },
  {
    "code" : "gm"
  },
  {
    "code" : "teaspoon"
  },
  {
    "code" : "AERA"
  },
  {
    "code" : "doses"
  },
  {
    "code" : "mg/h"
  },
  {
    "code" : "mEq/hr"
  },
  {
    "code" : "IU/ 0 IU"
  },
  {
    "code" : "mEq in 1L"
  },
  {
    "code" : "mg/2 mL"
  },
  {
    "code" : "(65 mg iron)"
  },
  {
    "code" : "tbsp"
  },
  {
    "code" : "unit/hour"
  },
  {
    "code" : "MCG/KG"
  },
  {
    "code" : "MU"
  },
  {
    "code" : "mg (1 mL)"
  },
  {
    "code" : "units/min"
  },
  {
    "code" : "(100 mg/mL)"
  },
  {
    "code" : "___"
  },
  {
    "code" : "gram/100 mL"
  },
  {
    "code" : "100mL SW"
  },
  {
    "code" : "300 mL SW"
  },
  {
    "code" : "1000ML NS"
  },
  {
    "code" : "grains"
  },
  {
    "code" : "ng/kg/min"
  },
  {
    "code" : "(1:1,000)"
  },
  {
    "code" : "pray"
  },
  {
    "code" : "meq"
  },
  {
    "code" : "mg/kg"
  },
  {
    "code" : "Ml"
  },
  {
    "code" : "Umits"
  },
  {
    "code" : "CART"
  },
  {
    "code" : "1 mg/mL"
  },
  {
    "code" : "AERO"
  },
  {
    "code" : "/hpf"
  },
  {
    "code" : "mg/30 mL"
  },
  {
    "code" : "can"
  },
  {
    "code" : "mL/Lumen"
  },
  {
    "code" : "gram/60 mL"
  },
  {
    "code" : "2.5 ml 1 drop"
  },
  {
    "code" : "mg/L"
  },
  {
    "code" : "mg-unit"
  },
  {
    "code" : "ml/hr"
  },
  {
    "code" : "(30 mg/mL)"
  },
  {
    "code" : "puffs"
  },
  {
    "code" : "PWDR"
  },
  {
    "code" : "Mcg"
  },
  {
    "code" : "amp"
  },
  {
    "code" : "3mg"
  },
  {
    "code" : "CAPS"
  },
  {
    "code" : "mg/g"
  },
  {
    "code" : "Unit"
  },
  {
    "code" : "gram/59 mL"
  },
  {
    "code" : "lozenges"
  },
  {
    "code" : "ml/day"
  },
  {
    "code" : "grams/min"
  },
  {
    "code" : "(0.6 mg/mL)"
  },
  {
    "code" : "nmol/L"
  },
  {
    "code" : "mgPE"
  },
  {
    "code" : "mgs"
  },
  {
    "code" : "GEL"
  },
  {
    "code" : "-250 unit"
  },
  {
    "code" : "mcg/h"
  },
  {
    "code" : "tab"
  },
  {
    "code" : "spacer"
  },
  {
    "code" : "gram-kcal/mL"
  },
  {
    "code" : "-61000 unit"
  },
  {
    "code" : "550"
  },
  {
    "code" : "GPL"
  },
  {
    "code" : "mg/24hr"
  },
  {
    "code" : "BAGS"
  },
  {
    "code" : "mcg (120 doses)"
  },
  {
    "code" : "-0.0194 mg"
  },
  {
    "code" : "mEq/100mL"
  },
  {
    "code" : "-30000 unit"
  },
  {
    "code" : "mg/0.4 mL"
  },
  {
    "code" : "mg/omg"
  },
  {
    "code" : "RPM"
  },
  {
    "code" : "mg ER"
  },
  {
    "code" : "40 units"
  },
  {
    "code" : "(4 mg/mL)"
  },
  {
    "code" : "gram/ml"
  },
  {
    "code" : "TAB"
  },
  {
    "code" : "mg/mL (10%)"
  },
  {
    "code" : "msec"
  },
  {
    "code" : "%"
  },
  {
    "code" : "mg/ml"
  },
  {
    "code" : "kcal/mL"
  },
  {
    "code" : "inches"
  },
  {
    "code" : "SPRAY"
  },
  {
    "code" : "mg/67mg"
  },
  {
    "code" : "BU"
  },
  {
    "code" : "136000 unit"
  },
  {
    "code" : "(60 mg/mL)"
  },
  {
    "code" : "WAF"
  },
  {
    "code" : "Bottle"
  },
  {
    "code" : "mg/80mg"
  },
  {
    "code" : "pills"
  },
  {
    "code" : "24"
  },
  {
    "code" : "0/mg"
  },
  {
    "code" : "CC"
  },
  {
    "code" : "mg/0 mg"
  },
  {
    "code" : "ERT"
  },
  {
    "code" : "540,000IU / 0 IU"
  },
  {
    "code" : "(36 mg iron)"
  },
  {
    "code" : "CADD"
  },
  {
    "code" : "gr"
  },
  {
    "code" : "50"
  },
  {
    "code" : "mg/mL (4 %)"
  },
  {
    "code" : "MCG"
  },
  {
    "code" : "unit/mL (5 mL)"
  },
  {
    "code" : "mg/15 mL"
  },
  {
    "code" : "PAD"
  },
  {
    "code" : "mmHg"
  },
  {
    "code" : "gm/hr"
  },
  {
    "code" : "mcg/kg"
  },
  {
    "code" : "(2 mg/mL)"
  },
  {
    "code" : "-120,000 unit"
  },
  {
    "code" : "unit/gram"
  },
  {
    "code" : "-200 mg"
  },
  {
    "code" : "ounces"
  },
  {
    "code" : "mcg/24 hr"
  },
  {
    "code" : "mEq"
  },
  {
    "code" : "mg/0mgs"
  },
  {
    "code" : "0 mg"
  },
  {
    "code" : "250"
  },
  {
    "code" : "droperette"
  },
  {
    "code" : "mg"
  },
  {
    "code" : "mcg/kg/hour"
  },
  {
    "code" : "mls"
  },
  {
    "code" : "Million Units"
  },
  {
    "code" : "mg/2.5 mL"
  },
  {
    "code" : "mg/250 ml"
  },
  {
    "code" : "cm3"
  },
  {
    "code" : "NS"
  },
  {
    "code" : "m/uL"
  },
  {
    "code" : "mcg'ml-mg/ml"
  },
  {
    "code" : "15000 unit"
  },
  {
    "code" : "CON"
  },
  {
    "code" : "mEq/200 mL NS"
  },
  {
    "code" : "mmol/L"
  },
  {
    "code" : "mm/hr"
  },
  {
    "code" : "mcg/day"
  },
  {
    "code" : "ppm"
  },
  {
    "code" : "Units/Hr"
  },
  {
    "code" : "UDCUP"
  },
  {
    "code" : "PUMP"
  },
  {
    "code" : "mEq/200mL"
  },
  {
    "code" : "mg PE/kg"
  },
  {
    "code" : "-200 unit"
  },
  {
    "code" : "Enemas"
  },
  {
    "code" : "mcg-mg/mL"
  },
  {
    "code" : "/mm3"
  },
  {
    "code" : "bpm"
  },
  {
    "code" : "film"
  },
  {
    "code" : "#/lpf"
  },
  {
    "code" : "/ 500mL D5W"
  },
  {
    "code" : "mg/0.5 mL"
  },
  {
    "code" : "tab'"
  },
  {
    "code" : "mL/hr"
  },
  {
    "code" : "DROP"
  },
  {
    "code" : "MCG/KG/MIN"
  },
  {
    "code" : "iu/ 0 iu"
  },
  {
    "code" : "Drop"
  },
  {
    "code" : "unit per ISS"
  },
  {
    "code" : "JAR"
  },
  {
    "code" : "mL/Day"
  },
  {
    "code" : "Units/kg"
  },
  {
    "code" : "thin strip on lower lid"
  },
  {
    "code" : "°C"
  },
  {
    "code" : "tABS"
  },
  {
    "code" : "mEq/200SW"
  },
  {
    "code" : "pL"
  },
  {
    "code" : "-5.86 gram"
  },
  {
    "code" : "units/kg/hr"
  },
  {
    "code" : "mL/Syringe"
  },
  {
    "code" : "60"
  },
  {
    "code" : "mL/hour"
  },
  {
    "code" : "units/kg/hour"
  },
  {
    "code" : "gtt"
  },
  {
    "code" : "NG/"
  },
  {
    "code" : "gram/mL iron"
  },
  {
    "code" : "mg/74mg"
  },
  {
    "code" : "mg/kg/hr"
  },
  {
    "code" : "PE (Phenytoin Sodium Equivalent)"
  },
  {
    "code" : "bo"
  },
  {
    "code" : "mg/kg/min"
  },
  {
    "code" : "Film"
  },
  {
    "code" : "TROC"
  },
  {
    "code" : "ug/mL"
  },
  {
    "code" : "61500 unit"
  },
  {
    "code" : "(25 mg/2.5gram)"
  },
  {
    "code" : "gram/15 mL"
  },
  {
    "code" : "pumps"
  },
  {
    "code" : "SOLN"
  },
  {
    "code" : "unit/0.72 mL"
  },
  {
    "code" : "mg/3ml"
  },
  {
    "code" : "If/0iu"
  },
  {
    "code" : "Cap"
  },
  {
    "code" : "200 unit"
  },
  {
    "code" : "Milligrams"
  },
  {
    "code" : "leaf"
  },
  {
    "code" : "IU/0IU"
  },
  {
    "code" : "% (5 mg/mL)"
  },
  {
    "code" : "mg/100 mL"
  },
  {
    "code" : "enema"
  },
  {
    "code" : "flinstones"
  },
  {
    "code" : "mg-mcg-mcg"
  },
  {
    "code" : "mmHg."
  },
  {
    "code" : "hour"
  },
  {
    "code" : "mg/ 82mg"
  },
  {
    "code" : "mcq"
  },
  {
    "code" : "Tablets"
  },
  {
    "code" : "(10 mg/mL)"
  },
  {
    "code" : "ng/mL"
  },
  {
    "code" : "pad"
  },
  {
    "code" : "neb"
  },
  {
    "code" : "CONC"
  },
  {
    "code" : "mcg/2.7 mL"
  },
  {
    "code" : "cmH2O/L/seconds"
  },
  {
    "code" : "IU/0U"
  },
  {
    "code" : "mg-35 mcg (28)"
  },
  {
    "code" : "ng/mL DDU"
  },
  {
    "code" : "MD to order daily dose"
  },
  {
    "code" : "10 ml"
  },
  {
    "code" : "Million Cells"
  },
  {
    "code" : "(morphine)"
  },
  {
    "code" : "u"
  },
  {
    "code" : "mg/mg"
  },
  {
    "code" : "GM"
  },
  {
    "code" : "gram/118 mL"
  },
  {
    "code" : "NEB"
  },
  {
    "code" : "(500 mg)"
  },
  {
    "code" : "mIU/mL"
  },
  {
    "code" : "mEq/kg"
  },
  {
    "code" : "mEq/5 mL"
  },
  {
    "code" : "SWAB"
  },
  {
    "code" : "kcal/kg"
  },
  {
    "code" : "mg/hour"
  },
  {
    "code" : "mg/3 mL"
  },
  {
    "code" : "per L"
  },
  {
    "code" : "dynes*sec/cm5"
  },
  {
    "code" : "30"
  },
  {
    "code" : "powder"
  },
  {
    "code" : "UNIT/L"
  },
  {
    "code" : "uIU/mL"
  },
  {
    "code" : "mg/24 hr"
  },
  {
    "code" : "(24 ml)"
  },
  {
    "code" : "mEq/1000 ml NS"
  },
  {
    "code" : "cap"
  },
  {
    "code" : "60mg"
  },
  {
    "code" : "STRP"
  },
  {
    "code" : "Dose"
  },
  {
    "code" : "450"
  },
  {
    "code" : "LOT"
  },
  {
    "code" : "SC"
  },
  {
    "code" : "iron)/5 mL"
  },
  {
    "code" : "mg BID"
  },
  {
    "code" : "insp/min"
  },
  {
    "code" : "Iu/0IU"
  },
  {
    "code" : "-125 unit"
  },
  {
    "code" : "mg/hr"
  },
  {
    "code" : "cm"
  },
  {
    "code" : "INCH"
  },
  {
    "code" : "mEq/mL"
  },
  {
    "code" : "mg/ 2ml"
  },
  {
    "code" : "cp"
  },
  {
    "code" : "International Units"
  },
  {
    "code" : "%(50 mg/5 gram)"
  },
  {
    "code" : "mg/gm"
  },
  {
    "code" : "unit/mL (70-30)"
  },
  {
    "code" : "mEq (1080 mg)"
  },
  {
    "code" : "ml/min"
  },
  {
    "code" : "mg iron"
  },
  {
    "code" : "ELIX"
  },
  {
    "code" : "0mg"
  },
  {
    "code" : "gram"
  },
  {
    "code" : "thin layer"
  },
  {
    "code" : "0mg/mg"
  },
  {
    "code" : "units"
  },
  {
    "code" : "mg/mL (2 %)"
  },
  {
    "code" : "PATCHES"
  },
  {
    "code" : "CPT"
  },
  {
    "code" : "1"
  },
  {
    "code" : "g/dL"
  },
  {
    "code" : "mm^3"
  },
  {
    "code" : "nL"
  },
  {
    "code" : "mV"
  },
  {
    "code" : "Mcg/kg/hr"
  },
  {
    "code" : "tube"
  },
  {
    "code" : "ng/mL FEU"
  },
  {
    "code" : "UNIT/KG"
  },
  {
    "code" : "mmol"
  },
  {
    "code" : "DOSE"
  },
  {
    "code" : "mg/89mg"
  },
  {
    "code" : "mg/68mg"
  },
  {
    "code" : "PO"
  },
  {
    "code" : "(5)/125-30(10)"
  },
  {
    "code" : "Mmg"
  },
  {
    "code" : "TUBE"
  },
  {
    "code" : "mg/6mL"
  },
  {
    "code" : "gummy"
  },
  {
    "code" : "mEq."
  },
  {
    "code" : "mg/100mg"
  },
  {
    "code" : "umol/L"
  },
  {
    "code" : "PACK"
  },
  {
    "code" : "mg (950 mg)"
  },
  {
    "code" : "billion cell"
  }]
}