{
  "resourceType" : "CodeSystem",
  "id" : "mimic-observation-category",
  "language" : "en",
  "text" : {
    "status" : "generated",
    "div" : "<div xmlns=\"http://www.w3.org/1999/xhtml\" xml:lang=\"en\" lang=\"en\"><p>This  code system <code>http://mimic.mit.edu/fhir/mimic/CodeSystem/mimic-observation-category</code> defines the following codes:</p><table class=\"codes\"><tr><td style=\"white-space:nowrap\"><b>Code</b></td></tr><tr><td style=\"white-space:nowrap\">Scores - APACHE II<a name=\"mimic-observation-category-Scores-APACHEII\"> </a></td></tr><tr><td style=\"white-space:nowrap\">6-Cultures<a name=\"mimic-observation-category-6-Cultures\"> </a></td></tr><tr><td style=\"white-space:nowrap\">4-Procedures<a name=\"mimic-observation-category-4-Procedures\"> </a></td></tr><tr><td style=\"white-space:nowrap\">PA Line Insertion<a name=\"mimic-observation-category-PALineInsertion\"> </a></td></tr><tr><td style=\"white-space:nowrap\">Thoracentesis<a name=\"mimic-observation-category-Thoracentesis\"> </a></td></tr><tr><td style=\"white-space:nowrap\">Restraint/Support Systems<a name=\"mimic-observation-category-Restraint.47SupportSystems\"> </a></td></tr><tr><td style=\"white-space:nowrap\">Research Enrollment Note<a name=\"mimic-observation-category-ResearchEnrollmentNote\"> </a></td></tr><tr><td style=\"white-space:nowrap\">Scores - APACHE IV (2)<a name=\"mimic-observation-category-Scores-APACHEIV.402.41\"> </a></td></tr><tr><td style=\"white-space:nowrap\">Impella<a name=\"mimic-observation-category-Impella\"> </a></td></tr><tr><td style=\"white-space:nowrap\">GI/GU<a name=\"mimic-observation-category-GI.47GU\"> </a></td></tr><tr><td style=\"white-space:nowrap\">Lumbar Puncture<a name=\"mimic-observation-category-LumbarPuncture\"> </a></td></tr><tr><td style=\"white-space:nowrap\">Pulmonary<a name=\"mimic-observation-category-Pulmonary\"> </a></td></tr><tr><td style=\"white-space:nowrap\">Swallow Evaluation<a name=\"mimic-observation-category-SwallowEvaluation\"> </a></td></tr><tr><td style=\"white-space:nowrap\">Dialysis<a name=\"mimic-observation-category-Dialysis\"> </a></td></tr><tr><td style=\"white-space:nowrap\">OT Notes<a name=\"mimic-observation-category-OTNotes\"> </a></td></tr><tr><td style=\"white-space:nowrap\">Output<a name=\"mimic-observation-category-Output\"> </a></td></tr><tr><td style=\"white-space:nowrap\">Family Mtg Note<a name=\"mimic-observation-category-FamilyMtgNote\"> </a></td></tr><tr><td style=\"white-space:nowrap\">7-Communication<a name=\"mimic-observation-category-7-Communication\"> </a></td></tr><tr><td style=\"white-space:nowrap\">Respiratory<a name=\"mimic-observation-category-Respiratory\"> </a></td></tr><tr><td style=\"white-space:nowrap\">Access Lines - Peripheral<a name=\"mimic-observation-category-AccessLines-Peripheral\"> </a></td></tr><tr><td style=\"white-space:nowrap\">ADT<a name=\"mimic-observation-category-ADT\"> </a></td></tr><tr><td style=\"white-space:nowrap\">Medications<a name=\"mimic-observation-category-Medications\"> </a></td></tr><tr><td style=\"white-space:nowrap\">Drains<a name=\"mimic-observation-category-Drains\"> </a></td></tr><tr><td style=\"white-space:nowrap\">Cardiovascular<a name=\"mimic-observation-category-Cardiovascular\"> </a></td></tr><tr><td style=\"white-space:nowrap\">RNTriggerNote<a name=\"mimic-observation-category-RNTriggerNote\"> </a></td></tr><tr><td style=\"white-space:nowrap\">Skin - Impairment<a name=\"mimic-observation-category-Skin-Impairment\"> </a></td></tr><tr><td style=\"white-space:nowrap\">Cardiovascular (Pacer Data)<a name=\"mimic-observation-category-Cardiovascular.40PacerData.41\"> </a></td></tr><tr><td style=\"white-space:nowrap\">Intubation<a name=\"mimic-observation-category-Intubation\"> </a></td></tr><tr><td style=\"white-space:nowrap\">Centrimag<a name=\"mimic-observation-category-Centrimag\"> </a></td></tr><tr><td style=\"white-space:nowrap\">Toxicology<a name=\"mimic-observation-category-Toxicology\"> </a></td></tr><tr><td style=\"white-space:nowrap\">Hemodynamics<a name=\"mimic-observation-category-Hemodynamics\"> </a></td></tr><tr><td style=\"white-space:nowrap\">Nutrition - Enteral<a name=\"mimic-observation-category-Nutrition-Enteral\"> </a></td></tr><tr><td style=\"white-space:nowrap\">Ingredients - general (Not In Use)<a name=\"mimic-observation-category-Ingredients-general.40NotInUse.41\"> </a></td></tr><tr><td style=\"white-space:nowrap\">Triggers Note<a name=\"mimic-observation-category-TriggersNote\"> </a></td></tr><tr><td style=\"white-space:nowrap\">ApacheII Parameters<a name=\"mimic-observation-category-ApacheIIParameters\"> </a></td></tr><tr><td style=\"white-space:nowrap\">Tandem Heart<a name=\"mimic-observation-category-TandemHeart\"> </a></td></tr><tr><td style=\"white-space:nowrap\">ZIntake<a name=\"mimic-observation-category-ZIntake\"> </a></td></tr><tr><td style=\"white-space:nowrap\">MD Progress Note<a name=\"mimic-observation-category-MDProgressNote\"> </a></td></tr><tr><td style=\"white-space:nowrap\">Case Management<a name=\"mimic-observation-category-CaseManagement\"> </a></td></tr><tr><td style=\"white-space:nowrap\">Fluids/Intake<a name=\"mimic-observation-category-Fluids.47Intake\"> </a></td></tr><tr><td style=\"white-space:nowrap\">Antibiotics<a name=\"mimic-observation-category-Antibiotics\"> </a></td></tr><tr><td style=\"white-space:nowrap\">Alarms<a name=\"mimic-observation-category-Alarms\"> </a></td></tr><tr><td style=\"white-space:nowrap\">Neurological<a name=\"mimic-observation-category-Neurological\"> </a></td></tr><tr><td style=\"white-space:nowrap\">Fluids - Other (Not In Use)<a name=\"mimic-observation-category-Fluids-Other.40NotInUse.41\"> </a></td></tr><tr><td style=\"white-space:nowrap\">Access Lines - Invasive<a name=\"mimic-observation-category-AccessLines-Invasive\"> </a></td></tr><tr><td style=\"white-space:nowrap\">ApacheIV Parameters<a name=\"mimic-observation-category-ApacheIVParameters\"> </a></td></tr><tr><td style=\"white-space:nowrap\">Durable VAD<a name=\"mimic-observation-category-DurableVAD\"> </a></td></tr><tr><td style=\"white-space:nowrap\">ECMO<a name=\"mimic-observation-category-ECMO\"> </a></td></tr><tr><td style=\"white-space:nowrap\">Bronchoscopy<a name=\"mimic-observation-category-Bronchoscopy\"> </a></td></tr><tr><td style=\"white-space:nowrap\">Paracentesis<a name=\"mimic-observation-category-Paracentesis\"> </a></td></tr><tr><td style=\"white-space:nowrap\">3-Significant Events<a name=\"mimic-observation-category-3-SignificantEvents\"> </a></td></tr><tr><td style=\"white-space:nowrap\">IABP<a name=\"mimic-observation-category-IABP\"> </a></td></tr><tr><td style=\"white-space:nowrap\">RDOS<a name=\"mimic-observation-category-RDOS\"> </a></td></tr><tr><td style=\"white-space:nowrap\">1-Intubation/Extubation<a name=\"mimic-observation-category-1-Intubation.47Extubation\"> </a></td></tr><tr><td style=\"white-space:nowrap\">NICOM<a name=\"mimic-observation-category-NICOM\"> </a></td></tr><tr><td style=\"white-space:nowrap\">Routine Vital Signs<a name=\"mimic-observation-category-RoutineVitalSigns\"> </a></td></tr><tr><td style=\"white-space:nowrap\">Heartware<a name=\"mimic-observation-category-Heartware\"> </a></td></tr><tr><td style=\"white-space:nowrap\">Pain/Sedation<a name=\"mimic-observation-category-Pain.47Sedation\"> </a></td></tr><tr><td style=\"white-space:nowrap\">Generic Proc Note<a name=\"mimic-observation-category-GenericProcNote\"> </a></td></tr><tr><td style=\"white-space:nowrap\">Cardiovascular (Pulses)<a name=\"mimic-observation-category-Cardiovascular.40Pulses.41\"> </a></td></tr><tr><td style=\"white-space:nowrap\">2-Ventilation<a name=\"mimic-observation-category-2-Ventilation\"> </a></td></tr><tr><td style=\"white-space:nowrap\">Adm History/FHPA<a name=\"mimic-observation-category-AdmHistory.47FHPA\"> </a></td></tr><tr><td style=\"white-space:nowrap\">CVL Insertion<a name=\"mimic-observation-category-CVLInsertion\"> </a></td></tr><tr><td style=\"white-space:nowrap\">Nutrition - Supplements<a name=\"mimic-observation-category-Nutrition-Supplements\"> </a></td></tr><tr><td style=\"white-space:nowrap\">PiCCO<a name=\"mimic-observation-category-PiCCO\"> </a></td></tr><tr><td style=\"white-space:nowrap\">Treatments<a name=\"mimic-observation-category-Treatments\"> </a></td></tr><tr><td style=\"white-space:nowrap\">PICC Line Insertion<a name=\"mimic-observation-category-PICCLineInsertion\"> </a></td></tr><tr><td style=\"white-space:nowrap\">Pastoral Care Note<a name=\"mimic-observation-category-PastoralCareNote\"> </a></td></tr><tr><td style=\"white-space:nowrap\">Skin - Incisions<a name=\"mimic-observation-category-Skin-Incisions\"> </a></td></tr><tr><td style=\"white-space:nowrap\">Scores - APACHE IV<a name=\"mimic-observation-category-Scores-APACHEIV\"> </a></td></tr><tr><td style=\"white-space:nowrap\">Labs<a name=\"mimic-observation-category-Labs\"> </a></td></tr><tr><td style=\"white-space:nowrap\">Skin - Assessment<a name=\"mimic-observation-category-Skin-Assessment\"> </a></td></tr><tr><td style=\"white-space:nowrap\">Blood Products/Colloids<a name=\"mimic-observation-category-BloodProducts.47Colloids\"> </a></td></tr><tr><td style=\"white-space:nowrap\">SBNET<a name=\"mimic-observation-category-SBNET\"> </a></td></tr><tr><td style=\"white-space:nowrap\">Arterial Line Insertion<a name=\"mimic-observation-category-ArterialLineInsertion\"> </a></td></tr><tr><td style=\"white-space:nowrap\">Care Plans<a name=\"mimic-observation-category-CarePlans\"> </a></td></tr><tr><td style=\"white-space:nowrap\">5-Imaging<a name=\"mimic-observation-category-5-Imaging\"> </a></td></tr><tr><td style=\"white-space:nowrap\">Ingredients<a name=\"mimic-observation-category-Ingredients\"> </a></td></tr><tr><td style=\"white-space:nowrap\">General<a name=\"mimic-observation-category-General\"> </a></td></tr><tr><td style=\"white-space:nowrap\">OB-GYN<a name=\"mimic-observation-category-OB-GYN\"> </a></td></tr><tr><td style=\"white-space:nowrap\">Nutrition - Parenteral<a name=\"mimic-observation-category-Nutrition-Parenteral\"> </a></td></tr></table></div>"
  },
  "url" : "http://mimic.mit.edu/fhir/mimic/CodeSystem/mimic-observation-category",
  "version" : "1.3.0",
  "name" : "MimicObservationCategory",
  "title" : "MimicObservationCategory",
  "status" : "draft",
  "date" : "2022-09-21T13:59:43-04:00",
  "publisher" : "KinD Lab",
  "contact" : [{
    "name" : "KinD Lab",
    "telecom" : [{
      "system" : "url",
      "value" : "http://fhir.kindlab.sickkids.ca"
    }]
  }],
  "description" : "The observation category codes for MIMIC",
  "valueSet" : "http://mimic.mit.edu/fhir/mimic/ValueSet/mimic-observation-category",
  "content" : "complete",
  "concept" : [{
    "code" : "Scores - APACHE II"
  },
  {
    "code" : "6-Cultures"
  },
  {
    "code" : "4-Procedures"
  },
  {
    "code" : "PA Line Insertion"
  },
  {
    "code" : "Thoracentesis"
  },
  {
    "code" : "Restraint/Support Systems"
  },
  {
    "code" : "Research Enrollment Note"
  },
  {
    "code" : "Scores - APACHE IV (2)"
  },
  {
    "code" : "Impella"
  },
  {
    "code" : "GI/GU"
  },
  {
    "code" : "Lumbar Puncture"
  },
  {
    "code" : "Pulmonary"
  },
  {
    "code" : "Swallow Evaluation"
  },
  {
    "code" : "Dialysis"
  },
  {
    "code" : "OT Notes"
  },
  {
    "code" : "Output"
  },
  {
    "code" : "Family Mtg Note"
  },
  {
    "code" : "7-Communication"
  },
  {
    "code" : "Respiratory"
  },
  {
    "code" : "Access Lines - Peripheral"
  },
  {
    "code" : "ADT"
  },
  {
    "code" : "Medications"
  },
  {
    "code" : "Drains"
  },
  {
    "code" : "Cardiovascular"
  },
  {
    "code" : "RNTriggerNote"
  },
  {
    "code" : "Skin - Impairment"
  },
  {
    "code" : "Cardiovascular (Pacer Data)"
  },
  {
    "code" : "Intubation"
  },
  {
    "code" : "Centrimag"
  },
  {
    "code" : "Toxicology"
  },
  {
    "code" : "Hemodynamics"
  },
  {
    "code" : "Nutrition - Enteral"
  },
  {
    "code" : "Ingredients - general (Not In Use)"
  },
  {
    "code" : "Triggers Note"
  },
  {
    "code" : "ApacheII Parameters"
  },
  {
    "code" : "Tandem Heart"
  },
  {
    "code" : "ZIntake"
  },
  {
    "code" : "MD Progress Note"
  },
  {
    "code" : "Case Management"
  },
  {
    "code" : "Fluids/Intake"
  },
  {
    "code" : "Antibiotics"
  },
  {
    "code" : "Alarms"
  },
  {
    "code" : "Neurological"
  },
  {
    "code" : "Fluids - Other (Not In Use)"
  },
  {
    "code" : "Access Lines - Invasive"
  },
  {
    "code" : "ApacheIV Parameters"
  },
  {
    "code" : "Durable VAD"
  },
  {
    "code" : "ECMO"
  },
  {
    "code" : "Bronchoscopy"
  },
  {
    "code" : "Paracentesis"
  },
  {
    "code" : "3-Significant Events"
  },
  {
    "code" : "IABP"
  },
  {
    "code" : "RDOS"
  },
  {
    "code" : "1-Intubation/Extubation"
  },
  {
    "code" : "NICOM"
  },
  {
    "code" : "Routine Vital Signs"
  },
  {
    "code" : "Heartware"
  },
  {
    "code" : "Pain/Sedation"
  },
  {
    "code" : "Generic Proc Note"
  },
  {
    "code" : "Cardiovascular (Pulses)"
  },
  {
    "code" : "2-Ventilation"
  },
  {
    "code" : "Adm History/FHPA"
  },
  {
    "code" : "CVL Insertion"
  },
  {
    "code" : "Nutrition - Supplements"
  },
  {
    "code" : "PiCCO"
  },
  {
    "code" : "Treatments"
  },
  {
    "code" : "PICC Line Insertion"
  },
  {
    "code" : "Pastoral Care Note"
  },
  {
    "code" : "Skin - Incisions"
  },
  {
    "code" : "Scores - APACHE IV"
  },
  {
    "code" : "Labs"
  },
  {
    "code" : "Skin - Assessment"
  },
  {
    "code" : "Blood Products/Colloids"
  },
  {
    "code" : "SBNET"
  },
  {
    "code" : "Arterial Line Insertion"
  },
  {
    "code" : "Care Plans"
  },
  {
    "code" : "5-Imaging"
  },
  {
    "code" : "Ingredients"
  },
  {
    "code" : "General"
  },
  {
    "code" : "OB-GYN"
  },
  {
    "code" : "Nutrition - Parenteral"
  }]
}