{
  "resourceType" : "CodeSystem",
  "id" : "mimic-lab-fluid",
  "language" : "en",
  "text" : {
    "status" : "generated",
    "div" : "<div xmlns=\"http://www.w3.org/1999/xhtml\" xml:lang=\"en\" lang=\"en\"><p>This  code system <code>http://mimic.mit.edu/fhir/mimic/CodeSystem/mimic-lab-fluid</code> defines the following codes:</p><table class=\"codes\"><tr><td style=\"white-space:nowrap\"><b>Code</b></td></tr><tr><td style=\"white-space:nowrap\">I<a name=\"mimic-lab-fluid-I\"> </a></td></tr><tr><td style=\"white-space:nowrap\">Joint Fluid<a name=\"mimic-lab-fluid-JointFluid\"> </a></td></tr><tr><td style=\"white-space:nowrap\">Pleural<a name=\"mimic-lab-fluid-Pleural\"> </a></td></tr><tr><td style=\"white-space:nowrap\">Bone Marrow<a name=\"mimic-lab-fluid-BoneMarrow\"> </a></td></tr><tr><td style=\"white-space:nowrap\">Ascites<a name=\"mimic-lab-fluid-Ascites\"> </a></td></tr><tr><td style=\"white-space:nowrap\">Fluid<a name=\"mimic-lab-fluid-Fluid\"> </a></td></tr><tr><td style=\"white-space:nowrap\">Stool<a name=\"mimic-lab-fluid-Stool\"> </a></td></tr><tr><td style=\"white-space:nowrap\">Other Body Fluid<a name=\"mimic-lab-fluid-OtherBodyFluid\"> </a></td></tr><tr><td style=\"white-space:nowrap\">Q<a name=\"mimic-lab-fluid-Q\"> </a></td></tr><tr><td style=\"white-space:nowrap\">Cerebrospinal Fluid<a name=\"mimic-lab-fluid-CerebrospinalFluid\"> </a></td></tr><tr><td style=\"white-space:nowrap\">Blood<a name=\"mimic-lab-fluid-Blood\"> </a></td></tr><tr><td style=\"white-space:nowrap\">Urine<a name=\"mimic-lab-fluid-Urine\"> </a></td></tr></table></div>"
  },
  "url" : "http://mimic.mit.edu/fhir/mimic/CodeSystem/mimic-lab-fluid",
  "version" : "1.3.0",
  "name" : "MimicLabFluid",
  "title" : "MimicLabFluid",
  "status" : "draft",
  "date" : "2022-09-21T13:59:43-04:00",
  "publisher" : "KinD Lab",
  "contact" : [{
    "name" : "KinD Lab",
    "telecom" : [{
      "system" : "url",
      "value" : "http://fhir.kindlab.sickkids.ca"
    }]
  }],
  "description" : "The lab fluid that is captured for the specimen",
  "valueSet" : "http://mimic.mit.edu/fhir/mimic/ValueSet/mimic-lab-fluid",
  "content" : "complete",
  "concept" : [{
    "code" : "I"
  },
  {
    "code" : "Joint Fluid"
  },
  {
    "code" : "Pleural"
  },
  {
    "code" : "Bone Marrow"
  },
  {
    "code" : "Ascites"
  },
  {
    "code" : "Fluid"
  },
  {
    "code" : "Stool"
  },
  {
    "code" : "Other Body Fluid"
  },
  {
    "code" : "Q"
  },
  {
    "code" : "Cerebrospinal Fluid"
  },
  {
    "code" : "Blood"
  },
  {
    "code" : "Urine"
  }]
}