{
  "resourceType" : "Location",
  "id" : "ExampleLocation",
  "meta" : {
    "profile" : ["http://mimic.mit.edu/fhir/mimic/StructureDefinition/mimic-location"]
  },
  "text" : {
    "status" : "generated",
    "div" : "<div xmlns=\"http://www.w3.org/1999/xhtml\"><p><b>Generated Narrative: Location</b><a name=\"ExampleLocation\"> </a></p><div style=\"display: inline-block; background-color: #d9e0e7; padding: 6px; margin: 4px; border: 1px solid #8da1b4; border-radius: 5px; line-height: 60%\"><p style=\"margin-bottom: 0px\">Resource Location &quot;ExampleLocation&quot; </p><p style=\"margin-bottom: 0px\">Profile: <a href=\"StructureDefinition-mimic-location.html\">MIMIC Location</a></p></div><p><b>status</b>: active</p><p><b>name</b>: Trauma SICU (TSICU)</p><p><b>physicalType</b>: Ward <span style=\"background: LightGoldenRodYellow; margin: 4px; border: 1px solid khaki\"> (<a href=\"http://terminology.hl7.org/5.3.0/CodeSystem-location-physical-type.html\">Location type</a>#wa)</span></p><p><b>managingOrganization</b>: <a href=\"Organization-ExampleMimicOrganization.html\">Organization/ExampleMimicOrganization</a> &quot;Beth Israel Deaconess Medical Center&quot;</p></div>"
  },
  "status" : "active",
  "name" : "Trauma SICU (TSICU)",
  "physicalType" : {
    "coding" : [{
      "system" : "http://terminology.hl7.org/CodeSystem/location-physical-type",
      "code" : "wa",
      "display" : "Ward"
    }]
  },
  "managingOrganization" : {
    "reference" : "Organization/ExampleMimicOrganization"
  }
}