{
  "resourceType" : "Medication",
  "id" : "ExampleMimicMedication",
  "meta" : {
    "profile" : ["http://mimic.mit.edu/fhir/mimic/StructureDefinition/mimic-medication"]
  },
  "text" : {
    "status" : "generated",
    "div" : "<div xmlns=\"http://www.w3.org/1999/xhtml\"><p><b>Generated Narrative: Medication</b><a name=\"ExampleMimicMedication\"> </a></p><div style=\"display: inline-block; background-color: #d9e0e7; padding: 6px; margin: 4px; border: 1px solid #8da1b4; border-radius: 5px; line-height: 60%\"><p style=\"margin-bottom: 0px\">Resource Medication &quot;ExampleMimicMedication&quot; </p><p style=\"margin-bottom: 0px\">Profile: <a href=\"StructureDefinition-mimic-medication.html\">MIMIC Medication</a></p></div><p><b>identifier</b>: <code>http://mimic.mit.edu/fhir/mimic/CodeSystem/mimic-medication-name</code>/trifluoperazine</p><p><b>code</b>: trifluoperazine <span style=\"background: LightGoldenRodYellow; margin: 4px; border: 1px solid khaki\"> (<a href=\"CodeSystem-mimic-medication-name.html\">MimicMedicationName</a>#trifluoperazine)</span></p></div>"
  },
  "identifier" : [{
    "system" : "http://mimic.mit.edu/fhir/mimic/CodeSystem/mimic-medication-name",
    "value" : "trifluoperazine"
  }],
  "code" : {
    "coding" : [{
      "system" : "http://mimic.mit.edu/fhir/mimic/CodeSystem/mimic-medication-name",
      "code" : "trifluoperazine"
    }]
  }
}