{
  "resourceType" : "Observation",
  "id" : "ExampleMimicObservationMicroOrg",
  "meta" : {
    "profile" : ["http://mimic.mit.edu/fhir/mimic/StructureDefinition/mimic-observation-micro-org"]
  },
  "text" : {
    "status" : "generated",
    "div" : "<div xmlns=\"http://www.w3.org/1999/xhtml\"><p><b>Generated Narrative: Observation</b><a name=\"ExampleMimicObservationMicroOrg\"> </a></p><div style=\"display: inline-block; background-color: #d9e0e7; padding: 6px; margin: 4px; border: 1px solid #8da1b4; border-radius: 5px; line-height: 60%\"><p style=\"margin-bottom: 0px\">Resource Observation &quot;ExampleMimicObservationMicroOrg&quot; </p><p style=\"margin-bottom: 0px\">Profile: <a href=\"StructureDefinition-mimic-observation-micro-org.html\">MIMIC Observation Micro Org</a></p></div><p><b>status</b>: final</p><p><b>category</b>: Laboratory <span style=\"background: LightGoldenRodYellow; margin: 4px; border: 1px solid khaki\"> (<a href=\"http://terminology.hl7.org/5.3.0/CodeSystem-observation-category.html\">Observation Category Codes</a>#laboratory)</span></p><p><b>code</b>: STAPH AUREUS COAG + <span style=\"background: LightGoldenRodYellow; margin: 4px; border: 1px solid khaki\"> (<a href=\"CodeSystem-mimic-microbiology-organism.html\">MimicMicrobiologyOrganism</a>#80023)</span></p><p><b>subject</b>: <a href=\"Patient-ExampleMimicPatient.html\">Patient/ExampleMimicPatient</a> &quot; PATIENT_10000032&quot;</p><p><b>effective</b>: 2174-12-04 13:34:00-0500</p><p><b>value</b>: Example</p><p><b>hasMember</b>: <a href=\"Observation-ExampleMimicObservationMicroSusc.html\">Observation/ExampleMimicObservationMicroSusc</a></p><p><b>derivedFrom</b>: <a href=\"Observation-ExampleMimicObservationMicroTest.html\">Observation/ExampleMimicObservationMicroTest</a></p></div>"
  },
  "status" : "final",
  "category" : [{
    "coding" : [{
      "system" : "http://terminology.hl7.org/CodeSystem/observation-category",
      "code" : "laboratory",
      "display" : "Laboratory"
    }]
  }],
  "code" : {
    "coding" : [{
      "system" : "http://mimic.mit.edu/fhir/mimic/CodeSystem/mimic-microbiology-organism",
      "code" : "80023",
      "display" : "STAPH AUREUS COAG +"
    }]
  },
  "subject" : {
    "reference" : "Patient/ExampleMimicPatient"
  },
  "effectiveDateTime" : "2174-12-04T13:34:00-05:00",
  "valueString" : "Example",
  "hasMember" : [{
    "reference" : "Observation/ExampleMimicObservationMicroSusc"
  }],
  "derivedFrom" : [{
    "reference" : "Observation/ExampleMimicObservationMicroTest"
  }]
}