{
  "resourceType" : "Patient",
  "id" : "ExampleMimicPatient",
  "meta" : {
    "profile" : ["http://mimic.mit.edu/fhir/mimic/StructureDefinition/mimic-patient"]
  },
  "text" : {
    "status" : "generated",
    "div" : "<div xmlns=\"http://www.w3.org/1999/xhtml\"><p style=\"border: 1px #661aff solid; background-color: #e6e6ff; padding: 10px;\"><b>Patient_10000032 (OFFICIAL)</b> female, DoB: 2128-05-06 ( 10000032)</p><hr/><table class=\"grid\"><tr><td style=\"background-color: #f3f5da\" title=\"Known status of Patient\">Deceased:</td><td>2180-09-09</td><td style=\"background-color: #f3f5da\" title=\"Known Marital status of Patient\">Marital Status:</td><td colspan=\"3\"><span title=\"Codes: {http://terminology.hl7.org/CodeSystem/v3-MaritalStatus W}\">Widowed</span></td></tr><tr><td style=\"background-color: #f3f5da\" title=\"Languages spoken\">Language:</td><td colspan=\"3\"><span title=\"Codes: {urn:ietf:bcp:47 en}\">English</span></td></tr><tr><td style=\"background-color: #f3f5da\" title=\"Patient Links\">Links:</td><td colspan=\"3\"><ul><li>Managing Organization: <a href=\"Organization-ExampleMimicOrganization.html\">Organization/ExampleMimicOrganization</a> &quot;Beth Israel Deaconess Medical Center&quot;</li></ul></td></tr><tr><td style=\"background-color: #f3f5da\" title=\"Concepts classifying the person into a named category of humans sharing common history, traits, geographical origin or nationality.  The ethnicity codes used to represent these concepts are based upon the [CDC ethnicity and Ethnicity Code Set Version 1.0](http://www.cdc.gov/phin/resources/vocabulary/index.html) which includes over 900 concepts for representing race and ethnicity of which 43 reference ethnicity.  The ethnicity concepts are grouped by and pre-mapped to the 2 OMB ethnicity categories: - Hispanic or Latino - Not Hispanic or Latino.\">US Core Ethnicity Extension:</td><td colspan=\"3\"><ul><li>ombCategory: <a href=\"http://hl7.org/fhir/us/core/STU4/CodeSystem-cdcrec.html#cdcrec-2186-5\">Race &amp; Ethnicity - CDC</a> 2186-5: Not Hispanic or Latino</li><li>text: Not Hispanic or Latino</li></ul></td></tr><tr><td style=\"background-color: #f3f5da\" title=\"A code classifying the person's sex assigned at birth  as specified by the [Office of the National Coordinator for Health IT (ONC)](https://www.healthit.gov/newsroom/about-onc). This extension aligns with the C-CDA Birth Sex Observation (LOINC 76689-9).\"><a href=\"http://hl7.org/fhir/us/core/STU4/StructureDefinition-us-core-birthsex.html\">US Core Birth Sex Extension:</a></td><td colspan=\"3\"><ul><li>F</li></ul></td></tr><tr><td style=\"background-color: #f3f5da\" title=\"Concepts classifying the person into a named category of humans sharing common history, traits, geographical origin or nationality.  The race codes used to represent these concepts are based upon the [CDC Race and Ethnicity Code Set Version 1.0](http://www.cdc.gov/phin/resources/vocabulary/index.html) which includes over 900 concepts for representing race and ethnicity of which 921 reference race.  The race concepts are grouped by and pre-mapped to the 5 OMB race categories:\n\n - American Indian or Alaska Native\n - Asian\n - Black or African American\n - Native Hawaiian or Other Pacific Islander\n - White.\">US Core Race Extension:</td><td colspan=\"3\"><ul><li>ombCategory: <a href=\"http://hl7.org/fhir/us/core/STU4/CodeSystem-cdcrec.html#cdcrec-2106-3\">Race &amp; Ethnicity - CDC</a> 2106-3: White</li><li>text: White</li></ul></td></tr></table></div>"
  },
  "extension" : [{
    "extension" : [{
      "url" : "ombCategory",
      "valueCoding" : {
        "system" : "urn:oid:2.16.840.1.113883.6.238",
        "code" : "2106-3",
        "display" : "White"
      }
    },
    {
      "url" : "text",
      "valueString" : "White"
    }],
    "url" : "http://hl7.org/fhir/us/core/StructureDefinition/us-core-race"
  },
  {
    "extension" : [{
      "url" : "ombCategory",
      "valueCoding" : {
        "system" : "urn:oid:2.16.840.1.113883.6.238",
        "code" : "2186-5",
        "display" : "Not Hispanic or Latino"
      }
    },
    {
      "url" : "text",
      "valueString" : "Not Hispanic or Latino"
    }],
    "url" : "http://hl7.org/fhir/us/core/StructureDefinition/us-core-ethnicity"
  },
  {
    "url" : "http://hl7.org/fhir/us/core/StructureDefinition/us-core-birthsex",
    "valueCode" : "F"
  }],
  "identifier" : [{
    "value" : "10000032"
  }],
  "name" : [{
    "use" : "official",
    "family" : "Patient_10000032"
  }],
  "gender" : "female",
  "birthDate" : "2128-05-06",
  "deceasedDateTime" : "2180-09-09",
  "maritalStatus" : {
    "coding" : [{
      "system" : "http://terminology.hl7.org/CodeSystem/v3-MaritalStatus",
      "code" : "W"
    }]
  },
  "communication" : [{
    "language" : {
      "coding" : [{
        "system" : "urn:ietf:bcp:47",
        "code" : "en"
      }]
    }
  }],
  "managingOrganization" : {
    "reference" : "Organization/ExampleMimicOrganization"
  }
}