{"resourceType":"CodeSystem","id":"dsm5-phobia","text":{"status":"generated","div":"<div xmlns=\"http://www.w3.org/1999/xhtml\"><p>This code system <code>https://voicecollab.ai/fhir/CodeSystem/dsm5-phobia</code> defines the following codes:</p><table class=\"codes\"><tr><td style=\"white-space:nowrap\"><b>Code</b></td><td><b>Display</b></td></tr><tr><td style=\"white-space:nowrap\">1<a name=\"dsm5-phobia-1\"> </a></td><td>Never</td></tr><tr><td style=\"white-space:nowrap\">2<a name=\"dsm5-phobia-2\"> </a></td><td>Occasionally</td></tr><tr><td style=\"white-space:nowrap\">3<a name=\"dsm5-phobia-3\"> </a></td><td>Half of the time</td></tr><tr><td style=\"white-space:nowrap\">4<a name=\"dsm5-phobia-4\"> </a></td><td>Most of the time</td></tr><tr><td style=\"white-space:nowrap\">5<a name=\"dsm5-phobia-5\"> </a></td><td>All of the time</td></tr></table></div>"},"url":"https://voicecollab.ai/fhir/CodeSystem/dsm5-phobia","version":"0.1.0","name":"DSM5Phobia","title":"dsm5 q5","status":"active","date":"2023-06-21","publisher":"KinD Lab","contact":[{"name":"KinD Lab","telecom":[{"system":"url","value":"http://fhir.kindlab.sickkids.ca"}]}],"description":"The codes required for dsm5 phobia questionnaire","caseSensitive":true,"content":"complete","count":5,"concept":[{"code":"1","display":"Never"},{"code":"2","display":"Occasionally"},{"code":"3","display":"Half of the time"},{"code":"4","display":"Most of the time"},{"code":"5","display":"All of the time"}]}