{"resourceType":"CodeSystem","id":"whodas","text":{"status":"generated","div":"<div xmlns=\"http://www.w3.org/1999/xhtml\"><p>This code system <code>https://voicecollab.ai/fhir/CodeSystem/whodas</code> defines the following codes:</p><table class=\"codes\"><tr><td style=\"white-space:nowrap\"><b>Code</b></td><td><b>Display</b></td></tr><tr><td style=\"white-space:nowrap\">N<a name=\"whodas-N\"> </a></td><td>None</td></tr><tr><td style=\"white-space:nowrap\">MI<a name=\"whodas-MI\"> </a></td><td>Mild</td></tr><tr><td style=\"white-space:nowrap\">MO<a name=\"whodas-MO\"> </a></td><td>Moderate</td></tr><tr><td style=\"white-space:nowrap\">S<a name=\"whodas-S\"> </a></td><td>Severe</td></tr><tr><td style=\"white-space:nowrap\">EC<a name=\"whodas-EC\"> </a></td><td>Exstreme or cannot do</td></tr></table></div>"},"url":"https://voicecollab.ai/fhir/CodeSystem/whodas","version":"0.1.0","name":"WHODAS","title":"Questionnaire WHODAS codes","status":"active","date":"2023-05-15","publisher":"KinD Lab","contact":[{"name":"KinD Lab","telecom":[{"system":"url","value":"http://fhir.kindlab.sickkids.ca"}]}],"description":"The codes required for WHODAS Questionnaires ","caseSensitive":true,"content":"complete","count":5,"concept":[{"code":"N","display":"None"},{"code":"MI","display":"Mild"},{"code":"MO","display":"Moderate"},{"code":"S","display":"Severe"},{"code":"EC","display":"Exstreme or cannot do"}]}