{"resourceType":"CodeSystem","id":"ptsd","text":{"status":"generated","div":"<div xmlns=\"http://www.w3.org/1999/xhtml\"><p>This code system <code>https://voicecollab.ai/fhir/CodeSystem/ptsd</code> defines the following codes:</p><table class=\"codes\"><tr><td style=\"white-space:nowrap\"><b>Code</b></td><td><b>Display</b></td></tr><tr><td style=\"white-space:nowrap\">0<a name=\"ptsd-0\"> </a></td><td>Not at all</td></tr><tr><td style=\"white-space:nowrap\">1<a name=\"ptsd-1\"> </a></td><td>A little bit</td></tr><tr><td style=\"white-space:nowrap\">2<a name=\"ptsd-2\"> </a></td><td>Moderately</td></tr><tr><td style=\"white-space:nowrap\">3<a name=\"ptsd-3\"> </a></td><td>Quite a bit</td></tr><tr><td style=\"white-space:nowrap\">4<a name=\"ptsd-4\"> </a></td><td>Extremely</td></tr></table></div>"},"url":"https://voicecollab.ai/fhir/CodeSystem/ptsd","version":"0.1.0","name":"PTSD","title":"ptsd","status":"active","date":"2023-06-19","publisher":"KinD Lab","contact":[{"name":"KinD Lab","telecom":[{"system":"url","value":"http://fhir.kindlab.sickkids.ca"}]}],"description":"The codes required for ptsd questionnaire","caseSensitive":true,"content":"complete","count":5,"concept":[{"code":"0","display":"Not at all"},{"code":"1","display":"A little bit"},{"code":"2","display":"Moderately"},{"code":"3","display":"Quite a bit"},{"code":"4","display":"Extremely"}]}