{
  "resourceType" : "PlanDefinition",
  "id" : "VbaiPlanDefinitionPedsExample",
  "meta" : {
    "profile" : ["https://voicecollab.ai/fhir/StructureDefinition/vbai-plan-definition"]
  },
  "text" : {
    "status" : "generated",
    "div" : "<div xmlns=\"http://www.w3.org/1999/xhtml\"><p><b>Generated Narrative: PlanDefinition</b><a name=\"VbaiPlanDefinitionPedsExample\"> </a></p><div style=\"display: inline-block; background-color: #d9e0e7; padding: 6px; margin: 4px; border: 1px solid #8da1b4; border-radius: 5px; line-height: 60%\"><p style=\"margin-bottom: 0px\">Resource PlanDefinition &quot;VbaiPlanDefinitionPedsExample&quot; </p><p style=\"margin-bottom: 0px\">Profile: <a href=\"StructureDefinition-vbai-plan-definition.html\">Vbai Plan Definition</a></p></div><p><b>url</b>: <code>https://voicecollab.ai/fhir/PlanDefinition/VbaiPlanDefinitionPedsExample</code></p><p><b>version</b>: 0.1.0</p><p><b>title</b>: Pediatrics Cohort Protocol</p><p><b>status</b>: active</p><p><b>date</b>: 2023-04-28</p><p><b>publisher</b>: KinD Lab</p><p><b>contact</b>: KinD Lab: <a href=\"http://fhir.kindlab.sickkids.ca\">http://fhir.kindlab.sickkids.ca</a></p><p><b>description</b>: This is a plandefinition for Pediatrics cohort protocol</p><blockquote><p><b>action</b></p><p><b>prefix</b>: 1.1 - 1.8</p><p><b>title</b>: Required task across all chorts</p><p><b>description</b>: List of tasks and actions done across all 5 cohorts</p><p><b>priority</b>: routine</p><p><b>definition</b>: <a href=\"PlanDefinition-VbaiPlanDefinitionExample.html\">Cohort Protocol</a></p></blockquote><blockquote><p><b>action</b></p><p><b>prefix</b>: B</p><p><b>title</b>: Part B Peds</p><p><b>description</b>: Tasks specific to Peds cohort\u00a0​</p><p><b>priority</b>: routine</p><h3>Actions</h3><table class=\"grid\"><tr><td>-</td><td><b>Prefix</b></td><td><b>Title</b></td><td><b>Description</b></td></tr><tr><td>*</td><td>B.1 Task 1</td><td>Produce sustained /a/ sound\u00a0</td><td>    \n    a) App demonstration first\u00a0\n\n    b) At a comfortable pitch and volume using a normal speaking voice\u00a0\n\n    C) Duration: 4 seconds\u00a0</td></tr><tr><td>*</td><td>B.1 Task 2</td><td>Diadochokinetic task with “patty-cake”</td><td>Record the time that it takes to repeat the syllables\u00a0\n    'pat' 10 times\u00a0\n\n    'tee' 10 times\u00a0\n\n    'cake' 10 times\u00a0\n\n    Repeat whole word as fast as possible for 30 seconds\u00a0</td></tr><tr><td>*</td><td>B.1 Task 3</td><td>Recite the alphabet (ABC’s)</td><td>Duration: until complete, or for 60 seconds</td></tr><tr><td>*</td><td>B.1 Task 4</td><td>Count as high as you can</td><td>Duration: 60 seconds\u00a0</td></tr><tr><td>*</td><td>B.1 Task 5</td><td>Name daily life pictures</td><td>App prompts child to name 36 randomly-selected pictures\n\n    Duration of task: 60 seconds\n\n    Modification if unable to see: repeat after adult</td></tr><tr><td>*</td><td>B.1 Task 6</td><td>Read or repeat CAPE-V sentences:</td><td>Please read the following sentences one at a time, as if you were speaking to somebody in a real conversation.” If the individual has difficulty reading, the clinician may ask him or her to repeat sentences after verbal examples. App to show sentences appearing one at a time.\u00a0\n\n    “The blue spot is on the key again”\n\n    “How hard did he hit him?”\u00a0\n\n    “We were away a year ago”\n\n    “We eat eggs every Easter”\n\n    “My mama makes lemon jam”\n\n    “Peter will keep at the peak”</td></tr><tr><td>*</td><td>B.1 Task 7</td><td>Read or repeat the Caterpillar Passage – in app, passage will appear one sentence at a time </td><td>Do you like amusement parks? Well, I sure do. To amuse myself, I went twice last spring. My most MEMORABLE moment was riding on the Caterpillar, which is a gigantic roller coaster high above the ground. When I saw how high the Caterpillar rose into the bright blue sky I knew it was for me. After waiting in line for thirty minutes, I made it to the front where the man measured my height to see if I was tall enough. I gave the man my coins, asked for change, and jumped on the cart. Tick, tick, tick, the Caterpillar climbed slowly up the tracks. It went SO high I could see the parking lot. Boy was I SCARED! I thought to myself, “There’s no turning back now.” People were so scared they screamed as we swiftly zoomed fast, fast, and faster along the tracks. As quickly as it started, the Caterpillar came to a stop. Unfortunately, it was time to pack the car and drive home. That night I dreamt of the wild ride on the Caterpillar. Taking a trip to the amusement park and riding on the Caterpillar was my MOST memorable moment ever!”\u00a0\n    Modification: recite passage sentence by sentence after adult</td></tr><tr><td>*</td><td>B.1 Task 8</td><td>Cued conversation:</td><td> If child responds, record for 60 seconds and then end protocol\u00a0\u00a0\n    If preferred toy present:\u00a0\u00a0\n\n    “what is that?”\u00a0\n\n    “what can it do?”\u00a0\n\n    “does it make any sounds?”\u00a0\n\n    “why do you like it?”\u00a0\n\nIf preferred toy not present:\u00a0\u00a0\n\n    “What is your favorite animal?”\u00a0\n\n    “what does it sound like?”\u00a0\n\n    “what can it do?”\u00a0\u00a0\n\n    “why do you like it?”\u00a0\n\nIf child does not respond, proceed to #9\u00a0</td></tr><tr><td>*</td><td>B.1 Task 9</td><td>Spontaneous vocalizations/cry sounds\u00a0</td><td>If preferred toy present:\u00a0\u00a0\n\n    “I like your toy! Does your toy have a name?”\u00a0\n\n    “what does your toy say?”\u00a0\n\n    “what does your toy do?” (parent encourages child to play with toy)\u00a0\n\n    If preferred toy not present, bring out animal toys (barn setup):\u00a0\u00a0\n\n    Parent and child sit down together\u00a0\n\n    Child picks up animal toys\u00a0\n\n    Parent makes animal sounds with each toy the child picks up\u00a0\n\nParent may also want to move animals around the barn scene if child not engaging with the toys and make noises with each animal they hold\u00a0\n\n    Hopefully, this inspires child to vocalize, too\u00a0\n\nRecord for 60 seconds and then end protocol\u00a0</td></tr></table></blockquote></div>"
  },
  "url" : "https://voicecollab.ai/fhir/PlanDefinition/VbaiPlanDefinitionPedsExample",
  "version" : "0.1.0",
  "title" : "Pediatrics Cohort Protocol",
  "status" : "active",
  "date" : "2023-04-28",
  "publisher" : "KinD Lab",
  "contact" : [{
    "name" : "KinD Lab",
    "telecom" : [{
      "system" : "url",
      "value" : "http://fhir.kindlab.sickkids.ca"
    }]
  }],
  "description" : "This is a plandefinition for Pediatrics cohort protocol",
  "action" : [{
    "prefix" : "1.1 - 1.8",
    "title" : "Required task across all chorts",
    "description" : "List of tasks and actions done across all 5 cohorts",
    "priority" : "routine",
    "definitionUri" : "https://voicecollab.ai/fhir/PlanDefinition/VbaiPlanDefinitionExample"
  },
  {
    "prefix" : "B",
    "title" : "Part B Peds",
    "description" : "Tasks specific to Peds cohort\u00a0​",
    "priority" : "routine",
    "action" : [{
      "prefix" : "B.1 Task 1",
      "title" : "Produce sustained /a/ sound\u00a0",
      "description" : "    \n    a) App demonstration first\u00a0\n\n    b) At a comfortable pitch and volume using a normal speaking voice\u00a0\n\n    C) Duration: 4 seconds\u00a0"
    },
    {
      "prefix" : "B.1 Task 2",
      "title" : "Diadochokinetic task with “patty-cake”",
      "description" : "Record the time that it takes to repeat the syllables\u00a0\n    'pat' 10 times\u00a0\n\n    'tee' 10 times\u00a0\n\n    'cake' 10 times\u00a0\n\n    Repeat whole word as fast as possible for 30 seconds\u00a0"
    },
    {
      "prefix" : "B.1 Task 3",
      "title" : "Recite the alphabet (ABC’s)",
      "description" : "Duration: until complete, or for 60 seconds"
    },
    {
      "prefix" : "B.1 Task 4",
      "title" : "Count as high as you can",
      "description" : "Duration: 60 seconds\u00a0"
    },
    {
      "prefix" : "B.1 Task 5",
      "title" : "Name daily life pictures",
      "description" : "App prompts child to name 36 randomly-selected pictures\n\n    Duration of task: 60 seconds\n\n    Modification if unable to see: repeat after adult"
    },
    {
      "prefix" : "B.1 Task 6",
      "title" : "Read or repeat CAPE-V sentences:",
      "description" : "Please read the following sentences one at a time, as if you were speaking to somebody in a real conversation.” If the individual has difficulty reading, the clinician may ask him or her to repeat sentences after verbal examples. App to show sentences appearing one at a time.\u00a0\n\n    “The blue spot is on the key again”\n\n    “How hard did he hit him?”\u00a0\n\n    “We were away a year ago”\n\n    “We eat eggs every Easter”\n\n    “My mama makes lemon jam”\n\n    “Peter will keep at the peak”"
    },
    {
      "prefix" : "B.1 Task 7",
      "title" : "Read or repeat the Caterpillar Passage – in app, passage will appear one sentence at a time ",
      "description" : "Do you like amusement parks? Well, I sure do. To amuse myself, I went twice last spring. My most MEMORABLE moment was riding on the Caterpillar, which is a gigantic roller coaster high above the ground. When I saw how high the Caterpillar rose into the bright blue sky I knew it was for me. After waiting in line for thirty minutes, I made it to the front where the man measured my height to see if I was tall enough. I gave the man my coins, asked for change, and jumped on the cart. Tick, tick, tick, the Caterpillar climbed slowly up the tracks. It went SO high I could see the parking lot. Boy was I SCARED! I thought to myself, “There’s no turning back now.” People were so scared they screamed as we swiftly zoomed fast, fast, and faster along the tracks. As quickly as it started, the Caterpillar came to a stop. Unfortunately, it was time to pack the car and drive home. That night I dreamt of the wild ride on the Caterpillar. Taking a trip to the amusement park and riding on the Caterpillar was my MOST memorable moment ever!”\u00a0\n    Modification: recite passage sentence by sentence after adult"
    },
    {
      "prefix" : "B.1 Task 8",
      "title" : "Cued conversation:",
      "description" : " If child responds, record for 60 seconds and then end protocol\u00a0\u00a0\n    If preferred toy present:\u00a0\u00a0\n\n    “what is that?”\u00a0\n\n    “what can it do?”\u00a0\n\n    “does it make any sounds?”\u00a0\n\n    “why do you like it?”\u00a0\n\nIf preferred toy not present:\u00a0\u00a0\n\n    “What is your favorite animal?”\u00a0\n\n    “what does it sound like?”\u00a0\n\n    “what can it do?”\u00a0\u00a0\n\n    “why do you like it?”\u00a0\n\nIf child does not respond, proceed to #9\u00a0"
    },
    {
      "prefix" : "B.1 Task 9",
      "title" : "Spontaneous vocalizations/cry sounds\u00a0",
      "description" : "If preferred toy present:\u00a0\u00a0\n\n    “I like your toy! Does your toy have a name?”\u00a0\n\n    “what does your toy say?”\u00a0\n\n    “what does your toy do?” (parent encourages child to play with toy)\u00a0\n\n    If preferred toy not present, bring out animal toys (barn setup):\u00a0\u00a0\n\n    Parent and child sit down together\u00a0\n\n    Child picks up animal toys\u00a0\n\n    Parent makes animal sounds with each toy the child picks up\u00a0\n\nParent may also want to move animals around the barn scene if child not engaging with the toys and make noises with each animal they hold\u00a0\n\n    Hopefully, this inspires child to vocalize, too\u00a0\n\nRecord for 60 seconds and then end protocol\u00a0"
    }]
  }]
}