{
  "resourceType" : "ValueSet",
  "id" : "immigration-status",
  "text" : {
    "status" : "generated",
    "div" : "<div xmlns=\"http://www.w3.org/1999/xhtml\"><p>This value set contains 8 concepts</p><table class=\"codes\"><tr><td style=\"white-space:nowrap\"><b>Code</b></td><td><b>System</b></td><td><b>Display</b></td></tr><tr><td style=\"white-space:nowrap\"><a name=\"https---voicecollab.ai-fhir-CodeSystem-immigration-status-C\"> </a>\u00a0\u00a0<a href=\"CodeSystem-immigration-status.html#immigration-status-C\">C</a></td><td>https://voicecollab.ai/fhir/CodeSystem/immigration-status</td><td>Citizen</td></tr><tr><td style=\"white-space:nowrap\"><a name=\"https---voicecollab.ai-fhir-CodeSystem-immigration-status-PR\"> </a>\u00a0\u00a0<a href=\"CodeSystem-immigration-status.html#immigration-status-PR\">PR</a></td><td>https://voicecollab.ai/fhir/CodeSystem/immigration-status</td><td>Permanent Resident</td></tr><tr><td style=\"white-space:nowrap\"><a name=\"https---voicecollab.ai-fhir-CodeSystem-immigration-status-NC\"> </a>\u00a0\u00a0<a href=\"CodeSystem-immigration-status.html#immigration-status-NC\">NC</a></td><td>https://voicecollab.ai/fhir/CodeSystem/immigration-status</td><td>Non-citizen US/CAD national</td></tr><tr><td style=\"white-space:nowrap\"><a name=\"https---voicecollab.ai-fhir-CodeSystem-immigration-status-R\"> </a>\u00a0\u00a0<a href=\"CodeSystem-immigration-status.html#immigration-status-R\">R</a></td><td>https://voicecollab.ai/fhir/CodeSystem/immigration-status</td><td>Refugee</td></tr><tr><td style=\"white-space:nowrap\"><a name=\"https---voicecollab.ai-fhir-CodeSystem-immigration-status-AS\"> </a>\u00a0\u00a0<a href=\"CodeSystem-immigration-status.html#immigration-status-AS\">AS</a></td><td>https://voicecollab.ai/fhir/CodeSystem/immigration-status</td><td>Asylum seeker</td></tr><tr><td style=\"white-space:nowrap\"><a name=\"https---voicecollab.ai-fhir-CodeSystem-immigration-status-NIS\"> </a>\u00a0\u00a0<a href=\"CodeSystem-immigration-status.html#immigration-status-NIS\">NIS</a></td><td>https://voicecollab.ai/fhir/CodeSystem/immigration-status</td><td>Non-immigrant student</td></tr><tr><td style=\"white-space:nowrap\"><a name=\"https---voicecollab.ai-fhir-CodeSystem-immigration-status-NIW\"> </a>\u00a0\u00a0<a href=\"CodeSystem-immigration-status.html#immigration-status-NIW\">NIW</a></td><td>https://voicecollab.ai/fhir/CodeSystem/immigration-status</td><td>Non-immigrant worker</td></tr><tr><td style=\"white-space:nowrap\"><a name=\"https---voicecollab.ai-fhir-CodeSystem-immigration-status-PNTA\"> </a>\u00a0\u00a0<a href=\"CodeSystem-immigration-status.html#immigration-status-PNTA\">PNTA</a></td><td>https://voicecollab.ai/fhir/CodeSystem/immigration-status</td><td>Prefer not to answer</td></tr></table></div>"
  },
  "url" : "https://voicecollab.ai/fhir/ValueSet/immigration-status",
  "version" : "0.1.0",
  "name" : "ImmigrationStatus",
  "title" : "Immigration Status",
  "status" : "draft",
  "experimental" : true,
  "date" : "2023-07-04T05:24:55+00:00",
  "publisher" : "KinD Lab",
  "contact" : [{
    "name" : "KinD Lab",
    "telecom" : [{
      "system" : "url",
      "value" : "http://fhir.kindlab.sickkids.ca"
    }]
  }],
  "description" : "Valueset for capturing Immigration Status",
  "compose" : {
    "include" : [{
      "system" : "https://voicecollab.ai/fhir/CodeSystem/immigration-status",
      "concept" : [{
        "code" : "C",
        "display" : "Citizen"
      },
      {
        "code" : "PR",
        "display" : "Permanent Resident"
      },
      {
        "code" : "NC",
        "display" : "Non-citizen US national"
      },
      {
        "code" : "R",
        "display" : "Refugee"
      },
      {
        "code" : "AS",
        "display" : "Asylum seeker"
      },
      {
        "code" : "NIS",
        "display" : "Non-immigrant student"
      },
      {
        "code" : "NIW",
        "display" : "Non-immigrant worker"
      },
      {
        "code" : "PNTA",
        "display" : "Prefer not to answer"
      }]
    }]
  },
  "expansion" : {
    "timestamp" : "2023-05-11T10:00:00Z",
    "contains" : [{
      "system" : "https://voicecollab.ai/fhir/CodeSystem/immigration-status",
      "code" : "C",
      "display" : "Citizen"
    },
    {
      "system" : "https://voicecollab.ai/fhir/CodeSystem/immigration-status",
      "code" : "PR",
      "display" : "Permanent Resident"
    },
    {
      "system" : "https://voicecollab.ai/fhir/CodeSystem/immigration-status",
      "code" : "NC",
      "display" : "Non-citizen US/CAD national"
    },
    {
      "system" : "https://voicecollab.ai/fhir/CodeSystem/immigration-status",
      "code" : "R",
      "display" : "Refugee"
    },
    {
      "system" : "https://voicecollab.ai/fhir/CodeSystem/immigration-status",
      "code" : "AS",
      "display" : "Asylum seeker"
    },
    {
      "system" : "https://voicecollab.ai/fhir/CodeSystem/immigration-status",
      "code" : "NIS",
      "display" : "Non-immigrant student"
    },
    {
      "system" : "https://voicecollab.ai/fhir/CodeSystem/immigration-status",
      "code" : "NIW",
      "display" : "Non-immigrant worker"
    },
    {
      "system" : "https://voicecollab.ai/fhir/CodeSystem/immigration-status",
      "code" : "PNTA",
      "display" : "Prefer not to answer"
    }]
  }
}