{
  "resourceType" : "ValueSet",
  "id" : "consent-status",
  "text" : {
    "status" : "generated",
    "div" : "<div xmlns=\"http://www.w3.org/1999/xhtml\"><ul><li>Include all codes defined in <a href=\"CodeSystem-consent-status.html\"><code>https://voicecollab.ai/fhir/CodeSystem/consent-status</code></a></li></ul></div>"
  },
  "url" : "https://voicecollab.ai/fhir/ValueSet/consent-status",
  "version" : "0.1.0",
  "name" : "ConsentStatus",
  "title" : "Consent status ValueSet",
  "status" : "active",
  "date" : "2023-06-06",
  "publisher" : "KinD Lab",
  "contact" : [{
    "name" : "KinD Lab",
    "telecom" : [{
      "system" : "url",
      "value" : "http://fhir.kindlab.sickkids.ca"
    }]
  }],
  "description" : "The Codes used by general information questionnaire",
  "compose" : {
    "include" : [{
      "system" : "https://voicecollab.ai/fhir/CodeSystem/consent-status"
    }]
  }
}