<?xml version="1.0" encoding="UTF-8"?><CodeSystem xmlns="http://hl7.org/fhir"><id value="comments"/><text><status value="generated"/><div xmlns="http://www.w3.org/1999/xhtml"><p>This code system <code>https://voicecollab.ai/fhir/CodeSystem/comments</code> defines the following codes:</p><table class="codes"><tr><td style="white-space:nowrap"><b>Code</b></td><td><b>Display</b></td></tr><tr><td style="white-space:nowrap">1<a name="comments-1"> </a></td><td>Normal</td></tr><tr><td style="white-space:nowrap">2<a name="comments-2"> </a></td><td>Other (Provide Description)</td></tr></table></div></text><url value="https://voicecollab.ai/fhir/CodeSystem/comments"/><version value="1.0.0"/><name value="Comments"/><title value="Comments"/><status value="active"/><date value="2023-06-19"/><publisher value="KinD Lab"/><contact><name value="KinD Lab"/><telecom><system value="url"/><value value="http://fhir.kindlab.sickkids.ca"/></telecom></contact><description value="The codes required for Diagnosis questionnaire"/><caseSensitive value="true"/><content value="complete"/><count value="2"/><concept><code value="1"/><display value="Normal"/></concept><concept><code value="2"/><display value="Other (Provide Description)"/></concept></CodeSystem>