<?xml version="1.0" encoding="UTF-8"?><CodeSystem xmlns="http://hl7.org/fhir"><id value="Who-Completed-Survey"/><text><status value="generated"/><div xmlns="http://www.w3.org/1999/xhtml"><p>This code system <code>https://voicecollab.ai/fhir/CodeSystem/Who-Completed-Survey</code> defines the following codes:</p><table class="codes"><tr><td style="white-space:nowrap"><b>Code</b></td><td><b>Display</b></td><td><b>Definition</b></td></tr><tr><td style="white-space:nowrap">S<a name="Who-Completed-Survey-S"> </a></td><td>Self</td><td>Survey was completed by self</td></tr><tr><td style="white-space:nowrap">A<a name="Who-Completed-Survey-A"> </a></td><td>Assistant</td><td>Survey was completed by an assistant</td></tr><tr><td style="white-space:nowrap">P<a name="Who-Completed-Survey-P"> </a></td><td>Parent/Caregiver</td><td>Survey was completed by a parent/cargiver</td></tr></table></div></text><url value="https://voicecollab.ai/fhir/CodeSystem/Who-Completed-Survey"/><version value="0.1.0"/><name value="WhoCompletedSurvey"/><title value="Questionnaire codes"/><status value="active"/><date value="2023-05-11"/><publisher value="KinD Lab"/><contact><name value="KinD Lab"/><telecom><system value="url"/><value value="http://fhir.kindlab.sickkids.ca"/></telecom></contact><description value="The codes required for Questionnaires survey completion"/><caseSensitive value="true"/><content value="complete"/><count value="3"/><concept><code value="S"/><display value="Self"/><definition value="Survey was completed by self"/></concept><concept><code value="A"/><display value="Assistant"/><definition value="Survey was completed by an assistant"/></concept><concept><code value="P"/><display value="Parent/Caregiver"/><definition value="Survey was completed by a parent/cargiver"/></concept></CodeSystem>