<?xml version="1.0" encoding="UTF-8"?><CodeSystem xmlns="http://hl7.org/fhir"><id value="dsm5-q5"/><text><status value="generated"/><div xmlns="http://www.w3.org/1999/xhtml"><p>This case-sensitive code system <code>https://voicecollab.ai/fhir/CodeSystem/dsm5-q5</code> defines the following codes:</p><table class="codes"><tr><td style="white-space:nowrap"><b>Code</b></td><td><b>Display</b></td></tr><tr><td style="white-space:nowrap">1<a name="dsm5-q5-1"> </a></td><td>I have not been more active (either socially, sexually, at work, home, or school) than usual.</td></tr><tr><td style="white-space:nowrap">2<a name="dsm5-q5-2"> </a></td><td>I have occasionally been more active than usual.</td></tr><tr><td style="white-space:nowrap">3<a name="dsm5-q5-3"> </a></td><td>I have often been more active than usual</td></tr><tr><td style="white-space:nowrap">4<a name="dsm5-q5-4"> </a></td><td>I have frequently been more active than usual.</td></tr><tr><td style="white-space:nowrap">5<a name="dsm5-q5-5"> </a></td><td>I am constantly more active or on the go all the time.</td></tr></table></div></text><url value="https://voicecollab.ai/fhir/CodeSystem/dsm5-q5"/><version value="1.0.0"/><name value="DSM5Q5"/><title value="dsm5 q5"/><status value="active"/><date value="2023-06-21"/><publisher value="KinD Lab"/><contact><name value="KinD Lab"/><telecom><system value="url"/><value value="http://fhir.kindlab.sickkids.ca"/></telecom></contact><description value="The codes required for dsm5 q5 questionnaire"/><caseSensitive value="true"/><content value="complete"/><count value="5"/><concept><code value="1"/><display value="I have not been more active (either socially, sexually, at work, home, or school) than usual."/></concept><concept><code value="2"/><display value="I have occasionally been more active than usual."/></concept><concept><code value="3"/><display value="I have often been more active than usual"/></concept><concept><code value="4"/><display value="I have frequently been more active than usual."/></concept><concept><code value="5"/><display value="I am constantly more active or on the go all the time."/></concept></CodeSystem>