<?xml version="1.0" encoding="UTF-8"?><CodeSystem xmlns="http://hl7.org/fhir"><id value="session"/><text><status value="generated"/><div xmlns="http://www.w3.org/1999/xhtml"><p>This code system <code>https://voicecollab.ai/fhir/CodeSystem/session</code> defines the following codes:</p><table class="codes"><tr><td style="white-space:nowrap"><b>Code</b></td><td><b>Display</b></td></tr><tr><td style="white-space:nowrap">IPR<a name="session-IPR"> </a></td><td>In Progress</td></tr><tr><td style="white-space:nowrap">C<a name="session-C"> </a></td><td>Completed</td></tr></table></div></text><url value="https://voicecollab.ai/fhir/CodeSystem/session"/><version value="1.0.0"/><name value="Session"/><title value="Session info codes"/><status value="active"/><date value="2023-06-15"/><publisher value="KinD Lab"/><contact><name value="KinD Lab"/><telecom><system value="url"/><value value="http://fhir.kindlab.sickkids.ca"/></telecom></contact><description value="The codes required for session"/><caseSensitive value="true"/><content value="complete"/><count value="2"/><concept><code value="IPR"/><display value="In Progress"/></concept><concept><code value="C"/><display value="Completed"/></concept></CodeSystem>