<?xml version="1.0" encoding="UTF-8"?><CodeSystem xmlns="http://hl7.org/fhir"><id value="eligible-studies"/><text><status value="generated"/><div xmlns="http://www.w3.org/1999/xhtml"><p>This case-sensitive code system <code>https://voicecollab.ai/fhir/CodeSystem/eligible-studies</code> defines the following codes:</p><table class="codes"><tr><td style="white-space:nowrap"><b>Code</b></td><td><b>Display</b></td></tr><tr><td style="white-space:nowrap">ES1<a name="eligible-studies-ES1"> </a></td><td>Voice Disorders</td></tr><tr><td style="white-space:nowrap">ES2<a name="eligible-studies-ES2"> </a></td><td>Neurological and Neurodegenerative Disorders</td></tr><tr><td style="white-space:nowrap">ES3<a name="eligible-studies-ES3"> </a></td><td>Mood and Psychiatric Disorders</td></tr><tr><td style="white-space:nowrap">ES4<a name="eligible-studies-ES4"> </a></td><td>Respiratory Disorders</td></tr><tr><td style="white-space:nowrap">ES5<a name="eligible-studies-ES5"> </a></td><td>Pediatric Disorders</td></tr></table></div></text><url value="https://voicecollab.ai/fhir/CodeSystem/eligible-studies"/><version value="1.4.0"/><name value="EligibleStudies"/><title value="Eligibility Criteria for Study Enrollment"/><status value="active"/><date value="2023-06-07"/><publisher value="KinD Lab"/><contact><name value="KinD Lab"/><telecom><system value="url"/><value value="http://fhir.kindlab.sickkids.ca"/></telecom></contact><description value="A comprehensive set of codes representing different study fields for questionnaire enrollment."/><caseSensitive value="true"/><content value="complete"/><count value="5"/><concept><code value="ES1"/><display value="Voice Disorders"/></concept><concept><code value="ES2"/><display value="Neurological and Neurodegenerative Disorders"/></concept><concept><code value="ES3"/><display value="Mood and Psychiatric Disorders"/></concept><concept><code value="ES4"/><display value="Respiratory Disorders"/></concept><concept><code value="ES5"/><display value="Pediatric Disorders"/></concept></CodeSystem>