<?xml version="1.0" encoding="UTF-8"?><CodeSystem xmlns="http://hl7.org/fhir"><id value="Winograd-61"/><text><status value="generated"/><div xmlns="http://www.w3.org/1999/xhtml"><p>This case-sensitive code system <code>https://voicecollab.ai/fhir/CodeSystem/Winograd-61</code> defines the following codes:</p><table class="codes"><tr><td style="white-space:nowrap"><b>Code</b></td><td><b>Display</b></td></tr><tr><td style="white-space:nowrap">1<a name="Winograd-61-1"> </a></td><td> The old house</td></tr><tr><td style="white-space:nowrap">2<a name="Winograd-61-2"> </a></td><td>the new house.</td></tr></table></div></text><url value="https://voicecollab.ai/fhir/CodeSystem/Winograd-61"/><version value="1.0.0"/><name value="Winograd61"/><title value="Questionnaire codes"/><status value="active"/><date value="2023-08-28"/><publisher value="KinD Lab"/><contact><name value="KinD Lab"/><telecom><system value="url"/><value value="http://fhir.kindlab.sickkids.ca"/></telecom></contact><description value="The codes required for Questionnaires survey completion"/><caseSensitive value="true"/><content value="complete"/><count value="2"/><concept><code value="1"/><display value=" The old house"/></concept><concept><code value="2"/><display value="the new house."/></concept></CodeSystem>