<?xml version="1.0" encoding="UTF-8"?><CodeSystem xmlns="http://hl7.org/fhir"><id value="psc-17"/><text><status value="generated"/><div xmlns="http://www.w3.org/1999/xhtml"><p>This case-sensitive code system <code>https://voicecollab.ai/fhir/CodeSystem/psc-17</code> defines the following codes:</p><table class="codes"><tr><td style="white-space:nowrap"><b>Code</b></td><td><b>Display</b></td></tr><tr><td style="white-space:nowrap">0<a name="psc-17-0"> </a></td><td>Never</td></tr><tr><td style="white-space:nowrap">1<a name="psc-17-1"> </a></td><td>Sometimes</td></tr><tr><td style="white-space:nowrap">2<a name="psc-17-2"> </a></td><td>Often</td></tr></table></div></text><url value="https://voicecollab.ai/fhir/CodeSystem/psc-17"/><version value="1.0.0"/><name value="PSC17"/><title value="Pediatric Symptom Checklist (PSC-17)"/><status value="active"/><date value="2023-07-21"/><publisher value="KinD Lab"/><contact><name value="KinD Lab"/><telecom><system value="url"/><value value="http://fhir.kindlab.sickkids.ca"/></telecom></contact><description value="The codes required for Pediatric Symptom Checklist (PSC-17) questionnaire"/><caseSensitive value="true"/><content value="complete"/><count value="3"/><concept><code value="0"/><display value="Never"/></concept><concept><code value="1"/><display value="Sometimes"/></concept><concept><code value="2"/><display value="Often"/></concept></CodeSystem>