<?xml version="1.0" encoding="UTF-8"?><CodeSystem xmlns="http://hl7.org/fhir"><id value="Winograd-111"/><text><status value="generated"/><div xmlns="http://www.w3.org/1999/xhtml"><p>This case-sensitive code system <code>https://voicecollab.ai/fhir/CodeSystem/Winograd-111</code> defines the following codes:</p><table class="codes"><tr><td style="white-space:nowrap"><b>Code</b></td><td><b>Display</b></td></tr><tr><td style="white-space:nowrap">1<a name="Winograd-111-1"> </a></td><td> Emma's mother</td></tr><tr><td style="white-space:nowrap">2<a name="Winograd-111-2"> </a></td><td>Emma.</td></tr></table></div></text><url value="https://voicecollab.ai/fhir/CodeSystem/Winograd-111"/><version value="1.5.1"/><name value="Winograd111"/><title value="Questionnaire codes"/><status value="active"/><date value="2023-08-28"/><publisher value="KinD Lab"/><contact><name value="KinD Lab"/><telecom><system value="url"/><value value="http://fhir.kindlab.sickkids.ca"/></telecom></contact><description value="The codes required for Questionnaires survey completion"/><caseSensitive value="true"/><content value="complete"/><count value="2"/><concept><code value="1"/><display value=" Emma's mother"/></concept><concept><code value="2"/><display value="Emma."/></concept></CodeSystem>