<?xml version="1.0" encoding="UTF-8"?><CodeSystem xmlns="http://hl7.org/fhir"><id value="neurological-history"/><text><status value="generated"/><div xmlns="http://www.w3.org/1999/xhtml"><p>This case-sensitive code system <code>https://voicecollab.ai/fhir/CodeSystem/neurological-history</code> defines the following codes:</p><table class="codes"><tr><td style="white-space:nowrap"><b>Code</b></td><td><b>Display</b></td></tr><tr><td style="white-space:nowrap">D<a name="neurological-history-D"> </a></td><td>Dizziness</td></tr><tr><td style="white-space:nowrap">FH<a name="neurological-history-FH"> </a></td><td>Frequent or severe headache</td></tr><tr><td style="white-space:nowrap">SD<a name="neurological-history-SD"> </a></td><td>Speech Difficulty</td></tr><tr><td style="white-space:nowrap">A<a name="neurological-history-A"> </a></td><td>Alzheimer's Disease</td></tr><tr><td style="white-space:nowrap">BT<a name="neurological-history-BT"> </a></td><td>Brain tumor</td></tr><tr><td style="white-space:nowrap">DM<a name="neurological-history-DM"> </a></td><td>Dementia</td></tr><tr><td style="white-space:nowrap">E<a name="neurological-history-E"> </a></td><td>Epilepsy</td></tr><tr><td style="white-space:nowrap">M<a name="neurological-history-M"> </a></td><td>Migraine</td></tr><tr><td style="white-space:nowrap">MS<a name="neurological-history-MS"> </a></td><td>Multiple sclerosis</td></tr><tr><td style="white-space:nowrap">PD<a name="neurological-history-PD"> </a></td><td>Parkinson's Disease</td></tr><tr><td style="white-space:nowrap">S<a name="neurological-history-S"> </a></td><td>Stroke</td></tr><tr><td style="white-space:nowrap">TBI<a name="neurological-history-TBI"> </a></td><td>Traumatic brain injury</td></tr><tr><td style="white-space:nowrap">PNTA<a name="neurological-history-PNTA"> </a></td><td>Prefer not to disclose</td></tr><tr><td style="white-space:nowrap">O<a name="neurological-history-O"> </a></td><td>Other</td></tr><tr><td style="white-space:nowrap">N<a name="neurological-history-N"> </a></td><td>None</td></tr></table></div></text><url value="https://voicecollab.ai/fhir/CodeSystem/neurological-history"/><version value="1.4.0"/><name value="NeurologicalHistory"/><title value="Neurological History Questionnaire Codes"/><status value="active"/><date value="2023-05-15"/><publisher value="KinD Lab"/><contact><name value="KinD Lab"/><telecom><system value="url"/><value value="http://fhir.kindlab.sickkids.ca"/></telecom></contact><description value="A comprehensive set of codes used for identifying and categorizing neurological conditions in a questionnaire."/><caseSensitive value="true"/><content value="complete"/><count value="15"/><concept><code value="D"/><display value="Dizziness"/></concept><concept><code value="FH"/><display value="Frequent or severe headache"/></concept><concept><code value="SD"/><display value="Speech Difficulty"/></concept><concept><code value="A"/><display value="Alzheimer's Disease"/></concept><concept><code value="BT"/><display value="Brain tumor"/></concept><concept><code value="DM"/><display value="Dementia"/></concept><concept><code value="E"/><display value="Epilepsy"/></concept><concept><code value="M"/><display value="Migraine"/></concept><concept><code value="MS"/><display value="Multiple sclerosis"/></concept><concept><code value="PD"/><display value="Parkinson's Disease"/></concept><concept><code value="S"/><display value="Stroke"/></concept><concept><code value="TBI"/><display value="Traumatic brain injury"/></concept><concept><code value="PNTA"/><display value="Prefer not to disclose"/></concept><concept><code value="O"/><display value="Other"/></concept><concept><code value="N"/><display value="None"/></concept></CodeSystem>