<?xml version="1.0" encoding="UTF-8"?><CodeSystem xmlns="http://hl7.org/fhir"><id value="ptsd"/><text><status value="generated"/><div xmlns="http://www.w3.org/1999/xhtml"><p>This code system <code>https://voicecollab.ai/fhir/CodeSystem/ptsd</code> defines the following codes:</p><table class="codes"><tr><td style="white-space:nowrap"><b>Code</b></td><td><b>Display</b></td></tr><tr><td style="white-space:nowrap">0<a name="ptsd-0"> </a></td><td>Not at all</td></tr><tr><td style="white-space:nowrap">1<a name="ptsd-1"> </a></td><td>A little bit</td></tr><tr><td style="white-space:nowrap">2<a name="ptsd-2"> </a></td><td>Moderately</td></tr><tr><td style="white-space:nowrap">3<a name="ptsd-3"> </a></td><td>Quite a bit</td></tr><tr><td style="white-space:nowrap">4<a name="ptsd-4"> </a></td><td>Extremely</td></tr></table></div></text><url value="https://voicecollab.ai/fhir/CodeSystem/ptsd"/><version value="1.0.0"/><name value="PTSD"/><title value="ptsd"/><status value="active"/><date value="2023-06-19"/><publisher value="KinD Lab"/><contact><name value="KinD Lab"/><telecom><system value="url"/><value value="http://fhir.kindlab.sickkids.ca"/></telecom></contact><description value="The codes required for ptsd questionnaire"/><caseSensitive value="true"/><content value="complete"/><count value="5"/><concept><code value="0"/><display value="Not at all"/></concept><concept><code value="1"/><display value="A little bit"/></concept><concept><code value="2"/><display value="Moderately"/></concept><concept><code value="3"/><display value="Quite a bit"/></concept><concept><code value="4"/><display value="Extremely"/></concept></CodeSystem>