<?xml version="1.0" encoding="UTF-8"?><CodeSystem xmlns="http://hl7.org/fhir"><id value="decline-reason"/><text><status value="generated"/><div xmlns="http://www.w3.org/1999/xhtml"><p>This case-sensitive code system <code>https://voicecollab.ai/fhir/CodeSystem/decline-reason</code> defines the following codes:</p><table class="codes"><tr><td style="white-space:nowrap"><b>Code</b></td><td><b>Display</b></td></tr><tr><td style="white-space:nowrap">R1<a name="decline-reason-R1"> </a></td><td>I am not interested in having my voice recorded</td></tr><tr><td style="white-space:nowrap">R2<a name="decline-reason-R2"> </a></td><td>I do not have enough time today and want to be contacted later</td></tr><tr><td style="white-space:nowrap">R3<a name="decline-reason-R3"> </a></td><td>I do not have enough time and do not want to be contacted later</td></tr><tr><td style="white-space:nowrap">R4<a name="decline-reason-R4"> </a></td><td>I prefer not to share any health information for research</td></tr><tr><td style="white-space:nowrap">R5<a name="decline-reason-R5"> </a></td><td>Other, Please Specify</td></tr></table></div></text><url value="https://voicecollab.ai/fhir/CodeSystem/decline-reason"/><version value="1.4.0"/><name value="DeclineReason"/><title value="Reasons for Declining Participation Codes"/><status value="active"/><date value="2023-06-07"/><publisher value="KinD Lab"/><contact><name value="KinD Lab"/><telecom><system value="url"/><value value="http://fhir.kindlab.sickkids.ca"/></telecom></contact><description value="This code system specifies the various reasons an individual might decline participation in a study, as used in questionnaire enrollment."/><caseSensitive value="true"/><content value="complete"/><count value="5"/><concept><code value="R1"/><display value="I am not interested in having my voice recorded"/></concept><concept><code value="R2"/><display value="I do not have enough time today and want to be contacted later"/></concept><concept><code value="R3"/><display value="I do not have enough time and do not want to be contacted later"/></concept><concept><code value="R4"/><display value="I prefer not to share any health information for research"/></concept><concept><code value="R5"/><display value="Other, Please Specify"/></concept></CodeSystem>