<?xml version="1.0" encoding="UTF-8"?><CodeSystem xmlns="http://hl7.org/fhir"><id value="psychiatric-history"/><text><status value="generated"/><div xmlns="http://www.w3.org/1999/xhtml"><p>This case-sensitive code system <code>https://voicecollab.ai/fhir/CodeSystem/psychiatric-history</code> defines the following codes:</p><table class="codes"><tr><td style="white-space:nowrap"><b>Code</b></td><td><b>Display</b></td></tr><tr><td style="white-space:nowrap">C<a name="psychiatric-history-C"> </a></td><td>Confused</td></tr><tr><td style="white-space:nowrap">NA<a name="psychiatric-history-NA"> </a></td><td>Nervous/Anxious</td></tr><tr><td style="white-space:nowrap">SD<a name="psychiatric-history-SD"> </a></td><td>Sleep Disturbance</td></tr><tr><td style="white-space:nowrap">A<a name="psychiatric-history-A"> </a></td><td>Agoraphobia</td></tr><tr><td style="white-space:nowrap">ADHD<a name="psychiatric-history-ADHD"> </a></td><td>Attention-Deficit / Hyperactivity Disorder (ADHD)</td></tr><tr><td style="white-space:nowrap">ASD<a name="psychiatric-history-ASD"> </a></td><td>Autism Spectrum Disorder (ASD)</td></tr><tr><td style="white-space:nowrap">BI<a name="psychiatric-history-BI"> </a></td><td>Bipolar Disorder</td></tr><tr><td style="white-space:nowrap">BPD<a name="psychiatric-history-BPD"> </a></td><td>Borderline Personality Disorder (BPD)</td></tr><tr><td style="white-space:nowrap">ED<a name="psychiatric-history-ED"> </a></td><td>Eating Disorder (ED)</td></tr><tr><td style="white-space:nowrap">GAD<a name="psychiatric-history-GAD"> </a></td><td>Generalized Anxiety Disorder (GAD)</td></tr><tr><td style="white-space:nowrap">IS<a name="psychiatric-history-IS"> </a></td><td>Insomnia / sleep disorder</td></tr><tr><td style="white-space:nowrap">MDD<a name="psychiatric-history-MDD"> </a></td><td>Major Depressive Disorder</td></tr><tr><td style="white-space:nowrap">OCD<a name="psychiatric-history-OCD"> </a></td><td>Obsessive-Compulsive Disorder (OCD)</td></tr><tr><td style="white-space:nowrap">PD<a name="psychiatric-history-PD"> </a></td><td>Panic Disorder</td></tr><tr><td style="white-space:nowrap">PTSD<a name="psychiatric-history-PTSD"> </a></td><td>Post-Traumatic Stress Disorder (PTSD)</td></tr><tr><td style="white-space:nowrap">SCH<a name="psychiatric-history-SCH"> </a></td><td>Schizophrenia</td></tr><tr><td style="white-space:nowrap">SAD<a name="psychiatric-history-SAD"> </a></td><td>Social Anxiety Disorder</td></tr><tr><td style="white-space:nowrap">SUD<a name="psychiatric-history-SUD"> </a></td><td>Substance Use Disorder</td></tr><tr><td style="white-space:nowrap">PND<a name="psychiatric-history-PND"> </a></td><td>Prefer not to disclose</td></tr><tr><td style="white-space:nowrap">O<a name="psychiatric-history-O"> </a></td><td>Other Please Specify</td></tr><tr><td style="white-space:nowrap">N<a name="psychiatric-history-N"> </a></td><td>None</td></tr></table></div></text><url value="https://voicecollab.ai/fhir/CodeSystem/psychiatric-history"/><version value="1.4.0"/><name value="PsychiatricHistory"/><title value="Psychiatric History Classification Codes"/><status value="active"/><date value="2023-05-15"/><publisher value="KinD Lab"/><contact><name value="KinD Lab"/><telecom><system value="url"/><value value="http://fhir.kindlab.sickkids.ca"/></telecom></contact><description value="A comprehensive set of codes representing various psychiatric conditions, used in psychiatric history questionnaires."/><caseSensitive value="true"/><content value="complete"/><count value="21"/><concept><code value="C"/><display value="Confused"/></concept><concept><code value="NA"/><display value="Nervous/Anxious"/></concept><concept><code value="SD"/><display value="Sleep Disturbance"/></concept><concept><code value="A"/><display value="Agoraphobia"/></concept><concept><code value="ADHD"/><display value="Attention-Deficit / Hyperactivity Disorder (ADHD)"/></concept><concept><code value="ASD"/><display value="Autism Spectrum Disorder (ASD)"/></concept><concept><code value="BI"/><display value="Bipolar Disorder"/></concept><concept><code value="BPD"/><display value="Borderline Personality Disorder (BPD)"/></concept><concept><code value="ED"/><display value="Eating Disorder (ED)"/></concept><concept><code value="GAD"/><display value="Generalized Anxiety Disorder (GAD)"/></concept><concept><code value="IS"/><display value="Insomnia / sleep disorder"/></concept><concept><code value="MDD"/><display value="Major Depressive Disorder"/></concept><concept><code value="OCD"/><display value="Obsessive-Compulsive Disorder (OCD)"/></concept><concept><code value="PD"/><display value="Panic Disorder"/></concept><concept><code value="PTSD"/><display value="Post-Traumatic Stress Disorder (PTSD)"/></concept><concept><code value="SCH"/><display value="Schizophrenia"/></concept><concept><code value="SAD"/><display value="Social Anxiety Disorder"/></concept><concept><code value="SUD"/><display value="Substance Use Disorder"/></concept><concept><code value="PND"/><display value="Prefer not to disclose"/></concept><concept><code value="O"/><display value="Other Please Specify"/></concept><concept><code value="N"/><display value="None"/></concept></CodeSystem>