<?xml version="1.0" encoding="UTF-8"?><CodeSystem xmlns="http://hl7.org/fhir"><id value="immigration-status"/><text><status value="generated"/><div xmlns="http://www.w3.org/1999/xhtml"><p>This code system <code>https://voicecollab.ai/fhir/CodeSystem/immigration-status</code> defines the following codes:</p><table class="codes"><tr><td style="white-space:nowrap"><b>Code</b></td><td><b>Display</b></td></tr><tr><td style="white-space:nowrap">C<a name="immigration-status-C"> </a></td><td>Citizen</td></tr><tr><td style="white-space:nowrap">PR<a name="immigration-status-PR"> </a></td><td>Permanent Resident</td></tr><tr><td style="white-space:nowrap">NC<a name="immigration-status-NC"> </a></td><td>Non-citizen US/CAD national</td></tr><tr><td style="white-space:nowrap">R<a name="immigration-status-R"> </a></td><td>Refugee</td></tr><tr><td style="white-space:nowrap">AS<a name="immigration-status-AS"> </a></td><td>Asylum seeker</td></tr><tr><td style="white-space:nowrap">NIS<a name="immigration-status-NIS"> </a></td><td>Non-immigrant student</td></tr><tr><td style="white-space:nowrap">NIW<a name="immigration-status-NIW"> </a></td><td>Non-immigrant worker</td></tr><tr><td style="white-space:nowrap">PNTA<a name="immigration-status-PNTA"> </a></td><td>Prefer not to answer</td></tr></table></div></text><url value="https://voicecollab.ai/fhir/CodeSystem/immigration-status"/><version value="0.1.0"/><name value="ImmigrationStatus"/><title value="Questionnaire codes for immigration status"/><status value="active"/><date value="2023-05-11"/><publisher value="KinD Lab"/><contact><name value="KinD Lab"/><telecom><system value="url"/><value value="http://fhir.kindlab.sickkids.ca"/></telecom></contact><description value="The codes required for immigration status"/><caseSensitive value="true"/><content value="complete"/><count value="8"/><concept><code value="C"/><display value="Citizen"/></concept><concept><code value="PR"/><display value="Permanent Resident"/></concept><concept><code value="NC"/><display value="Non-citizen US/CAD national"/></concept><concept><code value="R"/><display value="Refugee"/></concept><concept><code value="AS"/><display value="Asylum seeker"/></concept><concept><code value="NIS"/><display value="Non-immigrant student"/></concept><concept><code value="NIW"/><display value="Non-immigrant worker"/></concept><concept><code value="PNTA"/><display value="Prefer not to answer"/></concept></CodeSystem>