<?xml version="1.0" encoding="UTF-8"?><CodeSystem xmlns="http://hl7.org/fhir"><id value="thyroplasty"/><text><status value="generated"/><div xmlns="http://www.w3.org/1999/xhtml"><p>This code system <code>https://voicecollab.ai/fhir/CodeSystem/thyroplasty</code> defines the following codes:</p><table class="codes"><tr><td style="white-space:nowrap"><b>Code</b></td><td><b>Display</b></td></tr><tr><td style="white-space:nowrap">1<a name="thyroplasty-1"> </a></td><td>Goretex</td></tr><tr><td style="white-space:nowrap">2<a name="thyroplasty-2"> </a></td><td>Silastic</td></tr></table></div></text><url value="https://voicecollab.ai/fhir/CodeSystem/thyroplasty"/><version value="1.0.0"/><name value="Thyroplasty"/><title value="Thyroplasty "/><status value="active"/><date value="2023-06-19"/><publisher value="KinD Lab"/><contact><name value="KinD Lab"/><telecom><system value="url"/><value value="http://fhir.kindlab.sickkids.ca"/></telecom></contact><description value="The codes required for Diagnosis questionnaire"/><caseSensitive value="true"/><content value="complete"/><count value="2"/><concept><code value="1"/><display value="Goretex"/></concept><concept><code value="2"/><display value="Silastic"/></concept></CodeSystem>