<?xml version="1.0" encoding="UTF-8"?><CodeSystem xmlns="http://hl7.org/fhir"><id value="yes-no-not-certain"/><text><status value="generated"/><div xmlns="http://www.w3.org/1999/xhtml"><p>This case-sensitive code system <code>https://voicecollab.ai/fhir/CodeSystem/yes-no-not-certain</code> defines the following codes:</p><table class="codes"><tr><td style="white-space:nowrap"><b>Code</b></td><td><b>Display</b></td></tr><tr><td style="white-space:nowrap">Y<a name="yes-no-not-certain-Y"> </a></td><td>Yes</td></tr><tr><td style="white-space:nowrap">N<a name="yes-no-not-certain-N"> </a></td><td>No</td></tr><tr><td style="white-space:nowrap">NC<a name="yes-no-not-certain-NC"> </a></td><td>Not Certain</td></tr></table></div></text><url value="https://voicecollab.ai/fhir/CodeSystem/yes-no-not-certain"/><version value="1.4.0"/><name value="YesNoNotCertain"/><title value="YesNoNotCertain"/><status value="active"/><date value="2023-06-19"/><publisher value="KinD Lab"/><contact><name value="KinD Lab"/><telecom><system value="url"/><value value="http://fhir.kindlab.sickkids.ca"/></telecom></contact><description value="The codes required for Diagnosis questionnaire"/><caseSensitive value="true"/><content value="complete"/><count value="3"/><concept><code value="Y"/><display value="Yes"/></concept><concept><code value="N"/><display value="No"/></concept><concept><code value="NC"/><display value="Not Certain"/></concept></CodeSystem>