<?xml version="1.0" encoding="UTF-8"?><CodeSystem xmlns="http://hl7.org/fhir"><id value="difficulty-breathing"/><text><status value="generated"/><div xmlns="http://www.w3.org/1999/xhtml"><p>This code system <code>https://voicecollab.ai/fhir/CodeSystem/difficulty-breathing</code> defines the following codes:</p><table class="codes"><tr><td style="white-space:nowrap"><b>Code</b></td><td><b>Display</b></td></tr><tr><td style="white-space:nowrap">SID<a name="difficulty-breathing-SID"> </a></td><td>Significant difficulty</td></tr><tr><td style="white-space:nowrap">MD<a name="difficulty-breathing-MD"> </a></td><td>Moderate difficulty</td></tr><tr><td style="white-space:nowrap">SLD<a name="difficulty-breathing-SLD"> </a></td><td>Slight difficulty</td></tr></table></div></text><url value="https://voicecollab.ai/fhir/CodeSystem/difficulty-breathing"/><version value="1.0.0"/><name value="DifficultyBreathing"/><title value="Questionnaire codes for difficulty breahing"/><status value="active"/><date value="2023-08-03"/><publisher value="KinD Lab"/><contact><name value="KinD Lab"/><telecom><system value="url"/><value value="http://fhir.kindlab.sickkids.ca"/></telecom></contact><description value="The codes required for Questionnaires"/><caseSensitive value="true"/><content value="complete"/><count value="3"/><concept><code value="SID"/><display value="Significant difficulty"/></concept><concept><code value="MD"/><display value="Moderate difficulty"/></concept><concept><code value="SLD"/><display value="Slight difficulty"/></concept></CodeSystem>