<?xml version="1.0" encoding="UTF-8"?><CodeSystem xmlns="http://hl7.org/fhir"><id value="vocal-fold-injection-augmentation"/><text><status value="generated"/><div xmlns="http://www.w3.org/1999/xhtml"><p>This case-sensitive code system <code>https://voicecollab.ai/fhir/CodeSystem/vocal-fold-injection-augmentation</code> defines the following codes:</p><table class="codes"><tr><td style="white-space:nowrap"><b>Code</b></td><td><b>Display</b></td></tr><tr><td style="white-space:nowrap">1<a name="vocal-fold-injection-augmentation-1"> </a></td><td>Caha</td></tr><tr><td style="white-space:nowrap">2<a name="vocal-fold-injection-augmentation-2"> </a></td><td>Gel</td></tr><tr><td style="white-space:nowrap">3<a name="vocal-fold-injection-augmentation-3"> </a></td><td>Hyaluronic Acid augmentation</td></tr><tr><td style="white-space:nowrap">4<a name="vocal-fold-injection-augmentation-4"> </a></td><td>Fat Injection</td></tr></table></div></text><url value="https://voicecollab.ai/fhir/CodeSystem/vocal-fold-injection-augmentation"/><version value="1.4.0"/><name value="VocalFoldInjectionAugmentation"/><title value="Vocal Fold Injection Augmentation"/><status value="active"/><date value="2023-06-19"/><publisher value="KinD Lab"/><contact><name value="KinD Lab"/><telecom><system value="url"/><value value="http://fhir.kindlab.sickkids.ca"/></telecom></contact><description value="The codes required for Diagnosis questionnaire"/><caseSensitive value="true"/><content value="complete"/><count value="4"/><concept><code value="1"/><display value="Caha"/></concept><concept><code value="2"/><display value="Gel"/></concept><concept><code value="3"/><display value="Hyaluronic Acid augmentation"/></concept><concept><code value="4"/><display value="Fat Injection"/></concept></CodeSystem>