<?xml version="1.0" encoding="UTF-8"?><CodeSystem xmlns="http://hl7.org/fhir"><id value="smoking-types"/><text><status value="generated"/><div xmlns="http://www.w3.org/1999/xhtml"><p>This code system <code>https://voicecollab.ai/fhir/CodeSystem/smoking-types</code> defines the following codes:</p><table class="codes"><tr><td style="white-space:nowrap"><b>Code</b></td><td><b>Display</b></td></tr><tr><td style="white-space:nowrap">T<a name="smoking-types-T"> </a></td><td>Tobacco cigarettes</td></tr><tr><td style="white-space:nowrap">C<a name="smoking-types-C"> </a></td><td>Cannabis joints, bong, pipe</td></tr><tr><td style="white-space:nowrap">V<a name="smoking-types-V"> </a></td><td>Vapes</td></tr><tr><td style="white-space:nowrap">EC<a name="smoking-types-EC"> </a></td><td>e-cigarettes</td></tr><tr><td style="white-space:nowrap">H<a name="smoking-types-H"> </a></td><td>Hookah</td></tr><tr><td style="white-space:nowrap">P<a name="smoking-types-P"> </a></td><td>Pipes</td></tr><tr><td style="white-space:nowrap">O<a name="smoking-types-O"> </a></td><td>Other, please specify</td></tr></table></div></text><url value="https://voicecollab.ai/fhir/CodeSystem/smoking-types"/><version value="1.0.0"/><name value="SmokingTypes"/><title value="Questionnaire smoking type codes"/><status value="active"/><date value="2023-05-15"/><publisher value="KinD Lab"/><contact><name value="KinD Lab"/><telecom><system value="url"/><value value="http://fhir.kindlab.sickkids.ca"/></telecom></contact><description value="The codes required for Questionnaire confounders"/><caseSensitive value="true"/><content value="complete"/><count value="7"/><concept><code value="T"/><display value="Tobacco cigarettes"/></concept><concept><code value="C"/><display value="Cannabis joints, bong, pipe"/></concept><concept><code value="V"/><display value="Vapes"/></concept><concept><code value="EC"/><display value="e-cigarettes"/></concept><concept><code value="H"/><display value="Hookah"/></concept><concept><code value="P"/><display value="Pipes"/></concept><concept><code value="O"/><display value="Other, please specify"/></concept></CodeSystem>