<?xml version="1.0" encoding="UTF-8"?><CodeSystem xmlns="http://hl7.org/fhir"><id value="voice-handicap-index"/><text><status value="generated"/><div xmlns="http://www.w3.org/1999/xhtml"><p>This case-sensitive code system <code>https://voicecollab.ai/fhir/CodeSystem/voice-handicap-index</code> defines the following codes:</p><table class="codes"><tr><td style="white-space:nowrap"><b>Code</b></td><td><b>Display</b></td></tr><tr><td style="white-space:nowrap">1<a name="voice-handicap-index-1"> </a></td><td>Never</td></tr><tr><td style="white-space:nowrap">2<a name="voice-handicap-index-2"> </a></td><td>Almost Never</td></tr><tr><td style="white-space:nowrap">3<a name="voice-handicap-index-3"> </a></td><td>Sometimes</td></tr><tr><td style="white-space:nowrap">4<a name="voice-handicap-index-4"> </a></td><td>Almost Always</td></tr><tr><td style="white-space:nowrap">5<a name="voice-handicap-index-5"> </a></td><td>Always</td></tr></table></div></text><url value="https://voicecollab.ai/fhir/CodeSystem/voice-handicap-index"/><version value="1.0.0"/><name value="VoiceHandicapIndex"/><title value="Voice Handicap Index Assessment Codes"/><status value="active"/><date value="2023-06-19"/><publisher value="KinD Lab"/><contact><name value="KinD Lab"/><telecom><system value="url"/><value value="http://fhir.kindlab.sickkids.ca"/></telecom></contact><description value="A comprehensive set of codes used for the Voice Handicap Index assessment."/><caseSensitive value="true"/><content value="complete"/><count value="5"/><concept><code value="1"/><display value="Never"/></concept><concept><code value="2"/><display value="Almost Never"/></concept><concept><code value="3"/><display value="Sometimes"/></concept><concept><code value="4"/><display value="Almost Always"/></concept><concept><code value="5"/><display value="Always"/></concept></CodeSystem>