<?xml version="1.0" encoding="UTF-8"?><CodeSystem xmlns="http://hl7.org/fhir"><id value="dsm5-q1"/><text><status value="generated"/><div xmlns="http://www.w3.org/1999/xhtml"><p>This case-sensitive code system <code>https://voicecollab.ai/fhir/CodeSystem/dsm5-q1</code> defines the following codes:</p><table class="codes"><tr><td style="white-space:nowrap"><b>Code</b></td><td><b>Display</b></td></tr><tr><td style="white-space:nowrap">1<a name="dsm5-q1-1"> </a></td><td>I do not feel happier or more cheerful than usual.</td></tr><tr><td style="white-space:nowrap">2<a name="dsm5-q1-2"> </a></td><td>I occasionally feel happier or more cheerful than usual.</td></tr><tr><td style="white-space:nowrap">3<a name="dsm5-q1-3"> </a></td><td>I often feel happier or more cheerful than usual.</td></tr><tr><td style="white-space:nowrap">4<a name="dsm5-q1-4"> </a></td><td>I feel happier or more cheerful than usual most of the time.</td></tr><tr><td style="white-space:nowrap">5<a name="dsm5-q1-5"> </a></td><td>I feel happier of more cheerful than usual all of the time</td></tr></table></div></text><url value="https://voicecollab.ai/fhir/CodeSystem/dsm5-q1"/><version value="1.0.0"/><name value="DSM5Q1"/><title value="dsm5 q1"/><status value="active"/><date value="2023-06-21"/><publisher value="KinD Lab"/><contact><name value="KinD Lab"/><telecom><system value="url"/><value value="http://fhir.kindlab.sickkids.ca"/></telecom></contact><description value="The codes required for dsm5 q1 questionnaire"/><caseSensitive value="true"/><content value="complete"/><count value="5"/><concept><code value="1"/><display value="I do not feel happier or more cheerful than usual."/></concept><concept><code value="2"/><display value="I occasionally feel happier or more cheerful than usual."/></concept><concept><code value="3"/><display value="I often feel happier or more cheerful than usual."/></concept><concept><code value="4"/><display value="I feel happier or more cheerful than usual most of the time."/></concept><concept><code value="5"/><display value="I feel happier of more cheerful than usual all of the time"/></concept></CodeSystem>