<?xml version="1.0" encoding="UTF-8"?><PlanDefinition xmlns="http://hl7.org/fhir"><id value="VbaiPlanDefinitionNeurologyExample"/><meta><profile value="https://voicecollab.ai/fhir/StructureDefinition/vbai-plan-definition"/></meta><url value="https://voicecollab.ai/fhir/PlanDefinition/VbaiPlanDefinitionNeurologyExample"/><version value="0.1.0"/><title value="Neurology Cohort Protocol"/><status value="active"/><date value="2023-04-28"/><publisher value="KinD Lab"/><contact><name value="KinD Lab"/><telecom><system value="url"/><value value="http://fhir.kindlab.sickkids.ca"/></telecom></contact><description value="This is a plandefinition for Neurology cohort protocol"/><action><prefix value="1.1 - 1.8"/><title value="Required task across all chorts"/><description value="List of tasks and actions done across all 5 cohorts"/><priority value="routine"/><definitionUri value="https://voicecollab.ai/fhir/PlanDefinition/VbaiPlanDefinitionExample"/></action><action><prefix value="B"/><title value="Part B Neurology Disorders"/><description value="Acoustic Tasks specific to Neuro cohort ​"/><priority value="routine"/><action><prefix value="B.1 Task 1"/><title value="Montreal Cognitive Assessment (MoCA Test)"/></action><action><prefix value="B.1 Task 2"/><title value="Word-colour Stroop:"/><description value="You will be shown a word (one of 5 colour words - red, green, blue, brown, purple; such as ‘blue’, or a baseline stimulus, ‘oooo’), which is displayed in a congruent or incongruent colour (one of 5 colour stimuli). You have to name the colour in which the word is displayed. (no time limit) "/></action><action><prefix value="B.1 Task 3"/><title value="Productive vocabulary link:"/><description value="You will be shown a target word. You will have to provide a definition for it (no time limit)."/></action><action><prefix value="B.1 Task 4"/><title value="Random item generation / semantic fluency link:"/><description value="You will have to speak a series of (I) random, non-repeating letters or numbers, or (ii) items from a given category (e.g., cities, animals, etc.), with the goal of maximizing the number of items. (time limit: 60 seconds). "/></action><action><prefix value="B.1 Task 5"/><title value="Winograd schemas link "/><description value="Read each sentence, and answer the question by selecting one of the options:&#xA;    &#xA;The scientists are studying three species of fish that have recently been found living in the Indian Ocean. They began two years ago. Who or what began two years ago? &#xA;&#xA;    - The Scientists&#xA;&#xA;    - The fish&#xA;&#xA;Fred watched TV while George went out to buy groceries. After an hour he got up. Who got up?&#xA;&#xA;    - Fred&#xA;&#xA;    - George&#xA;&#xA;Joan made sure to thank Susan for all the help she had received. Who had received help?&#xA;&#xA;    - Joan&#xA;&#xA;    - Susan&#xA;&#xA;Joe’s uncle can still beat him at tennis, even though he is 30 years older. Who is older?&#xA;&#xA;    - Joe&#xA;&#xA;    - Joe’s uncle&#xA;&#xA;The delivery truck zoomed by the school bus because it was going so fast. What was going so fast?&#xA;&#xA;    - The bus&#xA;&#xA;    - The truck"/></action><action><prefix value="B.1 Task 6"/><title value="Montreal Cognitive Assessment (MoCA Test)"/></action></action><action><prefix value="B.3"/><title value="B Validated questionnaires specific to neuro cohort"/><priority value="routine"/><action><prefix value="B.3.1"/><title value="Incidental findings Questionnaire"/><description value="Administer Incidental Findings Questionnaire"/><priority value="routine"/></action><action><prefix value="B.3.2"/><title value="Genome sequencing Outcomes measure survey"/><description value="Administer Genome sequencing Outcomes measure survey"/><priority value="routine"/></action></action></PlanDefinition>