<?xml version="1.0" encoding="UTF-8"?><PlanDefinition xmlns="http://hl7.org/fhir"><id value="VbaiPlanDefinitionQuestionnairePedsExample"/><meta><profile value="https://voicecollab.ai/fhir/StructureDefinition/vbai-plan-definition"/></meta><url value="https://voicecollab.ai/fhir/PlanDefinition/VbaiPlanDefinitionQuestionnairePedsExample"/><version value="1.5.1"/><title value="QuestionnairePeds PlanDefinition"/><status value="active"/><date value="2023-07-28"/><publisher value="KinD Lab"/><contact><name value="KinD Lab"/><telecom><system value="url"/><value value="http://fhir.kindlab.sickkids.ca"/></telecom></contact><description value="This is a plandefinition for QuestionnairePeds"/><action><prefix value="1.10.1"/><title value="Questionnaire from Peds Cohorts"/><description value="Questionnaire from Peds Cohorts"/><priority value="routine"/><action><prefix value="1.10.2"/><title value="Pediatric Symptom Checklist (PSC-17)"/><description value="Administer Pediatric Symptom Checklist (PSC-17)"/><priority value="routine"/><definitionUri value="https://voicecollab.ai/fhir/Questionnaire/PSC17"/></action></action></PlanDefinition>