<?xml version="1.0" encoding="UTF-8"?><PlanDefinition xmlns="http://hl7.org/fhir"><id value="VbaiPlanDefinitionAcousticTasksNeuroExample"/><meta><profile value="https://voicecollab.ai/fhir/StructureDefinition/vbai-plan-definition"/></meta><url value="https://voicecollab.ai/fhir/PlanDefinition/VbaiPlanDefinitionAcousticTasksNeuroExample"/><version value="1.0.0"/><title value="Acoustic Tasks Neuro Cohort Protocol"/><status value="active"/><date value="2023-07-31"/><publisher value="KinD Lab"/><contact><name value="KinD Lab"/><telecom><system value="url"/><value value="http://fhir.kindlab.sickkids.ca"/></telecom></contact><description value="This is a plandefinition for Acoustic Tasks Neuro cohort protocol"/><action><prefix value="1.8 Task 1"/><title value="Montreal Cognitive Assessment (MoCA Test)"/><description value="Have participant complete MoCA Test"/></action><action><prefix value="1.8 Task 2"/><title value="Word-colour Stroop:"/><description value="You will be shown a word (one of 5 colour words - red, green, blue, brown, purple; such as ‘blue’, or a baseline stimulus, ‘oooo’), which is displayed in a congruent or incongruent colour (one of 5 colour stimuli). You have to name the colour in which the word is displayed. (no time limit) "/></action><action><prefix value="1.8 Task 3"/><title value="Productive vocabulary link:"/><description value="You will be shown a target word. You will have to provide a definition for it (no time limit)."/></action><action><prefix value="1.8 Task 4"/><title value="Random item generation / semantic fluency link:"/><description value="You will have to speak a series of (I) random, non-repeating letters or numbers, or (ii) items from a given category (e.g., cities, animals, etc.), with the goal of maximizing the number of items. (time limit: 60 seconds). "/></action><action><prefix value="1.8 Task 5"/><title value="Winograd schemas link"/><description value="Read each sentence, and answer the question by selecting one of the options"/><definitionCanonical value="https://voicecollab.ai/fhir/Questionnaire/WinogradSchema"/></action><action><prefix value="1.8 Task 6"/><title value="Montreal Cognitive Assessment (MoCA Test)"/><description value="Have participant complete MoCA Test"/></action></PlanDefinition>