<?xml version="1.0" encoding="UTF-8"?><PlanDefinition xmlns="http://hl7.org/fhir"><id value="VbaiPlanDefinitionAcousticTasksMoodExample"/><meta><profile value="https://voicecollab.ai/fhir/StructureDefinition/vbai-plan-definition"/></meta><url value="https://voicecollab.ai/fhir/PlanDefinition/VbaiPlanDefinitionAcousticTasksMoodExample"/><version value="0.1.0"/><title value="Acoustic Tasks Mood Cohort Protocol"/><status value="active"/><date value="2023-07-29"/><publisher value="KinD Lab"/><contact><name value="KinD Lab"/><telecom><system value="url"/><value value="http://fhir.kindlab.sickkids.ca"/></telecom></contact><description value="This is a plandefinition for AcousticTasksMood"/><action><prefix value="1.8"/><title value="Mood Specific Tasks"/><description value="Tasks specific for mood cohort"/><priority value="routine"/><action><prefix value="1.8.1"/><title value="Task 1: Animal Fluency:"/><description value="Say as many animals as you can in one minute, avoid repeating words (continue trying until time is up)” - need a timer with 1 minute here "/><priority value="routine"/></action><action><prefix value="1.8.2"/><title value="Task 2: Open response questions"/><description value=" “ Please answer the following questions and record your answer. Keep talking until the time stops” (leave for 30 seconds):&#xA;    &#xA;Think of a single issue, feeling, emotion or symptom you have been experiencing lately. For example, sadness, fatigue, anxiety, loneliness, sleep issues, concentration issues, agitation, motivation, numbness, guilt, shame. If you are not experiencing anything negative, think of a positive one such as calmness or gratitude. Then describe how it shows up for you mentally and physically, what you see as its causes, and what situations trigger it.​​ &#xA;"/><priority value="routine"/></action><action><prefix value="1.8.3"/><title value="Task 3: Story recall (audio stimuli or read stimuli). The Grandfather Passage"/><description value="Ask them to repeat: You wished to know all about my grandfather. Well, he is nearly ninety-three years old. He dresses himself in an ancient black frock coat, usually minus several buttons; yet he still thinks as swiftly as ever. A long, flowing beard clings to his chin, giving those who observe him a pronounced feeling of the utmost respect. When he speaks his voice is just a bit cracked and quivers a trifle. Twice each day he plays skillfully and with zest upon our small organ. Except in the winter when the ooze or snow or ice prevents, he slowly takes a short walk in the open air each day. We have often urged him to walk more and smoke less, but he always answers, “Banana Oil!” Grandfather likes to be modern in his language. "/><priority value="routine"/></action><action><prefix value="1.8.4"/><title value="Task 4: Picture descriptions."/><description value="We're adding cross-sectional writing prompts, to get linguistic markers without speech. We will choose a subset of the following] &#xA;    How do you want to be remembered at the end of your life by the people who know you well?  &#xA;    What were some of the happiest moments of your life? Where were you? What happened? Why did they make you happy? &#xA;    Describe something good that happened in the last month (big or small)? Maybe you helped someone or there was some good news or there was a moment of joy and peace. Where were you, what happened, how did you feel? &#xA;    How have you grown in the past? Have you learned important lessons about yourself? &#xA;    Please think about your best possible social and professional self in the next month. Imagine that everything will go as well as it possibly can. Let your creativity flow and describe what exactly would improve, how your daily routine would be, and how you would feel.  &#xA;    Describe something that makes you happy. Are you with someone or by yourself? How do you feel? Why does it make you happy? Can you do this often?&#xA;    &#xA;    [If participants answer positively to any suicidal ideation items, such as the PHQ9, this prompt with resources will become available:]&#xA;&#xA;    If you're thinking about suicide or hurting yourself, are worried about a friend or loved one, or would like emotional support, the Lifeline network is available 24/7 and experience helping people in crisis. Your call or text is confidential and free. You can call the Suicide Prevention Lifeline in the United States right now: &#xA;&#xA;    988 ,&#xA;&#xA;    English: 1-800-273-8255,&#xA;&#xA;    Español: 1-888-628-9454, &#xA;&#xA;    Or text the Crisis TextLine now, also free and confidential: &#xA;&#xA;    ​​SMS in the ​US or Canada: 741741 ,&#xA;&#xA;    Chat using WhatsApp or Browser: https://www.crisistextline.org/ ,&#xA;&#xA;    For other countries: www.befrienders.org &#xA;    "/><priority value="routine"/></action><action><prefix value="1.8.5"/><title value="Optional journaling prompts (audio recording)  "/><description value="Take some time to journal and reflect honestly about the question and respond with detail and depth. Please don’t provide identifying information such as people’s names: &#xA;&#xA;    What behaviors and thoughts have you been having to better cope with issues that give you the most stress? What are you interested in trying to change (new relationships, boundaries, acceptance, employment, education, exercise, beginning therapy, meditation, travel, health)? &#xA;&#xA;    How do you want to be remembered at the end of your life by the people who know you well?  &#xA;&#xA;    How have you grown in the past? Have you learned important lessons about yourself? "/><priority value="routine"/></action></action></PlanDefinition>