<?xml version="1.0" encoding="UTF-8"?><PlanDefinition xmlns="http://hl7.org/fhir"><id value="PedsCohortProtocolExample"/><meta><profile value="https://voicecollab.ai/fhir/StructureDefinition/vbai-cohort-protocol"/></meta><url value="https://voicecollab.ai/fhir/PlanDefinition/PedsCohortProtocolExample"/><version value="1.4.0"/><title value="Peds Cohort Protocol"/><status value="active"/><date value="2023-07-31"/><publisher value="KinD Lab"/><contact><name value="KinD Lab"/><telecom><system value="url"/><value value="http://fhir.kindlab.sickkids.ca"/></telecom></contact><description value="This is a plandefinition for peds cohort protocol"/><action><prefix value="1.1"/><title value="Eligibility"/><description value="List of eligibility questions"/><priority value="routine"/><definitionCanonical value="https://voicecollab.ai/fhir/PlanDefinition/VbaiPedsPlanDefinitionEligibilityExample"/></action><action><prefix value="1.2"/><title value="Consent/Assent"/><description value="Retieve consent/assent from participant"/><priority value="routine"/><definitionCanonical value="https://voicecollab.ai/fhir/PlanDefinition/VbaiPlanDefinitionAssentExample"/></action><action><prefix value="1.3"/><title value="Demographics"/><description value="have Participant complete demographics"/><priority value="routine"/><definitionCanonical value="https://voicecollab.ai/fhir/Questionnaire/VbaiQuestionnaireDemographicExample"/></action><action><prefix value="1.4"/><title value="Voice Impacting Q's"/><description value="Administer Voice Impacting Questions"/><priority value="routine"/><definitionCanonical value="https://voicecollab.ai/fhir/Questionnaire/VocalFoldParalysis"/></action><action><prefix value="1.5"/><title value="Acoustic Tasks"/><description value="Perform Acoustic Tasks"/><priority value="routine"/><definitionCanonical value="https://voicecollab.ai/fhir/Questionnaire/GeneralAcousticTasksQuestionnaire"/></action><action><prefix value="1.6"/><title value="Confounders"/><description value="Retrieve Confounders"/><priority value="routine"/><definitionCanonical value="https://voicecollab.ai/fhir/Questionnaire/VbaiQuestionnaireConfoundersExample"/></action><action><prefix value="1.7"/><title value="Questionnaires"/><description value="Administier Validated Questionnaires"/><priority value="routine"/><definitionCanonical value="https://voicecollab.ai/fhir/PlanDefinition/VbaiPlanDefinitionGeneralQuestionnaireExample"/></action><action><prefix value="1.8"/><title value="Cohort specific acoustic tasks"/><description value="Administer cohort specific acoustic tasks"/><priority value="routine"/><definitionCanonical value="https://voicecollab.ai/fhir/Questionnaire/PedsAcousticTasksQuestionnaire"/></action><action><prefix value="1.9"/><title value="Cohort specific confounders"/><description value="Administer cohort specific confounders"/><priority value="routine"/><definitionCanonical value="https://voicecollab.ai/fhir/PlanDefinition/VbaiPlanDefinitionCohortSpecificConfoundersExample"/></action><action><prefix value="1.10"/><title value="Cohort specific Questionnaires"/><description value="Administer cohort specific questionnaires"/><priority value="routine"/><definitionCanonical value="https://voicecollab.ai/fhir/PlanDefinition/VbaiPlanDefinitionQuestionnairePedsExample"/></action><action><prefix value="1.11"/><title value="Clinician input"/><description value="Have Clinican give their input"/><priority value="routine"/><definitionCanonical value="https://voicecollab.ai/fhir/PlanDefinition/VbaiPlanDefinitionClinicianInputExample"/></action><action><prefix value="1.12"/><title value="Feedback"/><description value="Recieve Feedback"/><priority value="routine"/><definitionCanonical value="https://voicecollab.ai/fhir/Questionnaire/FeedbackQuestionnaire"/></action></PlanDefinition>