<?xml version="1.0" encoding="UTF-8"?><PlanDefinition xmlns="http://hl7.org/fhir"><id value="VbaiPlanDefinitionConsentExample"/><meta><profile value="https://voicecollab.ai/fhir/StructureDefinition/vbai-plan-definition"/></meta><url value="https://voicecollab.ai/fhir/PlanDefinition/VbaiPlanDefinitionConsentExample"/><version value="1.0.0"/><title value="Consent"/><status value="active"/><date value="2023-07-27"/><publisher value="KinD Lab"/><contact><name value="KinD Lab"/><telecom><system value="url"/><value value="http://fhir.kindlab.sickkids.ca"/></telecom></contact><description value="This is a plandefinition for Consent"/><action><prefix value="1.2.0"/><title value="Consent (Adults)"/><description value="Retrieve Consent from adult participants"/><priority value="routine"/><participant><type value="patient"/></participant><action><prefix value="1.2.1"/><title value="Have patient read and sign consent "/><description value="Before you participate in this study, we need your consent. The consent gives you information of what to expect and what is required from you for this study. It will also give you information about how your data will be shared. You have options to read the consent, watch the video consent, or do both before you decide to give your electronic consent."/><priority value="routine"/><definitionUri value="https://voicecollab.ai/fhir/Questionnaire/MainICF"/></action><action><prefix value="1.2.2"/><title value="Retreive Researcher Statement"/><priority value="routine"/><definitionUri value="https://voicecollab.ai/fhir/Questionnaire/MainICFResearcherStatement"/></action><action><prefix value="1.2.3"/><title value="Upload Combined Consent Document"/><priority value="routine"/><definitionUri value="https://voicecollab.ai/fhir/Questionnaire/MainICFCombinedPDF"/></action><action><prefix value="1.2.4"/><title value="Have patient sign Addendum "/><priority value="routine"/><definitionUri value="https://voicecollab.ai/fhir/Questionnaire/AddendumWCM"/></action><action><prefix value="1.2.5"/><title value="Retrieve researcher statement for Addendum"/><priority value="routine"/><definitionUri value="https://voicecollab.ai/fhir/Questionnaire/AddendumWCMResearcherStatement"/></action><action><prefix value="1.2.6"/><title value="Upload Combined Document of Addendum"/><priority value="routine"/><definitionUri value="https://voicecollab.ai/fhir/Questionnaire/AddendumCombinedPDF"/></action><action><prefix value="1.2.7"/><title value="Consent Declaration"/><priority value="routine"/><definitionUri value="https://voicecollab.ai/fhir/Questionnaire/ConsentQuestionnaire"/></action></action></PlanDefinition>