<?xml version="1.0" encoding="UTF-8"?><ValueSet xmlns="http://hl7.org/fhir"><id value="tumor-rln"/><text><status value="generated"/><div xmlns="http://www.w3.org/1999/xhtml"><ul><li>Include all codes defined in <a href="CodeSystem-tumor-rln.html"><code>https://voicecollab.ai/fhir/CodeSystem/tumor-rln</code></a></li></ul></div></text><url value="https://voicecollab.ai/fhir/ValueSet/tumor-rln"/><version value="0.1.0"/><name value="TumorRLN"/><title value="Tumor RLN"/><status value="active"/><date value="2023-06-20"/><publisher value="KinD Lab"/><contact><name value="KinD Lab"/><telecom><system value="url"/><value value="http://fhir.kindlab.sickkids.ca"/></telecom></contact><description value="The Codes used by Diagnosis"/><compose><include><system value="https://voicecollab.ai/fhir/CodeSystem/tumor-rln"/></include></compose></ValueSet>