<?xml version="1.0" encoding="UTF-8"?><ValueSet xmlns="http://hl7.org/fhir"><id value="financial-assistance"/><text><status value="generated"/><div xmlns="http://www.w3.org/1999/xhtml"><ul><li>Include all codes defined in <a href="CodeSystem-financial-assistance.html"><code>https://voicecollab.ai/fhir/CodeSystem/financial-assistance</code></a></li></ul></div></text><url value="https://voicecollab.ai/fhir/ValueSet/financial-assistance"/><version value="1.4.0"/><name value="FinancialAssistance"/><title value="Financial Assistance"/><status value="draft"/><experimental value="true"/><date value="2024-01-15T14:38:18+00:00"/><publisher value="KinD Lab"/><contact><name value="KinD Lab"/><telecom><system value="url"/><value value="http://fhir.kindlab.sickkids.ca"/></telecom></contact><description value="Valueset for capturing Financial Assistance Programs user is using"/><compose><include><system value="https://voicecollab.ai/fhir/CodeSystem/financial-assistance"/></include></compose></ValueSet>