<?xml version="1.0" encoding="UTF-8"?><ValueSet xmlns="http://hl7.org/fhir"><id value="immigration-status"/><text><status value="generated"/><div xmlns="http://www.w3.org/1999/xhtml"><p>This value set contains 8 concepts</p><table class="codes"><tr><td style="white-space:nowrap"><b>Code</b></td><td><b>System</b></td><td><b>Display</b></td></tr><tr><td style="white-space:nowrap"><a name="https---voicecollab.ai-fhir-CodeSystem-immigration-status-C"> </a>  <a href="CodeSystem-immigration-status.html#immigration-status-C">C</a></td><td>https://voicecollab.ai/fhir/CodeSystem/immigration-status</td><td>Citizen</td></tr><tr><td style="white-space:nowrap"><a name="https---voicecollab.ai-fhir-CodeSystem-immigration-status-PR"> </a>  <a href="CodeSystem-immigration-status.html#immigration-status-PR">PR</a></td><td>https://voicecollab.ai/fhir/CodeSystem/immigration-status</td><td>Permanent Resident</td></tr><tr><td style="white-space:nowrap"><a name="https---voicecollab.ai-fhir-CodeSystem-immigration-status-NC"> </a>  <a href="CodeSystem-immigration-status.html#immigration-status-NC">NC</a></td><td>https://voicecollab.ai/fhir/CodeSystem/immigration-status</td><td>Non-citizen US/CAD national</td></tr><tr><td style="white-space:nowrap"><a name="https---voicecollab.ai-fhir-CodeSystem-immigration-status-R"> </a>  <a href="CodeSystem-immigration-status.html#immigration-status-R">R</a></td><td>https://voicecollab.ai/fhir/CodeSystem/immigration-status</td><td>Refugee</td></tr><tr><td style="white-space:nowrap"><a name="https---voicecollab.ai-fhir-CodeSystem-immigration-status-AS"> </a>  <a href="CodeSystem-immigration-status.html#immigration-status-AS">AS</a></td><td>https://voicecollab.ai/fhir/CodeSystem/immigration-status</td><td>Asylum seeker</td></tr><tr><td style="white-space:nowrap"><a name="https---voicecollab.ai-fhir-CodeSystem-immigration-status-NIS"> </a>  <a href="CodeSystem-immigration-status.html#immigration-status-NIS">NIS</a></td><td>https://voicecollab.ai/fhir/CodeSystem/immigration-status</td><td>Non-immigrant student</td></tr><tr><td style="white-space:nowrap"><a name="https---voicecollab.ai-fhir-CodeSystem-immigration-status-NIW"> </a>  <a href="CodeSystem-immigration-status.html#immigration-status-NIW">NIW</a></td><td>https://voicecollab.ai/fhir/CodeSystem/immigration-status</td><td>Non-immigrant worker</td></tr><tr><td style="white-space:nowrap"><a name="https---voicecollab.ai-fhir-CodeSystem-immigration-status-PNTA"> </a>  <a href="CodeSystem-immigration-status.html#immigration-status-PNTA">PNTA</a></td><td>https://voicecollab.ai/fhir/CodeSystem/immigration-status</td><td>Prefer not to answer</td></tr></table></div></text><url value="https://voicecollab.ai/fhir/ValueSet/immigration-status"/><version value="1.0.0"/><name value="ImmigrationStatus"/><title value="Immigration Status"/><status value="draft"/><experimental value="true"/><date value="2023-08-22T05:01:43+00:00"/><publisher value="KinD Lab"/><contact><name value="KinD Lab"/><telecom><system value="url"/><value value="http://fhir.kindlab.sickkids.ca"/></telecom></contact><description value="Valueset for capturing Immigration Status"/><compose><include><system value="https://voicecollab.ai/fhir/CodeSystem/immigration-status"/><concept><code value="C"/><display value="Citizen"/></concept><concept><code value="PR"/><display value="Permanent Resident"/></concept><concept><code value="NC"/><display value="Non-citizen US national"/></concept><concept><code value="R"/><display value="Refugee"/></concept><concept><code value="AS"/><display value="Asylum seeker"/></concept><concept><code value="NIS"/><display value="Non-immigrant student"/></concept><concept><code value="NIW"/><display value="Non-immigrant worker"/></concept><concept><code value="PNTA"/><display value="Prefer not to answer"/></concept></include></compose><expansion><timestamp value="2023-05-11T10:00:00Z"/><contains><system value="https://voicecollab.ai/fhir/CodeSystem/immigration-status"/><code value="C"/><display value="Citizen"/></contains><contains><system value="https://voicecollab.ai/fhir/CodeSystem/immigration-status"/><code value="PR"/><display value="Permanent Resident"/></contains><contains><system value="https://voicecollab.ai/fhir/CodeSystem/immigration-status"/><code value="NC"/><display value="Non-citizen US/CAD national"/></contains><contains><system value="https://voicecollab.ai/fhir/CodeSystem/immigration-status"/><code value="R"/><display value="Refugee"/></contains><contains><system value="https://voicecollab.ai/fhir/CodeSystem/immigration-status"/><code value="AS"/><display value="Asylum seeker"/></contains><contains><system value="https://voicecollab.ai/fhir/CodeSystem/immigration-status"/><code value="NIS"/><display value="Non-immigrant student"/></contains><contains><system value="https://voicecollab.ai/fhir/CodeSystem/immigration-status"/><code value="NIW"/><display value="Non-immigrant worker"/></contains><contains><system value="https://voicecollab.ai/fhir/CodeSystem/immigration-status"/><code value="PNTA"/><display value="Prefer not to answer"/></contains></expansion></ValueSet>