<?xml version="1.0" encoding="UTF-8"?><ValueSet xmlns="http://hl7.org/fhir"><id value="Highest-Education"/><text><status value="generated"/><div xmlns="http://www.w3.org/1999/xhtml"><p>This value set contains 16 concepts</p><table class="codes"><tr><td style="white-space:nowrap"><b>Code</b></td><td><b>System</b></td><td><b>Display</b></td><td><b>Definition</b></td></tr><tr><td style="white-space:nowrap"><a name="https---voicecollab.ai-fhir-CodeSystem-child-education-NFE"> </a>  <a href="CodeSystem-child-education.html#child-education-NFE">NFE</a></td><td>https://voicecollab.ai/fhir/CodeSystem/child-education</td><td>No Formal Education</td><td><div><p>The child has not received any formal education.</p>
</div></td></tr><tr><td style="white-space:nowrap"><a name="https---voicecollab.ai-fhir-CodeSystem-child-education-PS"> </a>  <a href="CodeSystem-child-education.html#child-education-PS">PS</a></td><td>https://voicecollab.ai/fhir/CodeSystem/child-education</td><td>Pre-school</td><td><div><p>The child's highest level of education is pre-school.</p>
</div></td></tr><tr><td style="white-space:nowrap"><a name="https---voicecollab.ai-fhir-CodeSystem-child-education-K"> </a>  <a href="CodeSystem-child-education.html#child-education-K">K</a></td><td>https://voicecollab.ai/fhir/CodeSystem/child-education</td><td>Kindergarden</td><td><div><p>The child's highest level of education is kindergarten.</p>
</div></td></tr><tr><td style="white-space:nowrap"><a name="https---voicecollab.ai-fhir-CodeSystem-child-education-SE"> </a>  <a href="CodeSystem-child-education.html#child-education-SE">SE</a></td><td>https://voicecollab.ai/fhir/CodeSystem/child-education</td><td>Some elementary school education</td><td><div><p>The child has some elementary school education.</p>
</div></td></tr><tr><td style="white-space:nowrap"><a name="https---voicecollab.ai-fhir-CodeSystem-child-education-G1"> </a>  <a href="CodeSystem-child-education.html#child-education-G1">G1</a></td><td>https://voicecollab.ai/fhir/CodeSystem/child-education</td><td>Grade 1</td><td><div><p>The child's highest level of education is Grade 1.</p>
</div></td></tr><tr><td style="white-space:nowrap"><a name="https---voicecollab.ai-fhir-CodeSystem-child-education-G2"> </a>  <a href="CodeSystem-child-education.html#child-education-G2">G2</a></td><td>https://voicecollab.ai/fhir/CodeSystem/child-education</td><td>Grade 2</td><td><div><p>The child's highest level of education is Grade 2.</p>
</div></td></tr><tr><td style="white-space:nowrap"><a name="https---voicecollab.ai-fhir-CodeSystem-child-education-G3"> </a>  <a href="CodeSystem-child-education.html#child-education-G3">G3</a></td><td>https://voicecollab.ai/fhir/CodeSystem/child-education</td><td>Grade 3</td><td><div><p>The child's highest level of education is Grade 3.</p>
</div></td></tr><tr><td style="white-space:nowrap"><a name="https---voicecollab.ai-fhir-CodeSystem-child-education-G4"> </a>  <a href="CodeSystem-child-education.html#child-education-G4">G4</a></td><td>https://voicecollab.ai/fhir/CodeSystem/child-education</td><td>Grade 4</td><td><div><p>The child's highest level of education is Grade 4.</p>
</div></td></tr><tr><td style="white-space:nowrap"><a name="https---voicecollab.ai-fhir-CodeSystem-child-education-G5"> </a>  <a href="CodeSystem-child-education.html#child-education-G5">G5</a></td><td>https://voicecollab.ai/fhir/CodeSystem/child-education</td><td>Grade 5</td><td><div><p>The child's highest level of education is Grade 5.</p>
</div></td></tr><tr><td style="white-space:nowrap"><a name="https---voicecollab.ai-fhir-CodeSystem-child-education-G6"> </a>  <a href="CodeSystem-child-education.html#child-education-G6">G6</a></td><td>https://voicecollab.ai/fhir/CodeSystem/child-education</td><td>Grade 6</td><td><div><p>The child's highest level of education is Grade 6.</p>
</div></td></tr><tr><td style="white-space:nowrap"><a name="https---voicecollab.ai-fhir-CodeSystem-child-education-G7"> </a>  <a href="CodeSystem-child-education.html#child-education-G7">G7</a></td><td>https://voicecollab.ai/fhir/CodeSystem/child-education</td><td>Grade 7</td><td><div><p>The child's highest level of education is Grade 7.</p>
</div></td></tr><tr><td style="white-space:nowrap"><a name="https---voicecollab.ai-fhir-CodeSystem-child-education-G8"> </a>  <a href="CodeSystem-child-education.html#child-education-G8">G8</a></td><td>https://voicecollab.ai/fhir/CodeSystem/child-education</td><td>Grade 8</td><td><div><p>The child's highest level of education is Grade 8.</p>
</div></td></tr><tr><td style="white-space:nowrap"><a name="https---voicecollab.ai-fhir-CodeSystem-child-education-G9"> </a>  <a href="CodeSystem-child-education.html#child-education-G9">G9</a></td><td>https://voicecollab.ai/fhir/CodeSystem/child-education</td><td>Grade 9</td><td><div><p>The child's highest level of education is Grade 9.</p>
</div></td></tr><tr><td style="white-space:nowrap"><a name="https---voicecollab.ai-fhir-CodeSystem-child-education-G10"> </a>  <a href="CodeSystem-child-education.html#child-education-G10">G10</a></td><td>https://voicecollab.ai/fhir/CodeSystem/child-education</td><td>Grade 10</td><td><div><p>The child's highest level of education is Grade 10.</p>
</div></td></tr><tr><td style="white-space:nowrap"><a name="https---voicecollab.ai-fhir-CodeSystem-child-education-G11"> </a>  <a href="CodeSystem-child-education.html#child-education-G11">G11</a></td><td>https://voicecollab.ai/fhir/CodeSystem/child-education</td><td>Grade 11</td><td><div><p>The child's highest level of education is Grade 11.</p>
</div></td></tr><tr><td style="white-space:nowrap"><a name="https---voicecollab.ai-fhir-CodeSystem-child-education-G12"> </a>  <a href="CodeSystem-child-education.html#child-education-G12">G12</a></td><td>https://voicecollab.ai/fhir/CodeSystem/child-education</td><td>Grade 12</td><td><div><p>The child's highest level of education is Grade 12.</p>
</div></td></tr></table></div></text><url value="https://voicecollab.ai/fhir/ValueSet/Highest-Education"/><version value="1.0.0"/><name value="HighestEducation"/><title value="Highest form of Education"/><status value="draft"/><experimental value="true"/><date value="2023-10-04T03:12:19+00:00"/><publisher value="KinD Lab"/><contact><name value="KinD Lab"/><telecom><system value="url"/><value value="http://fhir.kindlab.sickkids.ca"/></telecom></contact><description value="For Capturing a users highest education level"/><compose><include><valueSet value="http://terminology.hl7.org/ValueSet/v3-EducationLevel"/></include><include><system value="https://voicecollab.ai/fhir/CodeSystem/child-education"/><concept><code value="NFE"/><display value="No Formal Education"/></concept><concept><code value="PS"/><display value="Pre-School"/></concept><concept><code value="K"/><display value="Kindergarden"/></concept><concept><code value="SE"/><display value="Some elementary school education"/></concept><concept><code value="G1"/><display value="Grade 1"/></concept><concept><code value="G2"/><display value="Grade 2"/></concept><concept><code value="G3"/><display value="Grade 3"/></concept><concept><code value="G4"/><display value="Grade 4"/></concept><concept><code value="G5"/><display value="Grade 5"/></concept><concept><code value="G6"/><display value="Grade 6"/></concept><concept><code value="G7"/><display value="Grade 7"/></concept><concept><code value="G8"/><display value="Grade 8"/></concept><concept><code value="G9"/><display value="Grade 9"/></concept><concept><code value="G10"/><display value="Grade 10"/></concept><concept><code value="G11"/><display value="Grade 11"/></concept><concept><code value="G12"/><display value="Grade 12"/></concept></include></compose><expansion><timestamp value="2023-07-07"/><contains><system value="https://voicecollab.ai/fhir/CodeSystem/child-education"/><code value="NFE"/><display value="No Formal Education"/></contains><contains><system value="https://voicecollab.ai/fhir/CodeSystem/child-education"/><code value="PS"/><display value="Pre-school"/></contains><contains><system value="https://voicecollab.ai/fhir/CodeSystem/child-education"/><code value="K"/><display value="Kindergarden"/></contains><contains><system value="https://voicecollab.ai/fhir/CodeSystem/child-education"/><code value="SE"/><display value="Some elementary school education"/></contains><contains><system value="https://voicecollab.ai/fhir/CodeSystem/child-education"/><code value="G1"/><display value="Grade 1"/></contains><contains><system value="https://voicecollab.ai/fhir/CodeSystem/child-education"/><code value="G2"/><display value="Grade 2"/></contains><contains><system value="https://voicecollab.ai/fhir/CodeSystem/child-education"/><code value="G3"/><display value="Grade 3"/></contains><contains><system value="https://voicecollab.ai/fhir/CodeSystem/child-education"/><code value="G4"/><display value="Grade 4"/></contains><contains><system value="https://voicecollab.ai/fhir/CodeSystem/child-education"/><code value="G5"/><display value="Grade 5"/></contains><contains><system value="https://voicecollab.ai/fhir/CodeSystem/child-education"/><code value="G6"/><display value="Grade 6"/></contains><contains><system value="https://voicecollab.ai/fhir/CodeSystem/child-education"/><code value="G7"/><display value="Grade 7"/></contains><contains><system value="https://voicecollab.ai/fhir/CodeSystem/child-education"/><code value="G8"/><display value="Grade 8"/></contains><contains><system value="https://voicecollab.ai/fhir/CodeSystem/child-education"/><code value="G9"/><display value="Grade 9"/></contains><contains><system value="https://voicecollab.ai/fhir/CodeSystem/child-education"/><code value="G10"/><display value="Grade 10"/></contains><contains><system value="https://voicecollab.ai/fhir/CodeSystem/child-education"/><code value="G11"/><display value="Grade 11"/></contains><contains><system value="https://voicecollab.ai/fhir/CodeSystem/child-education"/><code value="G12"/><display value="Grade 12"/></contains></expansion></ValueSet>