<?xml version="1.0" encoding="UTF-8"?><ValueSet xmlns="http://hl7.org/fhir"><id value="household-makeup"/><text><status value="generated"/><div xmlns="http://www.w3.org/1999/xhtml"><p>This value set contains 6 concepts</p><table class="codes"><tr><td style="white-space:nowrap"><b>Code</b></td><td><b>System</b></td><td><b>Display</b></td></tr><tr><td style="white-space:nowrap"><a name="https---voicecollab.ai-fhir-CodeSystem-household-makeup-A"> </a>  <a href="CodeSystem-household-makeup.html#household-makeup-A">A</a></td><td>https://voicecollab.ai/fhir/CodeSystem/household-makeup</td><td>I live alone</td></tr><tr><td style="white-space:nowrap"><a name="https---voicecollab.ai-fhir-CodeSystem-household-makeup-S"> </a>  <a href="CodeSystem-household-makeup.html#household-makeup-S">S</a></td><td>https://voicecollab.ai/fhir/CodeSystem/household-makeup</td><td>Spouse/partner/significant other</td></tr><tr><td style="white-space:nowrap"><a name="https---voicecollab.ai-fhir-CodeSystem-household-makeup-C"> </a>  <a href="CodeSystem-household-makeup.html#household-makeup-C">C</a></td><td>https://voicecollab.ai/fhir/CodeSystem/household-makeup</td><td>One or more children</td></tr><tr><td style="white-space:nowrap"><a name="https---voicecollab.ai-fhir-CodeSystem-household-makeup-P"> </a>  <a href="CodeSystem-household-makeup.html#household-makeup-P">P</a></td><td>https://voicecollab.ai/fhir/CodeSystem/household-makeup</td><td>One or more parent</td></tr><tr><td style="white-space:nowrap"><a name="https---voicecollab.ai-fhir-CodeSystem-household-makeup-GP"> </a>  <a href="CodeSystem-household-makeup.html#household-makeup-GP">GP</a></td><td>https://voicecollab.ai/fhir/CodeSystem/household-makeup</td><td>One or more grandparent</td></tr><tr><td style="white-space:nowrap"><a name="https---voicecollab.ai-fhir-CodeSystem-household-makeup-O"> </a>  <a href="CodeSystem-household-makeup.html#household-makeup-O">O</a></td><td>https://voicecollab.ai/fhir/CodeSystem/household-makeup</td><td>Other, please specify</td></tr></table></div></text><url value="https://voicecollab.ai/fhir/ValueSet/household-makeup"/><version value="0.1.0"/><name value="HouseholdMakeup"/><title value="Household Makeup"/><status value="draft"/><experimental value="true"/><date value="2023-06-08T10:27:07-04:00"/><publisher value="KinD Lab"/><contact><name value="KinD Lab"/><telecom><system value="url"/><value value="http://fhir.kindlab.sickkids.ca"/></telecom></contact><description value="Valueset for capturing Household Makeup"/><compose><include><system value="https://voicecollab.ai/fhir/CodeSystem/household-makeup"/><concept><code value="A"/><display value="I live alone"/></concept><concept><code value="S"/><display value="Spouse/partner/significant other"/></concept><concept><code value="C"/><display value="One or more children"/></concept><concept><code value="P"/><display value="One or more parent"/></concept><concept><code value="GP"/><display value="One or more grandparent"/></concept><concept><code value="O"/><display value="Other, please specify"/></concept></include></compose><expansion><timestamp value="2023-05-11T10:00:00Z"/><contains><system value="https://voicecollab.ai/fhir/CodeSystem/household-makeup"/><code value="A"/><display value="I live alone"/></contains><contains><system value="https://voicecollab.ai/fhir/CodeSystem/household-makeup"/><code value="S"/><display value="Spouse/partner/significant other"/></contains><contains><system value="https://voicecollab.ai/fhir/CodeSystem/household-makeup"/><code value="C"/><display value="One or more children"/></contains><contains><system value="https://voicecollab.ai/fhir/CodeSystem/household-makeup"/><code value="P"/><display value="One or more parent"/></contains><contains><system value="https://voicecollab.ai/fhir/CodeSystem/household-makeup"/><code value="GP"/><display value="One or more grandparent"/></contains><contains><system value="https://voicecollab.ai/fhir/CodeSystem/household-makeup"/><code value="O"/><display value="Other, please specify"/></contains></expansion></ValueSet>