<?xml version="1.0" encoding="UTF-8"?><ValueSet xmlns="http://hl7.org/fhir"><id value="Winograd-51"/><text><status value="generated"/><div xmlns="http://www.w3.org/1999/xhtml"><ul><li>Include all codes defined in <a href="CodeSystem-Winograd-51.html"><code>https://voicecollab.ai/fhir/CodeSystem/Winograd-51</code></a></li></ul></div></text><url value="https://voicecollab.ai/fhir/ValueSet/Winograd-51"/><version value="1.0.0"/><name value="Winograd51"/><title value="Quesionnaire ValueSet For Winograd Scehema"/><status value="active"/><date value="2023-08-21"/><publisher value="KinD Lab"/><contact><name value="KinD Lab"/><telecom><system value="url"/><value value="http://fhir.kindlab.sickkids.ca"/></telecom></contact><description value="The codes required for winograd"/><compose><include><system value="https://voicecollab.ai/fhir/CodeSystem/Winograd-51"/></include></compose></ValueSet>