<?xml version="1.0" encoding="UTF-8"?><ValueSet xmlns="http://hl7.org/fhir"><id value="peds-medical-history"/><text><status value="generated"/><div xmlns="http://www.w3.org/1999/xhtml"><ul><li>Include all codes defined in <a href="CodeSystem-peds-medical-history.html"><code>https://voicecollab.ai/fhir/CodeSystem/peds-medical-history</code></a></li></ul></div></text><url value="https://voicecollab.ai/fhir/ValueSet/peds-medical-history"/><version value="1.5.1"/><name value="PedsMedicalHistory"/><title value="Questionnaire codes"/><status value="active"/><date value="2023-08-02"/><publisher value="KinD Lab"/><contact><name value="KinD Lab"/><telecom><system value="url"/><value value="http://fhir.kindlab.sickkids.ca"/></telecom></contact><description value="The codes required for Questionnaires Medical History"/><compose><include><system value="https://voicecollab.ai/fhir/CodeSystem/peds-medical-history"/></include></compose></ValueSet>