<?xml version="1.0" encoding="UTF-8"?><ValueSet xmlns="http://hl7.org/fhir"><id value="adhd"/><text><status value="generated"/><div xmlns="http://www.w3.org/1999/xhtml"><ul><li>Include all codes defined in <a href="CodeSystem-adhd.html"><code>https://voicecollab.ai/fhir/CodeSystem/adhd</code></a></li></ul></div></text><url value="https://voicecollab.ai/fhir/ValueSet/adhd"/><version value="0.1.0"/><name value="ADHD"/><title value="ADHD"/><status value="active"/><date value="2023-06-20"/><publisher value="KinD Lab"/><contact><name value="KinD Lab"/><telecom><system value="url"/><value value="http://fhir.kindlab.sickkids.ca"/></telecom></contact><description value="The Codes used by adhd"/><compose><include><system value="https://voicecollab.ai/fhir/CodeSystem/adhd"/></include></compose></ValueSet>