<?xml version="1.0" encoding="UTF-8"?><ValueSet xmlns="http://hl7.org/fhir"><id value="financial-assistance"/><text><status value="generated"/><div xmlns="http://www.w3.org/1999/xhtml"><p>This value set contains 4 concepts</p><table class="codes"><tr><td style="white-space:nowrap"><b>Code</b></td><td><b>System</b></td><td><b>Display</b></td></tr><tr><td style="white-space:nowrap"><a name="https---voicecollab.ai-fhir-CodeSystem-disability-status-SSI"> </a>  <a href="CodeSystem-disability-status.html#disability-status-SSI">SSI</a></td><td>https://voicecollab.ai/fhir/CodeSystem/disability-status</td><td>Supplemental Security Income (SSI)</td></tr><tr><td style="white-space:nowrap"><a name="https---voicecollab.ai-fhir-CodeSystem-disability-status-SNAP"> </a>  <a href="CodeSystem-disability-status.html#disability-status-SNAP">SNAP</a></td><td>https://voicecollab.ai/fhir/CodeSystem/disability-status</td><td>Supplemental Nutrition Assistance Program (SNAP)</td></tr><tr><td style="white-space:nowrap"><a name="https---voicecollab.ai-fhir-CodeSystem-disability-status-WIC"> </a>  <a href="CodeSystem-disability-status.html#disability-status-WIC">WIC</a></td><td>https://voicecollab.ai/fhir/CodeSystem/disability-status</td><td>Special Supplemental Nutrition Program for Women, Infants, and Children (WIC)</td></tr><tr><td style="white-space:nowrap"><a name="https---voicecollab.ai-fhir-CodeSystem-disability-status-TANFGA"> </a>  <a href="CodeSystem-disability-status.html#disability-status-TANFGA">TANFGA</a></td><td>https://voicecollab.ai/fhir/CodeSystem/disability-status</td><td>Temporary Assistance for Needy Families (TANF), including Pass through Child Support General Assistance (GA) </td></tr></table></div></text><url value="https://voicecollab.ai/fhir/ValueSet/financial-assistance"/><version value="0.1.0"/><name value="FinancialAssistance"/><title value="Financial Assistance"/><status value="draft"/><experimental value="true"/><date value="2023-06-27T12:07:05-04:00"/><publisher value="KinD Lab"/><contact><name value="KinD Lab"/><telecom><system value="url"/><value value="http://fhir.kindlab.sickkids.ca"/></telecom></contact><description value="Valueset for capturing Financial Assistance Programs user is using"/><compose><include><system value="https://voicecollab.ai/fhir/CodeSystem/financial-assistance"/><concept><code value="SSI"/><display value="Supplemental Security Income (SSI)"/></concept><concept><code value="SNAP"/><display value="Supplemental Nutrition Assistance Program (SNAP)"/></concept><concept><code value="WIC"/><display value="Special Supplemental Nutrition Program for Women, Infants, and Children (WIC)"/></concept><concept><code value="TANFGA"/><display value="Temporary Assistance for Needy Families (TANF), including Pass through Child Support General Assistance (GA) "/></concept></include></compose><expansion><timestamp value="2023-05-11T10:00:00Z"/><contains><system value="https://voicecollab.ai/fhir/CodeSystem/disability-status"/><code value="SSI"/><display value="Supplemental Security Income (SSI)"/></contains><contains><system value="https://voicecollab.ai/fhir/CodeSystem/disability-status"/><code value="SNAP"/><display value="Supplemental Nutrition Assistance Program (SNAP)"/></contains><contains><system value="https://voicecollab.ai/fhir/CodeSystem/disability-status"/><code value="WIC"/><display value="Special Supplemental Nutrition Program for Women, Infants, and Children (WIC)"/></contains><contains><system value="https://voicecollab.ai/fhir/CodeSystem/disability-status"/><code value="TANFGA"/><display value="Temporary Assistance for Needy Families (TANF), including Pass through Child Support General Assistance (GA) "/></contains></expansion></ValueSet>