<?xml version="1.0" encoding="UTF-8"?><ValueSet xmlns="http://hl7.org/fhir"><id value="consent-agreement"/><text><status value="generated"/><div xmlns="http://www.w3.org/1999/xhtml"><ul><li>Include all codes defined in <a href="CodeSystem-consent-aggreement.html"><code>https://voicecollab.ai/fhir/CodeSystem/consent-aggreement</code></a></li></ul></div></text><url value="https://voicecollab.ai/fhir/ValueSet/consent-agreement"/><version value="1.0.0"/><name value="ConsentAgreement"/><title value="Questionnaire codes for consent agreement"/><status value="active"/><date value="2023-08-21"/><publisher value="KinD Lab"/><contact><name value="KinD Lab"/><telecom><system value="url"/><value value="http://fhir.kindlab.sickkids.ca"/></telecom></contact><description value="The codes required for consent"/><compose><include><system value="https://voicecollab.ai/fhir/CodeSystem/consent-aggreement"/></include></compose></ValueSet>