<?xml version="1.0" encoding="UTF-8"?><ValueSet xmlns="http://hl7.org/fhir"><id value="marital-status"/><text><status value="generated"/><div xmlns="http://www.w3.org/1999/xhtml"><p>This value set contains 7 concepts</p><table class="codes"><tr><td style="white-space:nowrap"><b>Code</b></td><td><b>System</b></td><td><b>Display</b></td></tr><tr><td style="white-space:nowrap"><a name="https---voicecollab.ai-fhir-CodeSystem-marital-status-D"> </a>  <a href="CodeSystem-marital-status.html#marital-status-D">D</a></td><td>https://voicecollab.ai/fhir/CodeSystem/marital-status</td><td>Divorced</td></tr><tr><td style="white-space:nowrap"><a name="https---voicecollab.ai-fhir-CodeSystem-marital-status-RL"> </a>  <a href="CodeSystem-marital-status.html#marital-status-RL">RL</a></td><td>https://voicecollab.ai/fhir/CodeSystem/marital-status</td><td>In a relationship, not married, living with partner</td></tr><tr><td style="white-space:nowrap"><a name="https---voicecollab.ai-fhir-CodeSystem-marital-status-RNL"> </a>  <a href="CodeSystem-marital-status.html#marital-status-RNL">RNL</a></td><td>https://voicecollab.ai/fhir/CodeSystem/marital-status</td><td>In a relationship, not married, not living with partner</td></tr><tr><td style="white-space:nowrap"><a name="https---voicecollab.ai-fhir-CodeSystem-marital-status-M"> </a>  <a href="CodeSystem-marital-status.html#marital-status-M">M</a></td><td>https://voicecollab.ai/fhir/CodeSystem/marital-status</td><td>Married</td></tr><tr><td style="white-space:nowrap"><a name="https---voicecollab.ai-fhir-CodeSystem-marital-status-SN"> </a>  <a href="CodeSystem-marital-status.html#marital-status-SN">SN</a></td><td>https://voicecollab.ai/fhir/CodeSystem/marital-status</td><td>Separated</td></tr><tr><td style="white-space:nowrap"><a name="https---voicecollab.ai-fhir-CodeSystem-marital-status-UT"> </a>  <a href="CodeSystem-marital-status.html#marital-status-UT">UT</a></td><td>https://voicecollab.ai/fhir/CodeSystem/marital-status</td><td>Single</td></tr><tr><td style="white-space:nowrap"><a name="https---voicecollab.ai-fhir-CodeSystem-marital-status-UP"> </a>  <a href="CodeSystem-marital-status.html#marital-status-UP">UP</a></td><td>https://voicecollab.ai/fhir/CodeSystem/marital-status</td><td>Widowed</td></tr></table></div></text><url value="https://voicecollab.ai/fhir/ValueSet/marital-status"/><version value="0.1.0"/><name value="MaritalStatus"/><title value="Marital Status"/><status value="draft"/><experimental value="true"/><date value="2023-05-17T15:26:12-04:00"/><publisher value="KinD Lab"/><contact><name value="KinD Lab"/><telecom><system value="url"/><value value="http://fhir.kindlab.sickkids.ca"/></telecom></contact><description value="Valueset for capturing Marital Status"/><compose><include><system value="https://voicecollab.ai/fhir/CodeSystem/marital-status"/><concept><code value="D"/><display value="Divorced"/></concept><concept><code value="RL"/><display value="In a relationship, not married, living with partner"/></concept><concept><code value="RNL"/><display value="In a relationship, not married, not living with partner"/></concept><concept><code value="M"/><display value="Married"/></concept><concept><code value="SD"/><display value="Separated"/></concept><concept><code value="S"/><display value="Single"/></concept><concept><code value="W"/><display value="Widowed"/></concept></include></compose><expansion><timestamp value="2023-05-11T10:00:00Z"/><contains><system value="https://voicecollab.ai/fhir/CodeSystem/marital-status"/><code value="D"/><display value="Divorced"/></contains><contains><system value="https://voicecollab.ai/fhir/CodeSystem/marital-status"/><code value="RL"/><display value="In a relationship, not married, living with partner"/></contains><contains><system value="https://voicecollab.ai/fhir/CodeSystem/marital-status"/><code value="RNL"/><display value="In a relationship, not married, not living with partner"/></contains><contains><system value="https://voicecollab.ai/fhir/CodeSystem/marital-status"/><code value="M"/><display value="Married"/></contains><contains><system value="https://voicecollab.ai/fhir/CodeSystem/marital-status"/><code value="SN"/><display value="Separated"/></contains><contains><system value="https://voicecollab.ai/fhir/CodeSystem/marital-status"/><code value="UT"/><display value="Single"/></contains><contains><system value="https://voicecollab.ai/fhir/CodeSystem/marital-status"/><code value="UP"/><display value="Widowed"/></contains></expansion></ValueSet>