<?xml version="1.0" encoding="UTF-8"?><ValueSet xmlns="http://hl7.org/fhir"><id value="neuro-participation-consent"/><text><status value="generated"/><div xmlns="http://www.w3.org/1999/xhtml"><ul><li>Include all codes defined in <a href="CodeSystem-neuro-participation-consent.html"><code>https://voicecollab.ai/fhir/CodeSystem/neuro-participation-consent</code></a></li></ul></div></text><url value="https://voicecollab.ai/fhir/ValueSet/neuro-participation-consent"/><version value="1.0.0"/><name value="NeuroParticipationConsent"/><title value="Questionnaire codes for neuro consent"/><status value="active"/><date value="2023-08-21"/><publisher value="KinD Lab"/><contact><name value="KinD Lab"/><telecom><system value="url"/><value value="http://fhir.kindlab.sickkids.ca"/></telecom></contact><description value="The codes required for neuro consent"/><compose><include><system value="https://voicecollab.ai/fhir/CodeSystem/neuro-participation-consent"/></include></compose></ValueSet>