<?xml version="1.0" encoding="UTF-8"?><ValueSet xmlns="http://hl7.org/fhir"><id value="transportation-type"/><text><status value="generated"/><div xmlns="http://www.w3.org/1999/xhtml"><ul><li>Include all codes defined in <a href="CodeSystem-transportation-type.html"><code>https://voicecollab.ai/fhir/CodeSystem/transportation-type</code></a></li></ul></div></text><url value="https://voicecollab.ai/fhir/ValueSet/transportation-type"/><version value="0.1.0"/><name value="TransportationType"/><title value="Transportation Type"/><status value="draft"/><experimental value="true"/><date value="2023-07-07T14:51:33+00:00"/><publisher value="KinD Lab"/><contact><name value="KinD Lab"/><telecom><system value="url"/><value value="http://fhir.kindlab.sickkids.ca"/></telecom></contact><description value="Valueset for capturing Transportation Type"/><compose><include><system value="https://voicecollab.ai/fhir/CodeSystem/transportation-type"/></include></compose></ValueSet>