<?xml version="1.0" encoding="UTF-8"?><ValueSet xmlns="http://hl7.org/fhir"><id value="Winograd-9"/><text><status value="generated"/><div xmlns="http://www.w3.org/1999/xhtml"><ul><li>Include all codes defined in <a href="CodeSystem-Winograd-9.html"><code>https://voicecollab.ai/fhir/CodeSystem/Winograd-9</code></a></li></ul></div></text><url value="https://voicecollab.ai/fhir/ValueSet/Winograd-9"/><version value="1.5.1"/><name value="Winograd9"/><title value="Quesionnaire ValueSet For Winograd Scehema"/><status value="active"/><date value="2023-08-21"/><publisher value="KinD Lab"/><contact><name value="KinD Lab"/><telecom><system value="url"/><value value="http://fhir.kindlab.sickkids.ca"/></telecom></contact><description value="The codes required for winograd"/><compose><include><system value="https://voicecollab.ai/fhir/CodeSystem/Winograd-9"/></include></compose></ValueSet>